id,raw,created_at
001aaaa5-c641-4294-9174-d0b70c8b1b53,"{""city"": ""Paderborn"", ""state"": """", ""labels"": [""Software"", ""Germany""], ""address"": """", ""country"": ""Germany"", ""description"": ""Develops simulation and validation software/hardware for embedded systems including e-mobility.""}",2026-07-08 14:43:20.296426+00
001c2246-23f2-4045-9e3a-81694d71e758,"{""city"": """", ""state"": """", ""labels"": [""Cable/BOS"", ""Spain""], ""address"": """", ""country"": ""Spain"", ""description"": ""Spanish manufacturer of electrical equipment and components.""}",2026-07-08 14:43:20.296426+00
002f30a0-9dd1-40fd-a56d-81dee80b59bb,"{""city"": ""Lahti"", ""state"": """", ""labels"": [""Other"", ""Finland"", ""EV Charging""], ""address"": """", ""country"": ""Finland"", ""description"": ""Finnish manufacturer of DC fast chargers for electric vehicles.""}",2026-07-08 14:43:20.296426+00
005eca1a-899f-49f2-b3d6-e198ced199ce,"{""city"": ""Jiangyin"", ""state"": ""Jiangsu"", ""labels"": [""Other"", ""China""], ""address"": """", ""country"": ""China"", ""description"": ""Chinese manufacturer of machinery equipment, including solar production equipment.""}",2026-07-08 14:43:20.296426+00
0070288a-bc89-483b-b8cd-b9e12996b6a6,"{""city"": """", ""state"": """", ""labels"": [""Other"", ""Germany""], ""address"": """", ""country"": ""Germany"", ""description"": ""German manufacturer of power supplies and power electronics.""}",2026-07-08 14:43:20.296426+00
0081cecf-7557-40f4-add3-c247fe635801,"{""city"": """", ""state"": """", ""labels"": [""EPC/Installer"", ""Germany"", ""Solar PV""], ""address"": """", ""country"": ""Germany"", ""description"": ""German engineering, procurement and construction company for energy projects.""}",2026-07-08 14:43:20.296426+00
008974ac-3fb3-41de-8ec0-9a51fc66f429,"{""city"": """", ""state"": """", ""labels"": [""EPC/Installer"", ""Germany"", ""Solar PV""], ""address"": """", ""country"": ""Germany"", ""description"": ""German photovoltaic installation company.""}",2026-07-08 14:43:20.296426+00
00a82aee-c461-4700-a79f-7f642f084dd1,"{""city"": """", ""state"": """", ""labels"": [""EPC/Installer"", ""Norway"", ""Solar PV""], ""address"": """", ""country"": ""Norway"", ""description"": ""Norwegian solar energy installation company.""}",2026-07-08 14:43:20.296426+00
00edd620-a19d-46c8-a52f-c9e723376ba0,"{""city"": """", ""state"": """", ""labels"": [""Association"", ""Ukraine"", ""Solar PV""], ""address"": """", ""country"": ""Ukraine"", ""description"": ""Ukrainian public association promoting solar energy.""}",2026-07-08 14:43:20.296426+00
0105e55b-eca6-48e8-9519-8270ea9a10a6,"{""city"": """", ""state"": ""Jiangxi"", ""labels"": [""Distributor"", ""China"", ""Solar PV""], ""address"": """", ""country"": ""China"", ""description"": ""Chinese trading company selling solar products via Alibaba.""}",2026-07-08 14:43:20.296426+00
01381943-2f35-4318-9af2-a1a1896bba8a,"{""city"": """", ""state"": ""Zhejiang"", ""labels"": [""Other"", ""China""], ""address"": """", ""country"": ""China"", ""description"": ""Chinese building material company, part of CNBM group.""}",2026-07-08 14:43:20.296426+00
0156771d-bde3-45aa-b041-1f0e04c5c703,"{""city"": """", ""state"": """", ""labels"": [""Other"", ""Taiwan""], ""address"": """", ""country"": ""Taiwan"", ""description"": ""Taiwanese manufacturer of power supplies and power electronics.""}",2026-07-08 14:43:20.296426+00
0156cf84-34fb-4f29-a8d8-edb4fb18dccb,"{""city"": ""Vienna"", ""state"": """", ""labels"": [""Research/Academic"", ""Austria""], ""address"": """", ""country"": ""Austria"", ""description"": ""Austrian applied research institute working on energy and technology topics.""}",2026-07-08 14:43:20.296426+00
0170b3ed-002b-498a-acf0-0b4660c8eb3c,"{""city"": """", ""state"": """", ""labels"": [""Other"", ""Germany"", ""Hydrogen""], ""address"": """", ""country"": ""Germany"", ""description"": ""German company focused on hydrogen technology solutions.""}",2026-07-08 14:43:20.296426+00
0179c68f-6fa8-4a90-a866-f204d56caa8f,"{""city"": """", ""state"": """", ""labels"": [""Software"", ""Slovenia"", ""EV Charging""], ""address"": """", ""country"": ""Slovenia"", ""description"": ""Slovenian provider of EV charging software and management systems.""}",2026-07-08 14:43:20.296426+00
017e2d1c-1215-43f8-838a-a380adfe3b6d,"{""city"": """", ""state"": """", ""labels"": [""Other"", ""Germany""], ""address"": """", ""country"": ""Germany"", ""description"": ""German company providing public restroom/sanitary facility solutions, tangential to energy sector.""}",2026-07-08 14:43:20.296426+00
017f9493-9c4e-4d58-a37b-c30c6c8c91e5,"{""city"": """", ""state"": """", ""labels"": [""Cable/BOS"", ""China"", ""Solar PV""], ""address"": """", ""country"": ""China"", ""description"": ""Chinese manufacturer of solar and photovoltaic cables.""}",2026-07-08 14:43:20.296426+00
0182fbe9-21cb-452d-a0be-1f6c00af41ab,"{""city"": ""Munich"", ""state"": """", ""labels"": [""Other"", ""Germany""], ""address"": """", ""country"": ""Germany"", ""description"": ""Trade press booth contact associated with The smarter E energy trade fair.""}",2026-07-08 14:43:20.296426+00
01a3d4ea-09a4-4aa1-86a6-d0a1311ab6e6,"{""city"": """", ""state"": ""Hunan"", ""labels"": [""Metering/Monitoring"", ""China""], ""address"": """", ""country"": ""China"", ""description"": ""Chinese manufacturer of sensors and weather monitoring stations.""}",2026-07-08 14:43:20.296426+00
01a5aeba-71f5-47c3-90c9-b1fce5e04a14,"{""city"": ""Xiamen"", ""state"": ""Fujian"", ""labels"": [""Module Mfr"", ""China"", ""Solar PV""], ""address"": """", ""country"": ""China"", ""description"": ""Chinese solar energy company producing PV modules and related products.""}",2026-07-08 14:43:20.296426+00
01a9d5d9-f6cd-4cf9-8205-3440e1fb0797,"{""city"": """", ""state"": """", ""labels"": [""Battery/Storage"", ""Germany""], ""address"": """", ""country"": ""Germany"", ""description"": ""German company producing second-life battery energy storage systems.""}",2026-07-08 14:43:20.296426+00
01b76af7-fd64-48d3-94b7-9eb39a06932c,"{""city"": ""Tianjin"", ""state"": """", ""labels"": [""Distributor"", ""China"", ""Solar PV""], ""address"": """", ""country"": ""China"", ""description"": ""Chinese trading company exporting solar energy products.""}",2026-07-08 14:43:20.296426+00
01b8322d-74f8-4f7f-ad18-44cbda4dd9dc,"{""city"": ""Aachen"", ""state"": """", ""labels"": [""Research/Academic"", ""Germany"", ""EV Charging""], ""address"": """", ""country"": ""Germany"", ""description"": ""Research institute at RWTH Aachen University focused on production engineering for e-mobility.""}",2026-07-08 14:43:20.296426+00
01ccb76a-c2b9-4fd2-826c-8a9261489796,"{""city"": """", ""state"": """", ""labels"": [""Other"", ""Spain""], ""address"": """", ""country"": ""Spain"", ""description"": ""Spanish company operating in the energy technology sector.""}",2026-07-08 14:43:20.296426+00
01f11eb7-2d33-4ea5-b251-d6b826375e35,"{""city"": """", ""state"": """", ""labels"": [""Mounting/Tracker"", ""Czech Republic"", ""Solar PV""], ""address"": """", ""country"": ""Czech Republic"", ""description"": ""Manufacturer of solar mounting and tracking systems, Czech branch.""}",2026-07-08 14:43:20.296426+00
01f44c76-5630-4823-b4fa-c3c65f5b1ea2,"{""city"": ""Shenzhen"", ""state"": ""Guangdong"", ""labels"": [""Other"", ""China"", ""Solar PV""], ""address"": """", ""country"": ""China"", ""description"": ""Shenzhen-based technology company; product line not fully specified from available sources.""}",2026-07-08 14:43:37.934863+00
020e7dce-48e4-4963-939d-f404d4631fd5,"{""city"": """", ""state"": ""Guangdong"", ""labels"": [""Module Mfr"", ""China"", ""Solar PV""], ""address"": """", ""country"": ""China"", ""description"": ""Guangdong-based solar technology company supplying PV products.""}",2026-07-08 14:43:37.934863+00
02187665-2257-420e-bdb2-93442e64a500,"{""city"": """", ""state"": """", ""labels"": [""Other"", ""Germany"", ""Solar PV""], ""address"": """", ""country"": ""Germany"", ""description"": ""German company, name suggests solar panel cleaning products or services.""}",2026-07-08 14:43:37.934863+00
02471d59-b17b-44fe-b451-4a4e8e6b0276,"{""city"": """", ""state"": """", ""labels"": [""Other"", ""Germany""], ""address"": """", ""country"": ""Germany"", ""description"": ""International holding company; sector not confirmed from available sources.""}",2026-07-08 14:43:37.934863+00
024b17cf-8656-4806-b877-507269d54089,"{""city"": """", ""state"": """", ""labels"": [""Utility"", ""Germany"", ""Grid""], ""address"": """", ""country"": ""Germany"", ""description"": ""German electricity distribution network operator offering grid services.""}",2026-07-08 14:43:37.934863+00
025e693d-04fd-40b1-9844-6f7cfc8be17a,"{""city"": """", ""state"": """", ""labels"": [""Other"", ""China""], ""address"": """", ""country"": ""China"", ""description"": ""Chinese systems technology company; specific product line not confirmed.""}",2026-07-08 14:43:37.934863+00
026d5b86-5b1b-4c43-bff1-7a81d5647c38,"{""city"": """", ""state"": """", ""labels"": [""Consultancy"", ""United Kingdom"", ""Solar PV""], ""address"": """", ""country"": ""United Kingdom"", ""description"": ""UK-based solar industry media, events and market intelligence provider.""}",2026-07-08 14:43:37.934863+00
0270a848-4b73-497a-97a9-5788ba244a9d,"{""city"": """", ""state"": """", ""labels"": [""Other"", ""Germany""], ""address"": """", ""country"": ""Germany"", ""description"": ""German industrial subsidiary of MAHLE producing thermal management systems.""}",2026-07-08 14:43:37.934863+00
027a750c-e5e4-4bdc-acc0-4913f666bd0f,"{""city"": """", ""state"": """", ""labels"": [""Other"", ""United States"", ""Grid""], ""address"": """", ""country"": ""United States"", ""description"": ""US-based global industrial technology and automation conglomerate.""}",2026-07-08 14:43:37.934863+00
02a0b832-adb6-4ff4-a904-8d0bcf5ceeda,"{""city"": ""Cologne"", ""state"": """", ""labels"": [""Software"", ""Germany"", ""Grid""], ""address"": """", ""country"": ""Germany"", ""description"": ""German energy software company providing smart metering and grid data solutions.""}",2026-07-08 14:43:37.934863+00
02d1c2b2-e5b3-4e2d-bb62-4fa8a25f0b09,"{""city"": ""Krems"", ""state"": """", ""labels"": [""Mounting/Tracker"", ""Austria""], ""address"": """", ""country"": ""Austria"", ""description"": ""Austrian voestalpine subsidiary producing steel products, incl. mounting components.""}",2026-07-08 14:43:37.934863+00
02d6139d-c02f-44a2-994e-f8f39b953d49,"{""city"": """", ""state"": """", ""labels"": [""Other"", ""Slovakia""], ""address"": """", ""country"": ""Slovakia"", ""description"": ""Slovak s.r.o. company; specific sector not confirmed from available sources.""}",2026-07-08 14:43:37.934863+00
02e8e10e-4837-40e4-bc20-2ef2c330d05e,"{""city"": ""Cologne"", ""state"": """", ""labels"": [""Utility"", ""Germany"", ""Grid""], ""address"": """", ""country"": ""Germany"", ""description"": ""German virtual power plant operator aggregating and trading renewable generation.""}",2026-07-08 14:43:37.934863+00
030d7929-e943-4797-ad2f-13e44425abc4,"{""city"": """", ""state"": """", ""labels"": [""EPC/Installer"", ""Germany"", ""Residential""], ""address"": """", ""country"": ""Germany"", ""description"": ""German roofing company offering roof renovation including solar installation.""}",2026-07-08 14:43:37.934863+00
0310563b-c463-43fe-a046-7de60dfb1873,"{""city"": """", ""state"": """", ""labels"": [""Distributor"", ""Netherlands"", ""Solar PV""], ""address"": """", ""country"": ""Netherlands"", ""description"": ""Dutch BV company distributing solar products.""}",2026-07-08 14:43:37.934863+00
031ed659-f8d8-4a54-a5ba-bfdc34b89c75,"{""city"": ""Berlin"", ""state"": """", ""labels"": [""Association"", ""Germany""], ""address"": """", ""country"": ""Germany"", ""description"": ""German federal association representing the new/renewable energy industry.""}",2026-07-08 14:43:37.934863+00
031f9396-3bb1-4caf-b279-9ced44669e57,"{""city"": """", ""state"": """", ""labels"": [""Metering/Monitoring"", ""Germany"", ""Grid""], ""address"": """", ""country"": ""Germany"", ""description"": ""German engineering firm developing KNX and building automation monitoring hardware.""}",2026-07-08 14:43:37.934863+00
0329e10f-0e97-49e1-91bf-da61a7f35aef,"{""city"": """", ""state"": ""Jiangsu"", ""labels"": [""Battery/Storage"", ""China"", ""Solar PV""], ""address"": """", ""country"": ""China"", ""description"": ""Jiangsu-based new energy technology company, likely energy storage products.""}",2026-07-08 14:43:37.934863+00
034506f1-248f-4a34-834e-159e95e52b6e,"{""city"": """", ""state"": """", ""labels"": [""Association"", ""United Kingdom"", ""Hydrogen""], ""address"": """", ""country"": ""United Kingdom"", ""description"": ""Hydrogen sector networking organization; no website available to confirm details.""}",2026-07-08 14:43:37.934863+00
0384ed7b-fb64-42a9-949b-0c3ff3182cef,"{""city"": """", ""state"": """", ""labels"": [""Software"", ""Slovakia""], ""address"": """", ""country"": ""Slovakia"", ""description"": ""Slovak information technology services and software company.""}",2026-07-08 14:43:37.934863+00
039c15f6-5d75-44ef-920a-52ff099baa3c,"{""city"": """", ""state"": """", ""labels"": [""Cable/BOS"", ""Turkey""], ""address"": """", ""country"": ""Turkey"", ""description"": ""Turkish electrical equipment company (Teknik Elektrik) supplying trade/industrial products.""}",2026-07-08 14:43:37.934863+00
03d0eeef-4cfd-43bf-a89b-79b6af1a4cdc,"{""city"": """", ""state"": """", ""labels"": [""Cable/BOS"", ""Germany"", ""Grid""], ""address"": """", ""country"": ""Germany"", ""description"": ""German manufacturer of switchgear (Schaltanlagen) for electrical distribution.""}",2026-07-08 14:43:37.934863+00
03e09f42-2bdf-4ae3-9ffb-a5f194801dae,"{""city"": """", ""state"": ""Hubei"", ""labels"": [""Inverter Mfr"", ""China"", ""Solar PV""], ""address"": """", ""country"": ""China"", ""description"": ""Hubei-based electronics manufacturer, likely producing power/inverter electronics.""}",2026-07-08 14:43:37.934863+00
03e520bf-2e4f-4d33-8f33-11825bb96d17,"{""city"": ""Shenzhen"", ""state"": ""Guangdong"", ""labels"": [""Battery/Storage"", ""China"", ""Solar PV""], ""address"": """", ""country"": ""China"", ""description"": ""Shenzhen-based energy company (Wattcycle) producing battery storage products.""}",2026-07-08 14:43:37.934863+00
03e63c9b-99e7-44af-8e0b-caf33e0c1e3e,"{""city"": ""Huizhou"", ""state"": ""Guangdong"", ""labels"": [""Battery/Storage"", ""China"", ""Solar PV""], ""address"": """", ""country"": ""China"", ""description"": ""Huizhou-based intelligence technology company (U-Energie) producing energy storage products.""}",2026-07-08 14:43:37.934863+00
05e6b1e0-f90f-42ce-b7de-b43a1f04d967,"{""city"": ""Cologne"", ""state"": """", ""labels"": [""Testing/Certification"", ""Germany""], ""address"": """", ""country"": ""Germany"", ""description"": ""Global testing, inspection and certification body serving solar and industrial sectors.""}",2026-07-08 14:44:38.855022+00
05f1b99a-9664-4802-8c04-0c819a086317,"{""city"": """", ""state"": """", ""labels"": [""Software"", ""Germany"", ""Grid""], ""address"": """", ""country"": ""Germany"", ""description"": ""Energy technology company developing smart energy management software solutions.""}",2026-07-08 14:44:38.855022+00
06142e3e-9f21-473c-821c-2f57748da72c,"{""city"": """", ""state"": """", ""labels"": [""Battery/Storage"", ""Germany""], ""address"": """", ""country"": ""Germany"", ""description"": ""German subsidiary of Chinese manufacturer producing batteries and BMS components.""}",2026-07-08 14:44:38.855022+00
0635bfb1-1183-4448-9521-2e50ffb9c1dd,"{""city"": """", ""state"": """", ""labels"": [""Other"", ""Germany""], ""address"": """", ""country"": ""Germany"", ""description"": ""German subsidiary developing automation and robotics, including solar panel cleaning robots.""}",2026-07-08 14:44:38.855022+00
066aa92f-ef35-4b75-897c-801d215ee4b8,"{""city"": """", ""state"": """", ""labels"": [""Metering/Monitoring"", ""Germany""], ""address"": """", ""country"": ""Germany"", ""description"": ""Provides smart metering solutions for energy consumption monitoring.""}",2026-07-08 14:44:38.855022+00
0680c194-c941-43be-9092-45b9e405f46f,"{""city"": ""Hovik"", ""state"": """", ""labels"": [""Testing/Certification"", ""Norway""], ""address"": """", ""country"": ""Norway"", ""description"": ""Global assurance and risk management provider offering certification for energy projects.""}",2026-07-08 14:44:38.855022+00
0685e595-87f1-42ba-93ed-70d0e9d43205,"{""city"": ""Munich"", ""state"": """", ""labels"": [""Battery/Storage"", ""Germany""], ""address"": """", ""country"": ""Germany"", ""description"": ""Develops modular battery storage systems and software for grid applications.""}",2026-07-08 14:44:38.855022+00
06b07a07-b238-44bd-8979-bd6395a1c8f2,"{""city"": """", ""state"": """", ""labels"": [""Mounting/Tracker"", ""Germany""], ""address"": """", ""country"": ""Germany"", ""description"": ""Manufactures ground screw foundations and solar carport mounting systems.""}",2026-07-08 14:44:38.855022+00
07069d7e-d90e-4b91-9c6c-acc9e660cd85,"{""city"": """", ""state"": ""Hubei"", ""labels"": [""Testing/Certification"", ""China""], ""address"": """", ""country"": ""China"", ""description"": ""Manufactures testing and measurement instruments for laboratories.""}",2026-07-08 14:44:38.855022+00
070e3023-c937-4c67-b927-ef94070bcdef,"{""city"": ""Espelkamp"", ""state"": """", ""labels"": [""Cable/BOS"", ""Germany""], ""address"": """", ""country"": ""Germany"", ""description"": ""Manufactures electrical connectors, cabling and interconnection technology.""}",2026-07-08 14:44:38.855022+00
07310044-9b1b-406a-b8d6-d6e636fb2a72,"{""city"": """", ""state"": """", ""labels"": [""Other"", ""Germany""], ""address"": """", ""country"": ""Germany"", ""description"": ""German engineering and technology services company.""}",2026-07-08 14:44:38.855022+00
0732ea3d-6069-4c20-8f57-0d0435bc296d,"{""city"": """", ""state"": """", ""labels"": [""Other"", ""Germany""], ""address"": """", ""country"": ""Germany"", ""description"": ""German trading and distribution company serving energy-related industries.""}",2026-07-08 14:44:38.855022+00
07794422-a5a7-4a16-bf74-052831004974,"{""city"": """", ""state"": """", ""labels"": [""Mounting/Tracker"", ""Germany""], ""address"": """", ""country"": ""Germany"", ""description"": ""Metal fabrication company producing mounting structures and metalwork.""}",2026-07-08 14:44:38.855022+00
078685c0-4341-47c0-b3c4-257cec93a93c,"{""city"": ""Yingkou"", ""state"": ""Liaoning"", ""labels"": [""Other"", ""China""], ""address"": """", ""country"": ""China"", ""description"": ""Manufactures industrial machinery and equipment.""}",2026-07-08 14:44:38.855022+00
07aa0f7a-8f4d-4dcd-bbc2-b5162ccf18dd,"{""city"": """", ""state"": ""California"", ""labels"": [""Association"", ""United States"", ""Solar PV""], ""address"": """", ""country"": ""United States"", ""description"": ""Nonprofit alliance developing open standards for distributed energy interoperability.""}",2026-07-08 14:44:38.855022+00
07b978c5-1fff-4298-86db-26a0ef82a87e,"{""city"": """", ""state"": """", ""labels"": [""EPC/Installer"", ""Germany"", ""Solar PV""], ""address"": """", ""country"": ""Germany"", ""description"": ""German energy company providing solar installation and energy services.""}",2026-07-08 14:44:38.855022+00
07dd935c-f306-4be3-8fcb-6747cd356a20,"{""city"": ""Yancheng"", ""state"": ""Jiangsu"", ""labels"": [""Cell/Wafer Mfr"", ""China"", ""Solar PV""], ""address"": """", ""country"": ""China"", ""description"": ""Major Chinese producer of solar cells, polysilicon and wafers.""}",2026-07-08 14:44:38.855022+00
07f83416-cca4-42a4-af82-542e5eab61d2,"{""city"": """", ""state"": """", ""labels"": [""Battery/Storage"", ""China""], ""address"": """", ""country"": ""China"", ""description"": ""Manufactures portable power stations and battery energy storage products.""}",2026-07-08 14:44:38.855022+00
07f89d45-1527-4477-bc61-1ad024f5595f,"{""city"": """", ""state"": """", ""labels"": [""Software"", ""Germany"", ""Grid""], ""address"": """", ""country"": ""Germany"", ""description"": ""German company offering software for energy flexibility and demand-side management.""}",2026-07-08 14:44:38.855022+00
081db0d7-727a-4d7c-9f26-87397a455489,"{""city"": """", ""state"": """", ""labels"": [""Software"", ""Germany"", ""Grid""], ""address"": """", ""country"": ""Germany"", ""description"": ""Develops software platform for energy management and optimization.""}",2026-07-08 14:44:38.855022+00
082f7000-ffdc-4b83-8a36-f757b2fe5bf0,"{""city"": ""Ningbo"", ""state"": ""Zhejiang"", ""labels"": [""Other"", ""China"", ""EV Charging""], ""address"": """", ""country"": ""China"", ""description"": ""Manufactures auto parts and components including for electric vehicles.""}",2026-07-08 14:44:38.855022+00
0839c53e-f5b9-4691-87ec-5c63da9db506,"{""city"": """", ""state"": ""Zhejiang"", ""labels"": [""Mounting/Tracker"", ""China""], ""address"": """", ""country"": ""China"", ""description"": ""Manufactures dampers and components used in solar tracker mounting systems.""}",2026-07-08 14:44:38.855022+00
083b695a-51ed-480a-8a51-9779e0d25d9a,"{""city"": ""Wenzhou"", ""state"": ""Zhejiang"", ""labels"": [""Cable/BOS"", ""China""], ""address"": """", ""country"": ""China"", ""description"": ""Manufactures electrical components and connectors for solar and industrial use.""}",2026-07-08 14:44:38.855022+00
0842e944-5ddb-4b47-87e0-124c21a632fa,"{""city"": """", ""state"": """", ""labels"": [""Cable/BOS"", ""Germany""], ""address"": """", ""country"": ""Germany"", ""description"": ""German manufacturer of electrical engineering and cabling products.""}",2026-07-08 14:44:38.855022+00
084ff799-7ecc-4e90-923e-cfb6b6d7bfba,"{""city"": ""Sunnyvale"", ""state"": ""California"", ""labels"": [""Software"", ""United States"", ""Utility-scale""], ""address"": """", ""country"": ""United States"", ""description"": ""Provides software for managing telecom and energy infrastructure deployment projects.""}",2026-07-08 14:44:38.855022+00
03f6bc92-b456-4b79-95e2-e04717e9aa39,"{""city"": ""Xanthi"", ""state"": """", ""labels"": [""Cable/BOS"", ""Greece"", ""Solar PV""], ""address"": """", ""country"": ""Greece"", ""description"": ""Greek industrial group producing geosynthetics and cable/EVA materials used in solar farms.""}",2026-07-08 14:44:40.510706+00
04040a76-f244-41ce-8ca0-f78a6e1b83cf,"{""city"": """", ""state"": """", ""labels"": [""EPC/Installer"", ""Germany"", ""C&I""], ""address"": """", ""country"": ""Germany"", ""description"": ""German company offering energy solutions including solar PV installation and consulting.""}",2026-07-08 14:44:40.510706+00
04096d14-b723-4eca-acff-60bb06b5f5e4,"{""city"": ""Freiburg"", ""state"": """", ""labels"": [""Association"", ""Germany""], ""address"": """", ""country"": ""Germany"", ""description"": ""Trade fair/forum organizer for energy storage exhibitions and press events.""}",2026-07-08 14:44:40.510706+00
04173dd4-8904-4ae0-a3e8-1477e0890bee,"{""city"": """", ""state"": """", ""labels"": [""Mounting/Tracker"", ""Italy"", ""Utility-scale""], ""address"": """", ""country"": ""Italy"", ""description"": ""Italian manufacturer of pile-driving hammers and equipment for solar mounting foundations.""}",2026-07-08 14:44:40.510706+00
041980f7-5872-4372-a535-b69f824590d1,"{""city"": """", ""state"": """", ""labels"": [""Mounting/Tracker"", ""Germany""], ""address"": """", ""country"": ""Germany"", ""description"": ""Manufacturer of fastening tools and hardware used in solar mounting systems.""}",2026-07-08 14:44:40.510706+00
0422f353-2233-4e34-adb5-ea4c56b5e7c6,"{""city"": ""Remscheid"", ""state"": """", ""labels"": [""Cable/BOS"", ""Germany""], ""address"": """", ""country"": ""Germany"", ""description"": ""Emerson-owned German manufacturer of crimping tools and cable lugs used in electrical/solar installs.""}",2026-07-08 14:44:40.510706+00
0445f19f-0c85-4f26-b311-4fb970269a81,"{""city"": """", ""state"": """", ""labels"": [""Software"", ""Germany"", ""Solar PV""], ""address"": """", ""country"": ""Germany"", ""description"": ""Energy technology company providing monitoring or IoT solutions for renewable energy systems.""}",2026-07-08 14:44:40.510706+00
045418c4-2370-4947-8a01-90f9325d49d3,"{""city"": """", ""state"": """", ""labels"": [""Software"", ""Germany"", ""EV Charging""], ""address"": """", ""country"": ""Germany"", ""description"": ""German startup building software/hardware for smart home energy and EV charging management.""}",2026-07-08 14:44:40.510706+00
04583c7c-21c5-4262-be46-78d8db891d9d,"{""city"": ""Chongqing"", ""state"": """", ""labels"": [""Research/Academic"", ""China""], ""address"": """", ""country"": ""China"", ""description"": ""Chinese semiconductor research institute, likely involved in solar cell/wafer R&D.""}",2026-07-08 14:44:40.510706+00
045ba3e0-c8aa-44e1-850b-c2e4ab919b31,"{""city"": ""Munich"", ""state"": """", ""labels"": [""Battery/Storage"", ""Germany"", ""Off-grid""], ""address"": """", ""country"": ""Germany"", ""description"": ""German manufacturer of hybrid power and microgrid systems combining storage, solar and diesel.""}",2026-07-08 14:44:40.510706+00
047d4a40-9745-44e5-bcc7-d3e74e793749,"{""city"": ""Munich"", ""state"": """", ""labels"": [""Other"", ""Germany"", ""Grid""], ""address"": """", ""country"": ""Germany"", ""description"": ""Global energy technology company producing power transformers and grid equipment.""}",2026-07-08 14:44:40.510706+00
048bd1d9-c859-4924-a77b-7e541c22a0d1,"{""city"": """", ""state"": """", ""labels"": [""Mounting/Tracker"", ""Switzerland""], ""address"": """", ""country"": ""Switzerland"", ""description"": ""Swiss company producing solar carport and mounting structures.""}",2026-07-08 14:44:40.510706+00
04a78bc2-aacc-4c0f-9d7d-eb4a8a2af5bd,"{""city"": """", ""state"": """", ""labels"": [""Other"", ""China"", ""Grid""], ""address"": """", ""country"": ""China"", ""description"": ""Chinese power technology company, likely affiliated with State Grid, producing electrical equipment.""}",2026-07-08 14:44:40.510706+00
04b82094-6887-4525-849f-2a9feab9df13,"{""city"": """", ""state"": """", ""labels"": [""Software"", ""Belgium""], ""address"": """", ""country"": ""Belgium"", ""description"": ""Small technology company, likely offering energy software or consulting services.""}",2026-07-08 14:44:40.510706+00
04d6afaa-73e9-499f-b8f4-a7c29d33d076,"{""city"": ""Shanghai"", ""state"": """", ""labels"": [""Inverter Mfr"", ""China"", ""Residential""], ""address"": """", ""country"": ""China"", ""description"": ""Shanghai-based manufacturer of microinverters for residential solar PV systems.""}",2026-07-08 14:44:40.510706+00
04f8e621-d7a5-462d-965e-b71740f8f812,"{""city"": ""Kirchhundem"", ""state"": """", ""labels"": [""Cable/BOS"", ""Germany""], ""address"": """", ""country"": ""Germany"", ""description"": ""German manufacturer of connectors and cable accessories for solar and electrical installations.""}",2026-07-08 14:44:40.510706+00
05011bed-79ee-4418-a35a-92ca8a0dbfdd,"{""city"": """", ""state"": """", ""labels"": [""Distributor"", ""Romania"", ""Solar PV""], ""address"": """", ""country"": ""Romania"", ""description"": ""Romanian company distributing solar modules and renewable energy equipment.""}",2026-07-08 14:44:40.510706+00
050327eb-6224-478d-b802-1311eece92ca,"{""city"": ""Zurich"", ""state"": """", ""labels"": [""Inverter Mfr"", ""Switzerland"", ""Utility-scale""], ""address"": """", ""country"": ""Switzerland"", ""description"": ""Global industrial technology company producing inverters and power equipment for renewable power.""}",2026-07-08 14:44:40.510706+00
053ab1e2-307a-4eed-a1b8-56e11dc765ac,"{""city"": """", ""state"": """", ""labels"": [""Software"", ""Germany"", ""Residential""], ""address"": """", ""country"": ""Germany"", ""description"": ""German company offering software/services for residential solar and storage energy management.""}",2026-07-08 14:44:40.510706+00
0547b9ac-f597-459c-a9b5-074c54ef705b,"{""city"": """", ""state"": """", ""labels"": [""Cable/BOS"", ""Portugal""], ""address"": """", ""country"": ""Portugal"", ""description"": ""Portuguese manufacturer of electrical switchgear and cable accessories.""}",2026-07-08 14:44:40.510706+00
056161fa-eb17-42e8-8889-fe4a26e8463c,"{""city"": """", ""state"": """", ""labels"": [""Metering/Monitoring"", ""Germany""], ""address"": """", ""country"": ""Germany"", ""description"": ""German company specializing in electricity meters and metering services.""}",2026-07-08 14:44:40.510706+00
056eb1ef-cbac-43e6-96f3-ba33e376630e,"{""city"": """", ""state"": """", ""labels"": [""Battery/Storage"", ""Netherlands""], ""address"": """", ""country"": ""Netherlands"", ""description"": ""Battery energy storage system manufacturer with European operations based in the Netherlands.""}",2026-07-08 14:44:40.510706+00
05721ff3-72bd-48e9-8b21-4c956e67b1d9,"{""city"": ""Shanghai"", ""state"": """", ""labels"": [""Battery/Storage"", ""China"", ""Utility-scale""], ""address"": """", ""country"": ""China"", ""description"": ""Shanghai-based manufacturer of energy storage systems and battery technology.""}",2026-07-08 14:44:40.510706+00
05886d1d-f908-4d76-96b3-9af5aae9d064,"{""city"": """", ""state"": """", ""labels"": [""Distributor"", ""Czech Republic"", ""Grid""], ""address"": """", ""country"": ""Czech Republic"", ""description"": ""Czech company, part of Carbounion group, active in grid and EV charging infrastructure.""}",2026-07-08 14:44:40.510706+00
05d33837-cb4b-49d6-b657-8ae800736269,"{""city"": ""Xiamen"", ""state"": """", ""labels"": [""Mounting/Tracker"", ""China""], ""address"": """", ""country"": ""China"", ""description"": ""Xiamen-based manufacturer of solar mounting and technology accessories.""}",2026-07-08 14:44:40.510706+00
085216fb-63fb-4bb6-8aa8-6be152c23499,"{""city"": """", ""state"": """", ""labels"": [""Other"", ""South Korea""], ""address"": """", ""country"": ""South Korea"", ""description"": ""Korean manufacturer, likely industrial/cooling equipment supplier serving energy sector clients.""}",2026-07-08 14:45:34.969594+00
08914e47-b3a2-412f-873b-3694fe490375,"{""city"": """", ""state"": """", ""labels"": [""Mounting/Tracker"", ""Spain"", ""Solar PV"", ""Utility-scale""], ""address"": """", ""country"": ""Spain"", ""description"": ""Manufactures solar tracker and fixed-tilt mounting structures for utility-scale PV plants.""}",2026-07-08 14:45:34.969594+00
08a66a10-92b9-46c8-b14f-82a6fe76ea17,"{""city"": ""Shenzhen"", ""state"": ""Guangdong"", ""labels"": [""Battery/Storage"", ""China""], ""address"": """", ""country"": ""China"", ""description"": ""Chinese manufacturer of energy storage systems and power conversion equipment.""}",2026-07-08 14:45:34.969594+00
08be1c31-2847-42cf-b29a-a6650fcde472,"{""city"": """", ""state"": """", ""labels"": [""Inverter Mfr"", ""Germany""], ""address"": """", ""country"": ""Germany"", ""description"": ""German manufacturer of power electronics including rectifiers, chargers, and inverters.""}",2026-07-08 14:45:34.969594+00
08cecc2b-0d2e-4012-8192-d218dcfa9042,"{""city"": ""Shenzhen"", ""state"": ""Guangdong"", ""labels"": [""Module Mfr"", ""China"", ""Solar PV""], ""address"": """", ""country"": ""China"", ""description"": ""Chinese manufacturer of solar photovoltaic modules.""}",2026-07-08 14:45:34.969594+00
08e7831b-843c-498b-908f-0c76f5a85d62,"{""city"": """", ""state"": """", ""labels"": [""Cable/BOS"", ""China""], ""address"": """", ""country"": ""China"", ""description"": ""Chinese supplier of solar balance-of-system components and accessories.""}",2026-07-08 14:45:34.969594+00
09243af3-afc5-41b6-becc-d4d2d9d95db0,"{""city"": ""Neuchatel"", ""state"": """", ""labels"": [""Module Mfr"", ""Switzerland"", ""Solar PV""], ""address"": """", ""country"": ""Switzerland"", ""description"": ""Swiss developer of colored solar glass technology for building-integrated photovoltaics.""}",2026-07-08 14:45:34.969594+00
09527f69-dcfc-442b-9b3d-678a902801c6,"{""city"": """", ""state"": """", ""labels"": [""Distributor"", ""Germany"", ""Solar PV""], ""address"": """", ""country"": ""Germany"", ""description"": ""German distributor of solar and green energy products.""}",2026-07-08 14:45:34.969594+00
095d0b87-c7fb-4183-8008-360bc4178dbf,"{""city"": """", ""state"": ""Schleswig-Holstein"", ""labels"": [""Utility"", ""Germany"", ""Grid""], ""address"": """", ""country"": ""Germany"", ""description"": ""Regional electricity distribution grid operator in Schleswig-Holstein, Germany.""}",2026-07-08 14:45:34.969594+00
097aa71c-59d9-4e06-a0c7-d55acc7cd553,"{""city"": """", ""state"": """", ""labels"": [""EPC/Installer"", ""Turkey""], ""address"": """", ""country"": ""Turkey"", ""description"": ""Turkish energy engineering and technical services company.""}",2026-07-08 14:45:34.969594+00
09a5dc73-84a6-4f48-8620-9c0982e5673f,"{""city"": """", ""state"": """", ""labels"": [""Other"", ""Unknown""], ""address"": """", ""country"": ""Unknown"", ""description"": ""No website or public information available to determine business activity.""}",2026-07-08 14:45:34.969594+00
09c155d9-4c36-4ef9-908f-138607fd165b,"{""city"": """", ""state"": """", ""labels"": [""Battery/Storage"", ""Netherlands""], ""address"": """", ""country"": ""Netherlands"", ""description"": ""Dutch company offering battery energy storage and smart energy solutions.""}",2026-07-08 14:45:34.969594+00
09c2e984-c158-40b0-87e3-71ca2d6bfb54,"{""city"": """", ""state"": """", ""labels"": [""Battery/Storage"", ""Netherlands""], ""address"": """", ""country"": ""Netherlands"", ""description"": ""Energy storage systems provider operating under the .eu domain.""}",2026-07-08 14:45:34.969594+00
09cc3fa0-ce8d-40e6-9858-ba997c987e1f,"{""city"": """", ""state"": """", ""labels"": [""Other"", ""Germany""], ""address"": """", ""country"": ""Germany"", ""description"": ""German automotive and battery engineering company.""}",2026-07-08 14:45:34.969594+00
09fe6efd-4834-455d-97fe-7827e9818fb7,"{""city"": """", ""state"": """", ""labels"": [""Module Mfr"", ""Austria"", ""Residential""], ""address"": """", ""country"": ""Austria"", ""description"": ""Austrian provider of building-integrated photovoltaic roofing systems.""}",2026-07-08 14:45:34.969594+00
0a1fd43f-8671-42e7-b691-e70eff786ebb,"{""city"": """", ""state"": """", ""labels"": [""Software"", ""United States""], ""address"": """", ""country"": ""United States"", ""description"": ""AI-focused technology company, domain suggests software/analytics offering.""}",2026-07-08 14:45:34.969594+00
0a4fee15-5632-4d03-a6a2-7a70aec2b5a2,"{""city"": """", ""state"": """", ""labels"": [""Developer/IPP"", ""France"", ""Solar PV""], ""address"": """", ""country"": ""France"", ""description"": ""French solar energy project development company (SAS entity).""}",2026-07-08 14:45:34.969594+00
0a52db14-8290-4a8e-81c7-68e960029775,"{""city"": """", ""state"": """", ""labels"": [""Cable/BOS"", ""Germany"", ""EV Charging""], ""address"": """", ""country"": ""Germany"", ""description"": ""German manufacturer of electrical connectors and charging technology.""}",2026-07-08 14:45:34.969594+00
0a7f83f3-3fa0-4020-a158-2744cdb8233f,"{""city"": ""Hangzhou"", ""state"": ""Zhejiang"", ""labels"": [""Battery/Storage"", ""China""], ""address"": """", ""country"": ""China"", ""description"": ""Chinese energy technology manufacturer, likely producing storage or power equipment.""}",2026-07-08 14:45:34.969594+00
0ad7cc07-7c5b-4a76-9b3a-b0c8e5595826,"{""city"": """", ""state"": """", ""labels"": [""Consultancy"", ""Germany"", ""Solar PV""], ""address"": """", ""country"": ""Germany"", ""description"": ""German solar energy consulting and solutions company.""}",2026-07-08 14:45:34.969594+00
0aee44d1-3ac9-49e8-b9cd-1d62483b4653,"{""city"": """", ""state"": """", ""labels"": [""Distributor"", ""United Kingdom""], ""address"": """", ""country"": ""United Kingdom"", ""description"": ""UK-based distributor operating under the OZZIES brand.""}",2026-07-08 14:45:34.969594+00
0b112eff-6001-4001-89b5-7ff028859ffe,"{""city"": """", ""state"": ""Anhui"", ""labels"": [""Battery/Storage"", ""China""], ""address"": """", ""country"": ""China"", ""description"": ""Chinese energy technology manufacturer of storage or PV related products.""}",2026-07-08 14:45:34.969594+00
0b2309e9-9f8c-4c1c-b043-f1c8486eb12f,"{""city"": ""Xiamen"", ""state"": ""Fujian"", ""labels"": [""Mounting/Tracker"", ""China""], ""address"": """", ""country"": ""China"", ""description"": ""Chinese manufacturer of metal racking and mounting components for solar installations.""}",2026-07-08 14:45:34.969594+00
0b4ec85a-b64e-4e46-8bcc-bcc81d0bfbb1,"{""city"": ""Hefei"", ""state"": ""Anhui"", ""labels"": [""Inverter Mfr"", ""China"", ""Solar PV"", ""Storage""], ""address"": """", ""country"": ""China"", ""description"": ""Major Chinese manufacturer of solar inverters and energy storage systems.""}",2026-07-08 14:45:34.969594+00
0b551325-4954-48b5-a9db-26019f9ec398,"{""city"": """", ""state"": """", ""labels"": [""Cable/BOS"", ""Netherlands"", ""Solar PV""], ""address"": """", ""country"": ""Netherlands"", ""description"": ""Dutch supplier of bird protection accessories for solar panel installations.""}",2026-07-08 14:45:34.969594+00
0b55274a-fecf-4ddb-b361-e29d821ea3d3,"{""city"": """", ""state"": """", ""labels"": [""Mounting/Tracker"", ""Turkey""], ""address"": """", ""country"": ""Turkey"", ""description"": ""Turkish steel manufacturer producing high-strength profiles used in construction and energy structures.""}",2026-07-08 14:46:00.502961+00
0b6112ea-a439-487b-ae78-58733df96333,"{""city"": ""Furtwangen"", ""state"": ""Baden-Wurttemberg"", ""labels"": [""Research/Academic"", ""Germany""], ""address"": """", ""country"": ""Germany"", ""description"": ""German university of applied sciences (Hochschule Furtwangen) with engineering and energy programs.""}",2026-07-08 14:46:00.502961+00
0b6d65d5-02c6-4b30-b540-ab511a49d8e2,"{""city"": ""Shenzhen"", ""state"": ""Guangdong"", ""labels"": [""Inverter Mfr"", ""China"", ""Solar PV""], ""address"": """", ""country"": ""China"", ""description"": ""Shenzhen-based manufacturer of grid-tied string inverters and hybrid inverters for residential and C&I solar.""}",2026-07-08 14:46:00.502961+00
0b9e5a73-3353-44a8-83e0-1bc094b140b7,"{""city"": ""London"", ""state"": """", ""labels"": [""Software"", ""United Kingdom"", ""Grid""], ""address"": ""245 Hammersmith Road"", ""country"": ""United Kingdom"", ""description"": ""OT cybersecurity platform for energy infrastructure, connecting cyber risk to financial exposure for operators.""}",2026-07-08 14:46:00.502961+00
0b9f18b7-5316-4a77-87ed-f7fa26ead420,"{""city"": """", ""state"": """", ""labels"": [""Software"", ""Germany""], ""address"": """", ""country"": ""Germany"", ""description"": ""German document management and process automation software vendor serving utilities and renewable energy clients.""}",2026-07-08 14:46:00.502961+00
0bb613fc-85e6-495a-abdb-7e2e6064306d,"{""city"": """", ""state"": ""Guangdong"", ""labels"": [""Inverter Mfr"", ""China""], ""address"": """", ""country"": ""China"", ""description"": ""Guangdong-based power technology company; classified from company name and domain (site inaccessible).""}",2026-07-08 14:46:00.502961+00
0bb771cf-355f-4cb5-8471-7555ca644f7b,"{""city"": """", ""state"": ""Henan"", ""labels"": [""Mounting/Tracker"", ""China"", ""Solar PV""], ""address"": """", ""country"": ""China"", ""description"": ""Chinese manufacturer of solar dampers, plastic bearings and plastic mountings for tracker systems.""}",2026-07-08 14:46:00.502961+00
0bc63030-239f-4ebd-a386-fc9708939e9f,"{""city"": """", ""state"": """", ""labels"": [""Software"", ""Germany"", ""Storage""], ""address"": """", ""country"": ""Germany"", ""description"": ""German virtual power plant and energy management software provider (Pionierkraft).""}",2026-07-08 14:46:00.502961+00
0bfa6144-815b-46de-a302-8c7fe45d2e4f,"{""city"": """", ""state"": """", ""labels"": [""Module Mfr"", ""China"", ""Solar PV""], ""address"": """", ""country"": ""China"", ""description"": ""Chinese manufacturer of photovoltaic solar modules (OSDA Solar).""}",2026-07-08 14:46:00.502961+00
0c0c43fa-1ad1-4989-a7ee-17be161da092,"{""city"": """", ""state"": """", ""labels"": [""Software"", ""Australia"", ""Residential""], ""address"": """", ""country"": ""Australia"", ""description"": ""Solar design software with integrated CRM, proposal generation and battery modeling tools.""}",2026-07-08 14:46:00.502961+00
0c0c99c3-a069-46e7-b0e9-afae731811d0,"{""city"": """", ""state"": """", ""labels"": [""Metering/Monitoring"", ""China""], ""address"": """", ""country"": ""China"", ""description"": ""Chinese IoT and LoRaWAN sensor technology provider (Lansitec) used for monitoring applications.""}",2026-07-08 14:46:00.502961+00
0c16bcaf-d57f-4665-9e4d-1fa23e7fdcb5,"{""city"": """", ""state"": """", ""labels"": [""Cable/BOS"", ""China""], ""address"": """", ""country"": ""China"", ""description"": ""Chinese precision electronic connector manufacturer (TI-LANE) serving industrial and PV applications.""}",2026-07-08 14:46:00.502961+00
0c4698ec-852e-423b-83b0-bcf1e44b47a7,"{""city"": """", ""state"": """", ""labels"": [""Cable/BOS"", ""China""], ""address"": """", ""country"": ""China"", ""description"": ""Chinese manufacturer of electrical wiring devices, connectors and switches (ELEGRP).""}",2026-07-08 14:46:00.502961+00
0c822f39-fe30-4080-81a8-bd289bfa1369,"{""city"": """", ""state"": """", ""labels"": [""Software"", ""Bulgaria"", ""Grid""], ""address"": """", ""country"": ""Bulgaria"", ""description"": ""Energy management SaaS platform offering forecasting, IoT monitoring, billing and trading modules.""}",2026-07-08 14:46:00.502961+00
0cc051c4-e744-459b-9bbe-35f1fb9f466e,"{""city"": ""Shenzhen"", ""state"": ""Guangdong"", ""labels"": [""Inverter Mfr"", ""China"", ""Storage""], ""address"": """", ""country"": ""China"", ""description"": ""Shenzhen-based microgrid and energy storage power conversion equipment maker using SiC technology.""}",2026-07-08 14:46:00.502961+00
0cfaad04-c6a7-48f8-8c49-a103090aa8f8,"{""city"": ""Chicago"", ""state"": ""Illinois"", ""labels"": [""Cable/BOS"", ""United States""], ""address"": """", ""country"": ""United States"", ""description"": ""US manufacturer of fuses and circuit protection components used across electronics and energy systems.""}",2026-07-08 14:46:00.502961+00
0d154026-2e7e-407c-aa55-9e2d09eb90a2,"{""city"": ""Karlskrona"", ""state"": """", ""labels"": [""Cable/BOS"", ""Sweden""], ""address"": """", ""country"": ""Sweden"", ""description"": ""Swedish manufacturer of cable and pipe sealing solutions used in industrial and energy installations.""}",2026-07-08 14:46:00.502961+00
0d31aa3e-880c-4dbe-9ae9-31995ff6ee81,"{""city"": """", ""state"": """", ""labels"": [""Module Mfr"", ""Turkey"", ""Solar PV""], ""address"": """", ""country"": ""Turkey"", ""description"": ""Turkish solar company (United Solar) engaged in PV module supply and installation.""}",2026-07-08 14:46:00.502961+00
0d4e3c79-3b89-4b0d-b7b0-911d9838b835,"{""city"": ""Hohhot"", ""state"": ""Inner Mongolia"", ""labels"": [""Module Mfr"", ""China"", ""Solar PV""], ""address"": ""Gongnong Road (East), Yangguang Avenue (North), Ruyi Industrial Park, Shaerqin Town"", ""country"": ""China"", ""description"": ""Chinese manufacturer of photovoltaic solar modules with a 20GW production facility in Inner Mongolia.""}",2026-07-08 14:46:00.502961+00
0d567f29-ba2b-45e4-bb1c-9174915e59e6,"{""city"": """", ""state"": """", ""labels"": [""Module Mfr"", ""Switzerland"", ""Solar PV""], ""address"": """", ""country"": ""Switzerland"", ""description"": ""Swiss manufacturer of photovoltaic solar modules (Megasol Energie).""}",2026-07-08 14:46:00.502961+00
0d753c55-73a2-462e-a7f5-dae943afa78b,"{""city"": """", ""state"": """", ""labels"": [""Other""], ""address"": """", ""country"": """", ""description"": ""Event exhibition category placeholder (Start-Up Area); no company website available.""}",2026-07-08 14:46:00.502961+00
0d927b32-94ab-41d4-af61-bd8cc095a793,"{""city"": ""Foshan"", ""state"": ""Guangdong"", ""labels"": [""Inverter Mfr"", ""China""], ""address"": """", ""country"": ""China"", ""description"": ""Foshan-based manufacturer of power electronics including inverters and transformers (Eaglerise).""}",2026-07-08 14:46:00.502961+00
0d95dc5a-ba1f-44bd-b8d8-70de15b39613,"{""city"": ""Taizhou"", ""state"": """", ""labels"": [""Cable/BOS"", ""China""], ""address"": """", ""country"": ""China"", ""description"": ""Chinese power technology company; classified from company name and domain (site certificate expired).""}",2026-07-08 14:46:00.502961+00
0d98e786-b1fd-4faf-9792-78e1f723d387,"{""city"": ""Nuremberg"", ""state"": ""Bavaria"", ""labels"": [""Financing"", ""Germany""], ""address"": """", ""country"": ""Germany"", ""description"": ""German bank specializing in financing environmental and renewable energy projects (UmweltBank).""}",2026-07-08 14:46:00.502961+00
0d9f1d4b-87b0-45ee-b3d3-7450f0324eb7,"{""city"": ""Munich"", ""state"": ""Bavaria"", ""labels"": [""Developer/IPP"", ""Germany"", ""Utility-scale""], ""address"": """", ""country"": ""Germany"", ""description"": ""German renewable energy project developer (BayWa r.e.) planning and building solar and wind projects.""}",2026-07-08 14:46:00.502961+00
0d9f4362-ead1-4920-83f7-a9d782bd4ab5,"{""city"": ""Ilmenau"", ""state"": ""Thuringia"", ""labels"": [""Research/Academic"", ""Germany"", ""Solar PV""], ""address"": """", ""country"": ""Germany"", ""description"": ""University research institute for energy technology at TU Ilmenau.""}",2026-07-08 14:46:29.14752+00
0dcd8dab-14b1-418b-95f1-ce0d6b07a081,"{""city"": """", ""state"": ""Zhejiang"", ""labels"": [""Module Mfr"", ""China"", ""Solar PV""], ""address"": """", ""country"": ""China"", ""description"": ""Chinese manufacturer of solar PV modules.""}",2026-07-08 14:46:29.14752+00
0df3f6c5-1d33-4fb2-802d-15b22787d4ca,"{""city"": ""Waarschoot"", ""state"": """", ""labels"": [""Mounting/Tracker"", ""Belgium""], ""address"": """", ""country"": ""Belgium"", ""description"": ""Manufacturer of prefabricated steel buildings, including solar-ready roofs.""}",2026-07-08 14:46:29.14752+00
0e31907a-0dbb-4ba9-96c3-563c48741480,"{""city"": ""Stuttgart"", ""state"": ""Baden-Wurttemberg"", ""labels"": [""Consultancy"", ""Germany"", ""Grid""], ""address"": """", ""country"": ""Germany"", ""description"": ""Engineering and consultancy firm for energy, water and infrastructure projects.""}",2026-07-08 14:46:29.14752+00
0e3216b8-970d-47f4-889b-67d9449403e8,"{""city"": """", ""state"": ""Anhui"", ""labels"": [""Other"", ""China"", ""Solar PV""], ""address"": """", ""country"": ""China"", ""description"": ""Chinese manufacturer of optronics/LCD and glass components used in electronics and solar applications.""}",2026-07-08 14:46:29.14752+00
0e38b795-c572-40c0-a2e1-00564d6c9364,"{""city"": """", ""state"": ""Jiangsu"", ""labels"": [""Mounting/Tracker"", ""China""], ""address"": """", ""country"": ""China"", ""description"": ""Chinese manufacturer of metal components for solar mounting structures.""}",2026-07-08 14:46:29.14752+00
0e4648fc-be14-42f2-abdf-bddf6c8f8169,"{""city"": """", ""state"": """", ""labels"": [""Research/Academic"", ""Germany""], ""address"": """", ""country"": ""Germany"", ""description"": ""German association for applied energy and zero-carbon research.""}",2026-07-08 14:46:29.14752+00
0e7aab38-bf7a-4a97-ac0e-10bcf7f0bcc6,"{""city"": """", ""state"": """", ""labels"": [""Other"", ""Spain"", ""EV Charging""], ""address"": """", ""country"": ""Spain"", ""description"": ""Spanish manufacturer of electric vehicle charging equipment.""}",2026-07-08 14:46:29.14752+00
0e7f623b-cd3c-4ea4-be9c-a8ef6884dc23,"{""city"": ""Dresden"", ""state"": ""Saxony"", ""labels"": [""Association"", ""Germany""], ""address"": """", ""country"": ""Germany"", ""description"": ""Saxon regional energy industry association promoting clean energy technologies.""}",2026-07-08 14:46:29.14752+00
0e94d408-c509-4b3c-b375-e48c4d83376c,"{""city"": ""Shanghai"", ""state"": """", ""labels"": [""Battery/Storage"", ""China""], ""address"": """", ""country"": ""China"", ""description"": ""Chinese technology company producing energy storage related equipment.""}",2026-07-08 14:46:29.14752+00
0eab19fe-67be-4a85-9f08-b8398e2ef7a6,"{""city"": """", ""state"": ""Jiangxi"", ""labels"": [""Battery/Storage"", ""China""], ""address"": """", ""country"": ""China"", ""description"": ""Chinese manufacturer of energy storage technology.""}",2026-07-08 14:46:29.14752+00
0ed24f6c-f2c3-47dd-8e3d-4d4f05a82967,"{""city"": """", ""state"": """", ""labels"": [""Other"", ""Germany""], ""address"": """", ""country"": ""Germany"", ""description"": ""Company name suggests green energy services; no website available to verify.""}",2026-07-08 14:46:29.14752+00
0ee9a98c-d74d-43a3-ae1c-816462751e2a,"{""city"": ""Shenzhen"", ""state"": ""Guangdong"", ""labels"": [""Cable/BOS"", ""China""], ""address"": """", ""country"": ""China"", ""description"": ""Chinese industrial manufacturer, likely producing cable/connector components.""}",2026-07-08 14:46:29.14752+00
0eeca505-bce9-4393-b678-0152a420c167,"{""city"": """", ""state"": """", ""labels"": [""Other"", ""Turkey"", ""Solar PV""], ""address"": """", ""country"": ""Turkey"", ""description"": ""Turkish glass manufacturer, likely supplying glass for solar and construction industries.""}",2026-07-08 14:46:29.14752+00
0efc52a1-7fa4-4789-aba6-5005a5d45040,"{""city"": ""Haigerloch"", ""state"": ""Baden-Wurttemberg"", ""labels"": [""Metering/Monitoring"", ""Germany""], ""address"": """", ""country"": ""Germany"", ""description"": ""German manufacturer of building automation, time switches and energy management devices.""}",2026-07-08 14:46:29.14752+00
0f273957-b6c8-424b-a27b-0c3ca9c8f21d,"{""city"": """", ""state"": """", ""labels"": [""EPC/Installer"", ""Germany"", ""Solar PV""], ""address"": """", ""country"": ""Germany"", ""description"": ""German solar training, engineering and consulting group.""}",2026-07-08 14:46:29.14752+00
0f46d103-455f-4674-b02b-69b1ab5f0007,"{""city"": """", ""state"": """", ""labels"": [""Module Mfr"", ""China"", ""Solar PV""], ""address"": """", ""country"": ""China"", ""description"": ""Chinese manufacturer of solar PV modules.""}",2026-07-08 14:46:29.14752+00
0f61e498-99ac-419d-b069-0dc2f18c3cc8,"{""city"": """", ""state"": """", ""labels"": [""Mounting/Tracker"", ""Poland""], ""address"": """", ""country"": ""Poland"", ""description"": ""Polish manufacturer of steel racking and mounting structures.""}",2026-07-08 14:46:29.14752+00
0f7120bc-c8f3-4e98-bdd1-9e75a8daaf42,"{""city"": ""Shenzhen"", ""state"": ""Guangdong"", ""labels"": [""Inverter Mfr"", ""China"", ""Solar PV""], ""address"": """", ""country"": ""China"", ""description"": ""Chinese power technology company producing power electronics equipment.""}",2026-07-08 14:46:29.14752+00
0f77aaff-2080-4fc7-841c-7108899f7669,"{""city"": """", ""state"": """", ""labels"": [""Mounting/Tracker"", ""Austria"", ""Solar PV""], ""address"": """", ""country"": ""Austria"", ""description"": ""Austrian company producing solar roof mounting systems.""}",2026-07-08 14:46:29.14752+00
0f8a2b5a-8649-44d9-a588-9a07eca5568a,"{""city"": """", ""state"": """", ""labels"": [""EPC/Installer"", ""Italy"", ""Solar PV""], ""address"": """", ""country"": ""Italy"", ""description"": ""Italian solar energy installation and EPC company.""}",2026-07-08 14:46:29.14752+00
0f9b5bc9-3203-4282-8022-12af04d05b76,"{""city"": ""Nanjing"", ""state"": ""Jiangsu"", ""labels"": [""Other"", ""China"", ""Grid""], ""address"": """", ""country"": ""China"", ""description"": ""Chinese manufacturer of power system protection, automation and grid equipment.""}",2026-07-08 14:46:29.14752+00
0fd541bd-5d9a-4f52-b992-319b39cd09e6,"{""city"": """", ""state"": """", ""labels"": [""Other"", ""Germany"", ""EV Charging""], ""address"": """", ""country"": ""Germany"", ""description"": ""German company, likely providing energy/EV charging related solutions.""}",2026-07-08 14:46:29.14752+00
0fd948b2-16be-438d-a63c-98a3bb93a136,"{""city"": """", ""state"": """", ""labels"": [""Other"", ""Germany"", ""EV Charging""], ""address"": """", ""country"": ""Germany"", ""description"": ""German company providing EV charging infrastructure solutions.""}",2026-07-08 14:46:29.14752+00
0ff1d342-4b4b-4fbe-b40a-a8505fffb674,"{""city"": """", ""state"": ""Jiangsu"", ""labels"": [""Cable/BOS"", ""China""], ""address"": """", ""country"": ""China"", ""description"": ""Chinese manufacturer of temperature control systems, likely for battery/BOS applications.""}",2026-07-08 14:46:29.14752+00
0ff23982-bbfa-4a27-9c97-d111a9418728,"{""city"": """", ""state"": """", ""labels"": [""Other"", ""China"", ""EV Charging""], ""address"": """", ""country"": ""China"", ""description"": ""Manufactures EV charging equipment and related technology.""}",2026-07-08 14:46:51.327836+00
1002522b-351f-40b1-88a4-2796972c7f3c,"{""city"": """", ""state"": """", ""labels"": [""Cable/BOS"", ""China"", ""Solar PV""], ""address"": """", ""country"": ""China"", ""description"": ""Manufactures PV cables, connectors and wiring components for solar installations.""}",2026-07-08 14:46:51.327836+00
1052ba62-bcd2-44b8-abfd-df50f4318c8f,"{""city"": ""Jiangxi"", ""state"": """", ""labels"": [""Other"", ""China""], ""address"": """", ""country"": ""China"", ""description"": ""Micro-electronics manufacturer supplying electronic components.""}",2026-07-08 14:46:51.327836+00
1067a327-3fb2-48db-a0bb-65066ec5525c,"{""city"": """", ""state"": """", ""labels"": [""Software"", ""Austria"", ""Grid""], ""address"": """", ""country"": ""Austria"", ""description"": ""Provides virtual power plant and grid optimization software.""}",2026-07-08 14:46:51.327836+00
1080791d-b386-4d75-bd08-84f1bd6a08ad,"{""city"": """", ""state"": """", ""labels"": [""Mounting/Tracker"", ""Germany"", ""Solar PV""], ""address"": """", ""country"": ""Germany"", ""description"": ""Manufactures mounting systems for ground-mount and rooftop solar installations.""}",2026-07-08 14:46:51.327836+00
1094b529-d1b5-4a4f-91e9-381c2228b51a,"{""city"": ""Shenzhen"", ""state"": """", ""labels"": [""Inverter Mfr"", ""China"", ""Solar PV""], ""address"": """", ""country"": ""China"", ""description"": ""Manufactures solar inverters and digital power electronics.""}",2026-07-08 14:46:51.327836+00
10a7c89a-c4ca-4d91-98b0-3aee9e270a22,"{""city"": ""Albuquerque"", ""state"": ""New Mexico"", ""labels"": [""Mounting/Tracker"", ""United States"", ""Utility-scale""], ""address"": """", ""country"": ""United States"", ""description"": ""Manufactures solar tracker systems for utility-scale projects.""}",2026-07-08 14:46:51.327836+00
10dd3ded-ab04-4812-8277-39ae55e19299,"{""city"": """", ""state"": """", ""labels"": [""Inverter Mfr"", ""China""], ""address"": """", ""country"": ""China"", ""description"": ""Manufactures power inverter products.""}",2026-07-08 14:46:51.327836+00
11311dfd-c0f5-469b-9859-aa88f01458d3,"{""city"": """", ""state"": """", ""labels"": [""Battery/Storage"", ""Germany"", ""Residential""], ""address"": """", ""country"": ""Germany"", ""description"": ""Provides home energy storage systems.""}",2026-07-08 14:46:51.327836+00
1141958a-efd6-44c3-99f8-b74e40345555,"{""city"": ""Shenzhen"", ""state"": """", ""labels"": [""Battery/Storage"", ""China""], ""address"": """", ""country"": ""China"", ""description"": ""Manufactures LiFePO4 battery packs including for RV applications.""}",2026-07-08 14:46:51.327836+00
1153fa38-c278-4324-aa32-4a93f62bcc7d,"{""city"": """", ""state"": """", ""labels"": [""Cable/BOS"", ""India""], ""address"": """", ""country"": ""India"", ""description"": ""Manufactures cables, conductors and transformers including for renewable projects.""}",2026-07-08 14:46:51.327836+00
116aed39-e7fb-492e-8d04-0f2be3f785c3,"{""city"": """", ""state"": """", ""labels"": [""Software"", ""Netherlands""], ""address"": """", ""country"": ""Netherlands"", ""description"": ""Provides application solutions, likely for energy monitoring or management.""}",2026-07-08 14:46:51.327836+00
118a0382-89ee-4486-954d-9e7e24172a1e,"{""city"": """", ""state"": """", ""labels"": [""Cable/BOS"", ""Taiwan""], ""address"": """", ""country"": ""Taiwan"", ""description"": ""Manufactures cables and connectors for electronic and energy applications.""}",2026-07-08 14:46:51.327836+00
120738cb-54f1-48b2-a807-bf3bdac09e42,"{""city"": """", ""state"": """", ""labels"": [""Other"", ""Germany""], ""address"": """", ""country"": ""Germany"", ""description"": ""German company supplying equipment or services in the energy sector.""}",2026-07-08 14:46:51.327836+00
1213059a-a17d-4d42-84e4-d7981844f9df,"{""city"": ""Guangdong"", ""state"": """", ""labels"": [""Battery/Storage"", ""China""], ""address"": """", ""country"": ""China"", ""description"": ""Manufactures lithium battery products for energy storage.""}",2026-07-08 14:46:51.327836+00
12172cbc-94c1-4efa-9024-bd144febd8a2,"{""city"": """", ""state"": """", ""labels"": [""Mounting/Tracker"", ""Switzerland"", ""Solar PV""], ""address"": """", ""country"": ""Switzerland"", ""description"": ""Manufactures solar mounting and roofing systems.""}",2026-07-08 14:46:51.327836+00
121ff15f-ed01-4647-8a7f-31e6d2d377a8,"{""city"": """", ""state"": """", ""labels"": [""Other"", ""Sweden"", ""EV Charging""], ""address"": """", ""country"": ""Sweden"", ""description"": ""Swedish company providing power electronics, likely for EV charging.""}",2026-07-08 14:46:51.327836+00
122a683d-4b87-484a-9759-f3e2d90d6f52,"{""city"": """", ""state"": """", ""labels"": [""Software"", ""Germany"", ""Grid""], ""address"": """", ""country"": ""Germany"", ""description"": ""Provides energy management and grid software solutions.""}",2026-07-08 14:46:51.327836+00
122d5fe6-7b4d-4f03-9edb-2394102b96c8,"{""city"": ""Shenzhen"", ""state"": """", ""labels"": [""Battery/Storage"", ""China""], ""address"": """", ""country"": ""China"", ""description"": ""Manufactures new energy battery products.""}",2026-07-08 14:46:51.327836+00
1234372c-3c41-4cdb-96ea-f3637a2ce4f5,"{""city"": """", ""state"": """", ""labels"": [""Other"", ""Germany"", ""Hydrogen""], ""address"": """", ""country"": ""Germany"", ""description"": ""German company developing hydrogen fuel cell power solutions.""}",2026-07-08 14:46:51.327836+00
1270d625-392d-4610-b825-30e6701cea13,"{""city"": ""Shenzhen"", ""state"": """", ""labels"": [""Module Mfr"", ""China"", ""Solar PV""], ""address"": """", ""country"": ""China"", ""description"": ""Manufactures solar PV modules.""}",2026-07-08 14:46:51.327836+00
128b6173-faf6-4c7d-8cdc-6562e2481466,"{""city"": ""Huizhou"", ""state"": """", ""labels"": [""Battery/Storage"", ""China""], ""address"": """", ""country"": ""China"", ""description"": ""Manufactures energy storage system batteries.""}",2026-07-08 14:46:51.327836+00
128dc833-d55f-48e4-8e42-6e8e6a8395c4,"{""city"": ""Shenzhen"", ""state"": """", ""labels"": [""Other"", ""China""], ""address"": """", ""country"": ""China"", ""description"": ""Chinese technology company supplying electronic or energy equipment.""}",2026-07-08 14:46:51.327836+00
12b1cdf2-d0f7-4fb3-bdf1-6291d592eaae,"{""city"": """", ""state"": """", ""labels"": [""Other"", ""Germany""], ""address"": """", ""country"": ""Germany"", ""description"": ""German energy company operating as Strong Digital GmbH.""}",2026-07-08 14:46:51.327836+00
12d8dd92-f3df-4545-8ce1-01116ecaadfc,"{""city"": ""Wenzhou"", ""state"": """", ""labels"": [""Cable/BOS"", ""China""], ""address"": """", ""country"": ""China"", ""description"": ""Manufactures electrical equipment including cables and connectors.""}",2026-07-08 14:46:51.327836+00
12e84b8d-1bd6-4e87-a3ab-40de2ff6b988,"{""city"": """", ""state"": """", ""labels"": [""Cable/BOS"", ""Turkey""], ""address"": """", ""country"": ""Turkey"", ""description"": ""Turkish manufacturer of power and industrial cables including solar cable.""}",2026-07-08 14:47:23.2428+00
131459dc-c290-46ce-b7ef-195a6356a24f,"{""city"": """", ""state"": """", ""labels"": [""Other"", ""Germany""], ""address"": """", ""country"": ""Germany"", ""description"": ""German firm associated with UrbanGuard security/exhibition services; unclear solar focus.""}",2026-07-08 14:47:23.2428+00
132256f0-9a7e-40b2-a7d3-bc90877fdd90,"{""city"": """", ""state"": """", ""labels"": [""EPC/Installer"", ""Germany"", ""Solar PV""], ""address"": """", ""country"": ""Germany"", ""description"": ""German energy company offering solar and storage installation solutions.""}",2026-07-08 14:47:23.2428+00
13468218-543f-49d8-af0c-2c5e8bb577c8,"{""city"": """", ""state"": """", ""labels"": [""Cable/BOS"", ""Germany""], ""address"": """", ""country"": ""Germany"", ""description"": ""Manufactures surge protection and DC combiner devices for solar and industrial systems.""}",2026-07-08 14:47:23.2428+00
1354d71d-dde5-4986-909d-79a7e1b2f2fc,"{""city"": ""Subotica"", ""state"": """", ""labels"": [""Battery/Storage"", ""Serbia""], ""address"": """", ""country"": ""Serbia"", ""description"": ""Serbian manufacturer of lithium iron phosphate battery cells.""}",2026-07-08 14:47:23.2428+00
1378cb9e-d559-4603-b251-d4429b51841e,"{""city"": """", ""state"": """", ""labels"": [""Developer/IPP"", ""Germany""], ""address"": """", ""country"": ""Germany"", ""description"": ""German renewable energy project developer and trading company.""}",2026-07-08 14:47:23.2428+00
13888d4f-3b29-46e7-a739-dde4ab38be04,"{""city"": """", ""state"": """", ""labels"": [""Developer/IPP"", ""Germany""], ""address"": """", ""country"": ""Germany"", ""description"": ""German renewable energy company developing and operating clean energy projects.""}",2026-07-08 14:47:23.2428+00
138b52af-a113-4fe3-ad74-aa3b183848dc,"{""city"": """", ""state"": """", ""labels"": [""Other"", ""Romania""], ""address"": """", ""country"": ""Romania"", ""description"": ""Romanian service and production company operating in the energy sector.""}",2026-07-08 14:47:23.2428+00
138da4fb-4f38-4d3d-8734-6e9d1297866d,"{""city"": ""Kranj"", ""state"": """", ""labels"": [""Metering/Monitoring"", ""Slovenia"", ""EV Charging""], ""address"": """", ""country"": ""Slovenia"", ""description"": ""Provides smart metering and eMobility charging infrastructure solutions.""}",2026-07-08 14:47:23.2428+00
13ac5e29-d12f-454f-9a1b-e39db1ed44e6,"{""city"": """", ""state"": """", ""labels"": [""Software"", ""Germany"", ""Solar PV""], ""address"": """", ""country"": ""Germany"", ""description"": ""German subsidiary of Aurora Solar, provider of solar design and sales software.""}",2026-07-08 14:47:23.2428+00
13b9683c-899e-476b-8f5b-c77e8e51232a,"{""city"": ""Munich"", ""state"": ""Bavaria"", ""labels"": [""Distributor"", ""Germany"", ""Solar PV""], ""address"": """", ""country"": ""Germany"", ""description"": ""BayWa r.e. holding entity for solar product distribution.""}",2026-07-08 14:47:23.2428+00
13c05540-e72a-42c1-af75-c919770dc62f,"{""city"": """", ""state"": ""California"", ""labels"": [""Battery/Storage"", ""United States""], ""address"": """", ""country"": ""United States"", ""description"": ""US developer of solid-state battery technology.""}",2026-07-08 14:47:23.2428+00
13c0bda1-4b7b-4035-8672-6cea0ebefc32,"{""city"": ""Quzhou"", ""state"": """", ""labels"": [""Other"", ""China""], ""address"": """", ""country"": ""China"", ""description"": ""Chinese manufacturer of auto parts and shock absorbers.""}",2026-07-08 14:47:23.2428+00
143e024a-8b09-4537-a229-e58d3417662a,"{""city"": ""Pforzheim"", ""state"": """", ""labels"": [""Association"", ""Germany"", ""Solar PV""], ""address"": """", ""country"": ""Germany"", ""description"": ""ees Connect & Create is a solar/storage exhibition initiative by Solar Promotion GmbH.""}",2026-07-08 14:47:23.2428+00
1445c994-5eb9-4f6a-96f5-c871e24c41b6,"{""city"": """", ""state"": """", ""labels"": [""Software"", ""Israel"", ""EV Charging""], ""address"": """", ""country"": ""Israel"", ""description"": ""Provides EV charging network management software.""}",2026-07-08 14:47:23.2428+00
145a2fdb-11a7-4e9c-b62b-57902b4bb62e,"{""city"": """", ""state"": """", ""labels"": [""Other"", ""India""], ""address"": """", ""country"": ""India"", ""description"": ""Steam-A product line, unclear specific energy focus.""}",2026-07-08 14:47:23.2428+00
148f771e-e35e-4d28-b0ce-7ba2472bbd74,"{""city"": ""Madrid"", ""state"": """", ""labels"": [""Consultancy"", ""Spain"", ""Solar PV""], ""address"": """", ""country"": ""Spain"", ""description"": ""Spanish renewable energy engineering and consultancy firm.""}",2026-07-08 14:47:23.2428+00
14ed6cff-5b37-4b62-9843-a2bfb4845254,"{""city"": ""Arlington"", ""state"": ""Virginia"", ""labels"": [""Battery/Storage"", ""United States"", ""Utility-scale""], ""address"": """", ""country"": ""United States"", ""description"": ""US manufacturer of grid-scale energy storage systems and software.""}",2026-07-08 14:47:23.2428+00
14fc08f2-33e6-4817-b719-a09279a7c92c,"{""city"": """", ""state"": """", ""labels"": [""Inverter Mfr"", ""China""], ""address"": """", ""country"": ""China"", ""description"": ""Chinese manufacturer of power electronics including inverters and UPS systems.""}",2026-07-08 14:47:23.2428+00
1500fd36-5be0-4231-a903-4571616a6fc3,"{""city"": """", ""state"": """", ""labels"": [""Module Mfr"", ""China"", ""Solar PV""], ""address"": """", ""country"": ""China"", ""description"": ""Chinese manufacturer of solar PV modules.""}",2026-07-08 14:47:23.2428+00
15057bf9-abff-483a-bfa4-b3f129e4ba59,"{""city"": """", ""state"": """", ""labels"": [""Other"", ""Japan""], ""address"": """", ""country"": ""Japan"", ""description"": ""Japanese technology company, specific energy product focus unclear.""}",2026-07-08 14:47:23.2428+00
150f1837-3c59-40fe-8478-998c4117ff52,"{""city"": """", ""state"": """", ""labels"": [""Distributor"", ""Germany""], ""address"": """", ""country"": ""Germany"", ""description"": ""German distributor of EMC and electrical components.""}",2026-07-08 14:47:23.2428+00
15117ab0-bf08-489b-b99a-6f3daf9792a9,"{""city"": ""Shenzhen"", ""state"": """", ""labels"": [""Cable/BOS"", ""China""], ""address"": """", ""country"": ""China"", ""description"": ""Chinese manufacturer of mechanical and electrical cooling equipment for energy systems.""}",2026-07-08 14:47:23.2428+00
151dd228-76d8-4ce6-bf43-4c6dd7fbb378,"{""city"": """", ""state"": """", ""labels"": [""EPC/Installer"", ""Turkey""], ""address"": """", ""country"": ""Turkey"", ""description"": ""Turkish power engineering and technology company.""}",2026-07-08 14:47:23.2428+00
152247dc-f9e6-40b4-aae0-6b11d00f0fa6,"{""city"": ""Dongyang"", ""state"": ""Zhejiang"", ""labels"": [""Module Mfr"", ""China"", ""Solar PV""], ""address"": """", ""country"": ""China"", ""description"": ""DMEGC Solar, division of Hengdian Group, manufactures solar PV modules.""}",2026-07-08 14:47:23.2428+00
1531b9a7-82a4-4a45-8530-0ff9a1eb3c8c,"{""city"": ""Weilburg"", ""state"": """", ""labels"": [""Metering/Monitoring"", ""Germany"", ""EV Charging""], ""address"": """", ""country"": ""Germany"", ""description"": ""Manufactures RFID, payment and metering/identification electronics including EV charging components.""}",2026-07-08 14:47:46.776567+00
15643ef9-8907-421f-9d16-06fa98042a4f,"{""city"": """", ""state"": """", ""labels"": [""Battery/Storage"", ""Netherlands""], ""address"": """", ""country"": ""Netherlands"", ""description"": ""Supplies energy storage and battery products.""}",2026-07-08 14:47:46.776567+00
1596c566-bc65-40e8-97e6-52303bd791dc,"{""city"": """", ""state"": """", ""labels"": [""Cable/BOS"", ""United States""], ""address"": """", ""country"": ""United States"", ""description"": ""Hubbell Gleason Reel division makes industrial cable and hose reels for electrical applications.""}",2026-07-08 14:47:46.776567+00
159d2fb4-cee8-4ac7-aacd-89c3c4931f6a,"{""city"": ""Leipzig"", ""state"": """", ""labels"": [""EPC/Installer"", ""Germany""], ""address"": """", ""country"": ""Germany"", ""description"": ""Electrical engineering and installation contractor based in Leipzig.""}",2026-07-08 14:47:46.776567+00
15abc448-6b85-410d-b11d-a87a0ab0324a,"{""city"": """", ""state"": """", ""labels"": [""Software"", ""Germany""], ""address"": """", ""country"": ""Germany"", ""description"": ""Provides energy management and monitoring software.""}",2026-07-08 14:47:46.776567+00
15e88185-9b88-4f70-997f-ef68ec98013e,"{""city"": """", ""state"": """", ""labels"": [""EPC/Installer"", ""Germany"", ""Solar PV""], ""address"": """", ""country"": ""Germany"", ""description"": ""Offers inverter service and repair for solar PV systems.""}",2026-07-08 14:47:46.776567+00
16093ef4-0dec-40e6-b8a7-f09987f93038,"{""city"": """", ""state"": """", ""labels"": [""Other"", ""Austria"", ""EV Charging""], ""address"": """", ""country"": ""Austria"", ""description"": ""DiniTech GmbH brand NRGkick manufactures mobile EV charging cables.""}",2026-07-08 14:47:46.776567+00
16458757-9088-46c6-ba12-c68e05c1ae06,"{""city"": """", ""state"": """", ""labels"": [""EPC/Installer"", ""Germany""], ""address"": """", ""country"": ""Germany"", ""description"": ""German energy services company.""}",2026-07-08 14:47:46.776567+00
1653d659-0591-4a7f-b289-0fceaeac7fd7,"{""city"": """", ""state"": """", ""labels"": [""Other"", ""Hungary""], ""address"": """", ""country"": ""Hungary"", ""description"": ""Hungarian company, no website available for classification.""}",2026-07-08 14:47:46.776567+00
16568f45-0c81-4fc0-bdc6-4a2b455c673d,"{""city"": ""Shenzhen"", ""state"": """", ""labels"": [""Battery/Storage"", ""China""], ""address"": """", ""country"": ""China"", ""description"": ""Manufactures lithium battery energy storage systems.""}",2026-07-08 14:47:46.776567+00
1674506f-de81-4434-b867-d7aeeba6fc0c,"{""city"": """", ""state"": """", ""labels"": [""Other"", ""Switzerland"", ""EV Charging""], ""address"": """", ""country"": ""Switzerland"", ""description"": ""Develops and manufactures EV charging hardware and systems.""}",2026-07-08 14:47:46.776567+00
168b37ec-657b-4f58-b599-5f84a3dd4ac4,"{""city"": """", ""state"": """", ""labels"": [""Software"", ""Germany""], ""address"": """", ""country"": ""Germany"", ""description"": ""Provides IT data services and software for craft and technical businesses.""}",2026-07-08 14:47:46.776567+00
1692cb9a-b502-417d-9495-9e32713b4de6,"{""city"": """", ""state"": """", ""labels"": [""Software"", ""United States"", ""Solar PV""], ""address"": """", ""country"": ""United States"", ""description"": ""Enact Systems provides a software platform for solar sales and design.""}",2026-07-08 14:47:46.776567+00
16a12701-9021-4ad2-a44b-f57887f1e0b4,"{""city"": ""Tianjin"", ""state"": """", ""labels"": [""Distributor"", ""China""], ""address"": """", ""country"": ""China"", ""description"": ""Trading company dealing in steel and related industrial products.""}",2026-07-08 14:47:46.776567+00
16a75a45-5597-4b1c-ba2b-02a1d79137b0,"{""city"": """", ""state"": """", ""labels"": [""Software"", ""Netherlands"", ""EV Charging""], ""address"": """", ""country"": ""Netherlands"", ""description"": ""Provides an EV charging software and data platform.""}",2026-07-08 14:47:46.776567+00
16c75900-65f3-499a-b843-79fb8f4846c1,"{""city"": """", ""state"": """", ""labels"": [""Other"", ""Germany""], ""address"": """", ""country"": ""Germany"", ""description"": ""Manufactures industrial pumps.""}",2026-07-08 14:47:46.776567+00
16d742ef-8292-4a06-a972-c62c23d341ef,"{""city"": """", ""state"": """", ""labels"": [""EPC/Installer"", ""Turkey"", ""Solar PV""], ""address"": """", ""country"": ""Turkey"", ""description"": ""Turkish energy company involved in solar project engineering and installation.""}",2026-07-08 14:47:46.776567+00
16e22962-38f2-4b85-9cfb-9d0d02e54be3,"{""city"": """", ""state"": """", ""labels"": [""EPC/Installer"", ""Germany"", ""Solar PV""], ""address"": """", ""country"": ""Germany"", ""description"": ""Solar energy company offering PV installation services.""}",2026-07-08 14:47:46.776567+00
16f62a8f-d3ad-4c68-8acb-3a4924d71833,"{""city"": """", ""state"": """", ""labels"": [""Developer/IPP"", ""China""], ""address"": """", ""country"": ""China"", ""description"": ""Chinese energy company involved in new energy project development.""}",2026-07-08 14:47:46.776567+00
1712f15f-acfb-43a9-9dc4-636a04ae72a4,"{""city"": ""Bavaria"", ""state"": ""Bavaria"", ""labels"": [""Association"", ""Germany"", ""Solar PV""], ""address"": """", ""country"": ""Germany"", ""description"": ""Bavarian solar industry association representing regional solar businesses.""}",2026-07-08 14:47:46.776567+00
1781b46f-1656-4665-88aa-b0d5729d6f6b,"{""city"": """", ""state"": """", ""labels"": [""Utility"", ""Germany"", ""Grid""], ""address"": """", ""country"": ""Germany"", ""description"": ""Regional electricity grid operator providing network services in central Germany.""}",2026-07-08 14:47:46.776567+00
1785011e-b0b9-4483-9c5e-88b88b6523e6,"{""city"": """", ""state"": """", ""labels"": [""Consultancy"", ""United Kingdom"", ""Storage""], ""address"": """", ""country"": ""United Kingdom"", ""description"": ""Provides consultancy on battery technology and energy storage.""}",2026-07-08 14:47:46.776567+00
178cb41a-a62a-42ef-8d16-790bde08ffee,"{""city"": ""Shenzhen"", ""state"": """", ""labels"": [""Battery/Storage"", ""China""], ""address"": """", ""country"": ""China"", ""description"": ""Manufactures power storage and battery energy products.""}",2026-07-08 14:47:46.776567+00
17d27ac7-6a26-4c09-8e9e-3e45fc31ee45,"{""city"": ""Tianjin"", ""state"": """", ""labels"": [""Distributor"", ""China"", ""Solar PV""], ""address"": """", ""country"": ""China"", ""description"": ""Trading company dealing in solar PV products and equipment.""}",2026-07-08 14:47:46.776567+00
17d5dcc0-f3c5-425c-b172-bb405febefba,"{""city"": ""Chemnitz"", ""state"": """", ""labels"": [""Research/Academic"", ""Germany""], ""address"": """", ""country"": ""Germany"", ""description"": ""Fraunhofer institute for machine tools and forming technology research.""}",2026-07-08 14:47:46.776567+00
17ed985e-e961-4116-9286-8a3e6a8dc5ec,"{""city"": """", ""state"": """", ""labels"": [""Metering/Monitoring"", ""Germany"", ""EV Charging""], ""address"": """", ""country"": ""Germany"", ""description"": ""Provides energy metering and EV charging management solutions.""}",2026-07-08 14:48:16.367576+00
17f8c80c-1020-4735-8308-06fa81367de3,"{""city"": """", ""state"": """", ""labels"": [""Cable/BOS"", ""Taiwan"", ""Solar PV""], ""address"": """", ""country"": ""Taiwan"", ""description"": ""Manufactures solar connectors and cable assemblies for PV systems.""}",2026-07-08 14:48:16.367576+00
18080dd7-868e-4639-bf6f-a5debe968e55,"{""city"": """", ""state"": ""Hebei"", ""labels"": [""Module Mfr"", ""China"", ""Solar PV""], ""address"": """", ""country"": ""China"", ""description"": ""Manufactures solar photovoltaic modules in Hebei, China.""}",2026-07-08 14:48:16.367576+00
18431bf8-a23e-4eb4-935b-bd914b0b11fb,"{""city"": """", ""state"": ""Guangdong"", ""labels"": [""Module Mfr"", ""China"", ""Solar PV""], ""address"": """", ""country"": ""China"", ""description"": ""Makes BIPV facade and solar module products in Guangdong, China.""}",2026-07-08 14:48:16.367576+00
18459c10-85b7-4786-833c-e8e8dff3ff43,"{""city"": """", ""state"": """", ""labels"": [""EPC/Installer"", ""Germany"", ""Residential""], ""address"": """", ""country"": ""Germany"", ""description"": ""Installs residential solar PV and energy systems in Germany.""}",2026-07-08 14:48:16.367576+00
184dcf7c-aa1b-42b2-9fdb-82384e292400,"{""city"": """", ""state"": """", ""labels"": [""Software"", ""France"", ""EV Charging""], ""address"": """", ""country"": ""France"", ""description"": ""Operates an EV charging roaming and interoperability platform.""}",2026-07-08 14:48:16.367576+00
1852bcdd-b8d8-4c39-835a-29833afb5272,"{""city"": """", ""state"": """", ""labels"": [""Other"", ""China"", ""Solar PV""], ""address"": """", ""country"": ""China"", ""description"": ""Supplies PV manufacturing equipment for solar cell and module production.""}",2026-07-08 14:48:16.367576+00
18c55c5e-2de7-4a0d-9914-63fc92faa57a,"{""city"": """", ""state"": """", ""labels"": [""Other"", ""Austria"", ""EV Charging""], ""address"": """", ""country"": ""Austria"", ""description"": ""Manufactures EV charging stations and energy automation hardware.""}",2026-07-08 14:48:16.367576+00
18ef2f17-d495-4813-b281-89d149f77f13,"{""city"": """", ""state"": """", ""labels"": [""Module Mfr"", ""Germany"", ""Solar PV""], ""address"": """", ""country"": ""Germany"", ""description"": ""Manufactures solar photovoltaic modules in Germany.""}",2026-07-08 14:48:16.367576+00
191ac27a-eae2-441d-8a51-e123448bd256,"{""city"": """", ""state"": """", ""labels"": [""Software"", ""Germany"", ""Grid""], ""address"": """", ""country"": ""Germany"", ""description"": ""Provides software platform for energy management and grid flexibility.""}",2026-07-08 14:48:16.367576+00
19c17e10-c950-4af9-a729-b1d8ef05aa88,"{""city"": """", ""state"": """", ""labels"": [""Battery/Storage"", ""Taiwan""], ""address"": """", ""country"": ""Taiwan"", ""description"": ""Manufactures battery management systems (BMS) for storage applications.""}",2026-07-08 14:48:16.367576+00
19d1d93d-42d7-4b29-bf04-73efa69bc86a,"{""city"": """", ""state"": """", ""labels"": [""Association"", ""Germany"", ""EV Charging""], ""address"": """", ""country"": ""Germany"", ""description"": ""Industry association promoting the Combined Charging System standard for EVs.""}",2026-07-08 14:48:16.367576+00
19de923d-5b57-4a5c-89b8-0fafb6ce6a88,"{""city"": """", ""state"": """", ""labels"": [""Consultancy"", ""Portugal"", ""Solar PV""], ""address"": """", ""country"": ""Portugal"", ""description"": ""Provides energy efficiency and solar consultancy services.""}",2026-07-08 14:48:16.367576+00
19dfa2f1-8eb8-457c-84b1-f4e010477c95,"{""city"": """", ""state"": """", ""labels"": [""Inverter Mfr"", ""China"", ""Solar PV""], ""address"": """", ""country"": ""China"", ""description"": ""Manufactures solar inverters under the Solplanet brand by AISWEI.""}",2026-07-08 14:48:16.367576+00
19e3948d-05cb-4a94-af79-6e3ad3251401,"{""city"": """", ""state"": """", ""labels"": [""EPC/Installer"", ""Netherlands"", ""Solar PV""], ""address"": """", ""country"": ""Netherlands"", ""description"": ""Installs solar PV systems for residential and commercial clients in the Netherlands.""}",2026-07-08 14:48:16.367576+00
eb3b5faa-f2b0-46cc-a01c-36967f39eeca,"{""city"": """", ""state"": """", ""labels"": [""Other"", ""Germany""], ""address"": """", ""country"": ""Germany"", ""description"": ""German technical engineering/electronics company.""}",2026-07-08 15:33:36.390083+00
1a1b8b44-b52f-4457-9671-cc64b2fb1495,"{""city"": """", ""state"": """", ""labels"": [""Testing/Certification"", ""Hong Kong"", ""Solar PV""], ""address"": """", ""country"": ""Hong Kong"", ""description"": ""Provides quality assurance and inspection services for solar PV supply chains.""}",2026-07-08 14:48:16.367576+00
1a4b177e-6d71-429e-a363-dfb2016d4b20,"{""city"": """", ""state"": """", ""labels"": [""Software"", ""Netherlands"", ""Solar PV""], ""address"": """", ""country"": ""Netherlands"", ""description"": ""Provides AI-driven solar asset performance and monitoring software.""}",2026-07-08 14:48:16.367576+00
1a9d1698-d664-4e7a-b482-d546b3798d91,"{""city"": """", ""state"": """", ""labels"": [""Other"", ""United Kingdom"", ""Grid""], ""address"": """", ""country"": ""United Kingdom"", ""description"": ""Manufactures power transformers and substation equipment.""}",2026-07-08 14:48:16.367576+00
1abfb7ca-eeb7-47cc-a894-5d368e63eb68,"{""city"": ""Shenzhen"", ""state"": ""Guangdong"", ""labels"": [""Battery/Storage"", ""China""], ""address"": """", ""country"": ""China"", ""description"": ""Manufactures lithium battery packs and storage systems.""}",2026-07-08 14:48:16.367576+00
1ac6ee27-7935-4ecc-b170-72ded25eaaef,"{""city"": """", ""state"": """", ""labels"": [""Other"", ""China""], ""address"": """", ""country"": ""China"", ""description"": ""Manufactures catalyst and environmental products; energy sector supplier.""}",2026-07-08 14:48:16.367576+00
1b1274dd-545d-4219-817e-288b61d15dce,"{""city"": """", ""state"": """", ""labels"": [""Inverter Mfr"", ""China"", ""Solar PV""], ""address"": """", ""country"": ""China"", ""description"": ""Manufactures solar string inverters for residential and commercial use.""}",2026-07-08 14:48:16.367576+00
1b2e124d-8141-49a6-b806-945c14f0c65a,"{""city"": """", ""state"": """", ""labels"": [""Cable/BOS"", ""Germany"", ""Solar PV""], ""address"": """", ""country"": ""Germany"", ""description"": ""Produces cable jointing and sealing compounds for solar and cable systems.""}",2026-07-08 14:48:16.367576+00
1b5bf5f9-50e4-479c-8264-98cdc14e92aa,"{""city"": """", ""state"": """", ""labels"": [""Distributor"", ""Turkey"", ""Solar PV""], ""address"": """", ""country"": ""Turkey"", ""description"": ""Distributes and installs solar PV equipment in Turkey.""}",2026-07-08 14:48:16.367576+00
1b88d401-b04d-4ef5-9d91-1a933d56a0c2,"{""city"": """", ""state"": """", ""labels"": [""Mounting/Tracker"", ""Turkey""], ""address"": """", ""country"": ""Turkey"", ""description"": ""Manufactures wire, bolts, and fasteners including for solar mounting structures.""}",2026-07-08 14:48:16.367576+00
1b8f6e2a-48b5-46a7-bbe7-bfa3afb2e7c7,"{""city"": """", ""state"": ""Jiangsu"", ""labels"": [""Battery/Storage"", ""China"", ""Solar PV""], ""address"": """", ""country"": ""China"", ""description"": ""Manufactures new energy storage and battery products in Jiangsu, China.""}",2026-07-08 14:48:16.367576+00
1baf8b5a-25d3-432b-98a1-a24ca6e569ac,"{""city"": """", ""state"": """", ""labels"": [""Module Mfr"", ""China"", ""Solar PV""], ""address"": """", ""country"": ""China"", ""description"": ""Manufactures solar photovoltaic modules.""}",2026-07-08 14:48:41.586673+00
1bb258ab-dd07-4c0b-8708-031018af5d7c,"{""city"": """", ""state"": """", ""labels"": [""EPC/Installer"", ""Germany""], ""address"": """", ""country"": ""Germany"", ""description"": ""German group offering electrical and solar installation services.""}",2026-07-08 14:48:41.586673+00
1bda58a4-914e-43af-8c09-3ef2d889ad5b,"{""city"": ""Wettenberg"", ""state"": ""Hesse"", ""labels"": [""Other"", ""Germany""], ""address"": """", ""country"": ""Germany"", ""description"": ""Manufactures vacuum and process equipment used in semiconductor and solar wafer production.""}",2026-07-08 14:48:41.586673+00
1bf93e9b-27c9-4379-8015-c1115b68dc52,"{""city"": """", ""state"": """", ""labels"": [""Software"", ""Switzerland"", ""Grid""], ""address"": """", ""country"": ""Switzerland"", ""description"": ""Provides virtual power plant and energy management software.""}",2026-07-08 14:48:41.586673+00
1bfd2afc-d292-414a-81c6-07aef724ddea,"{""city"": ""Campbell"", ""state"": ""California"", ""labels"": [""Inverter Mfr"", ""United States"", ""Solar PV""], ""address"": """", ""country"": ""United States"", ""description"": ""Makes module-level power electronics and monitoring for solar PV systems.""}",2026-07-08 14:48:41.586673+00
1c100778-a3bb-4949-b2c9-3b640fd6e960,"{""city"": """", ""state"": """", ""labels"": [""EPC/Installer"", ""Germany"", ""Residential""], ""address"": """", ""country"": ""Germany"", ""description"": ""German solar installation company.""}",2026-07-08 14:48:41.586673+00
1c1549d9-a07c-48f2-8bae-225a2e29bc12,"{""city"": ""Shenzhen"", ""state"": """", ""labels"": [""Inverter Mfr"", ""China"", ""Solar PV""], ""address"": """", ""country"": ""China"", ""description"": ""Global technology company manufacturing solar inverters and energy systems.""}",2026-07-08 14:48:41.586673+00
1c2123d2-b065-40c4-accd-dfa2a05eb76d,"{""city"": """", ""state"": """", ""labels"": [""Metering/Monitoring"", ""Germany"", ""Grid""], ""address"": """", ""country"": ""Germany"", ""description"": ""Manufactures power quality measurement and monitoring devices.""}",2026-07-08 14:48:41.586673+00
1c3e81d7-9bf1-4537-8e43-c4e65a39e52e,"{""city"": ""Shanghai"", ""state"": """", ""labels"": [""Other"", ""China""], ""address"": """", ""country"": ""China"", ""description"": ""Manufactures intelligent equipment for solar production lines.""}",2026-07-08 14:48:41.586673+00
1c5ef0eb-46e6-4d08-89ec-81630c145aa9,"{""city"": """", ""state"": """", ""labels"": [""EPC/Installer"", ""Belgium"", ""Solar PV""], ""address"": """", ""country"": ""Belgium"", ""description"": ""Belgian solar installation and EPC company.""}",2026-07-08 14:48:41.586673+00
1c6e6a84-d432-45a8-8d8f-2d146f3f4227,"{""city"": ""Shenzhen"", ""state"": """", ""labels"": [""Cable/BOS"", ""China""], ""address"": """", ""country"": ""China"", ""description"": ""Manufactures optoelectronic connectors and cable components.""}",2026-07-08 14:48:41.586673+00
1c7380c5-abad-4131-a639-ae72ecf84ad3,"{""city"": """", ""state"": """", ""labels"": [""EPC/Installer"", ""Italy"", ""Solar PV""], ""address"": """", ""country"": ""Italy"", ""description"": ""Italian renewable energy EPC company.""}",2026-07-08 14:48:41.586673+00
1ca4dd7b-c2e5-4466-99a9-fb8d49d6ade8,"{""city"": ""Shenzhen"", ""state"": """", ""labels"": [""Battery/Storage"", ""China""], ""address"": """", ""country"": ""China"", ""description"": ""Manufactures energy storage and power electronics products.""}",2026-07-08 14:48:41.586673+00
1ca67019-1db0-4ef4-b568-44631b5b30e6,"{""city"": """", ""state"": """", ""labels"": [""Software"", ""Switzerland"", ""Solar PV""], ""address"": """", ""country"": ""Switzerland"", ""description"": ""Provides AI-based solar asset performance monitoring software.""}",2026-07-08 14:48:41.586673+00
1ca6fb88-c41d-4b03-9d83-9d1f208f4e2e,"{""city"": """", ""state"": """", ""labels"": [""Utility"", ""Germany"", ""Grid""], ""address"": """", ""country"": ""Germany"", ""description"": ""German energy management and utility solutions subsidiary of ENGIE.""}",2026-07-08 14:48:41.586673+00
1cb2614f-e55e-4eee-a6e9-08935da3d0e0,"{""city"": """", ""state"": """", ""labels"": [""Developer/IPP"", ""Portugal"", ""Solar PV""], ""address"": """", ""country"": ""Portugal"", ""description"": ""Renewable energy project developer.""}",2026-07-08 14:48:41.586673+00
1cc001d3-345b-462c-bc74-7881c8c7a4c4,"{""city"": """", ""state"": """", ""labels"": [""Metering/Monitoring"", ""Germany""], ""address"": """", ""country"": ""Germany"", ""description"": ""German subsidiary of Chauvin Arnoux, manufacturing electrical measurement instruments.""}",2026-07-08 14:48:41.586673+00
1cd2c9ea-ae77-4797-b46f-d79a7ededdde,"{""city"": """", ""state"": """", ""labels"": [""Software"", ""Norway"", ""Solar PV""], ""address"": """", ""country"": ""Norway"", ""description"": ""Norwegian company offering solar monitoring and management solutions.""}",2026-07-08 14:48:41.586673+00
1cd68cd2-81e8-4a8a-8049-ef5cacb94681,"{""city"": ""Niestetal"", ""state"": ""Hesse"", ""labels"": [""Inverter Mfr"", ""Germany"", ""Solar PV""], ""address"": """", ""country"": ""Germany"", ""description"": ""Major German manufacturer of solar inverters.""}",2026-07-08 14:48:41.586673+00
1cfe74ef-bf92-4e02-a93b-e0dd3534438e,"{""city"": """", ""state"": """", ""labels"": [""Cable/BOS"", ""Germany""], ""address"": """", ""country"": ""Germany"", ""description"": ""German manufacturer of electrical distribution and enclosure systems.""}",2026-07-08 14:48:41.586673+00
1d18d412-46c2-4207-ba78-4a701cc15b40,"{""city"": ""Luoyang"", ""state"": """", ""labels"": [""Battery/Storage"", ""China""], ""address"": """", ""country"": ""China"", ""description"": ""Manufactures battery packs for energy storage applications.""}",2026-07-08 14:48:41.586673+00
1d2cedcf-3d20-482a-88d3-341f2bc5f682,"{""city"": """", ""state"": """", ""labels"": [""Other"", ""Germany""], ""address"": """", ""country"": ""Germany"", ""description"": ""German manufacturer of cooling and thermal management systems for electronics.""}",2026-07-08 14:48:41.586673+00
1d5f66b8-1cfa-4f34-8f78-c84d392c1cb7,"{""city"": ""Herborn"", ""state"": ""Hesse"", ""labels"": [""Cable/BOS"", ""Germany""], ""address"": """", ""country"": ""Germany"", ""description"": ""German manufacturer of enclosures and electrical infrastructure components.""}",2026-07-08 14:48:41.586673+00
1d79b91a-810e-46d8-a7aa-8cf8784a298c,"{""city"": ""Wuxi"", ""state"": """", ""labels"": [""Mounting/Tracker"", ""China"", ""Solar PV""], ""address"": """", ""country"": ""China"", ""description"": ""Chinese manufacturer of solar racking and tracker systems.""}",2026-07-08 14:48:41.586673+00
1d79e20a-0b42-4bce-b62d-7cc95d5d3d1b,"{""city"": ""Suzhou"", ""state"": """", ""labels"": [""Module Mfr"", ""China"", ""Solar PV""], ""address"": """", ""country"": ""China"", ""description"": ""Manufactures solar photovoltaic modules, subsidiary of Canadian Solar.""}",2026-07-08 14:48:41.586673+00
1fcda9d5-d2d3-4268-973f-8940829d73cd,"{""city"": """", ""state"": """", ""labels"": [""Mounting/Tracker"", ""Turkey"", ""Solar PV"", ""Utility-scale""], ""address"": """", ""country"": ""Turkey"", ""description"": ""Manufactures solar tracker systems for utility-scale PV plants.""}",2026-07-08 14:49:34.900093+00
1fd9327e-41b2-4cf3-9048-cb996af620ca,"{""city"": """", ""state"": """", ""labels"": [""Other"", ""Norway"", ""EV Charging""], ""address"": """", ""country"": ""Norway"", ""description"": ""Makes smart EV charging and electrical safety products.""}",2026-07-08 14:49:34.900093+00
1fe7fb91-3e27-408a-8cb2-e57c5ecd201d,"{""city"": """", ""state"": """", ""labels"": [""EPC/Installer"", ""Spain"", ""Solar PV""], ""address"": """", ""country"": ""Spain"", ""description"": ""EPC contractor for wind and solar renewable energy projects.""}",2026-07-08 14:49:34.900093+00
200c71f2-dd68-42e3-951e-1fd22157b9ee,"{""city"": """", ""state"": """", ""labels"": [""Mounting/Tracker"", ""Austria"", ""Solar PV""], ""address"": """", ""country"": ""Austria"", ""description"": ""Voestalpine brand offering rail fastening systems used in solar mounting.""}",2026-07-08 14:49:34.900093+00
2012011f-fb47-48e5-a453-9f0524b27821,"{""city"": ""Beijing"", ""state"": """", ""labels"": [""Inverter Mfr"", ""China"", ""Solar PV"", ""Off-grid""], ""address"": """", ""country"": ""China"", ""description"": ""Manufactures solar charge controllers and off-grid inverters.""}",2026-07-08 14:49:34.900093+00
202712be-a967-4bae-a15d-5052251beb36,"{""city"": """", ""state"": ""Jiangsu"", ""labels"": [""Cable/BOS"", ""China"", ""Solar PV""], ""address"": """", ""country"": ""China"", ""description"": ""Manufactures PV ribbon and interconnect materials for solar modules.""}",2026-07-08 14:49:34.900093+00
2073f48b-d4bf-4946-b5dc-e73968c8a0e9,"{""city"": """", ""state"": """", ""labels"": [""Consultancy"", ""Germany"", ""Grid""], ""address"": """", ""country"": ""Germany"", ""description"": ""Provides engineering and network services for grid infrastructure.""}",2026-07-08 14:49:34.900093+00
207c24d2-b0a9-4e36-806c-f1db9f70bebe,"{""city"": """", ""state"": """", ""labels"": [""EPC/Installer"", ""Ukraine"", ""Solar PV""], ""address"": """", ""country"": ""Ukraine"", ""description"": ""Solar energy technology and installation company.""}",2026-07-08 14:49:34.900093+00
2086edd4-ef8c-4b7e-b9f2-2dd6b3c24984,"{""city"": """", ""state"": """", ""labels"": [""Other"", ""Germany""], ""address"": """", ""country"": ""Germany"", ""description"": ""Steel manufacturer supplying materials used in solar mounting structures.""}",2026-07-08 14:49:34.900093+00
20941913-fa69-494c-bc5d-69a0666a40da,"{""city"": """", ""state"": """", ""labels"": [""Other"", ""Germany""], ""address"": """", ""country"": ""Germany"", ""description"": ""Surface decoration and coating technology supplier for energy applications.""}",2026-07-08 14:49:34.900093+00
20ebe101-ee65-42d0-ad1a-c24eb46aa318,"{""city"": """", ""state"": """", ""labels"": [""Software"", ""Germany"", ""Solar PV""], ""address"": """", ""country"": ""Germany"", ""description"": ""Provides software tools for solar installer sales and planning.""}",2026-07-08 14:49:34.900093+00
20f79a0d-6a37-4945-9929-646a9fe4d443,"{""city"": """", ""state"": """", ""labels"": [""Battery/Storage"", ""Netherlands"", ""Hydrogen""], ""address"": """", ""country"": ""Netherlands"", ""description"": ""Develops portable power systems using hydrogen fuel cells.""}",2026-07-08 14:49:34.900093+00
20fe5c49-6463-4ed2-8742-16fc2c4a3349,"{""city"": """", ""state"": """", ""labels"": [""Cable/BOS"", ""Germany"", ""Solar PV""], ""address"": """", ""country"": ""Germany"", ""description"": ""Supplies balance-of-system components and cable solutions for solar.""}",2026-07-08 14:49:34.900093+00
213374fc-190f-4457-bf83-6131c5194dee,"{""city"": """", ""state"": """", ""labels"": [""EPC/Installer"", ""Poland"", ""Solar PV"", ""Residential""], ""address"": """", ""country"": ""Poland"", ""description"": ""Installs residential and commercial solar PV systems.""}",2026-07-08 14:49:34.900093+00
2148c41b-aa03-403e-b39b-3a6a8eae3321,"{""city"": """", ""state"": """", ""labels"": [""Developer/IPP"", ""Germany"", ""Utility-scale""], ""address"": """", ""country"": ""Germany"", ""description"": ""Develops and operates solar and wind power plants as an independent producer.""}",2026-07-08 14:49:34.900093+00
21764276-163a-4b8f-ade9-976100c70bb4,"{""city"": """", ""state"": """", ""labels"": [""Testing/Certification"", ""Italy""], ""address"": """", ""country"": ""Italy"", ""description"": ""Manufactures electrical testing and measurement instruments.""}",2026-07-08 14:49:34.900093+00
217ace6b-1107-4a05-bf17-ba03d0bad2cf,"{""city"": """", ""state"": ""Jiangsu"", ""labels"": [""Module Mfr"", ""China"", ""Solar PV""], ""address"": """", ""country"": ""China"", ""description"": ""Seraphim brand providing BIPV and solar module application solutions.""}",2026-07-08 14:49:34.900093+00
218f8692-d020-46cc-aaf0-8fa12c9f08c6,"{""city"": """", ""state"": """", ""labels"": [""Metering/Monitoring"", ""Germany""], ""address"": """", ""country"": ""Germany"", ""description"": ""Provides building automation and monitoring hardware/software.""}",2026-07-08 14:49:34.900093+00
21971318-0b98-4918-ada7-65a1235e89cc,"{""city"": """", ""state"": """", ""labels"": [""EPC/Installer"", ""Bosnia and Herzegovina"", ""Solar PV""], ""address"": """", ""country"": ""Bosnia and Herzegovina"", ""description"": ""Installs renewable energy systems including solar PV.""}",2026-07-08 14:49:34.900093+00
219a69ef-2923-44c5-a384-a4424d7482de,"{""city"": """", ""state"": """", ""labels"": [""Other"", ""Unknown"", ""Hydrogen""], ""address"": """", ""country"": ""Unknown"", ""description"": ""Joint exhibition booth entity related to hydrogen sector; no further details available.""}",2026-07-08 14:49:34.900093+00
21bbe7cb-cdec-48c5-9a8d-4647ba15571d,"{""city"": ""Wismar"", ""state"": """", ""labels"": [""Module Mfr"", ""Germany"", ""Solar PV""], ""address"": """", ""country"": ""Germany"", ""description"": ""Produces solar cells and modules under the Sonnenstromfabrik brand.""}",2026-07-08 14:49:34.900093+00
21ce5a92-6d1a-4a63-b910-e8d620d6443e,"{""city"": """", ""state"": """", ""labels"": [""Battery/Storage"", ""Slovenia""], ""address"": """", ""country"": ""Slovenia"", ""description"": ""Provides automation and integration for battery energy storage systems.""}",2026-07-08 14:49:34.900093+00
21e1866b-86a9-4147-8923-56d66fa76495,"{""city"": """", ""state"": """", ""labels"": [""Other"", ""Algeria""], ""address"": """", ""country"": ""Algeria"", ""description"": ""Algerian company operating in industrial/technical distribution.""}",2026-07-08 14:49:34.900093+00
22003756-a740-4954-bd07-ff228cbd2f05,"{""city"": """", ""state"": """", ""labels"": [""Other"", ""Italy""], ""address"": """", ""country"": ""Italy"", ""description"": ""Italian manufacturing company, sector not fully determined.""}",2026-07-08 14:49:34.900093+00
220a0ce8-90a8-48a3-9c8b-36c7c005e001,"{""city"": """", ""state"": """", ""labels"": [""Inverter Mfr"", ""Turkey""], ""address"": """", ""country"": ""Turkey"", ""description"": ""Manufactures UPS systems and inverters for power electronics.""}",2026-07-08 14:49:34.900093+00
22227f82-0c0b-413b-b50d-c9b9156158ea,"{""city"": ""Xiamen"", ""state"": ""Fujian"", ""labels"": [""Inverter Mfr"", ""China"", ""Solar PV""], ""address"": """", ""country"": ""China"", ""description"": ""Manufactures power electronics including inverters and power supply products in Xiamen, China.""}",2026-07-08 14:51:00.197953+00
22231d20-f82e-4323-bd1d-2848be775eb7,"{""city"": ""Voluntari"", ""state"": """", ""labels"": [""EPC/Installer"", ""Romania"", ""Solar PV"", ""Utility-scale""], ""address"": ""Pipera 1B Boulevard, Cubic Center, 11th floor"", ""country"": ""Romania"", ""description"": ""EPC contractor for large-scale solar parks including floating PV, plus O&M services.""}",2026-07-08 14:51:00.197953+00
2233b9e7-80ac-4704-a855-aba16506f0a1,"{""city"": """", ""state"": """", ""labels"": [""EPC/Installer"", ""Norway"", ""Solar PV""], ""address"": """", ""country"": ""Norway"", ""description"": ""Norwegian solar installer/EPC (name translates to 'solar cell power').""}",2026-07-08 14:51:00.197953+00
22471e70-514f-4b4a-840f-15a5aabef8cc,"{""city"": """", ""state"": """", ""labels"": [""Module Mfr"", ""Taiwan"", ""Solar PV""], ""address"": """", ""country"": ""Taiwan"", ""description"": ""Taiwanese manufacturer of high-efficiency solar PV modules and cells.""}",2026-07-08 14:51:00.197953+00
2263e1aa-e186-4f8a-91f9-f373d41fd19b,"{""city"": ""Bocholt"", ""state"": ""North Rhine-Westphalia"", ""labels"": [""Inverter Mfr"", ""Germany"", ""Solar PV""], ""address"": """", ""country"": ""Germany"", ""description"": ""German manufacturer of power electronics including battery chargers and inverters.""}",2026-07-08 14:51:00.197953+00
2265e3d1-492c-4375-bec4-2c3778843125,"{""city"": ""Shenzhen"", ""state"": ""Guangdong"", ""labels"": [""Battery/Storage"", ""China"", ""Storage""], ""address"": """", ""country"": ""China"", ""description"": ""Shenzhen-based supplier of energy storage battery products.""}",2026-07-08 14:51:00.197953+00
227dd9ef-c0a0-4a30-9224-8aac3a4ca04b,"{""city"": """", ""state"": ""Zhejiang"", ""labels"": [""Inverter Mfr"", ""China"", ""Storage""], ""address"": """", ""country"": ""China"", ""description"": ""Zhejiang manufacturer of digital power and energy storage inverter equipment.""}",2026-07-08 14:51:00.197953+00
22b66acb-214f-40f8-9d38-c2293e0c70cf,"{""city"": """", ""state"": """", ""labels"": [""Metering/Monitoring"", ""Germany"", ""Solar PV""], ""address"": """", ""country"": ""Germany"", ""description"": ""German unit of Carlo Gavazzi, maker of energy meters and monitoring/control components.""}",2026-07-08 14:51:00.197953+00
22bc43bc-f56f-426c-bc9e-beacd1e65a54,"{""city"": """", ""state"": """", ""labels"": [""Software"", ""France"", ""Storage""], ""address"": """", ""country"": ""France"", ""description"": ""Provides energy management software for battery storage and microgrid systems.""}",2026-07-08 14:51:00.197953+00
22c8c263-ae8c-4c17-9e4e-10dae9beac90,"{""city"": ""Regensburg"", ""state"": ""Bavaria"", ""labels"": [""Metering/Monitoring"", ""Germany"", ""Grid""], ""address"": """", ""country"": ""Germany"", ""description"": ""German maker of industrial routers and remote monitoring/telemetry devices used in energy systems.""}",2026-07-08 14:51:00.197953+00
22f6c0ce-06e3-43d9-8dc9-5d1b80152c3b,"{""city"": ""Reggio Emilia"", ""state"": ""Emilia-Romagna"", ""labels"": [""Mounting/Tracker"", ""Italy"", ""Solar PV""], ""address"": ""Via Danubio, 8"", ""country"": ""Italy"", ""description"": ""Manufactures ballasted mounting structures for flat-roof photovoltaic installations.""}",2026-07-08 14:51:00.197953+00
2322e489-a7fe-4356-a253-59b5ab2485c5,"{""city"": """", ""state"": """", ""labels"": [""EPC/Installer"", ""Germany"", ""Solar PV""], ""address"": """", ""country"": ""Germany"", ""description"": ""German energy services company operating in the solar PV sector.""}",2026-07-08 14:51:00.197953+00
23418133-8dbe-4b35-947c-9b1904f88643,"{""city"": """", ""state"": """", ""labels"": [""EPC/Installer"", ""Norway"", ""Residential""], ""address"": """", ""country"": ""Norway"", ""description"": ""Norwegian company offering solar power installation services.""}",2026-07-08 14:51:00.197953+00
235aa289-2fd8-4bf3-99c8-66352c7dd3a8,"{""city"": ""London"", ""state"": """", ""labels"": [""Association"", ""United Kingdom"", ""Solar PV""], ""address"": """", ""country"": ""United Kingdom"", ""description"": ""UK-registered arm of the Global Solar Council, an international solar industry association.""}",2026-07-08 14:51:00.197953+00
235b56ab-92cc-46ed-ac43-8f79e337daef,"{""city"": ""Foshan"", ""state"": ""Guangdong"", ""labels"": [""Cable/BOS"", ""China"", ""Solar PV""], ""address"": """", ""country"": ""China"", ""description"": ""Guangdong-based supplier of new energy equipment and balance-of-system components.""}",2026-07-08 14:51:00.197953+00
23771b73-04e0-45d5-b2d3-3cf19d89aedb,"{""city"": ""Huizhou"", ""state"": ""Guangdong"", ""labels"": [""Battery/Storage"", ""China"", ""Storage""], ""address"": """", ""country"": ""China"", ""description"": ""Huizhou manufacturer of energy equipment including containerized storage systems.""}",2026-07-08 14:51:00.197953+00
23bfbf3a-231f-4023-80b2-ecfdb3484671,"{""city"": """", ""state"": """", ""labels"": [""EPC/Installer"", ""Germany"", ""Residential""], ""address"": """", ""country"": ""Germany"", ""description"": ""German company offering residential solar installation and home energy solutions.""}",2026-07-08 14:51:00.197953+00
23c398a9-5652-490b-961e-a7571a5f1adb,"{""city"": """", ""state"": """", ""labels"": [""Distributor"", ""Croatia"", ""Solar PV""], ""address"": """", ""country"": ""Croatia"", ""description"": ""Croatian distributor/installer of solar energy equipment.""}",2026-07-08 14:51:00.197953+00
23c7b4fb-ad98-4f5f-bf3d-05eab1b99cdc,"{""city"": ""Dresden"", ""state"": ""Saxony"", ""labels"": [""Cell/Wafer Mfr"", ""Germany"", ""Solar PV""], ""address"": """", ""country"": ""Germany"", ""description"": ""German maker of vacuum coating equipment used in solar cell and thin-film manufacturing.""}",2026-07-08 14:51:00.197953+00
23d18df6-ee0e-4414-ad04-dd7c48ec4996,"{""city"": ""Sesto Fiorentino"", ""state"": ""Florence"", ""labels"": [""Other"", ""Italy""], ""address"": ""Viale Ludovico Ariosto 478"", ""country"": ""Italy"", ""description"": ""Italian technology group serving electrical distribution, smart city and industrial power sectors.""}",2026-07-08 14:51:00.197953+00
23d76319-bc63-4aca-ba57-f7793c4320e8,"{""city"": ""Zhongshan"", ""state"": ""Guangdong"", ""labels"": [""Other"", ""China"", ""Storage""], ""address"": ""Building A3, Pujing Industrial Park, No. 17 Shabian Road, Torch Development Zone"", ""country"": ""China"", ""description"": ""Manufactures ventilation and protection equipment for outdoor energy assets including storage and PV inverters.""}",2026-07-08 14:51:00.197953+00
23f751dc-0b00-48ba-8558-0cf5b8772556,"{""city"": ""Ankara"", ""state"": """", ""labels"": [""Association"", ""Turkey"", ""Solar PV""], ""address"": """", ""country"": ""Turkey"", ""description"": ""GUNDER, the Turkish Solar Energy Industry Association.""}",2026-07-08 14:51:00.197953+00
241131c5-4473-4211-9c94-36bf692c833a,"{""city"": """", ""state"": """", ""labels"": [""Mounting/Tracker"", ""Poland"", ""Solar PV""], ""address"": """", ""country"": ""Poland"", ""description"": ""Polish maker of ground screw foundation systems used for solar mounting structures.""}",2026-07-08 14:51:00.197953+00
24307bb0-2d6e-41a7-b23f-80b21f81400a,"{""city"": ""Cologne"", ""state"": ""North Rhine-Westphalia"", ""labels"": [""Software"", ""Germany"", ""Grid""], ""address"": """", ""country"": ""Germany"", ""description"": ""German provider of energy management and digital metering software.""}",2026-07-08 14:51:00.197953+00
248060dd-308c-4dec-9924-b5be636ef0d0,"{""city"": """", ""state"": """", ""labels"": [""Other"", ""Germany""], ""address"": """", ""country"": ""Germany"", ""description"": ""German company offering heat and energy technology solutions.""}",2026-07-08 14:51:00.197953+00
1da64253-a00f-4e78-8832-42c6c6b06606,"{""city"": """", ""state"": ""Zhejiang"", ""labels"": [""Battery/Storage"", ""China"", ""Storage""], ""address"": """", ""country"": ""China"", ""description"": ""Manufactures lithium-ion battery cells, packs and BMS for EVs and energy storage.""}",2026-07-08 14:51:47.817589+00
1dafbc70-a081-4354-9d44-3ef514e50dd7,"{""city"": """", ""state"": """", ""labels"": [""Mounting/Tracker"", ""Germany"", ""Solar PV""], ""address"": """", ""country"": ""Germany"", ""description"": ""German mounting systems provider for solar installations (no website on file).""}",2026-07-08 14:51:47.817589+00
1de9c373-e277-44d8-83a7-f01042931001,"{""city"": ""Sanmen"", ""state"": ""Zhejiang"", ""labels"": [""Battery/Storage"", ""China"", ""Storage""], ""address"": ""No. 2, Yongxing Road, Hairun Street, Sanmen County"", ""country"": ""China"", ""description"": ""Develops vanadium redox flow battery stacks and energy storage systems.""}",2026-07-08 14:51:47.817589+00
1dff7c12-5032-4fbb-9d48-a7466bfb1eda,"{""city"": ""Karlsruhe"", ""state"": """", ""labels"": [""Other"", ""Germany""], ""address"": ""Noerdliche Uferstrasse 4-6"", ""country"": ""Germany"", ""description"": ""Makes flat roof, green roof and water management systems, including energy-focused green roofs.""}",2026-07-08 14:51:47.817589+00
1e102b3b-797c-4e0a-a565-00ebff2b240e,"{""city"": ""Newport Beach"", ""state"": ""California"", ""labels"": [""Software"", ""United States"", ""Solar PV"", ""Utility-scale""], ""address"": ""20411 SW Birch Street, Suite 200"", ""country"": ""United States"", ""description"": ""Provides design and layout software for utility-scale solar PV projects.""}",2026-07-08 14:51:47.817589+00
1e10bf78-88cc-4170-a613-fe6976d283d0,"{""city"": ""Citta di Castello"", ""state"": ""Perugia"", ""labels"": [""Mounting/Tracker"", ""Italy"", ""Solar PV""], ""address"": ""Via Antonio Mearelli, Zona Artigianale Cinquemiglia"", ""country"": ""Italy"", ""description"": ""Manufactures pile driver machines used to install solar panel mounting posts.""}",2026-07-08 14:51:47.817589+00
1e1155e2-3b38-41be-9940-23f97f178f19,"{""city"": ""Manerbio"", ""state"": ""Brescia"", ""labels"": [""Module Mfr"", ""Italy"", ""Solar PV""], ""address"": ""Via Cremona, 123"", ""country"": ""Italy"", ""description"": ""Manufactures photovoltaic solar panels made in Italy, plus inverters and storage.""}",2026-07-08 14:51:47.817589+00
1e1d1aac-e686-4a75-9511-999e66088df1,"{""city"": ""Ahrensburg"", ""state"": ""Schleswig-Holstein"", ""labels"": [""EPC/Installer"", ""Germany"", ""Solar PV"", ""Residential""], ""address"": ""Carl-Backhaus-Str. 5"", ""country"": ""Germany"", ""description"": ""Regional solar PV and heat pump installer serving northern Germany.""}",2026-07-08 14:51:47.817589+00
1e22bbf7-d63c-4fe7-8eee-18bdcf4af1e8,"{""city"": ""Guetenbach"", ""state"": """", ""labels"": [""Testing/Certification"", ""Germany"", ""Solar PV""], ""address"": ""Hoehenweg 1"", ""country"": ""Germany"", ""description"": ""Makes wet chemical processing equipment for semiconductor and solar cell manufacturing.""}",2026-07-08 14:51:47.817589+00
1e23ffd3-cc99-491e-b82d-73211fc5865d,"{""city"": ""Shanghai"", ""state"": """", ""labels"": [""Inverter Mfr"", ""China"", ""Solar PV"", ""Storage""], ""address"": ""No. 18, Alley 600, Nanchezhan Road, Huangpu District"", ""country"": ""China"", ""description"": ""Smart energy solutions provider making solar inverters, hybrid storage and EV chargers under Solplanet brand.""}",2026-07-08 14:51:47.817589+00
1e86039f-a820-428a-839f-1ee36424c9e0,"{""city"": """", ""state"": """", ""labels"": [""Association"", ""Germany"", ""Solar PV""], ""address"": """", ""country"": ""Germany"", ""description"": ""German trade publisher covering the photovoltaic industry (site unreachable, classified from domain).""}",2026-07-08 14:51:47.817589+00
1e86581f-6b30-4f68-a02e-95ba608a40b0,"{""city"": ""Yangzhou"", ""state"": ""Jiangsu"", ""labels"": [""Cable/BOS"", ""China"", ""EV Charging""], ""address"": ""KeyanErlu, Yizheng"", ""country"": ""China"", ""description"": ""Manufactures EV charging cables, sockets, portable chargers and adapters.""}",2026-07-08 14:51:47.817589+00
1e9ff4c8-4109-4502-9f82-65032be3dfd3,"{""city"": """", ""state"": ""Guangdong"", ""labels"": [""Battery/Storage"", ""China"", ""EV Charging""], ""address"": """", ""country"": ""China"", ""description"": ""Manufactures EV chargers and lithium batteries for residential, commercial and industrial use.""}",2026-07-08 14:51:47.817589+00
1ebfaecd-a342-4bff-adaa-eea15b5f0b0c,"{""city"": """", ""state"": """", ""labels"": [""Other"", ""South Korea""], ""address"": """", ""country"": ""South Korea"", ""description"": ""South Korean industrial company (site blocked; classified from domain and name).""}",2026-07-08 14:51:47.817589+00
1ec2b0f5-b9af-4756-8ce1-7f2f6cd0c072,"{""city"": """", ""state"": """", ""labels"": [""Battery/Storage"", ""China"", ""Storage""], ""address"": """", ""country"": ""China"", ""description"": ""Delivers nickel-zinc battery cabinets and BMS for data centers, telecom and utilities.""}",2026-07-08 14:51:47.817589+00
1ec55b12-50c5-4834-a4dc-103204b54055,"{""city"": ""Berlin"", ""state"": """", ""labels"": [""Research/Academic"", ""Germany"", ""Solar PV""], ""address"": ""Schoenhauser Allee 10-11"", ""country"": ""Germany"", ""description"": ""Renewables Academy providing training in renewable energy, energy efficiency and green finance.""}",2026-07-08 14:51:47.817589+00
1ee6cf10-0bd0-4ba1-8e60-51ca8353faf7,"{""city"": """", ""state"": """", ""labels"": [""Software"", ""Canada""], ""address"": """", ""country"": ""Canada"", ""description"": ""Develops AI-powered enterprise asset management and CMMS software (TAG Mobi EAM).""}",2026-07-08 14:51:47.817589+00
1eeb651e-fc02-42bd-876e-f56a3ade754c,"{""city"": ""Shanghai"", ""state"": """", ""labels"": [""Cable/BOS"", ""China"", ""Solar PV""], ""address"": ""Building 15, No. 9655, Tingwei Highway, Tinglin Town, Jinshan District"", ""country"": ""China"", ""description"": ""Manufactures solar cables, PV connectors and industrial cables.""}",2026-07-08 14:51:47.817589+00
1ef8844c-8c7b-43ad-a530-447417fb0845,"{""city"": """", ""state"": """", ""labels"": [""Software"", ""Belgium"", ""Solar PV""], ""address"": """", ""country"": ""Belgium"", ""description"": ""Digital platform for automating inspections and asset management of renewable energy projects.""}",2026-07-08 14:51:47.817589+00
1f243907-5209-4ed8-8359-8d7de08f5d1d,"{""city"": ""Meissen"", ""state"": """", ""labels"": [""Metering/Monitoring"", ""Germany""], ""address"": """", ""country"": ""Germany"", ""description"": ""Manufactures switchboards, custom electrical constructions and industrial services.""}",2026-07-08 14:51:47.817589+00
1f4c7680-2449-41da-9c26-3868c729e1bd,"{""city"": """", ""state"": """", ""labels"": [""Cable/BOS"", ""Germany"", ""Solar PV""], ""address"": """", ""country"": ""Germany"", ""description"": ""Produces steel plating/coating materials including for solar cell applications.""}",2026-07-08 14:51:47.817589+00
1f5b0ab1-c3db-4c92-8250-9363e2973cb2,"{""city"": ""Grafenau"", ""state"": """", ""labels"": [""Metering/Monitoring"", ""Germany"", ""EV Charging""], ""address"": ""Brunnwiesen 38"", ""country"": ""Germany"", ""description"": ""Develops calibration-compliant EV charging stations and wallboxes made in Germany.""}",2026-07-08 14:51:47.817589+00
1f6c8ed6-448b-43cf-b647-bde8b6229463,"{""city"": ""The Hague"", ""state"": """", ""labels"": [""Metering/Monitoring"", ""Netherlands"", ""EV Charging""], ""address"": ""De Werf 11"", ""country"": ""Netherlands"", ""description"": ""Manufactures DC fast chargers for electric vehicles under the HIMA series.""}",2026-07-08 14:51:47.817589+00
1f73e16c-f023-4be9-8352-b2db9e420204,"{""city"": ""Barcelona"", ""state"": """", ""labels"": [""Software"", ""Spain"", ""Grid""], ""address"": ""Carrer de la Llacuna, 162, P2, Sant Marti"", ""country"": ""Spain"", ""description"": ""SaaS platform aggregating and managing distributed flexibility resources for utilities and energy communities.""}",2026-07-08 14:51:47.817589+00
1fa241cf-a291-4432-bbfe-81e355a2e989,"{""city"": ""Amorebieta-Etxano"", ""state"": ""Bizkaia"", ""labels"": [""Software"", ""Spain"", ""Grid""], ""address"": ""Parque Empresarial Boroa, 2B-1"", ""country"": ""Spain"", ""description"": ""Technology partner providing software and analytics for electricity distribution system operators.""}",2026-07-08 14:51:47.817589+00
24c85182-cd9f-499a-b9b0-b5c6d3b17ef1,"{""city"": """", ""state"": """", ""labels"": [""Distributor"", ""Germany"", ""Solar PV""], ""address"": """", ""country"": ""Germany"", ""description"": ""German solar company distributing AEG-branded PV modules and equipment.""}",2026-07-08 14:51:56.174651+00
2528b1b0-9fda-4469-84f8-78b46db824d2,"{""city"": """", ""state"": """", ""labels"": [""Mounting/Tracker"", ""Spain"", ""Solar PV""], ""address"": """", ""country"": ""Spain"", ""description"": ""Spanish company producing solar racking and mounting systems.""}",2026-07-08 14:51:56.174651+00
25543f35-3440-418c-b4c5-c5f8a12bd8f4,"{""city"": """", ""state"": """", ""labels"": [""Testing/Certification"", ""Germany""], ""address"": """", ""country"": ""Germany"", ""description"": ""German supplier of tools and equipment, likely for PV installation or testing.""}",2026-07-08 14:51:56.174651+00
25544341-bd9e-4bf9-8f4f-81a52c14cbf6,"{""city"": """", ""state"": """", ""labels"": [""Other"", ""India""], ""address"": """", ""country"": ""India"", ""description"": ""Indian company operating in the electrical/energy equipment sector.""}",2026-07-08 14:51:56.174651+00
25603099-9a6a-4df3-a55e-b60a644bb7ae,"{""city"": ""Pettenbach"", ""state"": ""Upper Austria"", ""labels"": [""Inverter Mfr"", ""Austria"", ""Solar PV""], ""address"": """", ""country"": ""Austria"", ""description"": ""Austrian manufacturer of solar inverters and energy storage systems.""}",2026-07-08 14:51:56.174651+00
257710da-e551-4cfa-aefa-3bb87fae2c25,"{""city"": """", ""state"": """", ""labels"": [""Testing/Certification"", ""Germany"", ""Solar PV""], ""address"": """", ""country"": ""Germany"", ""description"": ""German firm providing aerial drone inspection and analytics for solar assets.""}",2026-07-08 14:51:56.174651+00
258e89a3-ca99-4ce6-be20-0de313c8e089,"{""city"": ""Shenzhen"", ""state"": ""Guangdong"", ""labels"": [""Testing/Certification"", ""China"", ""Solar PV""], ""address"": """", ""country"": ""China"", ""description"": ""Chinese company providing precision testing technology for PV and electronics.""}",2026-07-08 14:51:56.174651+00
259760aa-84f3-427f-baa1-dcf7a999e989,"{""city"": ""Suzhou"", ""state"": ""Jiangsu"", ""labels"": [""Other"", ""China""], ""address"": """", ""country"": ""China"", ""description"": ""Chinese manufacturer of intelligent industrial equipment based in Suzhou.""}",2026-07-08 14:51:56.174651+00
25c3715c-e330-4e5b-a23c-0a63fe43de7d,"{""city"": """", ""state"": """", ""labels"": [""Metering/Monitoring"", ""Taiwan""], ""address"": """", ""country"": ""Taiwan"", ""description"": ""Taiwanese manufacturer of networking and IoT communication equipment.""}",2026-07-08 14:51:56.174651+00
25ffb7e0-692f-4466-a645-dba3672a2ca1,"{""city"": """", ""state"": """", ""labels"": [""Battery/Storage"", ""China"", ""Storage""], ""address"": """", ""country"": ""China"", ""description"": ""Chinese company producing energy storage systems under the Sunpura brand.""}",2026-07-08 14:51:56.174651+00
261eddbf-92d8-4bb8-ba5e-64d060431b09,"{""city"": """", ""state"": """", ""labels"": [""Other"", """"], ""address"": """", ""country"": """", ""description"": ""Insufficient data to classify; no website or additional company details available.""}",2026-07-08 14:51:56.174651+00
2640e096-c53a-4b34-873f-baa8146a3f5e,"{""city"": """", ""state"": """", ""labels"": [""Other"", ""Croatia"", ""EV Charging""], ""address"": """", ""country"": ""Croatia"", ""description"": ""Croatian company producing EV charging robotics/equipment under R-Charger brand.""}",2026-07-08 14:51:56.174651+00
26465ba1-5ad5-40ba-8496-21db2edd1641,"{""city"": ""Hangzhou"", ""state"": ""Zhejiang"", ""labels"": [""Cable/BOS"", ""China"", ""Solar PV""], ""address"": """", ""country"": ""China"", ""description"": ""Chinese manufacturer of PV encapsulant films and applied materials.""}",2026-07-08 14:51:56.174651+00
264d4f26-f697-4946-acef-ff00b733a5ac,"{""city"": ""Oslo"", ""state"": """", ""labels"": [""Developer/IPP"", ""Norway"", ""Utility-scale""], ""address"": """", ""country"": ""Norway"", ""description"": ""Norwegian independent power producer developing solar and renewable energy plants.""}",2026-07-08 14:51:56.174651+00
264e8067-9ca7-4751-8bcc-51aa72ec8179,"{""city"": """", ""state"": """", ""labels"": [""Other"", ""China"", ""Grid""], ""address"": """", ""country"": ""China"", ""description"": ""Chinese electrical equipment group manufacturing power and grid equipment.""}",2026-07-08 14:51:56.174651+00
26594550-6794-44f3-8395-55003f2a3dcb,"{""city"": """", ""state"": """", ""labels"": [""Metering/Monitoring"", ""Netherlands"", ""Solar PV""], ""address"": """", ""country"": ""Netherlands"", ""description"": ""Dutch company providing solar PV monitoring and data logging solutions.""}",2026-07-08 14:51:56.174651+00
2680fbd1-7e37-4665-9359-eb2c85863fa9,"{""city"": """", ""state"": """", ""labels"": [""Distributor"", ""China"", ""Solar PV""], ""address"": """", ""country"": ""China"", ""description"": ""Chinese online store distributing solar panels and equipment.""}",2026-07-08 14:51:56.174651+00
268deaab-0635-4197-b0c2-6a0e2c63e53e,"{""city"": ""Munich"", ""state"": ""Bavaria"", ""labels"": [""Cable/BOS"", ""Germany""], ""address"": """", ""country"": ""Germany"", ""description"": ""German manufacturer of electrical switching, connection and safety components.""}",2026-07-08 14:51:56.174651+00
26b0e6f6-aae7-4a4d-93e2-7983d190cdd3,"{""city"": ""Mezica"", ""state"": """", ""labels"": [""Battery/Storage"", ""Slovenia""], ""address"": """", ""country"": ""Slovenia"", ""description"": ""Slovenian manufacturer of lead-acid and industrial batteries.""}",2026-07-08 14:51:56.174651+00
26c3c2e2-3fd5-4560-99b3-11d5b73f7154,"{""city"": ""Shenzhen"", ""state"": ""Guangdong"", ""labels"": [""Battery/Storage"", ""China""], ""address"": """", ""country"": ""China"", ""description"": ""Chinese manufacturer of portable power stations and battery products.""}",2026-07-08 14:51:56.174651+00
26d61309-13ac-4797-bb9b-1f6855c304ea,"{""city"": """", ""state"": """", ""labels"": [""EPC/Installer"", ""Germany"", ""Solar PV""], ""address"": """", ""country"": ""Germany"", ""description"": ""German small business providing power/solar installation services.""}",2026-07-08 14:51:56.174651+00
26d7f6d0-6086-4c9d-a5f4-dc14f138310a,"{""city"": """", ""state"": """", ""labels"": [""EPC/Installer"", ""Turkey"", ""Solar PV""], ""address"": """", ""country"": ""Turkey"", ""description"": ""Turkish contracting firm providing technical installation and engineering services.""}",2026-07-08 14:51:56.174651+00
26e63aab-f4bf-4338-9d7b-8ad7262c32af,"{""city"": """", ""state"": """", ""labels"": [""Battery/Storage"", ""Austria""], ""address"": """", ""country"": ""Austria"", ""description"": ""Austrian company producing lead-free battery boosting/charging products.""}",2026-07-08 14:51:56.174651+00
26f43c9f-8134-450a-9cdf-0ea105752014,"{""city"": ""Xi'an"", ""state"": ""Shaanxi"", ""labels"": [""Module Mfr"", ""China"", ""Solar PV""], ""address"": """", ""country"": ""China"", ""description"": ""Major Chinese manufacturer of monocrystalline solar modules and cells.""}",2026-07-08 14:51:56.174651+00
2713b6d9-21aa-4bd2-89de-0cbd85cbeeaf,"{""city"": """", ""state"": ""Zhejiang"", ""labels"": [""Battery/Storage"", ""China"", ""Solar PV""], ""address"": """", ""country"": ""China"", ""description"": ""Chinese new energy company producing solar and storage related products.""}",2026-07-08 14:51:56.174651+00
2952c0da-e82e-4f15-9d01-b6920d9729df,"{""city"": ""Muggensturm"", ""state"": """", ""labels"": [""Metering/Monitoring"", ""Germany"", ""Grid""], ""address"": """", ""country"": ""Germany"", ""description"": ""Makes modular electronic building blocks and IoT/sensor systems.""}",2026-07-08 14:52:48.24468+00
295311c9-ec2f-4a03-9890-bbcf04ebb2a1,"{""city"": """", ""state"": """", ""labels"": [""Cell/Wafer Mfr"", ""China"", ""Solar PV""], ""address"": """", ""country"": ""China"", ""description"": ""Manufactures monocrystalline silicon wafers and photovoltaic modules.""}",2026-07-08 14:52:48.24468+00
29975525-f9cd-4c9b-863e-6d5409ef1ef8,"{""city"": ""Hefei"", ""state"": """", ""labels"": [""Battery/Storage"", ""China"", ""Solar PV""], ""address"": """", ""country"": ""China"", ""description"": ""Develops energy storage systems and battery products.""}",2026-07-08 14:52:48.24468+00
29989d22-80b9-42fd-af13-525880fcc905,"{""city"": ""Kassel"", ""state"": ""Hesse"", ""labels"": [""Inverter Mfr"", ""Germany"", ""Grid""], ""address"": """", ""country"": ""Germany"", ""description"": ""SMA subsidiary providing medium-voltage power stations and grid connection equipment.""}",2026-07-08 14:52:48.24468+00
29af361b-8f01-46f6-aeff-213360fc6395,"{""city"": ""Shenzhen"", ""state"": """", ""labels"": [""Testing/Certification"", ""China""], ""address"": """", ""country"": ""China"", ""description"": ""Manufactures load banks and electronic testing equipment.""}",2026-07-08 14:52:48.24468+00
29bc08b8-e6e0-42ec-aced-ae39791e8132,"{""city"": ""Hangzhou"", ""state"": """", ""labels"": [""Distributor"", ""China"", ""Solar PV""], ""address"": """", ""country"": ""China"", ""description"": ""Supplies electrical and new energy equipment including PV related products.""}",2026-07-08 14:52:48.24468+00
29c97029-94a6-4df2-a7b3-a1d263cf5728,"{""city"": """", ""state"": """", ""labels"": [""Software"", ""Germany"", ""Grid""], ""address"": """", ""country"": ""Germany"", ""description"": ""Provides renewable energy data intelligence and analytics software.""}",2026-07-08 14:52:48.24468+00
29d7cd47-dda6-4af2-9f5a-cfec7cf1ebe6,"{""city"": ""Mumbai"", ""state"": """", ""labels"": [""Module Mfr"", ""India"", ""Solar PV""], ""address"": """", ""country"": ""India"", ""description"": ""Manufactures solar photovoltaic modules and cells.""}",2026-07-08 14:52:48.24468+00
2a0cf464-7991-43a5-8a7b-e104d5b53c4c,"{""city"": """", ""state"": """", ""labels"": [""Module Mfr"", ""Taiwan"", ""Solar PV""], ""address"": """", ""country"": ""Taiwan"", ""description"": ""Manufactures solar photovoltaic modules.""}",2026-07-08 14:52:48.24468+00
2a21533b-ca89-4142-b5c2-9bae299ca701,"{""city"": """", ""state"": """", ""labels"": [""Battery/Storage"", ""Germany"", ""Residential""], ""address"": """", ""country"": ""Germany"", ""description"": ""Sells and distributes home battery energy storage systems.""}",2026-07-08 14:52:48.24468+00
2a40edaa-6ec5-4929-8e2a-ce09eb0ac8e1,"{""city"": """", ""state"": """", ""labels"": [""Other"", ""Germany"", ""Solar PV""], ""address"": """", ""country"": ""Germany"", ""description"": ""Manufactures solar module production equipment such as stringers.""}",2026-07-08 14:52:48.24468+00
2a425f6f-9afc-438d-b982-a191365a7fe5,"{""city"": """", ""state"": """", ""labels"": [""Module Mfr"", ""China"", ""Solar PV""], ""address"": """", ""country"": ""China"", ""description"": ""Manufactures solar photovoltaic modules.""}",2026-07-08 14:52:48.24468+00
2a46d457-aac1-4d89-b70e-c676ef255b65,"{""city"": ""Shenzhen"", ""state"": """", ""labels"": [""Battery/Storage"", ""China"", ""Utility-scale""], ""address"": """", ""country"": ""China"", ""description"": ""BYD division producing lithium battery energy storage systems.""}",2026-07-08 14:52:48.24468+00
2a4c7012-c6e9-4c34-b691-c13db02159e8,"{""city"": """", ""state"": """", ""labels"": [""Developer/IPP"", ""Germany"", ""Solar PV""], ""address"": """", ""country"": ""Germany"", ""description"": ""ENGIE subsidiary developing renewable energy projects in Germany.""}",2026-07-08 14:52:48.24468+00
2a581541-c0ab-4a93-a796-3d3216d541a0,"{""city"": """", ""state"": """", ""labels"": [""Software"", ""Germany""], ""address"": """", ""country"": ""Germany"", ""description"": ""Technology startup offering digital/software products.""}",2026-07-08 14:52:48.24468+00
2a868652-61c9-468a-abaf-6240aaa9f2e0,"{""city"": """", ""state"": """", ""labels"": [""Other"", ""South Korea"", ""Solar PV""], ""address"": """", ""country"": ""South Korea"", ""description"": ""Manufactures semiconductor and solar cell production equipment.""}",2026-07-08 14:52:48.24468+00
2acdd08b-314c-4039-8838-6d28b8ac1f72,"{""city"": """", ""state"": """", ""labels"": [""Software"", ""Germany"", ""Grid""], ""address"": """", ""country"": ""Germany"", ""description"": ""Provides energy management and optimization software.""}",2026-07-08 14:52:48.24468+00
2ad92201-5c2b-4616-bb46-5cc45f420e9c,"{""city"": """", ""state"": """", ""labels"": [""Research/Academic"", ""Netherlands"", ""EV Charging""], ""address"": """", ""country"": ""Netherlands"", ""description"": ""Dutch knowledge and innovation center for electric vehicle charging infrastructure.""}",2026-07-08 14:52:48.24468+00
2ae78138-8afb-4e8d-b58f-5ddaa99250f1,"{""city"": """", ""state"": """", ""labels"": [""Other"", ""Netherlands""], ""address"": """", ""country"": ""Netherlands"", ""description"": ""Supplies green roof and vegetation systems, including for solar installations.""}",2026-07-08 14:52:48.24468+00
2af79b05-1bde-4f1e-87e3-59240e58cd12,"{""city"": """", ""state"": """", ""labels"": [""EPC/Installer"", ""China"", ""Solar PV""], ""address"": """", ""country"": ""China"", ""description"": ""Provides solar EPC engineering and construction services.""}",2026-07-08 14:52:48.24468+00
2b14fa92-e90c-417f-b359-a58d8e4afc99,"{""city"": """", ""state"": """", ""labels"": [""Cable/BOS"", ""China""], ""address"": """", ""country"": ""China"", ""description"": ""Supplies electrical terminal and connector products.""}",2026-07-08 14:52:48.24468+00
2b17427e-1823-4aba-b490-a9cdb29e84c4,"{""city"": """", ""state"": """", ""labels"": [""Other"", ""Germany"", ""Grid""], ""address"": """", ""country"": ""Germany"", ""description"": ""Energy trading company operating in German power markets.""}",2026-07-08 14:52:48.24468+00
2b3bcbfd-9aaa-4be5-9f2f-0609dc52f322,"{""city"": """", ""state"": """", ""labels"": [""Battery/Storage"", ""South Korea""], ""address"": """", ""country"": ""South Korea"", ""description"": ""Develops battery and energy storage related technology.""}",2026-07-08 14:52:48.24468+00
2b5b5847-2280-4210-9c31-ac8293aa2ec6,"{""city"": """", ""state"": """", ""labels"": [""Other"", ""Austria""], ""address"": """", ""country"": ""Austria"", ""description"": ""Holding group operating in construction and technical services.""}",2026-07-08 14:52:48.24468+00
2b69f4a7-af00-4911-b43e-54e596c61b2b,"{""city"": ""Xiamen"", ""state"": """", ""labels"": [""Module Mfr"", ""China"", ""Solar PV""], ""address"": """", ""country"": ""China"", ""description"": ""Manufactures solar photovoltaic modules.""}",2026-07-08 14:52:48.24468+00
2724d7ce-203c-42d7-bb97-bbda161b2b89,"{""city"": ""Xiamen"", ""state"": ""Fujian"", ""labels"": [""Module Mfr"", ""China"", ""Solar PV""], ""address"": """", ""country"": ""China"", ""description"": ""Chinese manufacturer of solar photovoltaic modules and related equipment.""}",2026-07-08 14:52:55.895416+00
272525bb-43e5-49bc-8559-57286abe8776,"{""city"": """", ""state"": """", ""labels"": [""Battery/Storage"", ""Germany"", ""Storage""], ""address"": """", ""country"": ""Germany"", ""description"": ""German subsidiary of GS Yuasa supplying industrial and standby batteries.""}",2026-07-08 14:52:55.895416+00
273461c2-527f-420f-92b0-a5a3fd6112a9,"{""city"": ""Zhongshan"", ""state"": ""Guangdong"", ""labels"": [""Testing/Certification"", ""China"", ""Storage""], ""address"": ""No. 32 Shagang East Road, Harbor Town"", ""country"": ""China"", ""description"": ""Manufactures automated assembly equipment for EV and ESS battery production lines.""}",2026-07-08 14:52:55.895416+00
274864be-63f4-4714-8cb0-c3420c1db7aa,"{""city"": """", ""state"": """", ""labels"": [""Inverter Mfr"", ""Germany"", ""Solar PV""], ""address"": """", ""country"": ""Germany"", ""description"": ""European sales arm of GoodWe, manufacturer of solar string and hybrid inverters.""}",2026-07-08 14:52:55.895416+00
275dc70b-b26f-4e73-97de-430b00829105,"{""city"": """", ""state"": """", ""labels"": [""Mounting/Tracker"", ""Turkey"", ""Solar PV""], ""address"": """", ""country"": ""Turkey"", ""description"": ""Turkish manufacturer of aluminum profiles and mounting systems for solar installations.""}",2026-07-08 14:52:55.895416+00
278b262c-5313-48e5-9813-a6a35d3f817b,"{""city"": """", ""state"": ""Brandenburg"", ""labels"": [""Association"", ""Germany""], ""address"": """", ""country"": ""Germany"", ""description"": ""Economic development agency for the German state of Brandenburg.""}",2026-07-08 14:52:55.895416+00
278d69bb-4db5-47bd-a081-89086cc3d2fd,"{""city"": """", ""state"": """", ""labels"": [""Other"", ""France"", ""Grid""], ""address"": """", ""country"": ""France"", ""description"": ""Provides infrastructure maintenance products including wood pole restoration for utilities.""}",2026-07-08 14:52:55.895416+00
27949333-f65a-4367-b6b7-8b95ac960f3d,"{""city"": ""Shenzhen"", ""state"": ""Guangdong"", ""labels"": [""EV Charging"", ""China""], ""address"": """", ""country"": ""China"", ""description"": ""Chinese manufacturer of EV charging modules including DC fast charging and V2G systems.""}",2026-07-08 14:52:55.895416+00
27ddac3d-3cc7-489b-bd69-8870b8c12f85,"{""city"": ""Grafenau"", ""state"": ""Bavaria"", ""labels"": [""Cable/BOS"", ""Germany""], ""address"": ""Reismühle 3"", ""country"": ""Germany"", ""description"": ""Manufactures custom valves, fittings and sensors for fluid technology applications.""}",2026-07-08 14:52:55.895416+00
27eda5ee-ea1e-4bd3-84d6-e1beb3d7216f,"{""city"": """", ""state"": """", ""labels"": [""Metering/Monitoring"", ""Germany"", ""Grid""], ""address"": """", ""country"": ""Germany"", ""description"": ""Manufactures protection relays and control systems for power generation and distribution.""}",2026-07-08 14:52:55.895416+00
27ee354c-e445-431a-b803-810064777fed,"{""city"": ""Ningbo"", ""state"": ""Zhejiang"", ""labels"": [""Module Mfr"", ""China"", ""Solar PV""], ""address"": """", ""country"": ""China"", ""description"": ""Chinese manufacturer of photovoltaic modules and related solar technology.""}",2026-07-08 14:52:55.895416+00
27fb17d1-3533-4631-ad77-5853f0809460,"{""city"": """", ""state"": """", ""labels"": [""Distributor"", ""Austria"", ""Solar PV""], ""address"": """", ""country"": ""Austria"", ""description"": ""Austrian distributor of solar PV modules, inverters and storage components.""}",2026-07-08 14:52:55.895416+00
282414af-fb88-415e-80c4-f115a89b3eb9,"{""city"": """", ""state"": """", ""labels"": [""Research/Academic"", ""Belgium"", ""Grid""], ""address"": """", ""country"": ""Belgium"", ""description"": ""Research laboratory of Engie focused on electrical and energy technologies.""}",2026-07-08 14:52:55.895416+00
284aa78c-e5ee-45d9-a9d9-83521b8ef599,"{""city"": """", ""state"": """", ""labels"": [""EPC/Installer"", ""Turkey"", ""Solar PV""], ""address"": """", ""country"": ""Turkey"", ""description"": ""Turkish energy solutions and engineering company for renewable energy projects.""}",2026-07-08 14:52:55.895416+00
284c092f-addc-4070-ab07-631a185061bd,"{""city"": ""Jiangyin"", ""state"": ""Jiangsu"", ""labels"": [""Mounting/Tracker"", ""China"", ""Solar PV""], ""address"": """", ""country"": ""China"", ""description"": ""Chinese manufacturer of machinery equipment used in solar mounting and tracker production.""}",2026-07-08 14:52:55.895416+00
28823b0f-4586-4f1a-b18e-e79b0223eb59,"{""city"": ""Shenzhen"", ""state"": ""Guangdong"", ""labels"": [""Inverter Mfr"", ""China"", ""Storage""], ""address"": """", ""country"": ""China"", ""description"": ""Chinese manufacturer of digital power and energy storage inverter equipment.""}",2026-07-08 14:52:55.895416+00
288c78f7-0bcf-4c0b-ac08-9116082d01f6,"{""city"": ""Babenhausen"", ""state"": ""Bavaria"", ""labels"": [""Other"", ""Germany"", ""Grid""], ""address"": ""Frundsbergstrasse 36"", ""country"": ""Germany"", ""description"": ""Manufactures equipment for emission-free handling of industrial gases including SF6 alternatives.""}",2026-07-08 14:52:55.895416+00
288cafa4-1e41-45e4-b85d-198cd2fde47e,"{""city"": """", ""state"": """", ""labels"": [""Module Mfr"", ""China"", ""Solar PV""], ""address"": """", ""country"": ""China"", ""description"": ""Chinese manufacturer of solar photovoltaic modules.""}",2026-07-08 14:52:55.895416+00
28cffde8-b526-42a9-9e73-408996c6f0f0,"{""city"": ""Busto Arsizio"", ""state"": """", ""labels"": [""Other"", ""Italy"", ""Grid""], ""address"": ""Viale dell'Industria 65"", ""country"": ""Italy"", ""description"": ""Manufactures medium and low voltage dry-type transformers and reactors.""}",2026-07-08 14:52:55.895416+00
28dee894-aead-4719-b14d-3aae11820a94,"{""city"": ""Niddatal"", ""state"": ""Hesse"", ""labels"": [""EV Charging"", ""Germany""], ""address"": ""Marie-Curie-Straße 2"", ""country"": ""Germany"", ""description"": ""Manufactures battery-supported fast-charging hubs for EVs with minimal grid connection needs.""}",2026-07-08 14:52:55.895416+00
2904b119-5f53-45d2-a37d-a1c51025caae,"{""city"": ""Shenzhen"", ""state"": ""Guangdong"", ""labels"": [""Inverter Mfr"", ""China"", ""Storage""], ""address"": """", ""country"": ""China"", ""description"": ""Chinese manufacturer of energy storage inverters and power conversion systems.""}",2026-07-08 14:52:55.895416+00
29173364-f74b-4068-8d1e-baac4bfc2c88,"{""city"": """", ""state"": """", ""labels"": [""EPC/Installer"", ""Turkey"", ""Solar PV""], ""address"": """", ""country"": ""Turkey"", ""description"": ""Turkish renewable energy company developing and installing solar projects.""}",2026-07-08 14:52:55.895416+00
292cdc23-398c-422c-a7c2-5edd6453f288,"{""city"": ""Flensburg"", ""state"": """", ""labels"": [""Inverter Mfr"", ""Germany"", ""Solar PV""], ""address"": """", ""country"": ""Germany"", ""description"": ""Manufactures MW-range central inverters and medium voltage power electronics for renewables.""}",2026-07-08 14:52:55.895416+00
292e666e-320c-4ea5-acaa-59b603759822,"{""city"": """", ""state"": """", ""labels"": [""Association"", ""Germany""], ""address"": """", ""country"": ""Germany"", ""description"": ""German federal ministry for economic cooperation and development.""}",2026-07-08 14:52:55.895416+00
293ff69a-ef9b-4a5a-a097-31c9aa08412d,"{""city"": """", ""state"": """", ""labels"": [""Testing/Certification"", ""Singapore"", ""Solar PV""], ""address"": """", ""country"": ""Singapore"", ""description"": ""Provides drone-based electroluminescence mapping and AI analytics for solar plant inspection.""}",2026-07-08 14:52:55.895416+00
2b840d54-4377-4906-aa54-d3cbf3977264,"{""city"": ""Dongguan"", ""state"": ""Guangdong"", ""labels"": [""Module Mfr"", ""China"", ""Solar PV""], ""address"": """", ""country"": ""China"", ""description"": ""Chinese manufacturer of solar PV modules trading as Genix Green.""}",2026-07-08 14:53:38.869495+00
2b98253a-842e-4cb6-8299-06b69fb22327,"{""city"": ""Berlin"", ""state"": """", ""labels"": [""Software"", ""Germany"", ""Solar PV""], ""address"": """", ""country"": ""Germany"", ""description"": ""Operates an online trading platform/marketplace for solar assets and PV plants.""}",2026-07-08 14:53:38.869495+00
2bb3c425-eb9d-4a95-8fcc-d823662220b1,"{""city"": ""Kaltenkirchen"", ""state"": """", ""labels"": [""Cable/BOS"", ""Germany""], ""address"": """", ""country"": ""Germany"", ""description"": ""Manufactures cable glands and electrical enclosure systems.""}",2026-07-08 14:53:38.869495+00
2bb942ec-b849-4c95-b51a-c794308b74d8,"{""city"": """", ""state"": """", ""labels"": [""EPC/Installer"", ""Germany"", ""Solar PV""], ""address"": """", ""country"": ""Germany"", ""description"": ""German EPC/installer of solar photovoltaic systems.""}",2026-07-08 14:53:38.869495+00
2c1b6f02-b065-42b0-8352-fd0d2067efba,"{""city"": """", ""state"": """", ""labels"": [""Distributor"", ""Germany""], ""address"": """", ""country"": ""Germany"", ""description"": ""Trading company distributing energy and electronics components.""}",2026-07-08 14:53:38.869495+00
2c69e999-004d-481d-abe8-26667622aacf,"{""city"": """", ""state"": """", ""labels"": [""Metering/Monitoring"", ""Netherlands"", ""Solar PV""], ""address"": """", ""country"": ""Netherlands"", ""description"": ""European arm of EKO Instruments, maker of pyranometers and solar measurement instruments.""}",2026-07-08 14:53:38.869495+00
2c88c169-e2e8-4bc9-8111-8a08a728745a,"{""city"": ""Deerlijk"", ""state"": """", ""labels"": [""Mounting/Tracker"", ""Belgium"", ""Solar PV""], ""address"": """", ""country"": ""Belgium"", ""description"": ""Steel profile manufacturer (voestalpine Sadef) supplying solar mounting structure components.""}",2026-07-08 14:53:38.869495+00
2ca0b8cd-b96c-4929-83e8-6fccc8ecb5a3,"{""city"": ""Ansbach"", ""state"": """", ""labels"": [""Other"", ""Germany"", ""EV Charging""], ""address"": """", ""country"": ""Germany"", ""description"": ""Manufactures EV charging control electronics and components.""}",2026-07-08 14:53:38.869495+00
2cb61924-eba3-48ea-86f8-0f463872ddc2,"{""city"": """", ""state"": """", ""labels"": [""Cable/BOS"", ""United Kingdom""], ""address"": """", ""country"": ""United Kingdom"", ""description"": ""Manufactures power cords, cables and connectors including for energy applications.""}",2026-07-08 14:53:38.869495+00
2cd30116-5388-4aeb-89e6-f5ba6bc186c2,"{""city"": """", ""state"": """", ""labels"": [""EPC/Installer"", ""Italy"", ""Solar PV""], ""address"": """", ""country"": ""Italy"", ""description"": ""Italian company providing solar PV installation and EPC services.""}",2026-07-08 14:53:38.869495+00
2ce79147-d8d9-4d87-bee0-305a0e06beda,"{""city"": """", ""state"": """", ""labels"": [""EPC/Installer"", ""Finland"", ""Solar PV""], ""address"": """", ""country"": ""Finland"", ""description"": ""Finnish EPC company delivering solar power plant projects.""}",2026-07-08 14:53:38.869495+00
2cee16b7-49b4-4ac8-9232-a71b0c373352,"{""city"": """", ""state"": """", ""labels"": [""EPC/Installer"", ""Norway"", ""Solar PV""], ""address"": """", ""country"": ""Norway"", ""description"": ""Norwegian solar company; classified from name and country suffix only, no site available.""}",2026-07-08 14:53:38.869495+00
2cf66e48-9bdc-4010-9319-e8a2057106ce,"{""city"": """", ""state"": """", ""labels"": [""Cable/BOS"", ""Germany""], ""address"": """", ""country"": ""Germany"", ""description"": ""Manufactures cable tray and cable management systems.""}",2026-07-08 14:53:38.869495+00
2d3108d3-4f15-4ece-9330-0b6028f800ed,"{""city"": """", ""state"": """", ""labels"": [""Module Mfr"", ""China"", ""Solar PV""], ""address"": """", ""country"": ""China"", ""description"": ""Chinese manufacturer of solar photovoltaic modules.""}",2026-07-08 14:53:38.869495+00
2d547cfd-9819-4387-9900-fc03209c9f9e,"{""city"": """", ""state"": """", ""labels"": [""Mounting/Tracker"", ""Taiwan""], ""address"": """", ""country"": ""Taiwan"", ""description"": ""Taiwanese steel/metal sheet manufacturer supplying materials for solar racking.""}",2026-07-08 14:53:38.869495+00
2d54db63-1024-4d68-9fd5-726d7e8b1502,"{""city"": ""Murcia"", ""state"": """", ""labels"": [""Mounting/Tracker"", ""Spain"", ""Utility-scale""], ""address"": """", ""country"": ""Spain"", ""description"": ""Spanish manufacturer of single-axis solar trackers for utility-scale PV plants.""}",2026-07-08 14:53:38.869495+00
2d813e3b-567a-4356-9dd9-ddc45f034d27,"{""city"": """", ""state"": """", ""labels"": [""Mounting/Tracker"", ""Netherlands"", ""Solar PV""], ""address"": """", ""country"": ""Netherlands"", ""description"": ""Dutch supplier of solar mounting and racking systems.""}",2026-07-08 14:53:38.869495+00
2db3fb54-3712-4bc8-97bb-a3c3c5bfda1c,"{""city"": """", ""state"": """", ""labels"": [""Metering/Monitoring"", ""Germany""], ""address"": """", ""country"": ""Germany"", ""description"": ""German electronics manufacturer (stuckeGROUP) producing monitoring and control devices.""}",2026-07-08 14:53:38.869495+00
2dbe1aca-e59b-4f74-8847-faecb3d4adf6,"{""city"": """", ""state"": """", ""labels"": [""Cable/BOS"", ""China""], ""address"": """", ""country"": ""China"", ""description"": ""Chinese manufacturer of electrical connectors and cable components.""}",2026-07-08 14:53:38.869495+00
2dcb2f78-d5f5-4db4-abe1-97571a517902,"{""city"": ""Shenzhen"", ""state"": ""Guangdong"", ""labels"": [""Inverter Mfr"", ""China""], ""address"": """", ""country"": ""China"", ""description"": ""Chinese manufacturer of power supply and inverter products (Lianming Power).""}",2026-07-08 14:53:38.869495+00
2dd3e8a4-dcf7-4cb9-889e-2e9eb2031f7d,"{""city"": """", ""state"": """", ""labels"": [""Other"", ""Germany"", ""EV Charging""], ""address"": """", ""country"": ""Germany"", ""description"": ""German technology company providing EV charging solutions.""}",2026-07-08 14:53:38.869495+00
2de329b5-4dde-4b4a-9304-2457d2c3c193,"{""city"": """", ""state"": """", ""labels"": [""EPC/Installer"", ""Germany"", ""Solar PV""], ""address"": """", ""country"": ""Germany"", ""description"": ""German provider of solar PV installation services.""}",2026-07-08 14:53:38.869495+00
2de37fca-4b32-4cf9-bfab-a35a34354128,"{""city"": """", ""state"": """", ""labels"": [""Mounting/Tracker"", ""Netherlands"", ""Utility-scale""], ""address"": """", ""country"": ""Netherlands"", ""description"": ""Dutch manufacturer of floating solar mounting systems.""}",2026-07-08 14:53:38.869495+00
2dfb8854-f733-45b1-a2a0-efe7ddfa3e46,"{""city"": """", ""state"": """", ""labels"": [""Battery/Storage"", ""Finland""], ""address"": """", ""country"": ""Finland"", ""description"": ""Finnish company developing flywheel-based energy storage technology.""}",2026-07-08 14:53:38.869495+00
2e2ce645-e026-4d23-bc71-f644ccfd7cff,"{""city"": ""Böblingen"", ""state"": """", ""labels"": [""Module Mfr"", ""Germany"", ""Solar PV""], ""address"": """", ""country"": ""Germany"", ""description"": ""German manufacturer of solar photovoltaic modules under the AXITEC brand.""}",2026-07-08 14:53:38.869495+00
2e2d420d-c734-43af-af50-f00ad3b5cbdb,"{""city"": """", ""state"": """", ""labels"": [""Other"", ""Germany""], ""address"": """", ""country"": ""Germany"", ""description"": ""Energy-sector company; specific activity unclear from available data.""}",2026-07-08 14:54:05.320189+00
2e3478a8-ee47-4154-a8cd-515e82678634,"{""city"": ""Blomberg"", ""state"": ""North Rhine-Westphalia"", ""labels"": [""Cable/BOS"", ""Germany"", ""Grid""], ""address"": """", ""country"": ""Germany"", ""description"": ""Manufactures industrial connectors, terminal blocks and electronics for automation and energy applications.""}",2026-07-08 14:54:05.320189+00
2e4f1f93-486c-437c-908c-3a0b5f8e0595,"{""city"": """", ""state"": """", ""labels"": [""Other"", ""South Korea""], ""address"": """", ""country"": ""South Korea"", ""description"": ""South Korean company; specific product line unclear from available data.""}",2026-07-08 14:54:05.320189+00
2e5b220b-4758-4cce-bbb4-ea8f650f9b1b,"{""city"": """", ""state"": ""Guangdong"", ""labels"": [""Inverter Mfr"", ""China"", ""Solar PV""], ""address"": """", ""country"": ""China"", ""description"": ""Chinese manufacturer of power electronics including solar inverters and related equipment.""}",2026-07-08 14:54:05.320189+00
2e6be7d5-c5a8-4d06-ad48-2397c7fd3f5f,"{""city"": """", ""state"": """", ""labels"": [""Software"", ""Italy"", ""Grid""], ""address"": """", ""country"": ""Italy"", ""description"": ""Provides software platforms for renewable energy asset management and grid operations.""}",2026-07-08 14:54:05.320189+00
2e764784-fece-4314-9afb-c9bd0f64756a,"{""city"": """", ""state"": """", ""labels"": [""Consultancy"", ""Germany""], ""address"": """", ""country"": ""Germany"", ""description"": ""German consultancy/services company; specific focus unclear from available data.""}",2026-07-08 14:54:05.320189+00
2edefd3b-19b7-484d-ab01-b6ea58562c38,"{""city"": """", ""state"": """", ""labels"": [""Other"", ""Germany""], ""address"": """", ""country"": ""Germany"", ""description"": ""Energy-sector company registered in Germany; specific activity unclear from available data.""}",2026-07-08 14:54:05.320189+00
2eeeb5df-00d7-47db-b27a-4a5fd7203cd3,"{""city"": """", ""state"": """", ""labels"": [""Software"", ""Germany"", ""Solar PV""], ""address"": """", ""country"": ""Germany"", ""description"": ""Digital platform providing site data and analysis for renewable energy project development.""}",2026-07-08 14:54:05.320189+00
2ef48c4b-6db9-4cd4-bc7a-0f388900443c,"{""city"": """", ""state"": """", ""labels"": [""EPC/Installer"", ""Spain"", ""Solar PV""], ""address"": """", ""country"": ""Spain"", ""description"": ""Spanish company involved in solar PV installation or distribution.""}",2026-07-08 14:54:05.320189+00
2f1c6ddb-acda-443b-b366-89d5aea4b598,"{""city"": """", ""state"": """", ""labels"": [""Testing/Certification"", ""Germany"", ""Grid""], ""address"": """", ""country"": ""Germany"", ""description"": ""German engineering/testing institute for electrical grid and power equipment.""}",2026-07-08 14:54:05.320189+00
2f47f652-0631-40a0-aaa0-6ae08e15f3e5,"{""city"": """", ""state"": """", ""labels"": [""EPC/Installer"", ""Poland"", ""Solar PV""], ""address"": """", ""country"": ""Poland"", ""description"": ""Polish company operating in the solar installation or energy services sector.""}",2026-07-08 14:54:05.320189+00
2f48c909-b2d1-4940-90aa-141653043053,"{""city"": ""Shanghai"", ""state"": """", ""labels"": [""Distributor"", ""China""], ""address"": """", ""country"": ""China"", ""description"": ""Shanghai-based technology trading/distribution company.""}",2026-07-08 14:54:05.320189+00
2f59dcc9-2584-4e6e-b9ca-3feeb57ed6da,"{""city"": """", ""state"": """", ""labels"": [""Distributor"", ""Poland"", ""Solar PV""], ""address"": """", ""country"": ""Poland"", ""description"": ""Online marketplace/distributor for solar PV equipment.""}",2026-07-08 14:54:05.320189+00
2f5c5933-98f6-4e1c-b0bc-61ffbfd05b65,"{""city"": """", ""state"": """", ""labels"": [""EPC/Installer"", ""Greece"", ""Solar PV""], ""address"": """", ""country"": ""Greece"", ""description"": ""Greek company providing solar energy installation or engineering services.""}",2026-07-08 14:54:05.320189+00
2f65ae01-797b-4421-8469-417ad43520db,"{""city"": ""Dresden"", ""state"": ""Saxony"", ""labels"": [""Module Mfr"", ""Germany"", ""Storage""], ""address"": """", ""country"": ""Germany"", ""description"": ""German manufacturer of solar PV modules and home battery storage systems.""}",2026-07-08 14:54:05.320189+00
2f6c9efa-2f50-4b6c-996d-373dadc31e2c,"{""city"": ""Detmold"", ""state"": ""North Rhine-Westphalia"", ""labels"": [""Cable/BOS"", ""Germany"", ""Grid""], ""address"": """", ""country"": ""Germany"", ""description"": ""German manufacturer of electrical connection and interface technology for industrial and energy applications.""}",2026-07-08 14:54:05.320189+00
2f7234fb-fbfe-4401-a9e8-11e051df6aa7,"{""city"": ""Wuxi"", ""state"": ""Jiangsu"", ""labels"": [""Module Mfr"", ""China"", ""Solar PV""], ""address"": """", ""country"": ""China"", ""description"": ""Chinese manufacturer of building-integrated photovoltaic (BIPV) modules.""}",2026-07-08 14:54:05.320189+00
2fb4b741-d12f-4c37-a8b9-5d1cd46bd1a8,"{""city"": """", ""state"": ""Anhui"", ""labels"": [""Battery/Storage"", ""China""], ""address"": """", ""country"": ""China"", ""description"": ""Chinese manufacturer of lithium batteries for EV and energy storage applications.""}",2026-07-08 14:54:05.320189+00
2fc70eca-81b2-4ce7-bf42-033a582f7702,"{""city"": ""Stühlingen"", ""state"": ""Baden-Württemberg"", ""labels"": [""Other"", ""Germany""], ""address"": """", ""country"": ""Germany"", ""description"": ""German building materials manufacturer producing facade, insulation and coating systems.""}",2026-07-08 14:54:05.320189+00
2fd3fe7f-6f0f-46ce-82a5-29cea93bbe47,"{""city"": ""Changzhou"", ""state"": ""Jiangsu"", ""labels"": [""Other"", ""China""], ""address"": """", ""country"": ""China"", ""description"": ""Chinese energy technology company; specific product line unclear from available data.""}",2026-07-08 14:54:05.320189+00
2fd6e168-248f-47a4-91fe-7e68e11bd767,"{""city"": """", ""state"": """", ""labels"": [""Other"", ""Austria""], ""address"": """", ""country"": ""Austria"", ""description"": ""Austrian company offering electric heating and heat pump solutions, part of ÖkoFEN group.""}",2026-07-08 14:54:05.320189+00
2fd86653-c8a9-480b-b843-2c1ca3c84097,"{""city"": ""Munich"", ""state"": ""Bavaria"", ""labels"": [""Software"", ""Germany"", ""Solar PV""], ""address"": """", ""country"": ""Germany"", ""description"": ""Data services division of BayWa r.e. providing renewable energy asset and monitoring data.""}",2026-07-08 14:54:05.320189+00
2fe330dc-49e6-444d-9804-b7357dd57b9b,"{""city"": """", ""state"": """", ""labels"": [""Developer/IPP"", ""Germany"", ""Solar PV""], ""address"": """", ""country"": ""Germany"", ""description"": ""German renewable energy project developer.""}",2026-07-08 14:54:05.320189+00
2ffd7f20-7fdd-4d2e-a27d-ae74a8e29ae8,"{""city"": ""Shenzhen"", ""state"": ""Guangdong"", ""labels"": [""Cable/BOS"", ""China"", ""Solar PV""], ""address"": """", ""country"": ""China"", ""description"": ""Chinese manufacturer of solar PV cables and connectors.""}",2026-07-08 14:54:05.320189+00
30397307-a0f7-4195-97a3-c59df2cd0632,"{""city"": """", ""state"": """", ""labels"": [""Other"", ""Germany""], ""address"": """", ""country"": ""Germany"", ""description"": ""German company providing tools or equipment for the green energy sector.""}",2026-07-08 14:54:05.320189+00
303db531-45a4-47b5-ace4-42c47a9464f5,"{""city"": """", ""state"": """", ""labels"": [""Module Mfr"", ""China"", ""Solar PV""], ""address"": """", ""country"": ""China"", ""description"": ""Chinese manufacturer of solar PV modules.""}",2026-07-08 14:54:33.922219+00
3083e8fb-3a70-428c-a058-51fe47c28b6b,"{""city"": """", ""state"": """", ""labels"": [""Module Mfr"", ""India"", ""Solar PV""], ""address"": """", ""country"": ""India"", ""description"": ""Indian manufacturer of solar PV modules.""}",2026-07-08 14:54:33.922219+00
30ad31ab-4d2b-4abc-bafe-8a908e3088bc,"{""city"": """", ""state"": """", ""labels"": [""Other"", ""Germany""], ""address"": """", ""country"": ""Germany"", ""description"": ""German industrial/technical company, sector unclear from domain.""}",2026-07-08 14:54:33.922219+00
30d5e0a9-b8d7-4896-a4fa-29eb6598a99c,"{""city"": """", ""state"": """", ""labels"": [""Inverter Mfr"", ""Spain"", ""EV Charging""], ""address"": """", ""country"": ""Spain"", ""description"": ""Spanish manufacturer of power electronics including EV chargers.""}",2026-07-08 14:54:33.922219+00
30d60045-2ae3-4a3b-8b98-b88f783be599,"{""city"": """", ""state"": """", ""labels"": [""Other"", ""Germany""], ""address"": """", ""country"": ""Germany"", ""description"": ""German manufacturing company, sector unclear from domain.""}",2026-07-08 14:54:33.922219+00
30e467fd-9ecd-4c0d-b1fe-a404bc80a5e5,"{""city"": ""Zhangjiagang"", ""state"": """", ""labels"": [""Cable/BOS"", ""China"", ""Solar PV""], ""address"": """", ""country"": ""China"", ""description"": ""Chinese new energy technology company, BOS components.""}",2026-07-08 14:54:33.922219+00
3118878f-2cfc-4396-8e7c-fa5b10d94275,"{""city"": """", ""state"": """", ""labels"": [""Other"", ""China""], ""address"": """", ""country"": ""China"", ""description"": ""Chinese logistics technology company.""}",2026-07-08 14:54:33.922219+00
312168fb-3d6d-45ce-85a6-d05494396b89,"{""city"": """", ""state"": """", ""labels"": [""Module Mfr"", ""Taiwan"", ""Solar PV""], ""address"": """", ""country"": ""Taiwan"", ""description"": ""Taiwanese manufacturer of solar PV modules.""}",2026-07-08 14:54:33.922219+00
312812f0-1d47-45aa-b470-809801c979d1,"{""city"": ""Karlsruhe"", ""state"": """", ""labels"": [""Utility"", ""Germany"", ""Solar PV""], ""address"": """", ""country"": ""Germany"", ""description"": ""German regional utility with solar energy business unit.""}",2026-07-08 14:54:33.922219+00
312a4980-0290-41b4-9af4-1da3ac7f97b0,"{""city"": """", ""state"": """", ""labels"": [""Metering/Monitoring"", ""Germany"", ""Solar PV""], ""address"": """", ""country"": ""Germany"", ""description"": ""German IoT-based monitoring solutions provider.""}",2026-07-08 14:54:33.922219+00
312b73f6-7e21-42c7-bf71-32a9ec1992b9,"{""city"": """", ""state"": """", ""labels"": [""Cable/BOS"", ""Germany"", ""Solar PV""], ""address"": """", ""country"": ""Germany"", ""description"": ""German manufacturer of fuses and electrical protection components.""}",2026-07-08 14:54:33.922219+00
313c77ca-203f-44cd-aab1-0f11cb1ff81d,"{""city"": """", ""state"": """", ""labels"": [""Module Mfr"", ""Switzerland"", ""Solar PV""], ""address"": """", ""country"": ""Switzerland"", ""description"": ""Swiss manufacturer of building-integrated PV modules.""}",2026-07-08 14:54:33.922219+00
313e12ed-55e0-4a9f-82e9-5cd54b0304e9,"{""city"": """", ""state"": """", ""labels"": [""Cell/Wafer Mfr"", ""Germany"", ""Solar PV""], ""address"": """", ""country"": ""Germany"", ""description"": ""European subsidiary of Japanese polysilicon manufacturer Tokuyama.""}",2026-07-08 14:54:33.922219+00
315325fa-1ced-440c-af1e-08059e4acd62,"{""city"": """", ""state"": """", ""labels"": [""EPC/Installer"", ""Italy""], ""address"": """", ""country"": ""Italy"", ""description"": ""Italian engineering/service company, sector unclear from domain.""}",2026-07-08 14:54:33.922219+00
315f00c6-b136-4ad5-a461-04d4e0661f5c,"{""city"": """", ""state"": """", ""labels"": [""Cable/BOS"", ""Italy""], ""address"": """", ""country"": ""Italy"", ""description"": ""Italian electrical/cable components company.""}",2026-07-08 14:54:33.922219+00
3169c122-1298-449f-824b-aba273909303,"{""city"": """", ""state"": """", ""labels"": [""Other"", ""Lithuania"", ""EV Charging""], ""address"": """", ""country"": ""Lithuania"", ""description"": ""Lithuanian manufacturer of EV charging equipment.""}",2026-07-08 14:54:33.922219+00
31787bb0-ce6c-4ce1-b93a-2540480ab15f,"{""city"": """", ""state"": """", ""labels"": [""Distributor"", ""Germany"", ""Solar PV""], ""address"": """", ""country"": ""Germany"", ""description"": ""Germany-based distributor/trader of solar PV modules.""}",2026-07-08 14:54:33.922219+00
31a556aa-53d0-4caf-8157-afe6f4e84f66,"{""city"": """", ""state"": ""Victoria"", ""labels"": [""Other"", ""Australia""], ""address"": """", ""country"": ""Australia"", ""description"": ""Australian state government trade/investment office.""}",2026-07-08 14:54:33.922219+00
31ba2329-2a7c-40d5-b19a-549dbecd5b17,"{""city"": """", ""state"": """", ""labels"": [""Metering/Monitoring"", ""Austria""], ""address"": """", ""country"": ""Austria"", ""description"": ""Austrian provider of environmental and energy monitoring instruments.""}",2026-07-08 14:54:33.922219+00
31c5cc6a-0874-4147-aff9-9f44ccc5541d,"{""city"": """", ""state"": """", ""labels"": [""Consultancy"", ""Germany""], ""address"": """", ""country"": ""Germany"", ""description"": ""German business/technical consultancy.""}",2026-07-08 14:54:33.922219+00
31e249db-e5ed-4b58-9af2-6db5fad57bdc,"{""city"": """", ""state"": """", ""labels"": [""Distributor"", ""Austria"", ""Solar PV""], ""address"": """", ""country"": ""Austria"", ""description"": ""Austrian company distributing solar thermal and PV systems.""}",2026-07-08 14:54:33.922219+00
3207d029-b49a-4dfd-9574-2fd69a33c8cb,"{""city"": """", ""state"": """", ""labels"": [""Other"", ""Germany"", ""Hydrogen""], ""address"": """", ""country"": ""Germany"", ""description"": ""German hydrogen energy solutions provider.""}",2026-07-08 14:54:33.922219+00
32276f41-af7c-4942-a881-985566a5a9d1,"{""city"": """", ""state"": """", ""labels"": [""EPC/Installer"", ""Germany"", ""Solar PV""], ""address"": """", ""country"": ""Germany"", ""description"": ""German solar PV installation company.""}",2026-07-08 14:54:33.922219+00
324ac670-5e0b-4459-9f28-ec20ab1fd829,"{""city"": ""Freiburg"", ""state"": """", ""labels"": [""Association"", ""Germany""], ""address"": """", ""country"": ""Germany"", ""description"": ""Freiburg regional economic development, tourism and trade fair organization.""}",2026-07-08 14:54:33.922219+00
328321ee-39d7-4600-a06c-5d3160833a5d,"{""city"": """", ""state"": """", ""labels"": [""Other"", ""Poland""], ""address"": """", ""country"": ""Poland"", ""description"": ""Polish industrial group, sector unclear from domain.""}",2026-07-08 14:54:33.922219+00
32b8d117-31b5-4ef0-9dac-7c41b4576ce4,"{""city"": """", ""state"": """", ""labels"": [""Software"", ""Switzerland"", ""Grid""], ""address"": """", ""country"": ""Switzerland"", ""description"": ""Swiss smart-grid/energy software company.""}",2026-07-08 14:55:13.934289+00
32dee473-fc4c-4d2a-acdb-6d4bc7bc094c,"{""city"": """", ""state"": """", ""labels"": [""Module Mfr"", ""Poland"", ""Solar PV""], ""address"": """", ""country"": ""Poland"", ""description"": ""Polish solar module manufacturer/distributor.""}",2026-07-08 14:55:13.934289+00
330654d3-c619-42dd-8c37-eb192c28c14e,"{""city"": ""Genoa"", ""state"": """", ""labels"": [""Testing/Certification"", ""Italy""], ""address"": """", ""country"": ""Italy"", ""description"": ""RINA is an international classification, inspection and certification body.""}",2026-07-08 14:55:13.934289+00
3308dbc5-6c81-4613-ab53-2976a925175d,"{""city"": """", ""state"": """", ""labels"": [""Other"", ""Germany"", ""EV Charging""], ""address"": """", ""country"": ""Germany"", ""description"": ""Fiserv/CCV provides payment terminal solutions for EV charging operators.""}",2026-07-08 14:55:13.934289+00
334400ee-6149-41d1-a6f0-7c39ca090a84,"{""city"": """", ""state"": """", ""labels"": [""EPC/Installer"", ""Kosovo"", ""Solar PV""], ""address"": """", ""country"": ""Kosovo"", ""description"": ""Kosovo-based solar EPC/installation company.""}",2026-07-08 14:55:13.934289+00
33499ffc-2006-4408-913b-17bc18064dee,"{""city"": ""Freudenstadt"", ""state"": """", ""labels"": [""Other"", ""Germany"", ""Solar PV""], ""address"": """", ""country"": ""Germany"", ""description"": ""Robert Bürkle GmbH makes laminating presses and equipment for solar module production.""}",2026-07-08 14:55:13.934289+00
334e6171-191c-4094-a602-afb1f7150ed4,"{""city"": """", ""state"": """", ""labels"": [""EPC/Installer"", ""Hungary""], ""address"": """", ""country"": ""Hungary"", ""description"": ""Hungarian energy/technical services group.""}",2026-07-08 14:55:13.934289+00
33b2fca6-fbf7-4d39-945d-0cca4fde5d5a,"{""city"": """", ""state"": """", ""labels"": [""Battery/Storage"", ""Turkey""], ""address"": """", ""country"": ""Turkey"", ""description"": ""Turkish energy storage solutions provider.""}",2026-07-08 14:55:13.934289+00
33b3084b-1e5f-4366-b3a7-a2ebb71c87dc,"{""city"": ""Hefei"", ""state"": """", ""labels"": [""Metering/Monitoring"", ""China""], ""address"": """", ""country"": ""China"", ""description"": ""Chinese manufacturer of communication and monitoring devices for energy systems.""}",2026-07-08 14:55:13.934289+00
33c29825-b364-4281-82d6-bd328b3d7071,"{""city"": ""Xiamen"", ""state"": """", ""labels"": [""Module Mfr"", ""China"", ""Solar PV""], ""address"": """", ""country"": ""China"", ""description"": ""Chinese solar module manufacturer.""}",2026-07-08 14:55:13.934289+00
33d4b53d-e34c-4706-b82e-11db77d72c0e,"{""city"": """", ""state"": ""Jiangxi"", ""labels"": [""Other"", ""China"", ""EV Charging""], ""address"": """", ""country"": ""China"", ""description"": ""Chinese manufacturer of EV chargers.""}",2026-07-08 14:55:13.934289+00
33d7d396-513a-4883-b75c-94d45da5d1f5,"{""city"": ""Austin"", ""state"": ""Texas"", ""labels"": [""Software"", ""United States"", ""Storage""], ""address"": ""8656 W Hwy 71 Bldg F Ste 100"", ""country"": ""United States"", ""description"": ""Provides turnkey energy storage control/management software and hardware for BESS.""}",2026-07-08 14:55:13.934289+00
33eb4df5-e2f2-406d-8395-8e9fd799044c,"{""city"": ""Shenzhen"", ""state"": """", ""labels"": [""Battery/Storage"", ""China""], ""address"": """", ""country"": ""China"", ""description"": ""Chinese energy storage/BMS technology company.""}",2026-07-08 14:55:13.934289+00
33ff74ce-57ff-441f-ae29-16d540b5cfca,"{""city"": ""Povoa do Lanhoso"", ""state"": """", ""labels"": [""Other"", ""Portugal"", ""EV Charging""], ""address"": """", ""country"": ""Portugal"", ""description"": ""Provides EV charging, battery storage and hydrogen mobility infrastructure.""}",2026-07-08 14:55:13.934289+00
34160c02-ef7a-4988-acee-de993fefbe95,"{""city"": ""Xi'an"", ""state"": """", ""labels"": [""Battery/Storage"", ""China""], ""address"": """", ""country"": ""China"", ""description"": ""Chinese energy storage/battery technology company.""}",2026-07-08 14:55:13.934289+00
344619b6-af31-4a76-914e-def6445f17cc,"{""city"": ""Hengyang"", ""state"": """", ""labels"": [""Battery/Storage"", ""China""], ""address"": """", ""country"": ""China"", ""description"": ""Chinese manufacturer of lead-acid and lithium batteries for power applications.""}",2026-07-08 14:55:13.934289+00
34934cc1-011e-484f-8347-aeb671383259,"{""city"": ""Omaha"", ""state"": ""Nebraska"", ""labels"": [""Mounting/Tracker"", ""United States"", ""Utility-scale""], ""address"": """", ""country"": ""United States"", ""description"": ""Valmont Solar manufactures solar trackers and mounting structures.""}",2026-07-08 14:55:13.934289+00
349d910b-1243-44ae-bbee-dc375e4196c1,"{""city"": """", ""state"": ""Jiangxi"", ""labels"": [""Other"", ""China""], ""address"": """", ""country"": ""China"", ""description"": ""Chinese new-material technology manufacturer for energy applications.""}",2026-07-08 14:55:13.934289+00
34cae0d4-27cd-4649-9d93-157aa2120eb6,"{""city"": """", ""state"": """", ""labels"": [""Battery/Storage"", ""Italy""], ""address"": """", ""country"": ""Italy"", ""description"": ""Italian manufacturer of lithium battery energy storage systems.""}",2026-07-08 14:55:13.934289+00
3511af56-bfa3-4740-ad6a-3c7f6500c3cc,"{""city"": """", ""state"": """", ""labels"": [""Cable/BOS"", ""Spain""], ""address"": """", ""country"": ""Spain"", ""description"": ""Spanish supplier of plastic/BOS components.""}",2026-07-08 14:55:13.934289+00
352a1c58-2d64-41af-85f8-b92eab047ccd,"{""city"": """", ""state"": """", ""labels"": [""Other"", ""India""], ""address"": """", ""country"": ""India"", ""description"": ""Indian nanotechnology company producing coatings/materials.""}",2026-07-08 14:55:13.934289+00
352e5402-2cf5-4a11-a868-3edd70d0ea57,"{""city"": """", ""state"": """", ""labels"": [""Battery/Storage"", ""Germany"", ""Grid""], ""address"": """", ""country"": ""Germany"", ""description"": ""German maker of flywheel-based grid balancing/storage systems.""}",2026-07-08 14:55:13.934289+00
3533497e-6ed5-4aab-9d39-d4c57f02ab72,"{""city"": """", ""state"": """", ""labels"": [""Mounting/Tracker"", ""Austria"", ""Residential""], ""address"": """", ""country"": ""Austria"", ""description"": ""Austrian maker of the smartflower integrated tracking solar system.""}",2026-07-08 14:55:13.934289+00
354a18ab-f0c0-472e-b4fb-3e1321b72060,"{""city"": """", ""state"": """", ""labels"": [""Consultancy"", ""Spain""], ""address"": """", ""country"": ""Spain"", ""description"": ""Spanish engineering consultancy/EPC firm.""}",2026-07-08 14:55:13.934289+00
354d4338-fc02-41f9-a9a3-b59d67739cf2,"{""city"": """", ""state"": ""Anhui"", ""labels"": [""Other"", ""China""], ""address"": """", ""country"": ""China"", ""description"": ""Chinese technology company producing materials/components for energy sector.""}",2026-07-08 14:55:13.934289+00
35563bde-6f43-41ab-8ad8-da4e30332e2b,"{""city"": ""Qujing"", ""state"": ""Yunnan"", ""labels"": [""Cable/BOS"", ""China""], ""address"": """", ""country"": ""China"", ""description"": ""Manufactures new encapsulant/backsheet materials for solar module production.""}",2026-07-08 14:55:31.891324+00
35aef883-69a4-4328-980e-d41a51a8f225,"{""city"": ""Munich"", ""state"": ""Bavaria"", ""labels"": [""Consultancy"", ""Germany""], ""address"": """", ""country"": ""Germany"", ""description"": ""Bavarian trade promotion agency supporting international business and investment.""}",2026-07-08 14:55:31.891324+00
35b5f180-d2a8-4e52-9510-0e02a97e02f2,"{""city"": """", ""state"": """", ""labels"": [""Consultancy"", ""Czech Republic""], ""address"": """", ""country"": ""Czech Republic"", ""description"": ""Czech engineering and consulting firm active in energy sector projects.""}",2026-07-08 14:55:31.891324+00
35b915d0-b70f-4dc4-9a93-88fe0788eefb,"{""city"": """", ""state"": """", ""labels"": [""Metering/Monitoring"", ""France"", ""Solar PV""], ""address"": """", ""country"": ""France"", ""description"": ""Provides remote surveillance and monitoring systems for solar plants.""}",2026-07-08 14:55:31.891324+00
35c7cd31-638f-4a32-a7ba-7d636a32ae66,"{""city"": ""Berlin"", ""state"": """", ""labels"": [""Metering/Monitoring"", ""Germany"", ""Wind""], ""address"": """", ""country"": ""Germany"", ""description"": ""Manufactures measurement instruments for wind and solar resource assessment.""}",2026-07-08 14:55:31.891324+00
35ca34de-d987-42b9-8666-108dab4f2319,"{""city"": ""Suzhou"", ""state"": ""Jiangsu"", ""labels"": [""Battery/Storage"", ""China""], ""address"": """", ""country"": ""China"", ""description"": ""Chinese manufacturer of energy storage battery systems.""}",2026-07-08 14:55:31.891324+00
35cfcb6d-bf99-455d-9792-f5a4ef558588,"{""city"": """", ""state"": """", ""labels"": [""Metering/Monitoring"", ""China"", ""Grid""], ""address"": """", ""country"": ""China"", ""description"": ""Provides electric power monitoring and protection equipment for grid applications.""}",2026-07-08 14:55:31.891324+00
35db66a6-0c06-4246-b5da-dcd3c0965723,"{""city"": ""Eschenbach"", ""state"": ""Bavaria"", ""labels"": [""Cable/BOS"", ""Germany"", ""Solar PV""], ""address"": """", ""country"": ""Germany"", ""description"": ""Manufactures ceramic films and materials used in electronics and solar components.""}",2026-07-08 14:55:31.891324+00
35dcdc72-279b-43be-8a2a-711b1c684e5a,"{""city"": ""Almere"", ""state"": """", ""labels"": [""Battery/Storage"", ""Netherlands"", ""EV Charging""], ""address"": """", ""country"": ""Netherlands"", ""description"": ""Dutch manufacturer of EV charging equipment and energy storage systems.""}",2026-07-08 14:55:31.891324+00
35fa3e0b-889e-4fa8-b69a-19b7b5c26077,"{""city"": ""Brussels"", ""state"": """", ""labels"": [""Association"", ""Belgium""], ""address"": """", ""country"": ""Belgium"", ""description"": ""International association maintaining the KNX home and building automation standard.""}",2026-07-08 14:55:31.891324+00
36179b26-eb49-4eed-b595-b98f8051dcdf,"{""city"": ""Berlin"", ""state"": """", ""labels"": [""Software"", ""Germany""], ""address"": """", ""country"": ""Germany"", ""description"": ""Develops construction and project management software for large infrastructure projects.""}",2026-07-08 14:55:31.891324+00
3623c647-87a2-4488-af06-c60a7c295a60,"{""city"": """", ""state"": """", ""labels"": [""Other"", ""Germany"", ""EV Charging""], ""address"": """", ""country"": ""Germany"", ""description"": ""Manufactures EV charging station hardware and infrastructure.""}",2026-07-08 14:55:31.891324+00
362e19fa-41c0-4a5e-a18d-3db51b2a47b1,"{""city"": ""Wenzhou"", ""state"": ""Zhejiang"", ""labels"": [""Cable/BOS"", ""China"", ""Solar PV""], ""address"": """", ""country"": ""China"", ""description"": ""Chinese manufacturer of solar cables and balance-of-system components.""}",2026-07-08 14:55:31.891324+00
363673e3-5018-438b-b6c8-e3438c09343f,"{""city"": ""London"", ""state"": """", ""labels"": [""Consultancy"", ""United Kingdom""], ""address"": """", ""country"": ""United Kingdom"", ""description"": ""Energy consultancy providing analytics and advisory for the energy transition.""}",2026-07-08 14:55:31.891324+00
363f4cd7-cd49-4d4b-af1e-798c53e1c8c2,"{""city"": ""Kamenz"", ""state"": ""Saxony"", ""labels"": [""Battery/Storage"", ""Germany"", ""Residential""], ""address"": """", ""country"": ""Germany"", ""description"": ""Mercedes-Benz subsidiary producing home battery energy storage systems.""}",2026-07-08 14:55:31.891324+00
36494384-b6eb-47a7-a3a2-036534071cba,"{""city"": """", ""state"": """", ""labels"": [""Other"", ""Germany""], ""address"": """", ""country"": ""Germany"", ""description"": ""German company; no website available to determine specific activity.""}",2026-07-08 14:55:31.891324+00
36565f95-6d17-46f7-8924-87eb93d9050f,"{""city"": """", ""state"": """", ""labels"": [""Software"", ""Finland""], ""address"": """", ""country"": ""Finland"", ""description"": ""Provides AI-based software solutions for the energy industry.""}",2026-07-08 14:55:31.891324+00
3669eafc-c696-4e78-ac14-cac25f31fc43,"{""city"": ""Hamburg"", ""state"": """", ""labels"": [""Association"", ""Germany""], ""address"": """", ""country"": ""Germany"", ""description"": ""Hamburg renewable energy cluster agency supporting regional industry networking.""}",2026-07-08 14:55:31.891324+00
366f0b7f-3c3e-4307-9072-7e84d2885824,"{""city"": """", ""state"": """", ""labels"": [""EPC/Installer"", ""Slovakia"", ""Solar PV""], ""address"": """", ""country"": ""Slovakia"", ""description"": ""Provides solar PV installation and green energy services.""}",2026-07-08 14:55:31.891324+00
36c17088-6a26-42a2-80e4-7115b402ce94,"{""city"": ""Stuttgart"", ""state"": ""Baden-Württemberg"", ""labels"": [""Research/Academic"", ""Germany"", ""Hydrogen""], ""address"": """", ""country"": ""Germany"", ""description"": ""German research institute for solar energy and hydrogen research.""}",2026-07-08 14:55:31.891324+00
3700e23d-4f11-4cbf-be1f-1a78993e6b5a,"{""city"": """", ""state"": ""Bavaria"", ""labels"": [""Association"", ""Germany"", ""Hydrogen""], ""address"": """", ""country"": ""Germany"", ""description"": ""Bavarian state agency promoting hydrogen technology development.""}",2026-07-08 14:55:31.891324+00
370e5bc1-50fd-44fc-ab9e-3d93818e4894,"{""city"": ""Bilbao"", ""state"": """", ""labels"": [""Other"", ""Spain"", ""Grid""], ""address"": """", ""country"": ""Spain"", ""description"": ""Manufactures medium-voltage switchgear and grid equipment.""}",2026-07-08 14:55:31.891324+00
37276163-183a-4ab0-907a-214deec8be68,"{""city"": """", ""state"": """", ""labels"": [""Module Mfr"", ""China"", ""Solar PV""], ""address"": """", ""country"": ""China"", ""description"": ""Chinese manufacturer of solar energy technology products.""}",2026-07-08 14:55:31.891324+00
37580b44-f89f-4164-a56d-01bee65f979e,"{""city"": ""Nanjing"", ""state"": ""Jiangsu"", ""labels"": [""Module Mfr"", ""China"", ""Solar PV""], ""address"": """", ""country"": ""China"", ""description"": ""Manufactures crystalline silicon photovoltaic solar modules.""}",2026-07-08 14:55:31.891324+00
375bfd97-7e39-43ca-af9b-01e7abd7cb21,"{""city"": """", ""state"": """", ""labels"": [""Other"", ""Germany""], ""address"": """", ""country"": ""Germany"", ""description"": ""German manufacturer offering shading and building product solutions.""}",2026-07-08 14:55:31.891324+00
376b83ab-78ac-4ad7-90f0-62999365b130,"{""city"": """", ""state"": """", ""labels"": [""EPC/Installer"", ""South Korea"", ""Wind""], ""address"": """", ""country"": ""South Korea"", ""description"": ""Provides turbine crew and technical services for wind installations.""}",2026-07-08 14:56:09.517376+00
3796e5e7-864d-4038-b5ce-fcd6a07df9a1,"{""city"": """", ""state"": """", ""labels"": [""EPC/Installer"", ""Germany"", ""Solar PV"", ""Residential""], ""address"": """", ""country"": ""Germany"", ""description"": ""German solar installation company for residential PV systems.""}",2026-07-08 14:56:09.517376+00
379d95a6-992f-4af1-9730-e21d156cf109,"{""city"": """", ""state"": """", ""labels"": [""Association"", ""Germany"", ""Solar PV""], ""address"": """", ""country"": ""Germany"", ""description"": ""Network/association connecting solar installers and partners.""}",2026-07-08 14:56:09.517376+00
37a1f930-e1c9-40de-807a-754ac592a178,"{""city"": ""Suzhou"", ""state"": ""Jiangsu"", ""labels"": [""Mounting/Tracker"", ""China"", ""Solar PV""], ""address"": """", ""country"": ""China"", ""description"": ""Chinese manufacturer of solar mounting and racking systems.""}",2026-07-08 14:56:09.517376+00
37ac42c2-53a1-4ca7-807a-92687298d8ec,"{""city"": """", ""state"": """", ""labels"": [""Distributor"", ""China""], ""address"": """", ""country"": ""China"", ""description"": ""Overseas warehousing and logistics service provider.""}",2026-07-08 14:56:09.517376+00
37b71d48-7133-4327-b9be-d452d435240d,"{""city"": ""New Delhi"", ""state"": """", ""labels"": [""Module Mfr"", ""India"", ""Solar PV""], ""address"": """", ""country"": ""India"", ""description"": ""Indian manufacturer of solar PV modules.""}",2026-07-08 14:56:09.517376+00
37b86906-7567-4764-92b6-d341a99a3549,"{""city"": ""Xiamen"", ""state"": ""Fujian"", ""labels"": [""Cable/BOS"", ""China"", ""Solar PV""], ""address"": """", ""country"": ""China"", ""description"": ""Chinese manufacturer of solar backsheets and BOS materials.""}",2026-07-08 14:56:09.517376+00
37cc842d-6ce1-4ef9-bc35-e97ec3565cd7,"{""city"": """", ""state"": """", ""labels"": [""Testing/Certification"", ""Germany""], ""address"": """", ""country"": ""Germany"", ""description"": ""German manufacturer of electrical measurement and test instruments.""}",2026-07-08 14:56:09.517376+00
37d38adc-b332-4efe-b83d-badaa04eda2c,"{""city"": """", ""state"": """", ""labels"": [""EPC/Installer"", ""Turkey"", ""Solar PV""], ""address"": """", ""country"": ""Turkey"", ""description"": ""Turkish energy engineering and installation contractor.""}",2026-07-08 14:56:09.517376+00
37e8a50a-6d4f-4485-9e4a-b85758152e30,"{""city"": ""Munich"", ""state"": ""Bavaria"", ""labels"": [""Other"", ""Germany""], ""address"": """", ""country"": ""Germany"", ""description"": ""German manufacturer of industrial DIN-rail power supplies.""}",2026-07-08 14:56:09.517376+00
37f2b971-7cf6-42fe-ae3b-baf428a51a40,"{""city"": ""Dongguan"", ""state"": ""Guangdong"", ""labels"": [""Mounting/Tracker"", ""China""], ""address"": """", ""country"": ""China"", ""description"": ""Chinese manufacturer of metal parts for mounting structures.""}",2026-07-08 14:56:09.517376+00
383bcc78-4e76-46df-aae8-4ae889cf12f5,"{""city"": """", ""state"": """", ""labels"": [""Cable/BOS"", ""Germany"", ""EV Charging""], ""address"": """", ""country"": ""Germany"", ""description"": ""German maker of cable management systems for EV charging.""}",2026-07-08 14:56:09.517376+00
384d25e3-eb63-4908-aab1-db0658ab0db0,"{""city"": ""Kolitzheim"", ""state"": ""Bavaria"", ""labels"": [""Developer/IPP"", ""Germany"", ""Utility-scale""], ""address"": """", ""country"": ""Germany"", ""description"": ""German developer and EPC of utility-scale solar power plants.""}",2026-07-08 14:56:09.517376+00
3861dc2c-3fc7-48d4-a1dd-1a2c37acfc22,"{""city"": ""Langfang"", ""state"": ""Hebei"", ""labels"": [""Other"", ""China""], ""address"": """", ""country"": ""China"", ""description"": ""Chinese manufacturer of laser optoelectronic equipment.""}",2026-07-08 14:56:09.517376+00
386f24a4-5ebf-4e74-82d2-930c849ab7a2,"{""city"": """", ""state"": """", ""labels"": [""Other"", ""Germany"", ""EV Charging""], ""address"": """", ""country"": ""Germany"", ""description"": ""European EV charger manufacturer, subsidiary of XCharge.""}",2026-07-08 14:56:09.517376+00
38713f16-fd1d-4727-97fc-398ebf80ac38,"{""city"": ""Ahrensburg"", ""state"": """", ""labels"": [""Metering/Monitoring"", ""Germany"", ""Solar PV""], ""address"": """", ""country"": ""Germany"", ""description"": ""German manufacturer of solar PV monitoring systems.""}",2026-07-08 14:56:09.517376+00
38ac1068-ea1f-452c-9af3-319c4c8f9393,"{""city"": """", ""state"": """", ""labels"": [""Cable/BOS"", ""China"", ""EV Charging""], ""address"": """", ""country"": ""China"", ""description"": ""Manufacturer of EV charging cables and connectors.""}",2026-07-08 14:56:09.517376+00
38cd6203-bc4f-4a8b-825e-c35b43bd5318,"{""city"": """", ""state"": """", ""labels"": [""Consultancy"", ""Germany""], ""address"": """", ""country"": ""Germany"", ""description"": ""German consultancy/services company in the energy sector.""}",2026-07-08 14:56:09.517376+00
38d87816-48d6-4a5f-832c-095262783897,"{""city"": """", ""state"": """", ""labels"": [""Cable/BOS"", ""Poland"", ""EV Charging""], ""address"": """", ""country"": ""Poland"", ""description"": ""Polish manufacturer of EV charging cable accessories.""}",2026-07-08 14:56:09.517376+00
38e3c908-1360-418d-b1ab-95a6ec3f48d7,"{""city"": ""Eindhoven"", ""state"": """", ""labels"": [""Other"", ""Netherlands"", ""Grid""], ""address"": """", ""country"": ""Netherlands"", ""description"": ""Global semiconductor manufacturer supplying power electronics components.""}",2026-07-08 14:56:09.517376+00
38f0a83d-06cc-4d97-94e3-7555bc6cc0b5,"{""city"": """", ""state"": """", ""labels"": [""Battery/Storage"", ""Germany""], ""address"": """", ""country"": ""Germany"", ""description"": ""German energy storage / renewable energy company.""}",2026-07-08 14:56:09.517376+00
3931dbb4-66a0-4816-98a3-ae70ceef319c,"{""city"": """", ""state"": """", ""labels"": [""EPC/Installer"", ""Italy"", ""Solar PV""], ""address"": """", ""country"": ""Italy"", ""description"": ""Italian company operating in the solar energy sector.""}",2026-07-08 14:56:09.517376+00
39639718-7f35-4aa3-b284-d52725d7b4e4,"{""city"": """", ""state"": """", ""labels"": [""Software"", ""Netherlands""], ""address"": """", ""country"": ""Netherlands"", ""description"": ""Software company serving the renewable energy sector.""}",2026-07-08 14:56:09.517376+00
3968ff6f-8f0c-4060-9a83-3841d7ce242b,"{""city"": ""Ningde"", ""state"": ""Fujian"", ""labels"": [""Battery/Storage"", ""China""], ""address"": """", ""country"": ""China"", ""description"": ""Chinese manufacturer of lithium-ion batteries for EVs and energy storage.""}",2026-07-08 14:56:09.517376+00
396c75f5-ec58-429e-859e-a54f21b43b06,"{""city"": """", ""state"": """", ""labels"": [""Association"", ""Netherlands"", ""Solar PV""], ""address"": """", ""country"": ""Netherlands"", ""description"": ""Association/network operating in the renewable energy sector.""}",2026-07-08 14:56:09.517376+00
396d9b2e-d61b-4e1e-8cf5-d9dc71957166,"{""city"": """", ""state"": """", ""labels"": [""Consultancy"", ""United States""], ""address"": """", ""country"": ""United States"", ""description"": ""Energy consulting and advisory firm.""}",2026-07-08 14:56:24.029003+00
3980b99a-e846-4bb1-af75-9853cd8592a6,"{""city"": ""Berlin"", ""state"": """", ""labels"": [""Association"", ""Germany"", ""EV Charging"", ""Grid""], ""address"": """", ""country"": ""Germany"", ""description"": ""German national coordination office for EV charging infrastructure.""}",2026-07-08 14:56:24.029003+00
3980c8a6-796a-4516-86f7-63b127cb7911,"{""city"": ""Hannover"", ""state"": """", ""labels"": [""Testing/Certification"", ""Germany"", ""Solar PV""], ""address"": """", ""country"": ""Germany"", ""description"": ""Testing, inspection and certification services for renewable energy.""}",2026-07-08 14:56:24.029003+00
39946649-3a7f-41e4-9861-93e1867ba2fa,"{""city"": ""Penzberg"", ""state"": """", ""labels"": [""Other"", ""Germany""], ""address"": """", ""country"": ""Germany"", ""description"": ""Manufactures electrostatic and sensor-based separation systems for recycling.""}",2026-07-08 14:56:24.029003+00
39a2f6a4-f143-4ad1-aebf-9c08829eb154,"{""city"": ""Taipei"", ""state"": """", ""labels"": [""Association"", ""Taiwan""], ""address"": """", ""country"": ""Taiwan"", ""description"": ""Taiwan external trade development council promoting trade including clean energy.""}",2026-07-08 14:56:24.029003+00
39e15b9b-701d-4c38-957a-6999fb5c08fe,"{""city"": """", ""state"": """", ""labels"": [""Other"", ""Germany""], ""address"": """", ""country"": ""Germany"", ""description"": ""Timber construction company.""}",2026-07-08 14:56:24.029003+00
39e459b1-555f-438f-be4a-cfbfd7987495,"{""city"": ""Julich"", ""state"": """", ""labels"": [""Research/Academic"", ""Germany"", ""Solar PV""], ""address"": """", ""country"": ""Germany"", ""description"": ""Solar research initiative affiliated with Forschungszentrum Julich.""}",2026-07-08 14:56:24.029003+00
39f3eb28-4cb8-4e7d-8c9e-771b6a748f9b,"{""city"": """", ""state"": ""Zhejiang"", ""labels"": [""Cable/BOS"", ""China""], ""address"": """", ""country"": ""China"", ""description"": ""Manufactures welding and cable equipment for industrial use.""}",2026-07-08 14:56:24.029003+00
3a476b9f-312a-41e8-a6ca-6c3e048d49cd,"{""city"": """", ""state"": """", ""labels"": [""EPC/Installer"", ""Bulgaria"", ""Solar PV""], ""address"": """", ""country"": ""Bulgaria"", ""description"": ""Solar PV installation and EPC company.""}",2026-07-08 14:56:24.029003+00
3a509880-7834-4a85-b8d3-67d4d91c5945,"{""city"": ""Xiamen"", ""state"": """", ""labels"": [""Battery/Storage"", ""China""], ""address"": """", ""country"": ""China"", ""description"": ""Manufactures lithium battery energy storage systems.""}",2026-07-08 14:56:24.029003+00
3a6ad70d-76e1-4aea-b13e-79ac66e48f72,"{""city"": """", ""state"": """", ""labels"": [""Other"", ""China""], ""address"": """", ""country"": ""China"", ""description"": ""Manufactures laser cutting and marking equipment.""}",2026-07-08 14:56:24.029003+00
3a6b6211-4bd7-4970-8f60-a1af006efb92,"{""city"": """", ""state"": ""Zhejiang"", ""labels"": [""Cable/BOS"", ""China"", ""EV Charging""], ""address"": """", ""country"": ""China"", ""description"": ""Manufactures EV charging cables and connectors.""}",2026-07-08 14:56:24.029003+00
3a6cd53a-7fc9-4ddc-bcfd-0d62a31f92ec,"{""city"": """", ""state"": """", ""labels"": [""Software"", ""Norway""], ""address"": """", ""country"": ""Norway"", ""description"": ""Provides geoscience and energy data/analytics software.""}",2026-07-08 14:56:24.029003+00
3a743a23-1a09-4fb7-8078-29f0758968e7,"{""city"": """", ""state"": """", ""labels"": [""Consultancy"", ""Netherlands""], ""address"": """", ""country"": ""Netherlands"", ""description"": ""Technical consulting solutions company.""}",2026-07-08 14:56:24.029003+00
3a765bd9-409d-4d5e-86db-5fc91c86200a,"{""city"": ""Tangshan"", ""state"": ""Hebei"", ""labels"": [""Module Mfr"", ""China"", ""Solar PV""], ""address"": """", ""country"": ""China"", ""description"": ""Manufactures solar PV modules and mounting components.""}",2026-07-08 14:56:24.029003+00
3a7c1456-bfbc-46eb-abda-66c8893109fd,"{""city"": ""Shenzhen"", ""state"": ""Guangdong"", ""labels"": [""Cable/BOS"", ""China""], ""address"": """", ""country"": ""China"", ""description"": ""Manufactures electrical connectors and BOS components.""}",2026-07-08 14:56:24.029003+00
3a82991d-2f22-49d2-b8cf-c39d6f596822,"{""city"": """", ""state"": """", ""labels"": [""Metering/Monitoring"", ""Switzerland"", ""Grid""], ""address"": """", ""country"": ""Switzerland"", ""description"": ""Energy data and metering platform for peer-to-peer energy trading.""}",2026-07-08 14:56:24.029003+00
3a9f89d2-b17d-4d64-ab93-6eb1dfd6582a,"{""city"": """", ""state"": """", ""labels"": [""Mounting/Tracker"", ""Turkey""], ""address"": """", ""country"": ""Turkey"", ""description"": ""Metal manufacturing company producing mounting structures.""}",2026-07-08 14:56:24.029003+00
3aa3e835-1f5f-4202-99eb-974b0a654f7e,"{""city"": """", ""state"": """", ""labels"": [""Other"", ""Netherlands""], ""address"": """", ""country"": ""Netherlands"", ""description"": ""Develops mycelium-based sustainable materials.""}",2026-07-08 14:56:24.029003+00
3ad37ec8-0048-4efa-822c-f518377a110a,"{""city"": ""Xiamen"", ""state"": ""Fujian"", ""labels"": [""Inverter Mfr"", ""China""], ""address"": """", ""country"": ""China"", ""description"": ""Manufactures power electronics and inverter equipment.""}",2026-07-08 14:56:24.029003+00
3afde9f7-00ba-4292-bac3-c2bd49420790,"{""city"": """", ""state"": """", ""labels"": [""Mounting/Tracker"", ""China"", ""Solar PV""], ""address"": """", ""country"": ""China"", ""description"": ""Manufactures solar mounting and BOS products.""}",2026-07-08 14:56:24.029003+00
3b063083-f8b4-40de-a9e1-1e76a896f250,"{""city"": """", ""state"": """", ""labels"": [""Developer/IPP"", ""Germany"", ""C&I""], ""address"": """", ""country"": ""Germany"", ""description"": ""Develops community and neighborhood-scale energy solutions.""}",2026-07-08 14:56:24.029003+00
3b085c94-11f8-4b54-a315-fa08aaab546d,"{""city"": ""Stockholm"", ""state"": """", ""labels"": [""Battery/Storage"", ""Sweden""], ""address"": """", ""country"": ""Sweden"", ""description"": ""Manufactures lithium-ion battery energy storage systems.""}",2026-07-08 14:56:24.029003+00
3b161704-f2c3-43a2-9fdc-8608f9e53730,"{""city"": ""Koln"", ""state"": """", ""labels"": [""Software"", ""Germany""], ""address"": """", ""country"": ""Germany"", ""description"": ""Develops building energy performance and design software.""}",2026-07-08 14:56:24.029003+00
3b3088d8-92c4-4685-8089-27fd5b5d66d9,"{""city"": """", ""state"": ""Guangdong"", ""labels"": [""Cable/BOS"", ""China"", ""Solar PV""], ""address"": """", ""country"": ""China"", ""description"": ""Manufactures solar energy components and BOS equipment.""}",2026-07-08 14:56:24.029003+00
3b30c3f1-cda8-467f-92ab-7be4a7d1b61a,"{""city"": ""Frankfurt"", ""state"": ""Hesse"", ""labels"": [""Testing/Certification"", ""Germany"", ""Solar PV""], ""address"": """", ""country"": ""Germany"", ""description"": ""Makes IV curve tracers and testing equipment for solar cells and modules.""}",2026-07-08 14:57:23.454935+00
3b327823-317d-4c16-90ea-14b4760a28e1,"{""city"": """", ""state"": """", ""labels"": [""Battery/Storage"", ""Germany"", ""Residential""], ""address"": """", ""country"": ""Germany"", ""description"": ""German manufacturer of home battery storage systems.""}",2026-07-08 14:57:23.454935+00
3b6b61c9-c816-4142-b91e-27d06d7401c9,"{""city"": """", ""state"": """", ""labels"": [""Battery/Storage"", ""Germany"", ""Residential""], ""address"": """", ""country"": ""Germany"", ""description"": ""German provider of residential battery storage and energy management systems.""}",2026-07-08 14:57:23.454935+00
3bbcdd8d-38f1-4add-ab21-64698fa9caea,"{""city"": ""Almere"", ""state"": """", ""labels"": [""Other"", ""Netherlands"", ""EV Charging""], ""address"": """", ""country"": ""Netherlands"", ""description"": ""Dutch manufacturer of EV charging equipment, grid transformer substations and energy storage.""}",2026-07-08 14:57:23.454935+00
3bda77d8-15b9-41ce-a789-cc8f67e22c9b,"{""city"": ""Shenzhen"", ""state"": ""Guangdong"", ""labels"": [""Battery/Storage"", ""China""], ""address"": """", ""country"": ""China"", ""description"": ""Chinese manufacturer of power storage batteries.""}",2026-07-08 14:57:23.454935+00
3becd7ee-c3cb-4096-b03b-7f663b5f668f,"{""city"": """", ""state"": """", ""labels"": [""Battery/Storage"", ""China""], ""address"": """", ""country"": ""China"", ""description"": ""Chinese manufacturer of energy storage systems.""}",2026-07-08 14:57:23.454935+00
3bf04878-4b79-4528-a95e-fb4868fc746e,"{""city"": ""Tampere"", ""state"": """", ""labels"": [""Other"", ""Finland"", ""Grid""], ""address"": ""Alasniitynkatu 30"", ""country"": ""Finland"", ""description"": ""Finnish maker of power conversion equipment: DC power supplies, converters and inverters.""}",2026-07-08 14:57:23.454935+00
3c09c5a6-2cc5-4c33-9fe1-a92a62865c8b,"{""city"": ""Shenzhen"", ""state"": ""Guangdong"", ""labels"": [""Inverter Mfr"", ""China"", ""Solar PV""], ""address"": """", ""country"": ""China"", ""description"": ""Chinese manufacturer of solar inverters (Growatt brand).""}",2026-07-08 14:57:23.454935+00
3c0b78ff-7480-40d1-abfe-ba5c8920c08b,"{""city"": """", ""state"": """", ""labels"": [""Metering/Monitoring"", ""India"", ""Solar PV""], ""address"": """", ""country"": ""India"", ""description"": ""Indian provider of IoT-based monitoring solutions for solar and energy assets.""}",2026-07-08 14:57:23.454935+00
3c257d35-f6d4-4fa3-8474-12579078ad58,"{""city"": ""Bressanone"", ""state"": ""South Tyrol"", ""labels"": [""Cable/BOS"", ""Italy"", ""Solar PV""], ""address"": """", ""country"": ""Italy"", ""description"": ""Manufacturer of electrical connectors and cable accessories used in solar and industrial applications.""}",2026-07-08 14:57:23.454935+00
3c30ea2f-0828-4d58-8373-51495d03137a,"{""city"": ""Changzhou"", ""state"": ""Jiangsu"", ""labels"": [""Testing/Certification"", ""China"", ""Solar PV""], ""address"": """", ""country"": ""China"", ""description"": ""Chinese inspection and testing services provider for the solar industry.""}",2026-07-08 14:57:23.454935+00
3c358c4f-fcc0-4af2-a466-8085af88fafd,"{""city"": """", ""state"": """", ""labels"": [""Software"", ""United States"", ""Solar PV""], ""address"": """", ""country"": ""United States"", ""description"": ""Provides white-label customer portal and mobile app software for solar installers.""}",2026-07-08 14:57:23.454935+00
3c840289-848f-4c7c-a2d1-98e7d5fd5485,"{""city"": """", ""state"": """", ""labels"": [""Other"", ""Czech Republic"", ""Grid""], ""address"": """", ""country"": ""Czech Republic"", ""description"": ""Czech manufacturer of transformers for power and grid applications.""}",2026-07-08 14:57:23.454935+00
3c93565c-6a67-44cd-ae10-80c818ac18a8,"{""city"": """", ""state"": """", ""labels"": [""EPC/Installer"", ""France"", ""Solar PV""], ""address"": """", ""country"": ""France"", ""description"": ""French developer/installer of solar photovoltaic systems.""}",2026-07-08 14:57:23.454935+00
3c9f65f8-c56c-4191-9246-ae18e905d774,"{""city"": """", ""state"": ""Shandong"", ""labels"": [""Battery/Storage"", ""China""], ""address"": """", ""country"": ""China"", ""description"": ""Chinese manufacturer of industrial and power storage batteries.""}",2026-07-08 14:57:23.454935+00
3cb56c30-7832-4c72-88c4-7480e12e5c58,"{""city"": """", ""state"": """", ""labels"": [""Software"", ""Germany"", ""Grid""], ""address"": """", ""country"": ""Germany"", ""description"": ""AI-based energy management platform for monitoring and optimizing building energy consumption.""}",2026-07-08 14:57:23.454935+00
3cbcebb1-fb29-4cb8-a3d3-6bbcd41783c3,"{""city"": """", ""state"": """", ""labels"": [""Software"", ""Spain"", ""Grid""], ""address"": """", ""country"": ""Spain"", ""description"": ""Spanish provider of SCADA/PcVue supervisory software solutions.""}",2026-07-08 14:57:23.454935+00
3d047130-dfbb-4968-8cc5-0837f2362225,"{""city"": ""Bochum"", ""state"": ""North Rhine-Westphalia"", ""labels"": [""Financing"", ""Germany""], ""address"": """", ""country"": ""Germany"", ""description"": ""German ethical bank offering sustainable and renewable-energy financing.""}",2026-07-08 14:57:23.454935+00
3d126ac1-c038-4600-a19b-c7e4ced5c68e,"{""city"": """", ""state"": ""Jiangsu"", ""labels"": [""Battery/Storage"", ""China"", ""Solar PV""], ""address"": """", ""country"": ""China"", ""description"": ""Chinese manufacturer of residential energy storage batteries and inverters.""}",2026-07-08 14:57:23.454935+00
3d1951ce-8c4f-480a-9e91-c615143f9819,"{""city"": ""Shenzhen"", ""state"": ""Guangdong"", ""labels"": [""Battery/Storage"", ""China""], ""address"": """", ""country"": ""China"", ""description"": ""Chinese manufacturer of portable and battery-swap power storage products.""}",2026-07-08 14:57:23.454935+00
3d204b71-4d3f-453d-81b8-6bd1562e9a4a,"{""city"": ""Berlin"", ""state"": """", ""labels"": [""Software"", ""Germany"", ""Grid""], ""address"": """", ""country"": ""Germany"", ""description"": ""German platform for corporate energy procurement and power purchase agreements.""}",2026-07-08 14:57:23.454935+00
3d242dae-e8a6-41ea-aa3b-57d415db312a,"{""city"": """", ""state"": """", ""labels"": [""Other"", ""Turkey""], ""address"": """", ""country"": ""Turkey"", ""description"": ""Turkish machinery, energy and construction engineering company.""}",2026-07-08 14:57:23.454935+00
3d4bc6bf-9172-484b-b6b6-166ec407214d,"{""city"": """", ""state"": """", ""labels"": [""EPC/Installer"", ""Germany"", ""Solar PV""], ""address"": """", ""country"": ""Germany"", ""description"": ""German service company providing security and O&M services for solar installations.""}",2026-07-08 14:57:23.454935+00
3d7c41b3-e799-461b-8ae5-f770d6905fbc,"{""city"": """", ""state"": """", ""labels"": [""Distributor"", ""Turkey""], ""address"": """", ""country"": ""Turkey"", ""description"": ""Turkish trading company distributing automotive and industrial parts.""}",2026-07-08 14:57:23.454935+00
3d7dcd67-ea14-4e79-b9c2-376096a2c8cf,"{""city"": """", ""state"": """", ""labels"": [""Other"", ""Germany"", ""EV Charging""], ""address"": """", ""country"": ""Germany"", ""description"": ""German publisher operating electrive.net, a news outlet covering electric mobility.""}",2026-07-08 14:57:23.454935+00
3d8361ec-cd4b-4cd7-a56d-f570340b2599,"{""city"": ""Klaus"", ""state"": """", ""labels"": [""Testing/Certification"", ""Austria"", ""Grid""], ""address"": """", ""country"": ""Austria"", ""description"": ""Makes testing, diagnostic and monitoring equipment for power utilities and grid protection systems.""}",2026-07-08 14:57:26.370421+00
3d9704fb-f57e-43bc-b97a-dd89fd5db085,"{""city"": """", ""state"": ""Jiangsu"", ""labels"": [""Module Mfr"", ""China"", ""Solar PV""], ""address"": """", ""country"": ""China"", ""description"": ""Chinese manufacturer of solar photovoltaic modules.""}",2026-07-08 14:57:26.370421+00
3dab0b23-169a-40da-bc1b-c0106b71c516,"{""city"": ""Xiamen"", ""state"": ""Fujian"", ""labels"": [""Module Mfr"", ""China"", ""Solar PV""], ""address"": """", ""country"": ""China"", ""description"": ""Xiamen-based manufacturer and supplier of solar PV modules.""}",2026-07-08 14:57:26.370421+00
3db61846-49fb-44c8-96e2-f144b0b43c45,"{""city"": ""Qingdao"", ""state"": ""Shandong"", ""labels"": [""Inverter Mfr"", ""China"", ""Storage""], ""address"": """", ""country"": ""China"", ""description"": ""Qingdao-based manufacturer of power conversion and energy storage equipment.""}",2026-07-08 14:57:26.370421+00
3dfa6e4d-bef2-493e-835c-c3bf9e3f4325,"{""city"": """", ""state"": ""Guangdong"", ""labels"": [""Battery/Storage"", ""China"", ""Solar PV""], ""address"": """", ""country"": ""China"", ""description"": ""Guangdong-based energy technology company producing battery storage products.""}",2026-07-08 14:57:26.370421+00
3e036b73-419a-48fd-8228-723519f616a8,"{""city"": """", ""state"": """", ""labels"": [""EPC/Installer"", ""Germany""], ""address"": """", ""country"": ""Germany"", ""description"": ""German company offering construction and installation services including solar systems.""}",2026-07-08 14:57:26.370421+00
3e0c4d82-0cd8-4403-bf8a-32bb3ec2bbc9,"{""city"": """", ""state"": """", ""labels"": [""Developer/IPP"", ""Germany"", ""Grid""], ""address"": """", ""country"": ""Germany"", ""description"": ""ST Engineering unit providing hybrid power and energy solutions for industrial and grid applications.""}",2026-07-08 14:57:26.370421+00
3e203635-76bf-496d-bca4-ec84615cb5bb,"{""city"": ""Frankfurt"", ""state"": """", ""labels"": [""Association"", ""Germany"", ""Grid""], ""address"": """", ""country"": ""Germany"", ""description"": ""Working party of German electrical industry association ZVEI focused on direct current technology standards.""}",2026-07-08 14:57:26.370421+00
3e2100f7-58c1-47ce-8233-f47322829bc1,"{""city"": ""Munich"", ""state"": ""Bavaria"", ""labels"": [""Financing"", ""Germany""], ""address"": """", ""country"": ""Germany"", ""description"": ""German state bank providing corporate and project financing including energy projects.""}",2026-07-08 14:57:26.370421+00
3e31f20d-bf59-4e6b-ae72-ef8fe512f97b,"{""city"": ""Xiamen"", ""state"": ""Fujian"", ""labels"": [""Battery/Storage"", ""China""], ""address"": """", ""country"": ""China"", ""description"": ""Xiamen-based manufacturer of energy storage battery products.""}",2026-07-08 14:57:26.370421+00
3e3409f3-a164-49ea-83a1-c7f8e52b8153,"{""city"": """", ""state"": ""Jiangsu"", ""labels"": [""Battery/Storage"", ""China""], ""address"": """", ""country"": ""China"", ""description"": ""Jiangsu-based manufacturer of lithium battery energy storage systems.""}",2026-07-08 14:57:26.370421+00
3e3ce21e-e21b-43e8-9c20-7bf6f36daa64,"{""city"": """", ""state"": """", ""labels"": [""Battery/Storage"", ""Germany"", ""Residential""], ""address"": """", ""country"": ""Germany"", ""description"": ""European arm of Alpha ESS, supplying residential and commercial battery energy storage systems.""}",2026-07-08 14:57:26.370421+00
3e438d23-650b-464d-8d6b-2a19856c2b40,"{""city"": """", ""state"": """", ""labels"": [""Module Mfr"", ""Italy"", ""Solar PV""], ""address"": """", ""country"": ""Italy"", ""description"": ""Italian manufacturer of solar photovoltaic modules.""}",2026-07-08 14:57:26.370421+00
3e45f5df-8da9-4feb-a9ab-259e31096d5d,"{""city"": """", ""state"": """", ""labels"": [""Module Mfr"", ""China"", ""Solar PV""], ""address"": """", ""country"": ""China"", ""description"": ""Chinese manufacturer of solar photovoltaic panels.""}",2026-07-08 14:57:26.370421+00
3e4b4cc4-f0bc-45f1-89fd-02edfb745b8c,"{""city"": ""Frankfurt"", ""state"": """", ""labels"": [""EPC/Installer"", ""Germany""], ""address"": """", ""country"": ""Germany"", ""description"": ""Deutsche Bahn subsidiary providing railway construction and infrastructure engineering services.""}",2026-07-08 14:57:26.370421+00
3e6d123c-35a8-4477-8d54-448e54e95c23,"{""city"": ""London"", ""state"": """", ""labels"": [""Utility"", ""United Kingdom"", ""Grid""], ""address"": """", ""country"": ""United Kingdom"", ""description"": ""Energy trading arm of EDF Group, trading power, gas and environmental products.""}",2026-07-08 14:57:26.370421+00
3e70e92e-0ca0-4c1d-b893-e87898fed47c,"{""city"": ""Austin"", ""state"": ""Texas"", ""labels"": [""Battery/Storage"", ""United States"", ""EV Charging""], ""address"": """", ""country"": ""United States"", ""description"": ""American manufacturer of electric vehicles, battery energy storage and solar products.""}",2026-07-08 14:57:26.370421+00
3e7b2242-a8e0-4aca-8c03-e0ac65c0f9d4,"{""city"": ""Hefei"", ""state"": ""Anhui"", ""labels"": [""Inverter Mfr"", ""China"", ""Solar PV""], ""address"": """", ""country"": ""China"", ""description"": ""Chinese manufacturer of solar and storage inverters and power conversion equipment.""}",2026-07-08 14:57:26.370421+00
3e88c850-72c6-4099-bf37-f0b3e3710b26,"{""city"": """", ""state"": """", ""labels"": [""Cable/BOS"", ""Germany"", ""Solar PV""], ""address"": """", ""country"": ""Germany"", ""description"": ""German manufacturer of fastening technology and screws used in solar mounting systems.""}",2026-07-08 14:57:26.370421+00
3eb32511-714b-4ff7-9cae-808441563ae2,"{""city"": ""Shanghai"", ""state"": """", ""labels"": [""Battery/Storage"", ""China"", ""Residential""], ""address"": """", ""country"": ""China"", ""description"": ""Chinese manufacturer of lithium battery energy storage systems for residential and commercial use.""}",2026-07-08 14:57:26.370421+00
3ebf1c50-f36e-410c-8111-143263de2986,"{""city"": """", ""state"": """", ""labels"": [""Distributor"", ""Czech Republic""], ""address"": """", ""country"": ""Czech Republic"", ""description"": ""Czech company involved in energy and gas distribution and trading.""}",2026-07-08 14:57:26.370421+00
3ef30244-d0f7-4a28-8485-d6cd8d3c7cfb,"{""city"": ""Berlin"", ""state"": """", ""labels"": [""Software"", ""Germany"", ""EV Charging""], ""address"": """", ""country"": ""Germany"", ""description"": ""Volkswagen Group brand providing EV charging software and hardware solutions.""}",2026-07-08 14:57:26.370421+00
3f08b7c4-13e3-45e9-9ca8-42ae4b3fbc7e,"{""city"": """", ""state"": """", ""labels"": [""Other"", ""Germany""], ""address"": """", ""country"": ""Germany"", ""description"": ""Company with no available website; classification based on limited contact information.""}",2026-07-08 14:57:26.370421+00
3f478850-e8f8-4903-a654-98c19fcf1d68,"{""city"": """", ""state"": """", ""labels"": [""Inverter Mfr"", ""Italy"", ""Grid""], ""address"": """", ""country"": ""Italy"", ""description"": ""Nidec division manufacturing power conversion systems and industrial drives.""}",2026-07-08 14:57:26.370421+00
3f5d4c4c-f6fe-44e7-ba13-41c84b9941dc,"{""city"": ""Berlin"", ""state"": """", ""labels"": [""Software"", ""Germany"", ""Storage""], ""address"": """", ""country"": ""Germany"", ""description"": ""German company providing software for energy trading and battery storage optimization.""}",2026-07-08 14:57:26.370421+00
3f70f4e4-5405-4302-a595-313e030a6411,"{""city"": """", ""state"": """", ""labels"": [""Association"", ""Germany"", ""Solar PV""], ""address"": """", ""country"": ""Germany"", ""description"": ""German solar energy association promoting renewable and solar technology.""}",2026-07-08 14:58:14.621197+00
3f75a15a-5d8e-4420-8abe-43fa951a3d56,"{""city"": """", ""state"": """", ""labels"": [""Consultancy"", ""Germany"", ""Solar PV""], ""address"": """", ""country"": ""Germany"", ""description"": ""German legal/consulting firm specializing in solar energy projects.""}",2026-07-08 14:58:14.621197+00
3fd88ee8-c2ac-4c10-8383-893ee457347c,"{""city"": """", ""state"": """", ""labels"": [""Cable/BOS"", ""Germany""], ""address"": """", ""country"": ""Germany"", ""description"": ""Manufactures fluid connection and fastening components for industrial applications.""}",2026-07-08 14:58:14.621197+00
3fe35b57-161a-4cd8-a226-509b5ac43e91,"{""city"": """", ""state"": """", ""labels"": [""Testing/Certification"", ""Germany""], ""address"": """", ""country"": ""Germany"", ""description"": ""Technology company offering testing and measurement solutions.""}",2026-07-08 14:58:14.621197+00
3ff7a8ab-23d1-4f6b-bf50-d10d0d10b848,"{""city"": ""Shenzhen"", ""state"": """", ""labels"": [""Inverter Mfr"", ""China"", ""Solar PV""], ""address"": """", ""country"": ""China"", ""description"": ""Chinese manufacturer of power electronics and solar inverters (Kehua group).""}",2026-07-08 14:58:14.621197+00
3ffb6a8e-9eb2-4406-bd28-64257fc3c878,"{""city"": """", ""state"": """", ""labels"": [""Other"", ""Germany""], ""address"": """", ""country"": ""Germany"", ""description"": ""German company with no public website; industry classification unavailable.""}",2026-07-08 14:58:14.621197+00
4000ffca-c46d-4fcb-9d1e-cb61319f9342,"{""city"": """", ""state"": """", ""labels"": [""Battery/Storage"", ""China"", ""Storage""], ""address"": """", ""country"": ""China"", ""description"": ""Chinese manufacturer of energy storage battery systems.""}",2026-07-08 14:58:14.621197+00
400ec003-5d5e-4880-ad21-f5d6d2008a94,"{""city"": ""Seoul"", ""state"": """", ""labels"": [""Battery/Storage"", ""South Korea"", ""Storage""], ""address"": """", ""country"": ""South Korea"", ""description"": ""Korean manufacturer of lithium-ion batteries for energy storage and EVs.""}",2026-07-08 14:58:14.621197+00
402ef862-8ac4-4a82-b969-a15d6f3a37d7,"{""city"": """", ""state"": """", ""labels"": [""Mounting/Tracker"", ""Netherlands"", ""Solar PV""], ""address"": """", ""country"": ""Netherlands"", ""description"": ""Dutch manufacturer of solar mounting systems.""}",2026-07-08 14:58:14.621197+00
404127a9-a2f2-4da1-a864-ff5d65f814a1,"{""city"": """", ""state"": """", ""labels"": [""Inverter Mfr"", ""Netherlands"", ""Solar PV""], ""address"": """", ""country"": ""Netherlands"", ""description"": ""Netherlands subsidiary of Delta Electronics, supplying solar inverters and power electronics.""}",2026-07-08 14:58:14.621197+00
4044901a-c9ff-48dc-8787-86b5e66b2d5f,"{""city"": """", ""state"": """", ""labels"": [""Module Mfr"", ""China"", ""Solar PV""], ""address"": """", ""country"": ""China"", ""description"": ""Chinese manufacturer of photovoltaic solar modules.""}",2026-07-08 14:58:14.621197+00
4074a22b-e8da-404b-9f32-8ac1727bb44c,"{""city"": ""Jiangxi"", ""state"": """", ""labels"": [""Module Mfr"", ""China"", ""Solar PV""], ""address"": """", ""country"": ""China"", ""description"": ""Chinese solar technology company (JCN Solar).""}",2026-07-08 14:58:14.621197+00
4081da3e-c4af-46fc-a786-f65040ac0155,"{""city"": """", ""state"": """", ""labels"": [""Other"", ""Germany"", ""Solar PV""], ""address"": """", ""country"": ""Germany"", ""description"": ""German logistics services company serving the solar industry.""}",2026-07-08 14:58:14.621197+00
408b3a70-985a-4feb-abee-c558235f0f6e,"{""city"": """", ""state"": """", ""labels"": [""EPC/Installer"", ""Italy"", ""Solar PV""], ""address"": """", ""country"": ""Italy"", ""description"": ""Italian company providing solar installation and mounting solutions.""}",2026-07-08 14:58:14.621197+00
40d16b65-dd61-4897-8989-ff0bb137791c,"{""city"": """", ""state"": """", ""labels"": [""EPC/Installer"", ""Sweden"", ""Solar PV""], ""address"": """", ""country"": ""Sweden"", ""description"": ""Swedish solar energy installation and services company.""}",2026-07-08 14:58:14.621197+00
413e6407-5231-4314-b98c-fe88482e42a2,"{""city"": """", ""state"": """", ""labels"": [""Other"", ""Japan""], ""address"": """", ""country"": ""Japan"", ""description"": ""Japanese company operating under the GBP global brand.""}",2026-07-08 14:58:14.621197+00
414469d5-1483-46e3-a8e0-2a7ed5cecc44,"{""city"": """", ""state"": """", ""labels"": [""EV Charging"", ""Switzerland""], ""address"": """", ""country"": ""Switzerland"", ""description"": ""Swiss company providing EV charging technology solutions.""}",2026-07-08 14:58:14.621197+00
4156e5bc-4850-4bd7-8dba-1707496fdc63,"{""city"": """", ""state"": """", ""labels"": [""Distributor"", ""Turkey"", ""Solar PV""], ""address"": """", ""country"": ""Turkey"", ""description"": ""Turkish trading company importing and exporting machinery and solar equipment.""}",2026-07-08 14:58:14.621197+00
4166976e-e60d-49e6-b40a-0c3242aed982,"{""city"": """", ""state"": """", ""labels"": [""Mounting/Tracker"", ""Germany"", ""Solar PV""], ""address"": """", ""country"": ""Germany"", ""description"": ""German brand producing solar mounting systems, part of IBC Solar.""}",2026-07-08 14:58:14.621197+00
41975489-3352-4657-87fa-8eb5bcbff467,"{""city"": """", ""state"": """", ""labels"": [""Other"", ""Germany""], ""address"": """", ""country"": ""Germany"", ""description"": ""German company brand associated with ACP group.""}",2026-07-08 14:58:14.621197+00
41dac0fc-53a9-4f77-86cd-e3013530a237,"{""city"": """", ""state"": """", ""labels"": [""Utility"", ""Switzerland"", ""Solar PV""], ""address"": """", ""country"": ""Switzerland"", ""description"": ""Swiss energy utility with a dedicated solar business unit.""}",2026-07-08 14:58:14.621197+00
41dc4ce4-02f3-43b4-8de4-61c4a77847a3,"{""city"": """", ""state"": """", ""labels"": [""Cable/BOS"", ""Germany"", ""Solar PV""], ""address"": """", ""country"": ""Germany"", ""description"": ""German distributor of solar cables and connectors.""}",2026-07-08 14:58:14.621197+00
41e415a2-ccec-4e1f-8275-56041e502461,"{""city"": ""Berlin"", ""state"": """", ""labels"": [""Software"", ""Germany""], ""address"": """", ""country"": ""Germany"", ""description"": ""German developer of project management software.""}",2026-07-08 14:58:14.621197+00
41e57fe4-9ed2-49d6-b48d-eafde42a0830,"{""city"": ""Jena"", ""state"": """", ""labels"": [""Battery/Storage"", ""Germany"", ""Storage""], ""address"": """", ""country"": ""Germany"", ""description"": ""German developer of flow battery energy storage technology.""}",2026-07-08 14:58:14.621197+00
41ee066f-a5ed-43d0-a8c9-26ac4255abb2,"{""city"": """", ""state"": """", ""labels"": [""Inverter Mfr"", ""South Korea"", ""Solar PV""], ""address"": """", ""country"": ""South Korea"", ""description"": ""Korean manufacturer of electrical equipment including solar inverters.""}",2026-07-08 14:58:14.621197+00
420cef1b-eadb-4866-aa18-d16f9969ed51,"{""city"": """", ""state"": """", ""labels"": [""Software"", ""Netherlands"", ""EV Charging""], ""address"": """", ""country"": ""Netherlands"", ""description"": ""Provides simulation software for EV charging stations and infrastructure testing.""}",2026-07-08 14:58:19.806541+00
420d4952-e1d1-4a3b-b3af-729dbba52ebf,"{""city"": """", ""state"": """", ""labels"": [""Other"", ""Germany""], ""address"": """", ""country"": ""Germany"", ""description"": ""MES/FSP Power Solution provides power electronics and power supply solutions.""}",2026-07-08 14:58:19.806541+00
423aa020-871e-45d7-84d3-689e48851a1b,"{""city"": """", ""state"": """", ""labels"": [""Battery/Storage"", ""China""], ""address"": """", ""country"": ""China"", ""description"": ""Manufactures lithium materials for battery production.""}",2026-07-08 14:58:19.806541+00
42429dc6-c74f-4ecd-a9d7-361795d68fe8,"{""city"": """", ""state"": """", ""labels"": [""Software"", ""Israel"", ""Storage""], ""address"": """", ""country"": ""Israel"", ""description"": ""Provides software solutions for energy storage optimization and trading.""}",2026-07-08 14:58:19.806541+00
42889222-12fd-4b99-9a34-5505a81b026d,"{""city"": """", ""state"": """", ""labels"": [""Battery/Storage"", ""China""], ""address"": """", ""country"": ""China"", ""description"": ""Manufactures lead-acid and lithium batteries.""}",2026-07-08 14:58:19.806541+00
428c08c6-e9f4-4b67-9720-555ebb7efef9,"{""city"": """", ""state"": """", ""labels"": [""Software"", ""Germany""], ""address"": """", ""country"": ""Germany"", ""description"": ""Cybersecurity software provider, name suggests German operations of Upstream Security.""}",2026-07-08 14:58:19.806541+00
428e2bce-44d6-4bc9-b276-a7b24f0923b1,"{""city"": """", ""state"": """", ""labels"": [""Cable/BOS"", ""France""], ""address"": """", ""country"": ""France"", ""description"": ""Manufactures fastening and connection solutions for energy applications.""}",2026-07-08 14:58:19.806541+00
429e7dd8-840c-4663-86b5-442cc815d6b7,"{""city"": """", ""state"": """", ""labels"": [""Cable/BOS"", ""China"", ""Solar PV""], ""address"": """", ""country"": ""China"", ""description"": ""Manufactures new materials for solar module encapsulation and backsheets.""}",2026-07-08 14:58:19.806541+00
42ab3865-36bd-4335-99f1-8c0b5074aece,"{""city"": """", ""state"": """", ""labels"": [""Association"", ""United States"", ""Grid""], ""address"": """", ""country"": ""United States"", ""description"": ""Industry alliance promoting Open Automated Demand Response standards.""}",2026-07-08 14:58:19.806541+00
42b9da8d-a9f7-4622-b6b5-20f094beba56,"{""city"": ""Shenzhen"", ""state"": """", ""labels"": [""Inverter Mfr"", ""China""], ""address"": """", ""country"": ""China"", ""description"": ""Manufactures electric power and inverter technology products.""}",2026-07-08 14:58:19.806541+00
42cbae32-12d9-4ad6-aa96-aac3aac48d06,"{""city"": """", ""state"": """", ""labels"": [""Cable/BOS"", ""China"", ""Solar PV""], ""address"": """", ""country"": ""China"", ""description"": ""Manufactures lightning protection systems for solar and industrial applications.""}",2026-07-08 14:58:19.806541+00
42efff05-d3f0-411f-8b48-b767ea31c8b6,"{""city"": ""Baoding"", ""state"": """", ""labels"": [""Module Mfr"", ""China"", ""Solar PV""], ""address"": """", ""country"": ""China"", ""description"": ""Manufactures BIPV (building-integrated photovoltaic) modules.""}",2026-07-08 14:58:19.806541+00
42f6e598-0b84-4cce-a99c-3b68953f243e,"{""city"": """", ""state"": """", ""labels"": [""Developer/IPP"", ""Spain""], ""address"": """", ""country"": ""Spain"", ""description"": ""Renewable energy project development company.""}",2026-07-08 14:58:19.806541+00
4340d43d-d5d7-4f25-b30e-7901450ecb81,"{""city"": ""Shenzhen"", ""state"": """", ""labels"": [""Battery/Storage"", ""China""], ""address"": """", ""country"": ""China"", ""description"": ""Manufactures battery power products for energy storage.""}",2026-07-08 14:58:19.806541+00
436fb42f-a3cc-4b3f-899b-793515d7f434,"{""city"": """", ""state"": """", ""labels"": [""Battery/Storage"", ""South Korea""], ""address"": """", ""country"": ""South Korea"", ""description"": ""Provides energy storage and power solutions.""}",2026-07-08 14:58:19.806541+00
437f2afd-fc78-4a8a-8384-4b0c4e244c9b,"{""city"": """", ""state"": """", ""labels"": [""Module Mfr"", ""China"", ""Solar PV""], ""address"": """", ""country"": ""China"", ""description"": ""SKYWORTH PV/Solavita manufactures solar modules and energy storage products.""}",2026-07-08 14:58:19.806541+00
43917591-a099-4874-85ea-6c56c657cad5,"{""city"": """", ""state"": """", ""labels"": [""Other"", ""Austria""], ""address"": """", ""country"": ""Austria"", ""description"": ""Technology consulting and services company.""}",2026-07-08 14:58:19.806541+00
43aa6863-34dd-4448-8c51-8c2b88dc2199,"{""city"": """", ""state"": """", ""labels"": [""Cable/BOS"", ""China"", ""Solar PV""], ""address"": """", ""country"": ""China"", ""description"": ""Manufactures solar backsheet and encapsulant materials.""}",2026-07-08 14:58:19.806541+00
43d08c35-cd3d-4a04-978a-f87d1810d9a3,"{""city"": """", ""state"": """", ""labels"": [""Association"", ""Poland"", ""Storage""], ""address"": """", ""country"": ""Poland"", ""description"": ""National association promoting energy storage industry in Poland.""}",2026-07-08 14:58:19.806541+00
43dfeb4b-1001-4ad2-a7a9-e0c12bf35c8e,"{""city"": """", ""state"": """", ""labels"": [""Other"", ""Ireland"", ""EV Charging""], ""address"": """", ""country"": ""Ireland"", ""description"": ""Provides smart EV charging solutions and services.""}",2026-07-08 14:58:19.806541+00
440d8dac-262e-447f-a488-788915a894bb,"{""city"": """", ""state"": """", ""labels"": [""Other"", ""United Kingdom""], ""address"": """", ""country"": ""United Kingdom"", ""description"": ""Building energy and controls solutions provider.""}",2026-07-08 14:58:19.806541+00
4416b4bf-0f02-4b51-a066-b48e41f54176,"{""city"": """", ""state"": """", ""labels"": [""EPC/Installer"", ""Germany""], ""address"": """", ""country"": ""Germany"", ""description"": ""Electrical installation and engineering services company.""}",2026-07-08 14:58:19.806541+00
44204936-d2fd-4e73-8146-029baad8274d,"{""city"": """", ""state"": """", ""labels"": [""Other"", ""China""], ""address"": """", ""country"": ""China"", ""description"": ""Provides data center and computing infrastructure products.""}",2026-07-08 14:58:19.806541+00
4427eda1-7547-48e2-9b91-0a1a77e50112,"{""city"": """", ""state"": """", ""labels"": [""Mounting/Tracker"", ""Denmark""], ""address"": """", ""country"": ""Denmark"", ""description"": ""Manufactures steel components and structures including mounting systems.""}",2026-07-08 14:58:19.806541+00
4442fd22-8f49-4567-b0af-d322227d1558,"{""city"": """", ""state"": """", ""labels"": [""Other"", ""Greece""], ""address"": """", ""country"": ""Greece"", ""description"": ""Provides business services in Greece, sector unclear from name.""}",2026-07-08 14:58:19.806541+00
4445c1ec-7b96-4308-8792-dc118ca8a629,"{""city"": """", ""state"": """", ""labels"": [""EPC/Installer"", ""Greece"", ""Solar PV""], ""address"": """", ""country"": ""Greece"", ""description"": ""Solar PV installer/distributor operating under the profilodomi.solar domain.""}",2026-07-08 14:59:09.549137+00
4447b696-3948-4771-9117-fb726927291c,"{""city"": """", ""state"": """", ""labels"": [""Mounting/Tracker"", ""Austria""], ""address"": """", ""country"": ""Austria"", ""description"": ""Supplies aluminium profile and mounting system solutions.""}",2026-07-08 14:59:09.549137+00
444b954e-ec5e-40a2-914e-da023eb308e6,"{""city"": ""Ganzhou"", ""state"": """", ""labels"": [""Cable/BOS"", ""China""], ""address"": """", ""country"": ""China"", ""description"": ""Manufactures electrical equipment and components, based in Ganzhou.""}",2026-07-08 14:59:09.549137+00
444dd6c7-8abf-4090-9816-a16c03fb74c7,"{""city"": """", ""state"": """", ""labels"": [""Software"", ""Poland""], ""address"": """", ""country"": ""Poland"", ""description"": ""Software and digital product design studio.""}",2026-07-08 14:59:09.549137+00
44604146-f764-4bcd-98c0-065f46aaea29,"{""city"": """", ""state"": """", ""labels"": [""Other"", ""Norway"", ""EV Charging""], ""address"": """", ""country"": ""Norway"", ""description"": ""Manufactures EV charging equipment and vehicle electronics.""}",2026-07-08 14:59:09.549137+00
44721b40-7471-40ff-bf1e-e00fc8f6de1a,"{""city"": """", ""state"": """", ""labels"": [""Distributor"", ""Germany"", ""Solar PV""], ""address"": """", ""country"": ""Germany"", ""description"": ""Distributes solar and energy storage system components.""}",2026-07-08 14:59:09.549137+00
4472d058-647b-474f-9815-40321f72705f,"{""city"": """", ""state"": """", ""labels"": [""Testing/Certification"", ""Sweden"", ""Storage""], ""address"": """", ""country"": ""Sweden"", ""description"": ""Provides battery and energy storage testing services.""}",2026-07-08 14:59:09.549137+00
4488e3b6-80fe-4993-9560-7b433fd313db,"{""city"": ""Offenbach"", ""state"": """", ""labels"": [""Testing/Certification"", ""Germany""], ""address"": """", ""country"": ""Germany"", ""description"": ""VDE testing and certification institute for electrical and electronic products.""}",2026-07-08 14:59:09.549137+00
4489fef2-94ff-4d4a-91d5-a222c4d0142c,"{""city"": ""Verl"", ""state"": """", ""labels"": [""Cable/BOS"", ""Germany""], ""address"": """", ""country"": ""Germany"", ""description"": ""Manufactures transformers and power electronics components.""}",2026-07-08 14:59:09.549137+00
449c43db-f5a6-4e77-946c-103c2c81e50c,"{""city"": """", ""state"": """", ""labels"": [""Distributor"", ""Switzerland"", ""Solar PV""], ""address"": """", ""country"": ""Switzerland"", ""description"": ""Energy commodity and equipment trading company.""}",2026-07-08 14:59:09.549137+00
44bce6b6-aacb-4331-98d5-7a9e1481068a,"{""city"": """", ""state"": """", ""labels"": [""Consultancy"", ""Germany""], ""address"": """", ""country"": ""Germany"", ""description"": ""PV industry consultancy and event organizer (site/domain unavailable).""}",2026-07-08 14:59:09.549137+00
44c1f75e-1f10-4436-a264-4801ef69f064,"{""city"": """", ""state"": """", ""labels"": [""Metering/Monitoring"", ""United Kingdom""], ""address"": """", ""country"": ""United Kingdom"", ""description"": ""Distributes electricity meters and energy monitoring devices in Europe.""}",2026-07-08 14:59:09.549137+00
44e16d44-b48e-429d-aace-3e56e0853932,"{""city"": """", ""state"": """", ""labels"": [""EPC/Installer"", ""Italy"", ""Solar PV""], ""address"": """", ""country"": ""Italy"", ""description"": ""Provides solar EPC and operations & maintenance services.""}",2026-07-08 14:59:09.549137+00
45176d20-2148-4fa0-a921-f726f4ed2d24,"{""city"": ""Luxembourg"", ""state"": """", ""labels"": [""Mounting/Tracker"", ""Luxembourg"", ""C&I""], ""address"": """", ""country"": ""Luxembourg"", ""description"": ""Supplies steel building envelope and roofing solutions incl. solar mounting.""}",2026-07-08 14:59:09.549137+00
453b395c-9f35-404b-9e5f-df4181558d9e,"{""city"": """", ""state"": """", ""labels"": [""Metering/Monitoring"", ""Taiwan""], ""address"": """", ""country"": ""Taiwan"", ""description"": ""Manufactures electricity and energy meters.""}",2026-07-08 14:59:09.549137+00
4549d56f-2ddf-4430-a059-b5fa786d6ed6,"{""city"": """", ""state"": """", ""labels"": [""Consultancy"", ""Germany"", ""Grid""], ""address"": """", ""country"": ""Germany"", ""description"": ""Grid and energy infrastructure planning consultancy.""}",2026-07-08 14:59:09.549137+00
454a0cfc-1e4a-4012-8acd-119de4ef4178,"{""city"": ""Brussels"", ""state"": """", ""labels"": [""Research/Academic"", ""Belgium"", ""Solar PV""], ""address"": """", ""country"": ""Belgium"", ""description"": ""EU-funded PV research and innovation project/consortium.""}",2026-07-08 14:59:09.549137+00
4555b863-8c52-4724-b334-db0f499047df,"{""city"": """", ""state"": """", ""labels"": [""Inverter Mfr"", ""Taiwan""], ""address"": """", ""country"": ""Taiwan"", ""description"": ""Manufactures inverters and UPS power electronics.""}",2026-07-08 14:59:09.549137+00
455a33bd-ad89-4d44-bfaf-af778201414e,"{""city"": """", ""state"": """", ""labels"": [""Software"", ""Germany""], ""address"": """", ""country"": ""Germany"", ""description"": ""Provides site location planning software and data services.""}",2026-07-08 14:59:09.549137+00
456f7b2f-3657-4b5a-b281-a265fb623f32,"{""city"": """", ""state"": """", ""labels"": [""Software"", ""Germany""], ""address"": """", ""country"": ""Germany"", ""description"": ""Provides a digital platform (Klino) for building/energy management.""}",2026-07-08 14:59:09.549137+00
4575d5bd-7f55-4da4-ae8c-f3c085a4cff3,"{""city"": ""Zurich"", ""state"": """", ""labels"": [""Other"", ""Switzerland"", ""Grid""], ""address"": """", ""country"": ""Switzerland"", ""description"": ""Manufactures power grid technology including transformers and switchgear.""}",2026-07-08 14:59:09.549137+00
45b6d967-dccc-4a65-89fc-89e4898e0d8b,"{""city"": """", ""state"": """", ""labels"": [""Inverter Mfr"", ""Germany""], ""address"": """", ""country"": ""Germany"", ""description"": ""Manufactures power electronics and inverters.""}",2026-07-08 14:59:09.549137+00
45e0abc2-5056-46e4-8093-98ed52543894,"{""city"": """", ""state"": """", ""labels"": [""Cable/BOS"", ""China""], ""address"": """", ""country"": ""China"", ""description"": ""Manufactures standard fasteners and parts for mounting hardware.""}",2026-07-08 14:59:09.549137+00
45e9381d-1b6f-4138-8605-6d25a6bffc6c,"{""city"": """", ""state"": """", ""labels"": [""Other"", ""Germany""], ""address"": """", ""country"": ""Germany"", ""description"": ""Provides advertising/marketing agency services under brand flexad.""}",2026-07-08 14:59:09.549137+00
45f64b9b-24d9-4138-ad9f-66e899ecf4b0,"{""city"": """", ""state"": """", ""labels"": [""Other"", ""Germany""], ""address"": """", ""country"": ""Germany"", ""description"": ""Engineering/services company; specific product line unclear from name.""}",2026-07-08 14:59:09.549137+00
46162dac-3d53-4119-8da0-42163ac5b9d7,"{""city"": ""Bavaria"", ""state"": """", ""labels"": [""Software"", ""Germany"", ""Solar PV""], ""address"": """", ""country"": ""Germany"", ""description"": ""Provides weather forecasting and data software for renewable energy asset management.""}",2026-07-08 14:59:39.019713+00
463d11be-e9c1-4674-b0a1-7d96930ad5ed,"{""city"": ""Leipzig"", ""state"": """", ""labels"": [""Software"", ""Germany"", ""Grid""], ""address"": """", ""country"": ""Germany"", ""description"": ""Virtual power plant operator and direct marketer of renewable energy in Germany.""}",2026-07-08 14:59:39.019713+00
46697d12-c706-4a2a-8417-bae6a7b4f44b,"{""city"": """", ""state"": """", ""labels"": [""Cable/BOS"", ""Germany""], ""address"": """", ""country"": ""Germany"", ""description"": ""Manufactures cable and connector solutions for solar and electrical installations.""}",2026-07-08 14:59:39.019713+00
46837319-401b-4b4a-9a3b-4efff49a6df8,"{""city"": ""Shenzhen"", ""state"": ""Guangdong"", ""labels"": [""Inverter Mfr"", ""China"", ""Storage""], ""address"": """", ""country"": ""China"", ""description"": ""Manufactures power conversion systems and inverters for energy storage applications.""}",2026-07-08 14:59:39.019713+00
468d1ae9-21b9-4686-92b2-2a20b9038f03,"{""city"": ""Shanghai"", ""state"": """", ""labels"": [""Battery/Storage"", ""China""], ""address"": """", ""country"": ""China"", ""description"": ""Develops and manufactures energy storage systems and battery products.""}",2026-07-08 14:59:39.019713+00
468f2692-3c77-46ef-8e68-c7165e34ed9e,"{""city"": """", ""state"": """", ""labels"": [""EPC/Installer"", ""Netherlands"", ""Solar PV""], ""address"": """", ""country"": ""Netherlands"", ""description"": ""Group of companies installing solar PV and technical building services.""}",2026-07-08 14:59:39.019713+00
46994718-d017-4db6-b96a-0b7fc1a284da,"{""city"": ""Minneapolis"", ""state"": ""Minnesota"", ""labels"": [""Software"", ""United States""], ""address"": """", ""country"": ""United States"", ""description"": ""Provides weather and environmental data solutions including for energy markets.""}",2026-07-08 14:59:39.019713+00
46c6bdf8-dff4-49fc-af06-ae98f7fae6c4,"{""city"": ""Brussels"", ""state"": """", ""labels"": [""Association"", ""Belgium"", ""Solar PV""], ""address"": """", ""country"": ""Belgium"", ""description"": ""Industry association coordinating collection and recycling of end-of-life PV panels.""}",2026-07-08 14:59:39.019713+00
46c8ac7e-7606-4901-b703-e21f21a2184a,"{""city"": ""Suzhou"", ""state"": ""Jiangsu"", ""labels"": [""Testing/Certification"", ""China"", ""Solar PV""], ""address"": """", ""country"": ""China"", ""description"": ""Supplies production and testing equipment for solar module manufacturing.""}",2026-07-08 14:59:39.019713+00
46d765da-f89d-4289-a7bc-27d1f4796bc1,"{""city"": """", ""state"": """", ""labels"": [""Cable/BOS"", ""China""], ""address"": """", ""country"": ""China"", ""description"": ""Manufactures electrical connectors and cable accessories for solar systems.""}",2026-07-08 14:59:39.019713+00
46efa045-71e7-457b-bd65-95078b4c0253,"{""city"": ""Aachen"", ""state"": """", ""labels"": [""Consultancy"", ""Germany"", ""Hydrogen""], ""address"": """", ""country"": ""Germany"", ""description"": ""Engineering consultancy specializing in fuel cell and hydrogen technology development.""}",2026-07-08 14:59:39.019713+00
46f3f376-7e50-4614-8585-1db00ee904f0,"{""city"": ""Jiaxing"", ""state"": ""Zhejiang"", ""labels"": [""Cell/Wafer Mfr"", ""China"", ""Solar PV""], ""address"": """", ""country"": ""China"", ""description"": ""Manufactures perovskite and thin-film solar cells.""}",2026-07-08 14:59:39.019713+00
47566b37-2db0-49c2-9bcb-997e7522a9ef,"{""city"": """", ""state"": """", ""labels"": [""Software"", ""Germany""], ""address"": """", ""country"": ""Germany"", ""description"": ""Provides digital software solutions for the energy sector.""}",2026-07-08 14:59:39.019713+00
4773cfe4-d912-48b9-9bf6-b3b324d4f62c,"{""city"": """", ""state"": """", ""labels"": [""Research/Academic"", ""Germany"", ""Solar PV""], ""address"": """", ""country"": ""Germany"", ""description"": ""Develops advanced materials technology for photovoltaic applications.""}",2026-07-08 14:59:39.019713+00
4792b542-4714-444d-9a78-9b93b2a49c05,"{""city"": ""Hyderabad"", ""state"": ""Telangana"", ""labels"": [""Cell/Wafer Mfr"", ""India"", ""Solar PV""], ""address"": """", ""country"": ""India"", ""description"": ""Manufactures solar cells and modules in India.""}",2026-07-08 14:59:39.019713+00
4797357c-6c19-4bd5-a7df-1a35ac091644,"{""city"": ""Bad Vilbel"", ""state"": ""Hesse"", ""labels"": [""Developer/IPP"", ""Germany"", ""Solar PV""], ""address"": """", ""country"": ""Germany"", ""description"": ""Develops, finances and operates renewable energy plants in Germany.""}",2026-07-08 14:59:39.019713+00
47ad1126-4b89-4ca3-a89e-46d5bbf23a30,"{""city"": """", ""state"": """", ""labels"": [""EPC/Installer"", ""Netherlands"", ""Solar PV""], ""address"": """", ""country"": ""Netherlands"", ""description"": ""Provides solar energy engineering and installation services in the Netherlands.""}",2026-07-08 14:59:39.019713+00
47aef62c-9f07-4318-988a-1fd94e1d675b,"{""city"": ""Friedrichshafen"", ""state"": ""Baden-Wurttemberg"", ""labels"": [""Other"", ""Germany""], ""address"": """", ""country"": ""Germany"", ""description"": ""Manufactures MTU power generation and distributed energy systems.""}",2026-07-08 14:59:39.019713+00
47ba1f23-8ea6-4786-8ccf-1ec9be668cd3,"{""city"": ""Gera"", ""state"": ""Thuringia"", ""labels"": [""Cable/BOS"", ""Germany""], ""address"": """", ""country"": ""Germany"", ""description"": ""Manufactures capacitors used in power electronics and renewable energy equipment.""}",2026-07-08 14:59:39.019713+00
47c4f4af-e619-44b2-83f5-6bdd4097e74e,"{""city"": ""Istanbul"", ""state"": """", ""labels"": [""Association"", ""Turkey""], ""address"": """", ""country"": ""Turkey"", ""description"": ""Turkish chamber facilitating industrial subcontracting and partnership exchange.""}",2026-07-08 14:59:39.019713+00
48294962-7a13-4eda-b0b4-374627bac9bb,"{""city"": """", ""state"": """", ""labels"": [""Consultancy"", ""Germany""], ""address"": """", ""country"": ""Germany"", ""description"": ""Provides consulting services for the energy industry in Germany.""}",2026-07-08 14:59:39.019713+00
483ba6c7-9361-43a7-adfa-ddf2868fe471,"{""city"": """", ""state"": ""Zhejiang"", ""labels"": [""Cable/BOS"", ""China""], ""address"": """", ""country"": ""China"", ""description"": ""Manufactures magnetic and electronic components for power applications.""}",2026-07-08 14:59:39.019713+00
4891800b-6d45-4fa2-a157-ab82f541b628,"{""city"": """", ""state"": """", ""labels"": [""Testing/Certification"", ""Germany""], ""address"": """", ""country"": ""Germany"", ""description"": ""Provides certification and testing services for electrical products.""}",2026-07-08 14:59:39.019713+00
48b9f36a-0416-430b-8091-f68fd01edb7c,"{""city"": ""Hangzhou"", ""state"": ""Zhejiang"", ""labels"": [""Inverter Mfr"", ""China""], ""address"": """", ""country"": ""China"", ""description"": ""Manufactures power electronics including inverters and chargers.""}",2026-07-08 14:59:39.019713+00
48e65922-68fe-4da4-8a0c-ae3c99d63a17,"{""city"": """", ""state"": """", ""labels"": [""Other"", ""China"", ""EV Charging""], ""address"": """", ""country"": ""China"", ""description"": ""Develops electric vehicle technology and related power electronics.""}",2026-07-08 14:59:39.019713+00
48fab2c2-e952-4329-8eee-4077652e2fde,"{""city"": ""Shanghai"", ""state"": """", ""labels"": [""Inverter Mfr"", ""China"", ""Solar PV""], ""address"": """", ""country"": ""China"", ""description"": ""Chinese manufacturer of solar string inverters and energy storage inverters.""}",2026-07-08 15:00:03.489873+00
4928a992-efce-40ab-8421-2d3709f60039,"{""city"": """", ""state"": """", ""labels"": [""Software"", ""France"", ""Solar PV""], ""address"": """", ""country"": ""France"", ""description"": ""Energy technology company offering smart energy management solutions.""}",2026-07-08 15:00:03.489873+00
4957cab1-7124-4164-b559-ffb569a5499a,"{""city"": """", ""state"": """", ""labels"": [""Mounting/Tracker"", ""Turkey"", ""Solar PV""], ""address"": """", ""country"": ""Turkey"", ""description"": ""Turkish steel manufacturer producing solar PV mounting and tracker structures.""}",2026-07-08 15:00:03.489873+00
495fbaba-eb46-43b7-b66a-ce2e213e1947,"{""city"": """", ""state"": """", ""labels"": [""Software"", ""Germany"", ""Grid""], ""address"": """", ""country"": ""Germany"", ""description"": ""German company providing digital smart home and energy management platform.""}",2026-07-08 15:00:03.489873+00
496433e8-b399-4e47-ba98-09df93d1d033,"{""city"": """", ""state"": """", ""labels"": [""Metering/Monitoring"", ""Germany"", ""Solar PV""], ""address"": """", ""country"": ""Germany"", ""description"": ""German provider of smart metering and energy monitoring software.""}",2026-07-08 15:00:03.489873+00
4978f55b-6690-4d3e-8d44-fa50914cd849,"{""city"": """", ""state"": """", ""labels"": [""Consultancy"", ""Germany""], ""address"": """", ""country"": ""Germany"", ""description"": ""German energy consultancy and project development firm.""}",2026-07-08 15:00:03.489873+00
498fb7bb-ee20-48ff-9794-60164cfa8ef7,"{""city"": """", ""state"": """", ""labels"": [""Metering/Monitoring"", ""Germany""], ""address"": """", ""country"": ""Germany"", ""description"": ""German manufacturer of instrument transformers for metering and grid applications.""}",2026-07-08 15:00:03.489873+00
49a6de2c-d733-4b9f-9282-3de40edf33c4,"{""city"": ""Xuzhou"", ""state"": """", ""labels"": [""Mounting/Tracker"", ""China"", ""Solar PV""], ""address"": """", ""country"": ""China"", ""description"": ""Chinese manufacturer of solar mounting and tracking systems.""}",2026-07-08 15:00:03.489873+00
49aedd79-b248-4581-9759-569684a11679,"{""city"": """", ""state"": """", ""labels"": [""Other"", ""Austria""], ""address"": """", ""country"": ""Austria"", ""description"": ""Austrian small business offering tooling or technical services.""}",2026-07-08 15:00:03.489873+00
49c8ac2e-412d-49de-87d5-5aa631fef630,"{""city"": """", ""state"": """", ""labels"": [""Research/Academic"", ""Germany"", ""Grid""], ""address"": """", ""country"": ""Germany"", ""description"": ""Fraunhofer institute branch conducting applied research on automation and energy systems.""}",2026-07-08 15:00:03.489873+00
49ca9a11-6cc7-46e3-8023-4693d63238a5,"{""city"": """", ""state"": """", ""labels"": [""Distributor"", ""Norway"", ""EV Charging""], ""address"": """", ""country"": ""Norway"", ""description"": ""Norwegian company operating and distributing EV charging station solutions.""}",2026-07-08 15:00:03.489873+00
4a06371b-7306-4597-be18-9d1f976e9255,"{""city"": """", ""state"": """", ""labels"": [""Software"", ""Germany""], ""address"": """", ""country"": ""Germany"", ""description"": ""Software engineering company providing IoT and digital solutions.""}",2026-07-08 15:00:03.489873+00
4a618384-7b0d-42dc-8c37-211ebdaef5d8,"{""city"": """", ""state"": """", ""labels"": [""Other"", ""Germany"", ""Solar PV""], ""address"": """", ""country"": ""Germany"", ""description"": ""German company specializing in recycling of end-of-life photovoltaic modules.""}",2026-07-08 15:00:03.489873+00
4a6a72c7-084c-4f8d-be28-6bfe894ce82c,"{""city"": """", ""state"": """", ""labels"": [""Battery/Storage"", ""Germany""], ""address"": """", ""country"": ""Germany"", ""description"": ""German battery storage solutions company, subsidiary linked to EnBW.""}",2026-07-08 15:00:03.489873+00
4a74a605-c062-4d85-8cca-69c9b183c4dd,"{""city"": """", ""state"": """", ""labels"": [""Other"", ""United States"", ""Solar PV""], ""address"": """", ""country"": ""United States"", ""description"": ""Manufacturer of autonomous robotic mowers for solar farm vegetation maintenance.""}",2026-07-08 15:00:03.489873+00
4a9ccbd5-e03b-4ee7-b1ee-aa9ae20f506e,"{""city"": """", ""state"": """", ""labels"": [""Software"", ""Switzerland"", ""Grid""], ""address"": """", ""country"": ""Switzerland"", ""description"": ""Swiss company providing energy management and smart metering software.""}",2026-07-08 15:00:03.489873+00
4ab674ce-b62d-4b95-b33b-667f812fc97d,"{""city"": """", ""state"": """", ""labels"": [""Consultancy"", ""United Kingdom""], ""address"": """", ""country"": ""United Kingdom"", ""description"": ""UK-based energy consultancy and procurement advisory firm.""}",2026-07-08 15:00:03.489873+00
4ab7f6bf-0e9c-428a-83e7-51c8b6f2e1e7,"{""city"": """", ""state"": """", ""labels"": [""Software"", ""Finland"", ""Grid""], ""address"": """", ""country"": ""Finland"", ""description"": ""Finnish company providing wireless IoT connectivity and mesh networking technology.""}",2026-07-08 15:00:03.489873+00
4ac1234f-5e2e-467d-9eaf-dd5d115d817f,"{""city"": """", ""state"": """", ""labels"": [""Battery/Storage"", ""Germany"", ""Solar PV""], ""address"": """", ""country"": ""Germany"", ""description"": ""German manufacturer of battery storage systems for residential and commercial use.""}",2026-07-08 15:00:03.489873+00
4ac22c3a-7bb3-4e9f-87dc-18c6bb8aec60,"{""city"": """", ""state"": """", ""labels"": [""Module Mfr"", ""China"", ""Solar PV""], ""address"": """", ""country"": ""China"", ""description"": ""Major Chinese manufacturer of crystalline silicon photovoltaic modules.""}",2026-07-08 15:00:03.489873+00
4ad399aa-17f5-4a62-bf11-e3480dc30e35,"{""city"": """", ""state"": """", ""labels"": [""Other"", ""Slovenia""], ""address"": """", ""country"": ""Slovenia"", ""description"": ""Slovenian company in the energy or trading sector, limited public information available.""}",2026-07-08 15:00:03.489873+00
4b0e1e64-cab4-4f00-9e14-34a8f8305b8c,"{""city"": """", ""state"": """", ""labels"": [""Other"", ""Norway""], ""address"": """", ""country"": ""Norway"", ""description"": ""Norwegian company, likely active in the energy sector, limited public information.""}",2026-07-08 15:00:03.489873+00
4b51ee14-601f-4b5a-b2be-98c1057008d9,"{""city"": """", ""state"": """", ""labels"": [""Software"", ""Estonia"", ""Grid""], ""address"": """", ""country"": ""Estonia"", ""description"": ""Estonian company providing energy usage tracking and management software.""}",2026-07-08 15:00:03.489873+00
4b69bb03-070e-4d08-8c4b-491aca370f80,"{""city"": """", ""state"": """", ""labels"": [""Utility"", ""Germany"", ""Grid""], ""address"": """", ""country"": ""Germany"", ""description"": ""German regional utility company providing electricity, gas and energy services.""}",2026-07-08 15:00:03.489873+00
4b91e5fa-4249-444d-a478-a80210b84a61,"{""city"": """", ""state"": """", ""labels"": [""Software"", ""Germany"", ""EV Charging""], ""address"": """", ""country"": ""Germany"", ""description"": ""German provider of digital payment and roaming solutions for EV charging.""}",2026-07-08 15:00:03.489873+00
4baae416-1e5d-4532-a776-97ee068dd9e8,"{""city"": """", ""state"": """", ""labels"": [""Other"", ""China""], ""address"": """", ""country"": ""China"", ""description"": ""Manufactures fire detection and suppression technology products.""}",2026-07-08 15:00:27.725876+00
4baaff7c-5de6-4315-a5e9-2889e9c4425d,"{""city"": ""Shenzhen"", ""state"": """", ""labels"": [""Other"", ""China""], ""address"": """", ""country"": ""China"", ""description"": ""Communication and electronics technology company based in Shenzhen.""}",2026-07-08 15:00:27.725876+00
4bbea6de-cde2-414a-8715-b5a877661ea0,"{""city"": """", ""state"": """", ""labels"": [""Mounting/Tracker"", ""Germany"", ""Solar PV""], ""address"": """", ""country"": ""Germany"", ""description"": ""Develops floating solar-thermal hybrid systems for offshore/nearshore deployment.""}",2026-07-08 15:00:27.725876+00
4bd0ba20-3add-4d35-abf1-1e79366afba6,"{""city"": """", ""state"": """", ""labels"": [""Cable/BOS"", ""Netherlands""], ""address"": """", ""country"": ""Netherlands"", ""description"": ""Supplies electronic components including relays, sensors and switches for industrial use.""}",2026-07-08 15:00:27.725876+00
4bd7469a-4543-4f17-9b35-99061d7d4305,"{""city"": """", ""state"": """", ""labels"": [""Module Mfr"", ""China"", ""Solar PV""], ""address"": """", ""country"": ""China"", ""description"": ""Manufactures solar PV modules and low-carbon new energy products.""}",2026-07-08 15:00:27.725876+00
4bdfe818-f98b-42dc-8164-ec6df81ca3cb,"{""city"": """", ""state"": """", ""labels"": [""Software"", ""Belgium"", ""Grid""], ""address"": """", ""country"": ""Belgium"", ""description"": ""Provides AI-driven software for energy optimization and grid management.""}",2026-07-08 15:00:27.725876+00
4c07a379-6515-48c8-89a7-43cba8f5b2ac,"{""city"": """", ""state"": """", ""labels"": [""Cable/BOS"", ""Germany""], ""address"": """", ""country"": ""Germany"", ""description"": ""Supplies cable and wire solutions, likely for electrical and energy applications.""}",2026-07-08 15:00:27.725876+00
4c256fab-078d-48f4-ae5e-bacb964329d2,"{""city"": """", ""state"": """", ""labels"": [""Other"", ""Italy""], ""address"": """", ""country"": ""Italy"", ""description"": ""Italian industrial systems and equipment supplier.""}",2026-07-08 15:00:27.725876+00
4c2850f8-f955-4807-801a-9ec54b6831aa,"{""city"": """", ""state"": """", ""labels"": [""Mounting/Tracker"", ""Germany"", ""Solar PV""], ""address"": """", ""country"": ""Germany"", ""description"": ""Provides building construction systems including solar mounting solutions.""}",2026-07-08 15:00:27.725876+00
4c3061ae-7ad8-4b00-b2db-375f16e75a15,"{""city"": """", ""state"": """", ""labels"": [""Other"", ""United Kingdom""], ""address"": """", ""country"": ""United Kingdom"", ""description"": ""Manufactures precision industrial control components such as switches and enclosures.""}",2026-07-08 15:00:27.725876+00
4c6760b2-e8e4-4659-9ee9-03e295285ede,"{""city"": """", ""state"": """", ""labels"": [""Other"", ""China""], ""address"": """", ""country"": ""China"", ""description"": ""Large conglomerate manufacturing appliances, HVAC and smart home products.""}",2026-07-08 15:00:27.725876+00
4c7d6fb1-7b58-4c2a-b335-eb17eddd5bb2,"{""city"": """", ""state"": """", ""labels"": [""Battery/Storage"", ""Germany""], ""address"": """", ""country"": ""Germany"", ""description"": ""Develops home battery energy storage systems under the Indevolt brand.""}",2026-07-08 15:00:27.725876+00
4c83f25c-0624-4363-9aeb-700f58f58a5c,"{""city"": """", ""state"": """", ""labels"": [""Battery/Storage"", ""China""], ""address"": """", ""country"": ""China"", ""description"": ""Manufactures energy storage batteries and systems.""}",2026-07-08 15:00:27.725876+00
4c90a580-4f5e-41f4-9538-739970287baa,"{""city"": """", ""state"": """", ""labels"": [""Developer/IPP"", ""Germany"", ""Solar PV""], ""address"": """", ""country"": ""Germany"", ""description"": ""German company developing and operating renewable energy projects.""}",2026-07-08 15:00:27.725876+00
4cab2dcc-8c88-4350-91fd-ba7e4ba6c1aa,"{""city"": """", ""state"": """", ""labels"": [""Module Mfr"", ""China"", ""Solar PV""], ""address"": """", ""country"": ""China"", ""description"": ""Manufactures solar PV modules and power products.""}",2026-07-08 15:00:27.725876+00
4ccf4e1c-0335-4068-a69d-73da0459cd94,"{""city"": """", ""state"": """", ""labels"": [""Other"", ""China""], ""address"": """", ""country"": ""China"", ""description"": ""Manufactures machinery equipment including heat pumps.""}",2026-07-08 15:00:27.725876+00
4cdb4767-c195-4124-88ac-0723701ca533,"{""city"": """", ""state"": ""Basque Country"", ""labels"": [""Association"", ""Spain""], ""address"": """", ""country"": ""Spain"", ""description"": ""Basque regional cluster association promoting the energy industry.""}",2026-07-08 15:00:27.725876+00
4cfa51a0-7c2d-40ac-93e3-b68075d207ea,"{""city"": """", ""state"": """", ""labels"": [""Battery/Storage"", ""Germany""], ""address"": """", ""country"": ""Germany"", ""description"": ""German distributor of Bluetti portable power stations and batteries.""}",2026-07-08 15:00:27.725876+00
4d08d412-5ca6-4d58-a87f-94e9a3fe4ef9,"{""city"": """", ""state"": """", ""labels"": [""Module Mfr"", ""China"", ""Solar PV""], ""address"": """", ""country"": ""China"", ""description"": ""Manufactures solar PV modules and related solar energy products.""}",2026-07-08 15:00:27.725876+00
4d0cc57d-1ffc-4ea4-8e9b-c3bb4d36f0a3,"{""city"": ""Xiamen"", ""state"": """", ""labels"": [""Mounting/Tracker"", ""China"", ""Solar PV""], ""address"": """", ""country"": ""China"", ""description"": ""Manufactures solar mounting and racking system components.""}",2026-07-08 15:00:27.725876+00
4d18536d-3ba2-4675-aa0b-86c2b55d6792,"{""city"": """", ""state"": """", ""labels"": [""Software"", ""Germany"", ""Grid""], ""address"": """", ""country"": ""Germany"", ""description"": ""Develops IoT and smart grid connectivity software for energy devices.""}",2026-07-08 15:00:27.725876+00
4d31248d-279c-4b90-a18b-f60504473366,"{""city"": """", ""state"": """", ""labels"": [""Distributor"", ""Germany""], ""address"": """", ""country"": ""Germany"", ""description"": ""Distributes electronic and electromechanical components.""}",2026-07-08 15:00:27.725876+00
4d388587-ed1d-4202-9fb1-4b809672b22e,"{""city"": ""Ningbo"", ""state"": """", ""labels"": [""Other"", ""China""], ""address"": """", ""country"": ""China"", ""description"": ""Manufactures energy technology equipment based in Ningbo.""}",2026-07-08 15:00:27.725876+00
4d476579-d116-4d26-b09d-2bbe72aa86a0,"{""city"": """", ""state"": """", ""labels"": [""Distributor"", ""Switzerland""], ""address"": """", ""country"": ""Switzerland"", ""description"": ""Swiss technical distributor of industrial components and automation products.""}",2026-07-08 15:00:27.725876+00
4d600903-220c-4b8a-8e71-3bfc4f11f843,"{""city"": """", ""state"": """", ""labels"": [""Other"", ""Italy""], ""address"": """", ""country"": ""Italy"", ""description"": ""Italian manufacturer of spraying and industrial equipment.""}",2026-07-08 15:00:27.725876+00
4dca6cc2-f1f5-49d2-b48d-379ed71e48fd,"{""city"": """", ""state"": """", ""labels"": [""Metering/Monitoring"", ""China"", ""Solar PV""], ""address"": """", ""country"": ""China"", ""description"": ""Chinese company providing digital monitoring/technology solutions for solar energy systems.""}",2026-07-08 15:01:21.04483+00
4ddb0f82-28fc-4f5c-aed8-c7a4c5cd4db4,"{""city"": ""Shenzhen"", ""state"": """", ""labels"": [""Battery/Storage"", ""China""], ""address"": """", ""country"": ""China"", ""description"": ""Shenzhen-based energy technology company producing battery and energy storage products.""}",2026-07-08 15:01:21.04483+00
4decf5fa-cb89-4652-829b-ff62e2abd6c2,"{""city"": ""Xiamen"", ""state"": """", ""labels"": [""Mounting/Tracker"", ""China"", ""Solar PV""], ""address"": """", ""country"": ""China"", ""description"": ""Xiamen-based manufacturer of solar panel mounting structures and racking systems.""}",2026-07-08 15:01:21.04483+00
4dff5e90-2754-477d-9c0e-d32f2e600674,"{""city"": """", ""state"": """", ""labels"": [""Cable/BOS"", ""Germany""], ""address"": """", ""country"": ""Germany"", ""description"": ""German wire and cable manufacturer supplying components for electrical and solar applications.""}",2026-07-08 15:01:21.04483+00
59a752a8-5869-416e-87e8-fd7c1ef36f88,"{""city"": """", ""state"": """", ""labels"": [""Software"", ""Germany"", ""Grid""], ""address"": """", ""country"": ""Germany"", ""description"": ""German provider of digital energy management/software solutions.""}",2026-07-08 15:02:54.512678+00
4e1cbd57-668d-4305-9d0f-ad60610b8253,"{""city"": """", ""state"": """", ""labels"": [""Inverter Mfr"", ""France"", ""Solar PV""], ""address"": """", ""country"": ""France"", ""description"": ""French power electronics company designing inverters and converters for renewable energy.""}",2026-07-08 15:01:21.04483+00
4e4724cf-3f9a-407e-8cd5-5978afc49137,"{""city"": """", ""state"": """", ""labels"": [""Cable/BOS"", ""Spain""], ""address"": """", ""country"": ""Spain"", ""description"": ""Spanish manufacturer of electrical enclosures and cabinets used in industrial and energy installations.""}",2026-07-08 15:01:21.04483+00
4e4f663b-e2c7-4718-a2cc-e1cf61c13bd0,"{""city"": """", ""state"": ""Asturias"", ""labels"": [""EPC/Installer"", ""Spain"", ""Solar PV""], ""address"": """", ""country"": ""Spain"", ""description"": ""Spanish company from Asturias providing renewable energy installation and engineering services.""}",2026-07-08 15:01:21.04483+00
4e7d2dd3-e326-4ddd-a634-8fe38e3ba9aa,"{""city"": """", ""state"": """", ""labels"": [""Software"", ""Israel"", ""Solar PV""], ""address"": """", ""country"": ""Israel"", ""description"": ""Software company offering solar plant performance optimization and monitoring solutions.""}",2026-07-08 15:01:21.04483+00
4e9dfbdf-bc1f-4e39-a1ff-fc2c9623fc28,"{""city"": """", ""state"": """", ""labels"": [""Developer/IPP"", ""Germany"", ""Solar PV""], ""address"": """", ""country"": ""Germany"", ""description"": ""German energy company involved in renewable project development.""}",2026-07-08 15:01:21.04483+00
4ea15720-af6f-49db-9220-88ef8f509d5a,"{""city"": """", ""state"": """", ""labels"": [""Testing/Certification"", ""Germany""], ""address"": """", ""country"": ""Germany"", ""description"": ""German engineering firm providing systems and testing services, likely for electrical/energy equipment.""}",2026-07-08 15:01:21.04483+00
4ea93f71-8ad5-4677-9766-700068d42c98,"{""city"": """", ""state"": """", ""labels"": [""Battery/Storage"", ""Netherlands""], ""address"": """", ""country"": ""Netherlands"", ""description"": ""European subsidiary distributing NPP-branded batteries and energy storage products.""}",2026-07-08 15:01:21.04483+00
4ec02fd1-f92e-4ec3-84ab-d59cd0b35ab3,"{""city"": ""Sakarya"", ""state"": """", ""labels"": [""EPC/Installer"", ""Turkey"", ""Solar PV""], ""address"": """", ""country"": ""Turkey"", ""description"": ""Turkish company from Sakarya providing renewable energy systems installation.""}",2026-07-08 15:01:21.04483+00
4ec74f1a-de60-4642-b784-d76fe6b891a6,"{""city"": ""Hefei"", ""state"": """", ""labels"": [""Battery/Storage"", ""China""], ""address"": """", ""country"": ""China"", ""description"": ""Hefei-based Chinese energy technology company producing storage/energy products.""}",2026-07-08 15:01:21.04483+00
4efe8341-3543-42d3-8af7-8d7f5a557c36,"{""city"": ""Jiangsu"", ""state"": """", ""labels"": [""Module Mfr"", ""China"", ""Solar PV""], ""address"": """", ""country"": ""China"", ""description"": ""Jiangsu-based Chinese manufacturer of solar photovoltaic modules under the ESET Solar brand.""}",2026-07-08 15:01:21.04483+00
4f04e780-e239-4fad-bfee-22bdf645e322,"{""city"": ""Maanshan"", ""state"": """", ""labels"": [""Mounting/Tracker"", ""China"", ""Solar PV""], ""address"": """", ""country"": ""China"", ""description"": ""Maanshan-based Chinese manufacturer of new energy drive equipment for solar tracking systems.""}",2026-07-08 15:01:21.04483+00
4f30a519-30fa-4aea-94db-fab4c2b67317,"{""city"": """", ""state"": """", ""labels"": [""Cable/BOS"", ""Switzerland""], ""address"": """", ""country"": ""Switzerland"", ""description"": ""Swiss manufacturer of cables including solar and industrial cable products.""}",2026-07-08 15:01:21.04483+00
4f4a9af2-bd64-4383-b1e3-2594a1d67be9,"{""city"": """", ""state"": """", ""labels"": [""Cable/BOS"", ""Italy""], ""address"": """", ""country"": ""Italy"", ""description"": ""Italian manufacturer of electrical accessories and components including cable management products.""}",2026-07-08 15:01:21.04483+00
4f641045-eef0-4a00-8b75-cfb40549303c,"{""city"": """", ""state"": """", ""labels"": [""Inverter Mfr"", ""Turkey"", ""Solar PV""], ""address"": """", ""country"": ""Turkey"", ""description"": ""Turkish manufacturer of electrical equipment including solar inverters and switchgear.""}",2026-07-08 15:01:21.04483+00
4f75f108-8d8d-459d-8c58-3700876162e0,"{""city"": """", ""state"": """", ""labels"": [""Other"", ""Netherlands"", ""EV Charging""], ""address"": """", ""country"": ""Netherlands"", ""description"": ""Dutch company operating in the electric vehicle charging sector.""}",2026-07-08 15:01:21.04483+00
4f8f02ab-2984-461d-b0f0-96ac5d1874c9,"{""city"": """", ""state"": """", ""labels"": [""Other"", ""Germany""], ""address"": """", ""country"": ""Germany"", ""description"": ""German commercial real estate company; website domain unrelated to Intersolar trade forum name.""}",2026-07-08 15:01:21.04483+00
4f9de255-0362-43a0-b53e-7ea2724c8493,"{""city"": """", ""state"": """", ""labels"": [""Other"", ""Germany"", ""EV Charging""], ""address"": """", ""country"": ""Germany"", ""description"": ""German company operating in the EV charging or electric mobility sector.""}",2026-07-08 15:01:21.04483+00
4fcaee8d-9f64-40e1-a0a7-a58cb58bf7dd,"{""city"": """", ""state"": """", ""labels"": [""Module Mfr"", ""Germany"", ""Solar PV""], ""address"": """", ""country"": ""Germany"", ""description"": ""EMEA regional headquarters of Canadian Solar, manufacturer of solar photovoltaic modules.""}",2026-07-08 15:01:21.04483+00
5003ad85-2f0d-4757-95e7-7f72402ae587,"{""city"": """", ""state"": """", ""labels"": [""Battery/Storage"", ""Germany""], ""address"": """", ""country"": ""Germany"", ""description"": ""German company providing battery energy storage solutions.""}",2026-07-08 15:01:21.04483+00
506e0731-6db0-4adf-96cf-deda2604b32a,"{""city"": """", ""state"": """", ""labels"": [""Software"", ""China""], ""address"": """", ""country"": ""China"", ""description"": ""Chinese company providing energy technology/software solutions, likely for monitoring or trading.""}",2026-07-08 15:01:21.04483+00
507e7f5b-5f3c-4432-a2b5-21708d2632c8,"{""city"": """", ""state"": """", ""labels"": [""Battery/Storage"", ""Germany""], ""address"": """", ""country"": ""Germany"", ""description"": ""German company offering battery energy storage products and solutions.""}",2026-07-08 15:01:21.04483+00
5097e6f1-e384-4fa7-a483-da55696f628f,"{""city"": ""Zurich"", ""state"": """", ""labels"": [""Metering/Monitoring"", ""Switzerland"", ""EV Charging""], ""address"": ""Flurstrasse 30"", ""country"": ""Switzerland"", ""description"": ""Provides intelligent energy and EV charging management software integrating charging, PV and storage.""}",2026-07-08 15:01:41.006967+00
5098ad0b-8301-453a-bf7d-283613d0fc66,"{""city"": """", ""state"": """", ""labels"": [""Inverter Mfr"", ""China"", ""Storage""], ""address"": """", ""country"": ""China"", ""description"": ""Chinese energy technology company supplying inverter and storage equipment via .cn domain.""}",2026-07-08 15:01:41.006967+00
50a06bf2-8879-41f9-aaad-b946ddae67d3,"{""city"": """", ""state"": """", ""labels"": [""Other"", ""Italy""], ""address"": """", ""country"": ""Italy"", ""description"": ""Italian manufacturer of thermal management and cooling units for industrial/telecom equipment.""}",2026-07-08 15:01:41.006967+00
50a88d9a-1b9c-47a4-b985-09e990f69c58,"{""city"": """", ""state"": """", ""labels"": [""Metering/Monitoring"", ""China"", ""Grid""], ""address"": """", ""country"": ""China"", ""description"": ""Chinese company producing energy router and grid interconnection technology.""}",2026-07-08 15:01:41.006967+00
50cae922-3ae9-46f5-ab80-3201751751a5,"{""city"": """", ""state"": """", ""labels"": [""Mounting/Tracker"", ""Germany""], ""address"": """", ""country"": ""Germany"", ""description"": ""German manufacturer of aluminum profiles and technology, likely for solar mounting systems.""}",2026-07-08 15:01:41.006967+00
511f80db-253f-4446-9b8a-1f198627c742,"{""city"": """", ""state"": """", ""labels"": [""Mounting/Tracker"", ""Taiwan""], ""address"": """", ""country"": ""Taiwan"", ""description"": ""Taiwanese manufacturer of motion systems and motors used in solar tracker drives.""}",2026-07-08 15:01:41.006967+00
5139bd0d-11c7-4f18-bd2f-cf186b13e146,"{""city"": """", ""state"": """", ""labels"": [""Software"", ""United Kingdom"", ""Storage""], ""address"": """", ""country"": ""United Kingdom"", ""description"": ""Provides energy modelling and simulation software for renewable, storage and EV projects.""}",2026-07-08 15:01:41.006967+00
5143bf77-b453-4043-8939-400257a0b147,"{""city"": ""Guangzhou"", ""state"": """", ""labels"": [""Battery/Storage"", ""China""], ""address"": """", ""country"": ""China"", ""description"": ""Chinese manufacturer of lithium battery cells and energy storage products.""}",2026-07-08 15:01:41.006967+00
515e24ca-978f-41a1-979e-8b8f42f2c17c,"{""city"": ""Changzhou"", ""state"": """", ""labels"": [""Mounting/Tracker"", ""China""], ""address"": """", ""country"": ""China"", ""description"": ""Chinese manufacturer of drive technology, likely including solar tracker drive systems.""}",2026-07-08 15:01:41.006967+00
516554d8-7bb2-48d7-b5bf-4cb270e1950c,"{""city"": """", ""state"": ""Zhejiang"", ""labels"": [""Cable/BOS"", ""China""], ""address"": """", ""country"": ""China"", ""description"": ""Chinese manufacturer of copper products used in cabling and electrical connections.""}",2026-07-08 15:01:41.006967+00
517a47e0-1432-457f-a6e8-08d21f65f736,"{""city"": """", ""state"": """", ""labels"": [""Module Mfr"", ""Germany"", ""Solar PV""], ""address"": """", ""country"": ""Germany"", ""description"": ""European sales subsidiary of JA Solar, manufacturer of photovoltaic modules.""}",2026-07-08 15:01:41.006967+00
5180d815-3644-4fe6-9329-9e7b3259f838,"{""city"": ""Stuttgart"", ""state"": """", ""labels"": [""Cable/BOS"", ""Germany"", ""EV Charging""], ""address"": """", ""country"": ""Germany"", ""description"": ""LAPP is a German manufacturer of cables and connection technology for mobility and industry.""}",2026-07-08 15:01:41.006967+00
5189ae59-15d3-4d4b-9048-36c4d185487e,"{""city"": """", ""state"": """", ""labels"": [""Other"", ""Germany""], ""address"": """", ""country"": ""Germany"", ""description"": ""German producer of flux and surface treatment chemicals used in soldering/manufacturing.""}",2026-07-08 15:01:41.006967+00
51a33220-99c9-46bc-b6b8-ed0edbda3b28,"{""city"": """", ""state"": """", ""labels"": [""Metering/Monitoring"", ""Germany""], ""address"": """", ""country"": ""Germany"", ""description"": ""Hager is a German manufacturer of electrical installation and distribution equipment.""}",2026-07-08 15:01:41.006967+00
521e2d19-e658-4a33-a296-b0c0ca542c41,"{""city"": ""Hangzhou"", ""state"": """", ""labels"": [""Cable/BOS"", ""China""], ""address"": """", ""country"": ""China"", ""description"": ""Chinese industrial manufacturer supplying electrical/BOS hardware components.""}",2026-07-08 15:01:41.006967+00
522c3645-fa11-4c44-ac54-efc2bb6b14c6,"{""city"": ""Goyang"", ""state"": ""Gyeonggi Province"", ""labels"": [""Other"", ""South Korea"", ""Off-grid""], ""address"": ""Mugungwharo 20-38, 5F Room 525"", ""country"": ""South Korea"", ""description"": ""South Korean supplier of hybrid power generation and remote monitoring systems for solar, batteries and generators.""}",2026-07-08 15:01:41.006967+00
52577ef7-8255-418e-bf56-56f70111162d,"{""city"": """", ""state"": """", ""labels"": [""Consultancy"", ""Germany""], ""address"": """", ""country"": ""Germany"", ""description"": ""German consultancy/international trade firm, product line unclear from domain.""}",2026-07-08 15:01:41.006967+00
525bdaeb-6b71-4950-b7df-a9760e4e2683,"{""city"": """", ""state"": """", ""labels"": [""Battery/Storage"", ""Netherlands"", ""EV Charging""], ""address"": """", ""country"": ""Netherlands"", ""description"": ""Renewable energy company with factory and trading operations in BESS, DC chargers and lithium batteries.""}",2026-07-08 15:01:41.006967+00
5270fb69-dfcf-475f-a131-593dc42448e3,"{""city"": """", ""state"": """", ""labels"": [""Mounting/Tracker"", ""Romania""], ""address"": """", ""country"": ""Romania"", ""description"": ""Romanian company supplying parapet-style mounting systems, likely for rooftop solar.""}",2026-07-08 15:01:41.006967+00
527157e2-c764-44f8-824c-dac448e00ab6,"{""city"": """", ""state"": """", ""labels"": [""Module Mfr"", ""Germany"", ""Solar PV""], ""address"": """", ""country"": ""Germany"", ""description"": ""German company (TWL-Technologie) marketing PVT hybrid solar thermal/electric panels.""}",2026-07-08 15:01:41.006967+00
52c484d0-dc12-47f1-8311-0b94a10e91eb,"{""city"": """", ""state"": """", ""labels"": [""Testing/Certification"", ""Netherlands"", ""Solar PV""], ""address"": """", ""country"": ""Netherlands"", ""description"": ""Eternal Sun Wavelabs manufactures solar simulators and testing equipment for PV modules.""}",2026-07-08 15:01:41.006967+00
52c57b97-0622-4e36-8858-29d581277e1d,"{""city"": ""Chicago"", ""state"": ""IL"", ""labels"": [""Software"", ""United States"", ""Solar PV""], ""address"": """", ""country"": ""United States"", ""description"": ""Develops pre-CAD solar design software for C&I and ground-mount PV projects.""}",2026-07-08 15:01:41.006967+00
52e74304-dee8-4d08-b731-22263732f585,"{""city"": ""Le Bourget-du-Lac"", ""state"": """", ""labels"": [""Grid"", ""France"", ""Storage""], ""address"": ""20 rue du Lac Majeur, Batiment C, Parc Ouragan"", ""country"": ""France"", ""description"": ""Smart energy flexibility aggregation company offering demand response and grid balancing services.""}",2026-07-08 15:01:41.006967+00
52ea4433-9360-4e5b-8ee6-22238f391ec2,"{""city"": ""Munich"", ""state"": ""Bavaria"", ""labels"": [""Developer/IPP"", ""Germany"", ""Solar PV""], ""address"": """", ""country"": ""Germany"", ""description"": ""BayWa r.e. is a global renewable energy developer, distributor and service provider.""}",2026-07-08 15:01:41.006967+00
52fa7e96-9b95-458e-bce1-44f76b1cb8e7,"{""city"": """", ""state"": """", ""labels"": [""Other"", ""Romania"", ""EV Charging""], ""address"": """", ""country"": ""Romania"", ""description"": ""Romanian company operating in the EV charging sector based on domain and name.""}",2026-07-08 15:01:41.006967+00
533911b8-0fe2-4f30-b05f-906029d9658a,"{""city"": """", ""state"": """", ""labels"": [""Battery/Storage"", ""China""], ""address"": """", ""country"": ""China"", ""description"": ""Manufactures energy storage systems and batteries.""}",2026-07-08 15:02:06.934547+00
5359d73a-6f5d-4be7-8661-43d6f81860cb,"{""city"": ""Frankfurt"", ""state"": """", ""labels"": [""Financing"", ""Germany""], ""address"": """", ""country"": ""Germany"", ""description"": ""German commercial bank offering corporate and project financing services.""}",2026-07-08 15:02:06.934547+00
5364ad1a-6110-40dd-b702-8795e3ccd715,"{""city"": ""Novi Sad"", ""state"": """", ""labels"": [""Software"", ""Serbia"", ""Grid""], ""address"": """", ""country"": ""Serbia"", ""description"": ""Develops hardware-in-the-loop real-time simulators for power electronics and grid testing.""}",2026-07-08 15:02:06.934547+00
53858201-00ac-4b32-a395-b526b9c2ee7c,"{""city"": ""Bonn"", ""state"": """", ""labels"": [""Association"", ""Germany""], ""address"": """", ""country"": ""Germany"", ""description"": ""Environmental and development NGO advocating on climate policy.""}",2026-07-08 15:02:06.934547+00
5391b641-08cf-4ede-aca6-7a89686b7e8b,"{""city"": """", ""state"": """", ""labels"": [""Other"", ""Germany""], ""address"": """", ""country"": ""Germany"", ""description"": ""German distribution company; business focus not clearly solar-related.""}",2026-07-08 15:02:06.934547+00
53959a8c-bca5-47b3-83d2-ad158fd13926,"{""city"": ""Taipei"", ""state"": """", ""labels"": [""Association"", ""Taiwan""], ""address"": """", ""country"": ""Taiwan"", ""description"": ""Taiwan trade promotion organization supporting exporters including energy sector.""}",2026-07-08 15:02:06.934547+00
53a5bf94-ad44-4f52-84f6-383011ccad8e,"{""city"": """", ""state"": """", ""labels"": [""Software"", ""Germany"", ""Solar PV""], ""address"": """", ""country"": ""Germany"", ""description"": ""Provides monitoring and management software for solar PV plants.""}",2026-07-08 15:02:06.934547+00
53b0db56-968b-47c3-ae23-d809dc40798d,"{""city"": """", ""state"": """", ""labels"": [""Metering/Monitoring"", ""China""], ""address"": """", ""country"": ""China"", ""description"": ""Manufactures network communication equipment, including monitoring devices.""}",2026-07-08 15:02:06.934547+00
53b54668-19bb-488a-a2d5-b94730f60042,"{""city"": """", ""state"": """", ""labels"": [""Battery/Storage"", ""China""], ""address"": """", ""country"": ""China"", ""description"": ""Manufactures battery energy storage systems.""}",2026-07-08 15:02:06.934547+00
53c33876-6d96-448e-8ab7-dd6d2705acd9,"{""city"": """", ""state"": """", ""labels"": [""Other"", ""Germany""], ""address"": """", ""country"": ""Germany"", ""description"": ""German company; name suggests basketry/craft goods, not clearly solar-related.""}",2026-07-08 15:02:06.934547+00
59cc74d5-ce5c-4fb0-bd99-d0cedf29b992,"{""city"": """", ""state"": """", ""labels"": [""EV Charging"", ""Germany""], ""address"": """", ""country"": ""Germany"", ""description"": ""German company involved in EV charging capacity/infrastructure solutions.""}",2026-07-08 15:02:54.512678+00
53c62352-e454-4ef6-898f-c3f23c358ea8,"{""city"": ""Windsbach"", ""state"": """", ""labels"": [""Cable/BOS"", ""Germany""], ""address"": """", ""country"": ""Germany"", ""description"": ""Manufactures cables and wiring systems including solar cable products.""}",2026-07-08 15:02:06.934547+00
53c6e630-3d3d-4cbe-871b-ea2df7c03078,"{""city"": """", ""state"": """", ""labels"": [""Mounting/Tracker"", ""Germany""], ""address"": """", ""country"": ""Germany"", ""description"": ""Supplies mounting systems for solar installations.""}",2026-07-08 15:02:06.934547+00
53f159a4-8062-4b3c-bc4f-597b7b0b3fbc,"{""city"": ""Beijing"", ""state"": """", ""labels"": [""Battery/Storage"", ""China""], ""address"": """", ""country"": ""China"", ""description"": ""Manufactures battery cells and storage technology.""}",2026-07-08 15:02:06.934547+00
5419c177-fa0e-4577-b09e-70a6c156cfa8,"{""city"": """", ""state"": """", ""labels"": [""Other"", ""Germany""], ""address"": """", ""country"": ""Germany"", ""description"": ""German company with limited public information available on core business.""}",2026-07-08 15:02:06.934547+00
5428dc19-7538-44fc-8681-7158b346f7ec,"{""city"": ""Changshu"", ""state"": """", ""labels"": [""Module Mfr"", ""China"", ""Solar PV""], ""address"": """", ""country"": ""China"", ""description"": ""Manufactures solar PV modules.""}",2026-07-08 15:02:06.934547+00
5459fb25-5cd4-4571-8372-6347911fe0cd,"{""city"": ""Buttenwiesen"", ""state"": """", ""labels"": [""Developer/IPP"", ""Germany"", ""Solar PV""], ""address"": """", ""country"": ""Germany"", ""description"": ""Develops and operates renewable energy projects including solar and hydrogen.""}",2026-07-08 15:02:06.934547+00
547716bd-07a2-427b-8ebd-0b9bf66b68b5,"{""city"": """", ""state"": """", ""labels"": [""Module Mfr"", ""China"", ""Solar PV""], ""address"": """", ""country"": ""China"", ""description"": ""Manufactures solar PV modules and cells.""}",2026-07-08 15:02:06.934547+00
549de253-a899-4dfa-a011-bc1e7134a7a6,"{""city"": """", ""state"": """", ""labels"": [""EPC/Installer"", ""Greece"", ""Solar PV""], ""address"": """", ""country"": ""Greece"", ""description"": ""Installs and engineers solar PV systems.""}",2026-07-08 15:02:06.934547+00
54a524c9-1c63-4cf5-89e4-e75f66cb6ed8,"{""city"": """", ""state"": """", ""labels"": [""Metering/Monitoring"", ""Germany"", ""Solar PV""], ""address"": """", ""country"": ""Germany"", ""description"": ""Manufactures solar display and monitoring systems.""}",2026-07-08 15:02:06.934547+00
54c5e757-2bb4-45cc-a447-b1be346899bb,"{""city"": """", ""state"": """", ""labels"": [""Software"", ""Germany"", ""Grid""], ""address"": """", ""country"": ""Germany"", ""description"": ""Provides digital energy management and utility software solutions.""}",2026-07-08 15:02:06.934547+00
54e21109-9e3b-4d10-abcb-34245f05b7fb,"{""city"": """", ""state"": """", ""labels"": [""Testing/Certification"", ""Germany""], ""address"": """", ""country"": ""Germany"", ""description"": ""Manufactures pressure relief and explosion protection safety devices.""}",2026-07-08 15:02:06.934547+00
55017abe-73b0-48b0-875e-7528c0775647,"{""city"": ""Tokyo"", ""state"": """", ""labels"": [""Other"", ""Japan""], ""address"": """", ""country"": ""Japan"", ""description"": ""Major steel manufacturer supplying materials for construction and energy infrastructure.""}",2026-07-08 15:02:06.934547+00
5509eebc-b2ba-435f-98c9-f323fe0353f6,"{""city"": ""Fort Collins"", ""state"": ""Colorado"", ""labels"": [""Inverter Mfr"", ""United States"", ""Solar PV""], ""address"": """", ""country"": ""United States"", ""description"": ""Makes DC power optimizers and string-level electronics for solar arrays.""}",2026-07-08 15:02:06.934547+00
5520c38f-04dc-4f7f-a8ef-ee6703530b26,"{""city"": """", ""state"": """", ""labels"": [""Software"", ""Germany""], ""address"": """", ""country"": ""Germany"", ""description"": ""Develops software for craftsmen and installer businesses including solar installers.""}",2026-07-08 15:02:06.934547+00
552f0c2c-f553-4761-ad54-a46608f512d8,"{""city"": ""Istanbul"", ""state"": """", ""labels"": [""Cable/BOS"", ""Turkey""], ""address"": """", ""country"": ""Turkey"", ""description"": ""Manufactures cables and wiring products.""}",2026-07-08 15:02:06.934547+00
554a8d89-3b44-431c-9a96-45c78e854b0d,"{""city"": ""Guangzhou"", ""state"": """", ""labels"": [""Cable/BOS"", ""China"", ""Solar PV""], ""address"": """", ""country"": ""China"", ""description"": ""Manufactures PV connectors and cable assembly products for solar installations.""}",2026-07-08 15:02:28.864199+00
5559a8fd-b39f-46f8-962c-17fd0af90c53,"{""city"": ""Shanghai"", ""state"": """", ""labels"": [""Cable/BOS"", ""China"", ""Solar PV""], ""address"": """", ""country"": ""China"", ""description"": ""Manufactures circuit breakers, contactors and electrical components including for PV systems.""}",2026-07-08 15:02:28.864199+00
5559b3c0-c1db-4ef3-bc3c-7e3fdfa81aa9,"{""city"": """", ""state"": """", ""labels"": [""Software"", ""Germany"", ""Solar PV""], ""address"": """", ""country"": ""Germany"", ""description"": ""Provides energy management software solutions for renewable energy assets.""}",2026-07-08 15:02:28.864199+00
556379a7-3b9d-49c5-b2b4-d9372701879d,"{""city"": """", ""state"": """", ""labels"": [""Software"", ""Germany""], ""address"": """", ""country"": ""Germany"", ""description"": ""Develops software solutions for the energy industry.""}",2026-07-08 15:02:28.864199+00
556b1950-2362-4f26-8ce7-16ed4ca40955,"{""city"": """", ""state"": """", ""labels"": [""Association"", ""Germany""], ""address"": """", ""country"": ""Germany"", ""description"": ""Cooperation network organization related to sports/energy technology (ALD4EMO).""}",2026-07-08 15:02:28.864199+00
5580c3c9-c358-438d-b4a7-4d00d12328f1,"{""city"": """", ""state"": """", ""labels"": [""Mounting/Tracker"", ""Turkey""], ""address"": """", ""country"": ""Turkey"", ""description"": ""Manufactures connection/fastening elements, likely for mounting structures.""}",2026-07-08 15:02:28.864199+00
5587fcb1-cdd4-4ac9-9424-881e345265f2,"{""city"": """", ""state"": """", ""labels"": [""Software"", ""France"", ""Solar PV""], ""address"": """", ""country"": ""France"", ""description"": ""Provides digital monitoring and asset management software for solar plants.""}",2026-07-08 15:02:28.864199+00
55a55edf-d04d-459b-8f0f-b552dce0f905,"{""city"": """", ""state"": """", ""labels"": [""Utility"", ""Germany"", ""Grid""], ""address"": """", ""country"": ""Germany"", ""description"": ""Provides grid network services as part of the Westenergie utility group.""}",2026-07-08 15:02:28.864199+00
55a5c2eb-4cc9-45d1-b605-3a89f5f315dd,"{""city"": """", ""state"": """", ""labels"": [""Battery/Storage"", ""Slovakia"", ""Solar PV""], ""address"": """", ""country"": ""Slovakia"", ""description"": ""Develops energy storage and management systems for renewable energy.""}",2026-07-08 15:02:28.864199+00
55aa0dea-fa7d-43b8-8279-baa5c8835b03,"{""city"": """", ""state"": """", ""labels"": [""Mounting/Tracker"", ""Turkey""], ""address"": """", ""country"": ""Turkey"", ""description"": ""Manufactures machinery and metal components, including solar mounting hardware.""}",2026-07-08 15:02:28.864199+00
55bc0767-2ea6-4319-9db9-8d2a041af2da,"{""city"": ""Kayseri"", ""state"": """", ""labels"": [""Cable/BOS"", ""Turkey""], ""address"": """", ""country"": ""Turkey"", ""description"": ""Manufactures electrical cables and wiring products.""}",2026-07-08 15:02:28.864199+00
55bfd706-ab6a-42f0-a6ee-1326c5ba0a92,"{""city"": """", ""state"": """", ""labels"": [""EPC/Installer"", ""Italy"", ""Solar PV""], ""address"": """", ""country"": ""Italy"", ""description"": ""Provides solar installation and EPC services.""}",2026-07-08 15:02:28.864199+00
55d44fa2-cb08-45c7-962c-2478ad668a25,"{""city"": ""Le Bourget-du-Lac"", ""state"": """", ""labels"": [""Research/Academic"", ""France"", ""Solar PV""], ""address"": """", ""country"": ""France"", ""description"": ""French solar energy research institute (INES) working on PV technology development.""}",2026-07-08 15:02:28.864199+00
55fcf09d-7f9b-469a-bb76-a222a62d3b9f,"{""city"": ""Shanghai"", ""state"": """", ""labels"": [""Cable/BOS"", ""China""], ""address"": """", ""country"": ""China"", ""description"": ""Manufactures electronic connectors and cable components.""}",2026-07-08 15:02:28.864199+00
5602b9ed-39af-47ff-9d19-62c1bbdb09de,"{""city"": ""Xiamen"", ""state"": """", ""labels"": [""Module Mfr"", ""China"", ""Solar PV""], ""address"": """", ""country"": ""China"", ""description"": ""Manufactures solar photovoltaic modules.""}",2026-07-08 15:02:28.864199+00
646fd089-26e6-4d88-b2eb-e2ce93244ca9,"{""city"": """", ""state"": """", ""labels"": [""Battery/Storage"", ""China"", ""Storage""], ""address"": """", ""country"": ""China"", ""description"": ""Manufactures lithium batteries and energy storage systems.""}",2026-07-08 15:05:04.126463+00
5620cee9-3ac6-4761-a596-ae38dcf23d54,"{""city"": """", ""state"": """", ""labels"": [""Metering/Monitoring"", ""Switzerland"", ""Grid""], ""address"": """", ""country"": ""Switzerland"", ""description"": ""Manufactures current and voltage transducers for power electronics and monitoring.""}",2026-07-08 15:02:28.864199+00
565d76f7-a84e-472d-aee2-2934352ec670,"{""city"": ""Madrid"", ""state"": """", ""labels"": [""Inverter Mfr"", ""Spain"", ""Solar PV""], ""address"": """", ""country"": ""Spain"", ""description"": ""Designs and manufactures power converters and inverters.""}",2026-07-08 15:02:28.864199+00
5668daac-ff3d-46ac-ac58-e5df1951b126,"{""city"": """", ""state"": """", ""labels"": [""Association"", ""Germany"", ""Hydrogen""], ""address"": """", ""country"": ""Germany"", ""description"": ""European forum association focused on electrolysers and fuel cells.""}",2026-07-08 15:02:28.864199+00
568926f3-16d1-4bf5-92aa-bf1a0f424819,"{""city"": """", ""state"": """", ""labels"": [""EPC/Installer"", ""France"", ""Solar PV""], ""address"": """", ""country"": ""France"", ""description"": ""Solar and storage EPC division of Equans providing installation services.""}",2026-07-08 15:02:28.864199+00
568a0603-aeaa-4e1a-bc39-2cd87e3247ae,"{""city"": ""Minden"", ""state"": """", ""labels"": [""Cable/BOS"", ""Germany"", ""Grid""], ""address"": """", ""country"": ""Germany"", ""description"": ""Manufactures electrical connection and interconnect technology including for energy applications.""}",2026-07-08 15:02:28.864199+00
568ae378-6143-4915-9409-a5322f0e2552,"{""city"": """", ""state"": """", ""labels"": [""Other"", ""Germany"", ""Solar PV""], ""address"": """", ""country"": ""Germany"", ""description"": ""Develops recycling technology for end-of-life solar modules.""}",2026-07-08 15:02:28.864199+00
56d52e78-5eb9-438e-a43e-f47cb6342557,"{""city"": """", ""state"": """", ""labels"": [""Metering/Monitoring"", ""Germany""], ""address"": """", ""country"": ""Germany"", ""description"": ""Develops electronic devices and monitoring equipment.""}",2026-07-08 15:02:28.864199+00
56e472af-fe12-4574-80cf-eb7dd0ce7061,"{""city"": ""Ningbo"", ""state"": """", ""labels"": [""Cable/BOS"", ""China""], ""address"": """", ""country"": ""China"", ""description"": ""Manufactures wire and cable products including for solar applications.""}",2026-07-08 15:02:28.864199+00
56ef2b65-9a49-4340-bd2f-4a8fa551e346,"{""city"": """", ""state"": """", ""labels"": [""Mounting/Tracker"", ""Italy"", ""Solar PV""], ""address"": """", ""country"": ""Italy"", ""description"": ""Designs and manufactures solar tracker systems.""}",2026-07-08 15:02:28.864199+00
56fcd5cc-b2e7-4f66-9c12-38a768f22908,"{""city"": ""Xiamen"", ""state"": """", ""labels"": [""Module Mfr"", ""China"", ""Solar PV""], ""address"": """", ""country"": ""China"", ""description"": ""Manufactures solar photovoltaic products and new energy equipment.""}",2026-07-08 15:02:28.864199+00
5721ea55-20a1-47ad-97a1-8cc9aa2b199c,"{""city"": """", ""state"": """", ""labels"": [""Other"", ""Italy""], ""address"": """", ""country"": ""Italy"", ""description"": ""Energy sector company; specific activity unclear from available data.""}",2026-07-08 15:02:54.512678+00
5723745f-c27c-4217-835b-996a196a221e,"{""city"": """", ""state"": """", ""labels"": [""Battery/Storage"", ""China"", ""Solar PV""], ""address"": """", ""country"": ""China"", ""description"": ""Chinese manufacturer of renewable energy and storage equipment.""}",2026-07-08 15:02:54.512678+00
575418fd-dc80-44e1-a6d2-a976649bc618,"{""city"": """", ""state"": """", ""labels"": [""EPC/Installer"", ""Germany"", ""Wind""], ""address"": """", ""country"": ""Germany"", ""description"": ""Provides operating and maintenance engineering services for wind assets.""}",2026-07-08 15:02:54.512678+00
57633fab-e213-4620-9ee0-76e8aa6637c5,"{""city"": """", ""state"": """", ""labels"": [""Developer/IPP"", ""France"", ""Solar PV""], ""address"": """", ""country"": ""France"", ""description"": ""French solar power plant developer and operator.""}",2026-07-08 15:02:54.512678+00
576dc3fc-cfab-4c01-8b9c-2d9d62d85b2c,"{""city"": """", ""state"": """", ""labels"": [""Metering/Monitoring"", ""Italy"", ""Solar PV""], ""address"": """", ""country"": ""Italy"", ""description"": ""Provides monitoring and data services for photovoltaic plants.""}",2026-07-08 15:02:54.512678+00
577ff21f-0bdc-48bb-8091-9bbafe138354,"{""city"": """", ""state"": """", ""labels"": [""Cable/BOS"", ""United States"", ""Solar PV""], ""address"": """", ""country"": ""United States"", ""description"": ""Manufacturer of solar mounting and balance-of-system products.""}",2026-07-08 15:02:54.512678+00
578ece45-ba23-4e8e-9119-576a5206f8b7,"{""city"": """", ""state"": """", ""labels"": [""Utility"", ""Germany""], ""address"": """", ""country"": ""Germany"", ""description"": ""German energy retailer offering home energy management services.""}",2026-07-08 15:02:54.512678+00
5799d51f-618e-4cab-91e3-2976e2330cac,"{""city"": """", ""state"": """", ""labels"": [""Other"", ""Taiwan""], ""address"": """", ""country"": ""Taiwan"", ""description"": ""Manufacturer of display/imaging components possibly used in energy devices.""}",2026-07-08 15:02:54.512678+00
57d752f3-d692-4e02-9e07-18084892c18d,"{""city"": """", ""state"": """", ""labels"": [""Other"", ""China""], ""address"": """", ""country"": ""China"", ""description"": ""Chinese manufacturer of digital photographic/automation equipment.""}",2026-07-08 15:02:54.512678+00
57e9af84-229b-4141-8acf-506bf17248e5,"{""city"": """", ""state"": """", ""labels"": [""Other"", ""Germany""], ""address"": """", ""country"": ""Germany"", ""description"": ""European arm of a mould manufacturer, likely serving component makers.""}",2026-07-08 15:02:54.512678+00
588ad289-5b89-401a-9bff-14211d0dba1f,"{""city"": """", ""state"": """", ""labels"": [""Metering/Monitoring"", ""Germany"", ""Grid""], ""address"": """", ""country"": ""Germany"", ""description"": ""German manufacturer of energy metering technology.""}",2026-07-08 15:02:54.512678+00
58bd7e1f-55f5-4bf0-9d62-c127de7d5979,"{""city"": ""Hamburg"", ""state"": """", ""labels"": [""Utility"", ""Germany"", ""Grid""], ""address"": """", ""country"": ""Germany"", ""description"": ""Hamburg energy network operator running the eRound smart metering platform.""}",2026-07-08 15:02:54.512678+00
58ccb384-4029-4fb9-8b9c-339047d3489f,"{""city"": """", ""state"": """", ""labels"": [""Developer/IPP"", ""Germany"", ""Solar PV""], ""address"": """", ""country"": ""Germany"", ""description"": ""German developer and operator of solar power plants.""}",2026-07-08 15:02:54.512678+00
58e6b700-11ca-4b5b-90f2-116d2b1cfe5e,"{""city"": """", ""state"": """", ""labels"": [""Mounting/Tracker"", ""China""], ""address"": """", ""country"": ""China"", ""description"": ""Chinese manufacturer of motors, possibly for solar tracker systems.""}",2026-07-08 15:02:54.512678+00
58f42d6f-3cce-4e8a-8098-0cc8b7d26544,"{""city"": ""Guangzhou"", ""state"": """", ""labels"": [""Inverter Mfr"", ""China"", ""Solar PV""], ""address"": """", ""country"": ""China"", ""description"": ""Chinese manufacturer of solar inverters and PV system components.""}",2026-07-08 15:02:54.512678+00
59243260-bab0-4907-91d9-1dc8d2500484,"{""city"": """", ""state"": """", ""labels"": [""Association"", ""Germany"", ""Solar PV""], ""address"": """", ""country"": ""Germany"", ""description"": ""Trade forum/event series for the solar and energy industry.""}",2026-07-08 15:02:54.512678+00
5924e560-cabc-4683-ab75-4eabcafcce78,"{""city"": """", ""state"": """", ""labels"": [""Cable/BOS"", ""Romania""], ""address"": """", ""country"": ""Romania"", ""description"": ""Romanian manufacturer/supplier of electrical conductors and cables.""}",2026-07-08 15:02:54.512678+00
5961a601-c0c0-4d45-873d-396372595736,"{""city"": ""Suzhou"", ""state"": """", ""labels"": [""Inverter Mfr"", ""China"", ""Solar PV""], ""address"": """", ""country"": ""China"", ""description"": ""Chinese manufacturer of solar inverters.""}",2026-07-08 15:02:54.512678+00
59697b7d-f046-4ad4-9831-2d1ab780def2,"{""city"": """", ""state"": """", ""labels"": [""Developer/IPP"", ""Portugal"", ""Solar PV""], ""address"": """", ""country"": ""Portugal"", ""description"": ""Portuguese renewable energy developer and independent power producer.""}",2026-07-08 15:02:54.512678+00
59755e65-6a93-4012-ae76-27779a7d2083,"{""city"": """", ""state"": """", ""labels"": [""Battery/Storage"", ""Austria""], ""address"": """", ""country"": ""Austria"", ""description"": ""Austrian company developing salt-based energy storage solutions.""}",2026-07-08 15:02:54.512678+00
59a5ce53-d933-4038-b1a7-32760389a8ff,"{""city"": """", ""state"": """", ""labels"": [""Cable/BOS"", ""Germany""], ""address"": """", ""country"": ""Germany"", ""description"": ""German supplier of cable and electrical installation products.""}",2026-07-08 15:02:54.512678+00
59cdc204-92f6-49e6-9d50-984143977c89,"{""city"": """", ""state"": """", ""labels"": [""Metering/Monitoring"", ""Germany"", ""Grid""], ""address"": """", ""country"": ""Germany"", ""description"": ""German manufacturer of grid distribution and energy infrastructure cabinets.""}",2026-07-08 15:02:54.512678+00
59e17602-e702-40d8-9af8-71350388e338,"{""city"": """", ""state"": """", ""labels"": [""Metering/Monitoring"", ""Germany"", ""Grid""], ""address"": """", ""country"": ""Germany"", ""description"": ""German manufacturer of electricity meters.""}",2026-07-08 15:02:54.512678+00
59f8f499-e7df-4735-8bd8-ff4df3a474ad,"{""city"": ""Xiamen"", ""state"": ""Fujian"", ""labels"": [""Module Mfr"", ""China"", ""Solar PV""], ""address"": """", ""country"": ""China"", ""description"": ""Manufactures solar photovoltaic modules.""}",2026-07-08 15:03:18.503139+00
59fb4cd9-30c7-4a33-b958-163d762591d9,"{""city"": ""Ningbo"", ""state"": ""Zhejiang"", ""labels"": [""Cable/BOS"", ""China""], ""address"": """", ""country"": ""China"", ""description"": ""Manufactures electronic connectors and components used in solar and electronics systems.""}",2026-07-08 15:03:18.503139+00
5a3728bd-a682-4ae3-b7e2-591300408f27,"{""city"": ""Qingdao"", ""state"": ""Shandong"", ""labels"": [""Metering/Monitoring"", ""China"", ""Solar PV""], ""address"": """", ""country"": ""China"", ""description"": ""Chinese company associated with Lumiax, maker of solar monitoring and inverter equipment.""}",2026-07-08 15:03:18.503139+00
5a55c714-3736-4696-8727-6a6b93d8f194,"{""city"": ""Le Bourget-du-Lac"", ""state"": """", ""labels"": [""Research/Academic"", ""France"", ""Solar PV""], ""address"": """", ""country"": ""France"", ""description"": ""French research institute for new energy technologies including solar.""}",2026-07-08 15:03:18.503139+00
5a8f18cd-e246-4963-ace9-2984e220831c,"{""city"": """", ""state"": """", ""labels"": [""Other"", ""United States"", ""Solar PV""], ""address"": """", ""country"": ""United States"", ""description"": ""Develops robotics for solar panel installation and cleaning.""}",2026-07-08 15:03:18.503139+00
5a95d4f5-f12b-4df5-bb7b-a2d4705613b6,"{""city"": """", ""state"": """", ""labels"": [""Distributor"", ""Germany""], ""address"": """", ""country"": ""Germany"", ""description"": ""German distributor of electrical and electronic components.""}",2026-07-08 15:03:18.503139+00
5ae04e9f-7d18-469c-ab18-bed1cd37602c,"{""city"": ""Dresden"", ""state"": ""Saxony"", ""labels"": [""Software"", ""Germany"", ""Storage""], ""address"": """", ""country"": ""Germany"", ""description"": ""Provides software platform for energy management and smart grid integration.""}",2026-07-08 15:03:18.503139+00
5aecce0c-9431-4a13-a988-57ac93482900,"{""city"": """", ""state"": """", ""labels"": [""Metering/Monitoring"", ""Germany""], ""address"": """", ""country"": ""Germany"", ""description"": ""German manufacturer of measurement technology equipment.""}",2026-07-08 15:03:18.503139+00
5aeda34e-027b-4ce0-a507-8c5f1fc76767,"{""city"": ""Berlin"", ""state"": """", ""labels"": [""Consultancy"", ""Germany""], ""address"": """", ""country"": ""Germany"", ""description"": ""German energy consultancy advising on energy markets and projects.""}",2026-07-08 15:03:18.503139+00
5aff941d-dff3-465e-80f5-37d591eb08ce,"{""city"": """", ""state"": """", ""labels"": [""Battery/Storage"", ""China""], ""address"": """", ""country"": ""China"", ""description"": ""Manufactures battery management system (BMS) technology.""}",2026-07-08 15:03:18.503139+00
5b354f35-09c9-4dcd-b819-f232c9d8e4f4,"{""city"": """", ""state"": """", ""labels"": [""Cable/BOS"", ""Germany""], ""address"": """", ""country"": ""Germany"", ""description"": ""German manufacturer of fiber optic cable systems.""}",2026-07-08 15:03:18.503139+00
5b390c83-20c7-4cce-b0a4-e8f8a0d219ee,"{""city"": ""Rotterdam"", ""state"": """", ""labels"": [""Other"", ""Netherlands""], ""address"": """", ""country"": ""Netherlands"", ""description"": ""IoT connectivity division of Dutch telecommunications provider KPN.""}",2026-07-08 15:03:18.503139+00
5b51d80d-211a-497e-850e-770636f88075,"{""city"": """", ""state"": """", ""labels"": [""Metering/Monitoring"", ""South Korea""], ""address"": """", ""country"": ""South Korea"", ""description"": ""South Korean company producing power electronics and monitoring products.""}",2026-07-08 15:03:18.503139+00
5b587f57-44bc-4c7a-a559-ae425390dd63,"{""city"": ""Xiamen"", ""state"": ""Fujian"", ""labels"": [""Module Mfr"", ""China"", ""Solar PV""], ""address"": """", ""country"": ""China"", ""description"": ""Manufactures solar photovoltaic modules and energy products.""}",2026-07-08 15:03:18.503139+00
5b7c863b-03af-4c2c-88c2-8907dfda862e,"{""city"": ""Ningbo"", ""state"": ""Zhejiang"", ""labels"": [""Other"", ""China"", ""EV Charging""], ""address"": """", ""country"": ""China"", ""description"": ""Manufactures EV charging equipment.""}",2026-07-08 15:03:18.503139+00
5b913d42-5f80-4b10-9f12-0666f631fcc6,"{""city"": """", ""state"": """", ""labels"": [""EPC/Installer"", ""Poland"", ""Solar PV""], ""address"": """", ""country"": ""Poland"", ""description"": ""Polish company providing solar EPC and distribution services.""}",2026-07-08 15:03:18.503139+00
5bb48c61-28da-4c37-a0a1-56a2c5f062ea,"{""city"": """", ""state"": """", ""labels"": [""Other"", ""Unknown""], ""address"": """", ""country"": ""Unknown"", ""description"": ""Insufficient data to classify; no website or email available.""}",2026-07-08 15:03:18.503139+00
5bffdd68-2ebc-4e54-a4d4-fdaa0ea1138c,"{""city"": ""Luoyang"", ""state"": ""Henan"", ""labels"": [""Other"", ""China""], ""address"": """", ""country"": ""China"", ""description"": ""Manufactures laser cutting and processing equipment.""}",2026-07-08 15:03:18.503139+00
5c07fbe9-df39-4352-8568-1247574ef271,"{""city"": ""Shenzhen"", ""state"": ""Guangdong"", ""labels"": [""Cable/BOS"", ""China""], ""address"": """", ""country"": ""China"", ""description"": ""Manufactures insulation materials for electrical and cable applications.""}",2026-07-08 15:03:18.503139+00
5c21da6e-45d1-47e3-9c9b-3488ccc1b2d3,"{""city"": """", ""state"": """", ""labels"": [""Software"", ""France"", ""Solar PV""], ""address"": """", ""country"": ""France"", ""description"": ""Provides solar irradiance forecasting software solutions.""}",2026-07-08 15:03:18.503139+00
5c4887ff-a937-4963-8e00-a830c56391be,"{""city"": ""Shenzhen"", ""state"": ""Guangdong"", ""labels"": [""Cable/BOS"", ""China""], ""address"": """", ""country"": ""China"", ""description"": ""Manufactures energy storage cables and wire products.""}",2026-07-08 15:03:18.503139+00
5c523768-a0d3-43bb-8536-5fd722c677de,"{""city"": ""Beijing"", ""state"": """", ""labels"": [""Battery/Storage"", ""China""], ""address"": """", ""country"": ""China"", ""description"": ""Develops solid-state lithium battery technology.""}",2026-07-08 15:03:18.503139+00
5c83d93d-a844-410b-a667-45f965184a41,"{""city"": ""Luoyang"", ""state"": ""Henan"", ""labels"": [""Inverter Mfr"", ""China"", ""Solar PV""], ""address"": """", ""country"": ""China"", ""description"": ""Manufactures solar charge controllers and power technology equipment.""}",2026-07-08 15:03:18.503139+00
5c96c7ac-e609-4a4e-8af8-d1d88512a3d8,"{""city"": """", ""state"": """", ""labels"": [""Other"", ""Germany"", ""EV Charging""], ""address"": """", ""country"": ""Germany"", ""description"": ""German subsidiary selling home EV chargers and solar energy diverters.""}",2026-07-08 15:03:18.503139+00
5c975066-c5f9-4564-80d7-9aa8aebf8b40,"{""city"": """", ""state"": """", ""labels"": [""Other"", ""Poland""], ""address"": """", ""country"": ""Poland"", ""description"": ""Polish company associated with flame safety and industrial equipment.""}",2026-07-08 15:03:18.503139+00
5cebbf26-1f6a-4b09-a45b-00dded462499,"{""city"": """", ""state"": """", ""labels"": [""EPC/Installer"", ""Slovenia"", ""Solar PV""], ""address"": """", ""country"": ""Slovenia"", ""description"": ""Slovenian solar EPC and installation company.""}",2026-07-08 15:03:50.622161+00
5d18a471-5fd2-4a81-b639-7b005b54ecab,"{""city"": """", ""state"": """", ""labels"": [""Battery/Storage"", ""China""], ""address"": """", ""country"": ""China"", ""description"": ""Chinese energy storage and power equipment supplier.""}",2026-07-08 15:03:50.622161+00
5d33ab85-5b88-4973-88f9-b51cf589046a,"{""city"": ""Dongguan"", ""state"": ""Guangdong"", ""labels"": [""Battery/Storage"", ""China""], ""address"": """", ""country"": ""China"", ""description"": ""Dongguan-based new energy technology manufacturer, likely battery products.""}",2026-07-08 15:03:50.622161+00
5d43c329-85cb-4f9b-b8e5-0be5d04e5d63,"{""city"": """", ""state"": ""Zhejiang"", ""labels"": [""Inverter Mfr"", ""China""], ""address"": """", ""country"": ""China"", ""description"": ""Zhejiang-based power electronics manufacturer.""}",2026-07-08 15:03:50.622161+00
5d74d998-f37d-406a-b1dc-95083aff68b7,"{""city"": """", ""state"": ""Bavaria"", ""labels"": [""Utility"", ""Germany"", ""Grid""], ""address"": """", ""country"": ""Germany"", ""description"": ""German regional electricity grid operator providing technical services to businesses.""}",2026-07-08 15:03:50.622161+00
5dad9e0c-b263-447b-a3fc-76c907a879c3,"{""city"": """", ""state"": """", ""labels"": [""Developer/IPP"", ""Germany""], ""address"": """", ""country"": ""Germany"", ""description"": ""German renewable energy project developer.""}",2026-07-08 15:03:50.622161+00
5dcd9bf3-7647-4ead-a54c-e8cae1170449,"{""city"": """", ""state"": ""Guangdong"", ""labels"": [""Module Mfr"", ""China"", ""Solar PV""], ""address"": """", ""country"": ""China"", ""description"": ""Guangdong-based solar module and green energy manufacturer.""}",2026-07-08 15:03:50.622161+00
5ddac7a2-386a-41c3-95e9-ba5d7a50dde0,"{""city"": """", ""state"": """", ""labels"": [""Metering/Monitoring"", ""Germany"", ""Grid""], ""address"": """", ""country"": ""Germany"", ""description"": ""German provider of smart metering and grid communication systems.""}",2026-07-08 15:03:50.622161+00
5ddbed9c-5a32-497a-ab26-e9f50d2d1d0a,"{""city"": """", ""state"": """", ""labels"": [""Testing/Certification"", ""Germany"", ""Wind""], ""address"": """", ""country"": ""Germany"", ""description"": ""German company providing bird detection/protection technology for wind turbines.""}",2026-07-08 15:03:50.622161+00
5df3b907-b921-4332-8d91-9b2a736f0ae9,"{""city"": """", ""state"": """", ""labels"": [""Module Mfr"", ""France"", ""Solar PV""], ""address"": """", ""country"": ""France"", ""description"": ""French solar PV module manufacturer.""}",2026-07-08 15:03:50.622161+00
5df553ad-68a4-4acf-a3cf-4038836d97f3,"{""city"": """", ""state"": ""Guangdong"", ""labels"": [""Mounting/Tracker"", ""China""], ""address"": """", ""country"": ""China"", ""description"": ""Guangdong-based aluminium components manufacturer for solar mounting and thermal applications.""}",2026-07-08 15:03:50.622161+00
5e0093a8-5b8d-4c58-b79b-180e23779019,"{""city"": """", ""state"": """", ""labels"": [""EPC/Installer"", ""Germany"", ""Solar PV""], ""address"": """", ""country"": ""Germany"", ""description"": ""German solar installation company.""}",2026-07-08 15:03:50.622161+00
5e144c1c-5d42-4c14-9fda-b203167beaea,"{""city"": """", ""state"": """", ""labels"": [""Software"", ""Netherlands"", ""Grid""], ""address"": """", ""country"": ""Netherlands"", ""description"": ""AI-driven energy trading and forecasting software company.""}",2026-07-08 15:03:50.622161+00
5e1b4d46-cdf5-4c60-a8d6-b59152f6c94f,"{""city"": """", ""state"": """", ""labels"": [""Inverter Mfr"", ""Germany"", ""Solar PV""], ""address"": """", ""country"": ""Germany"", ""description"": ""German solar inverter manufacturer, part of Siemens.""}",2026-07-08 15:03:50.622161+00
5e3b71e0-77a6-4023-8b9f-8cfdc274e2b9,"{""city"": """", ""state"": ""Michigan"", ""labels"": [""Other"", ""United States"", ""EV Charging""], ""address"": """", ""country"": ""United States"", ""description"": ""US automotive and e-propulsion systems manufacturer.""}",2026-07-08 15:03:50.622161+00
5e687173-a82d-435b-95fd-8e85c9735835,"{""city"": """", ""state"": """", ""labels"": [""EPC/Installer"", ""Italy"", ""Solar PV""], ""address"": """", ""country"": ""Italy"", ""description"": ""Italian solar installation company.""}",2026-07-08 15:03:50.622161+00
5e70ac52-ea9e-4eaa-b3cb-0869824ff4d2,"{""city"": """", ""state"": """", ""labels"": [""Battery/Storage"", ""Germany""], ""address"": """", ""country"": ""Germany"", ""description"": ""German subsidiary of a battery energy storage system manufacturer.""}",2026-07-08 15:03:50.622161+00
5e9e2915-d977-4b3e-a7f8-0d0da146a72a,"{""city"": """", ""state"": """", ""labels"": [""EPC/Installer"", ""Spain"", ""Residential""], ""address"": """", ""country"": ""Spain"", ""description"": ""Residential solar installation company.""}",2026-07-08 15:03:50.622161+00
5eadfbc2-8f6f-4ac0-8ed5-e7664d5936b5,"{""city"": """", ""state"": """", ""labels"": [""Mounting/Tracker"", ""Germany""], ""address"": """", ""country"": ""Germany"", ""description"": ""German steel manufacturer supplying racking and structural steel components.""}",2026-07-08 15:03:50.622161+00
5eb456a4-8450-4eb5-a15f-af0e15f7e3dd,"{""city"": """", ""state"": """", ""labels"": [""EPC/Installer"", ""United Kingdom"", ""C&I""], ""address"": """", ""country"": ""United Kingdom"", ""description"": ""UK-based energy services and installation company.""}",2026-07-08 15:03:50.622161+00
5ee04d44-55c5-41fb-b603-7d00bf13c863,"{""city"": """", ""state"": """", ""labels"": [""Software"", ""United Kingdom"", ""EV Charging""], ""address"": """", ""country"": ""United Kingdom"", ""description"": ""Provides support/software services for EV charging or energy assets.""}",2026-07-08 15:03:50.622161+00
5f0595eb-2ccf-40f9-a74f-34ca926443b1,"{""city"": """", ""state"": """", ""labels"": [""EPC/Installer"", ""Germany"", ""Solar PV""], ""address"": """", ""country"": ""Germany"", ""description"": ""German solar EPC and installation company.""}",2026-07-08 15:03:50.622161+00
5f13bb4a-7608-43b5-9a2f-9350e65984fb,"{""city"": """", ""state"": """", ""labels"": [""Consultancy"", ""Slovenia""], ""address"": """", ""country"": ""Slovenia"", ""description"": ""Energy sector consultancy or services company.""}",2026-07-08 15:03:50.622161+00
5f1b0fcc-4c86-453c-927d-9cb0916634e9,"{""city"": """", ""state"": """", ""labels"": [""Cable/BOS"", ""Germany""], ""address"": """", ""country"": ""Germany"", ""description"": ""German energy technology company supplying balance-of-system components.""}",2026-07-08 15:03:50.622161+00
5f56fc21-80ad-4d67-b31b-4495900c2ff8,"{""city"": ""Stuttgart"", ""state"": """", ""labels"": [""Other"", ""Germany"", ""EV Charging""], ""address"": """", ""country"": ""Germany"", ""description"": ""German truck manufacturer with electric and alternative-fuel truck lines.""}",2026-07-08 15:03:50.622161+00
5f61f05a-85af-44c4-a8ea-c2cf89a73b9e,"{""city"": """", ""state"": """", ""labels"": [""Developer/IPP"", ""Slovenia"", ""Solar PV""], ""address"": """", ""country"": ""Slovenia"", ""description"": ""Renewable energy group developing solar and energy projects in Europe.""}",2026-07-08 15:04:11.813325+00
5f70eb55-929c-4b48-91d2-039da7d1d7ed,"{""city"": """", ""state"": """", ""labels"": [""Software"", ""Germany"", ""Solar PV""], ""address"": """", ""country"": ""Germany"", ""description"": ""AI-based drone inspection software for solar PV assets.""}",2026-07-08 15:04:11.813325+00
5f7842f6-38ac-4904-a372-0a6e9ad5cf96,"{""city"": """", ""state"": """", ""labels"": [""EPC/Installer"", ""Germany"", ""Solar PV""], ""address"": """", ""country"": ""Germany"", ""description"": ""German solar PV project developer and EPC contractor.""}",2026-07-08 15:04:11.813325+00
5f8bcded-d9f4-4b9a-9db6-9cea9f121961,"{""city"": """", ""state"": """", ""labels"": [""Distributor"", ""Turkey"", ""Solar PV""], ""address"": """", ""country"": ""Turkey"", ""description"": ""Distributor of solar power equipment and components.""}",2026-07-08 15:04:11.813325+00
5f8ccc7d-953b-464e-b2e8-d560b8ab3ccb,"{""city"": ""Berlin"", ""state"": """", ""labels"": [""Financing"", ""Germany""], ""address"": """", ""country"": ""Germany"", ""description"": ""German bank providing financing for renewable energy projects.""}",2026-07-08 15:04:11.813325+00
5f9a5989-c342-4b0b-987d-ffe967079e56,"{""city"": ""Shenzhen"", ""state"": """", ""labels"": [""Inverter Mfr"", ""China"", ""Solar PV""], ""address"": """", ""country"": ""China"", ""description"": ""Chinese manufacturer of solar power and green energy equipment.""}",2026-07-08 15:04:11.813325+00
5fb457d9-3bc9-4933-b258-b80d9d7079da,"{""city"": """", ""state"": """", ""labels"": [""Software"", ""Switzerland"", ""EV Charging""], ""address"": """", ""country"": ""Switzerland"", ""description"": ""Swiss provider of solar and EV charging management software.""}",2026-07-08 15:04:11.813325+00
5fe282e1-aaa3-423e-9827-ce49fe5f4a4d,"{""city"": """", ""state"": """", ""labels"": [""Other"", ""United States""], ""address"": """", ""country"": ""United States"", ""description"": ""Online classifieds and business marketplace platform, not solar-specific.""}",2026-07-08 15:04:11.813325+00
60001696-60c3-42bc-9132-6d2f3292a550,"{""city"": ""Munich"", ""state"": """", ""labels"": [""Other"", ""Germany"", ""Grid""], ""address"": """", ""country"": ""Germany"", ""description"": ""Global industrial conglomerate active in energy and grid technology.""}",2026-07-08 15:04:11.813325+00
601fbf38-11c7-4fbc-a6ed-14aef06f9835,"{""city"": ""Dusseldorf"", ""state"": """", ""labels"": [""Other"", ""Germany""], ""address"": """", ""country"": ""Germany"", ""description"": ""German defense and automotive technology group, not energy-focused.""}",2026-07-08 15:04:11.813325+00
6075f0e3-4547-40ba-9bbf-4363e00561d3,"{""city"": """", ""state"": """", ""labels"": [""EPC/Installer"", ""Germany"", ""Solar PV""], ""address"": """", ""country"": ""Germany"", ""description"": ""German services provider for solar PV installation and maintenance.""}",2026-07-08 15:04:11.813325+00
6097aec0-a817-4ad2-8f16-2f6aa7f3ca78,"{""city"": """", ""state"": """", ""labels"": [""Developer/IPP"", ""France"", ""Solar PV""], ""address"": """", ""country"": ""France"", ""description"": ""French group developing and operating renewable energy projects.""}",2026-07-08 15:04:11.813325+00
60dde1ce-78a8-42a3-bfa5-15f1ec33515a,"{""city"": """", ""state"": """", ""labels"": [""Other""], ""address"": """", ""country"": """", ""description"": ""No website or verifiable information available for this contact.""}",2026-07-08 15:04:11.813325+00
60f1fc04-8192-4bd7-bc12-8e0aa2c26eb3,"{""city"": ""Cottbus"", ""state"": ""Brandenburg"", ""labels"": [""Research/Academic"", ""Germany""], ""address"": """", ""country"": ""Germany"", ""description"": ""German technical university with energy research programs.""}",2026-07-08 15:04:11.813325+00
61031b22-63cf-467f-b8d6-0a73c76c047f,"{""city"": """", ""state"": ""Gujarat"", ""labels"": [""Other"", ""India"", ""Grid""], ""address"": """", ""country"": ""India"", ""description"": ""Indian manufacturer of power and distribution transformers.""}",2026-07-08 15:04:11.813325+00
61326c9b-4ce2-4d77-b1cd-0bffcb10041a,"{""city"": """", ""state"": """", ""labels"": [""Cable/BOS"", ""China""], ""address"": """", ""country"": ""China"", ""description"": ""Chinese manufacturer of heatsinks for power electronics.""}",2026-07-08 15:04:11.813325+00
61355f6b-d78a-4a59-879c-5a43c218d78e,"{""city"": ""Shanghai"", ""state"": """", ""labels"": [""Module Mfr"", ""China"", ""Solar PV""], ""address"": """", ""country"": ""China"", ""description"": ""Chinese solar technology unit of Shanghai Electric group.""}",2026-07-08 15:04:11.813325+00
61566a29-e4c6-4078-94a6-3e40ba927439,"{""city"": """", ""state"": """", ""labels"": [""Mounting/Tracker"", ""Germany"", ""Solar PV""], ""address"": """", ""country"": ""Germany"", ""description"": ""German manufacturer of solar mounting and structural components.""}",2026-07-08 15:04:11.813325+00
617b0f98-2b50-4895-add0-99b3a53c0a3e,"{""city"": ""Tianjin"", ""state"": """", ""labels"": [""Cable/BOS"", ""China"", ""Solar PV""], ""address"": """", ""country"": ""China"", ""description"": ""Chinese manufacturer of new materials for solar applications.""}",2026-07-08 15:04:11.813325+00
6186dd41-0eb1-4c64-b175-eb41dc25bcd0,"{""city"": ""Suzhou"", ""state"": """", ""labels"": [""Cable/BOS"", ""China"", ""Solar PV""], ""address"": """", ""country"": ""China"", ""description"": ""Chinese energy technology and solar component manufacturer.""}",2026-07-08 15:04:11.813325+00
61b44cf8-5f29-4b72-b070-f7a966ef0418,"{""city"": """", ""state"": """", ""labels"": [""Mounting/Tracker"", ""Austria""], ""address"": """", ""country"": ""Austria"", ""description"": ""Austrian steel profile manufacturer supplying mounting components.""}",2026-07-08 15:04:11.813325+00
61b82e09-f3eb-4cb3-b356-24a887ebc816,"{""city"": ""Xiamen"", ""state"": """", ""labels"": [""Mounting/Tracker"", ""China"", ""Solar PV""], ""address"": """", ""country"": ""China"", ""description"": ""Chinese manufacturer of solar mounting systems.""}",2026-07-08 15:04:11.813325+00
61f0c92b-8328-4d2d-8028-dc66dccb3c44,"{""city"": """", ""state"": """", ""labels"": [""Mounting/Tracker"", ""China"", ""Solar PV""], ""address"": """", ""country"": ""China"", ""description"": ""Chinese manufacturer of solar tracker and mounting systems.""}",2026-07-08 15:04:11.813325+00
61fc2077-c7db-4412-962c-b3c7bbf607e7,"{""city"": """", ""state"": """", ""labels"": [""Consultancy"", ""Germany"", ""Solar PV""], ""address"": """", ""country"": ""Germany"", ""description"": ""German energy consultancy for renewable energy projects.""}",2026-07-08 15:04:11.813325+00
620a68ec-c9d1-4c95-8f16-661165d1fb6e,"{""city"": ""Salzgitter"", ""state"": """", ""labels"": [""Battery/Storage"", ""Germany""], ""address"": """", ""country"": ""Germany"", ""description"": ""Volkswagen Group subsidiary manufacturing battery cells.""}",2026-07-08 15:04:11.813325+00
621cd648-4672-4792-aa40-2ef9fabd535b,"{""city"": ""Nieuw-Vennep"", ""state"": """", ""labels"": [""Metering/Monitoring"", ""Netherlands""], ""address"": """", ""country"": ""Netherlands"", ""description"": ""Manufactures electricity meters, current transformers and EV charger test equipment.""}",2026-07-08 15:05:04.126463+00
623ad749-3ebd-4c07-9e3a-ae40296566fb,"{""city"": ""Öhringen"", ""state"": ""Baden-Württemberg"", ""labels"": [""Cable/BOS"", ""Germany""], ""address"": """", ""country"": ""Germany"", ""description"": ""Supplies stainless steel and special-alloy fasteners and connection elements.""}",2026-07-08 15:05:04.126463+00
6249019c-edf1-41e2-a9ad-81d0723de9f3,"{""city"": ""Mechelen"", ""state"": """", ""labels"": [""Battery/Storage"", ""Belgium"", ""Storage""], ""address"": ""Zandvoortstraat 12A"", ""country"": ""Belgium"", ""description"": ""Develops battery energy storage systems and energy management software for businesses.""}",2026-07-08 15:05:04.126463+00
62d1c5fb-ca70-4617-96f6-10ae3ea1a69b,"{""city"": """", ""state"": """", ""labels"": [""Consultancy"", ""Germany""], ""address"": """", ""country"": ""Germany"", ""description"": ""Engineering firm providing technical consulting services for industrial and energy projects.""}",2026-07-08 15:05:04.126463+00
62fa735f-65e6-456e-8e8b-30f5dab2d0e4,"{""city"": """", ""state"": """", ""labels"": [""Other"", ""Germany""], ""address"": """", ""country"": ""Germany"", ""description"": ""German manufacturing company; specific product line not confirmed (no website on file).""}",2026-07-08 15:05:04.126463+00
62fecb83-7afb-44cb-8629-a663cb76bb67,"{""city"": ""Pinsdorf"", ""state"": """", ""labels"": [""Battery/Storage"", ""Austria"", ""Residential""], ""address"": ""Aumühlweg 20"", ""country"": ""Austria"", ""description"": ""Makes heat pumps, energy storage systems and inverters for the energy transition.""}",2026-07-08 15:05:04.126463+00
631fa7c5-109d-4d9e-a75f-277ba610b644,"{""city"": ""Shenzhen"", ""state"": """", ""labels"": [""Inverter Mfr"", ""China""], ""address"": """", ""country"": ""China"", ""description"": ""Chinese manufacturer of power electronics including inverters and energy storage products.""}",2026-07-08 15:05:04.126463+00
6336c33d-5ffc-44c6-9b33-23701c66a0e7,"{""city"": """", ""state"": """", ""labels"": [""Module Mfr"", ""China""], ""address"": """", ""country"": ""China"", ""description"": ""Manufactures photovoltaic solar panels and related solar power products.""}",2026-07-08 15:05:04.126463+00
637e7213-f039-4cef-b4ad-8c7e4d87ef03,"{""city"": ""Shanghai"", ""state"": """", ""labels"": [""Cable/BOS"", ""China""], ""address"": """", ""country"": ""China"", ""description"": ""Shanghai-based electric technology company supplying electrical components.""}",2026-07-08 15:05:04.126463+00
6397c361-4f87-4822-a99d-b4a242222ed8,"{""city"": """", ""state"": """", ""labels"": [""Distributor"", ""Netherlands""], ""address"": """", ""country"": ""Netherlands"", ""description"": ""Provides warehousing and logistics services, including for solar/energy equipment distribution.""}",2026-07-08 15:05:04.126463+00
642cc775-7b99-441a-b5ef-a4676533a393,"{""city"": ""Bergen"", ""state"": """", ""labels"": [""Software"", ""Norway"", ""EV Charging""], ""address"": ""Solheimsgaten 5"", ""country"": ""Norway"", ""description"": ""AI-driven software platform managing and optimizing electrification infrastructure equipment.""}",2026-07-08 15:05:04.126463+00
642f873a-9571-4feb-801f-a9d93834928a,"{""city"": """", ""state"": """", ""labels"": [""Cable/BOS"", ""China""], ""address"": """", ""country"": ""China"", ""description"": ""Chinese manufacturer of electrical equipment and components under the Fullwill brand.""}",2026-07-08 15:05:04.126463+00
64305625-5ae8-4ebd-a191-e7db0597e8b2,"{""city"": ""Changzhou"", ""state"": """", ""labels"": [""Module Mfr"", ""China""], ""address"": """", ""country"": ""China"", ""description"": ""Manufactures photovoltaic modules under the EGing PV brand.""}",2026-07-08 15:05:04.126463+00
6438a5d8-23c5-42e4-9965-8d5f07e463ae,"{""city"": """", ""state"": """", ""labels"": [""Consultancy"", ""Netherlands"", ""EV Charging""], ""address"": """", ""country"": ""Netherlands"", ""description"": ""Consultancy specializing in electric vehicle charging infrastructure advisory services.""}",2026-07-08 15:05:04.126463+00
6441620b-409a-4d34-835f-f6eed70841f0,"{""city"": """", ""state"": """", ""labels"": [""Software"", ""Germany""], ""address"": """", ""country"": ""Germany"", ""description"": ""German company offering AI-based software solutions for energy management.""}",2026-07-08 15:05:04.126463+00
647a72ce-aa3e-4d0b-9eb9-eaf89bad9391,"{""city"": ""Konstanz"", ""state"": """", ""labels"": [""Research/Academic"", ""Germany"", ""Solar PV""], ""address"": """", ""country"": ""Germany"", ""description"": ""International solar energy research institute based in Konstanz, Germany.""}",2026-07-08 15:05:04.126463+00
64b104fb-e97a-42c0-9b42-7f8172bf69b6,"{""city"": """", ""state"": """", ""labels"": [""Module Mfr"", ""China""], ""address"": """", ""country"": ""China"", ""description"": ""Solar company manufacturing or supplying photovoltaic products (Hec Solar).""}",2026-07-08 15:05:04.126463+00
64b2da7c-f70f-48c1-bc2c-fb4d043bd0be,"{""city"": ""Bonn"", ""state"": """", ""labels"": [""Association"", ""Germany"", ""Storage""], ""address"": ""Adenauerallee 134"", ""country"": ""Germany"", ""description"": ""B2B networking platform and association for the global battery and energy storage industry.""}",2026-07-08 15:05:04.126463+00
64c50d42-0956-47e5-ad14-e6121ddee6f4,"{""city"": """", ""state"": """", ""labels"": [""Inverter Mfr"", ""China"", ""Utility-scale""], ""address"": """", ""country"": ""China"", ""description"": ""Chinese manufacturer of solar and energy storage inverters.""}",2026-07-08 15:05:04.126463+00
64d823ad-ccfe-49c4-9b4e-bbe44880d467,"{""city"": ""Jiangxi"", ""state"": """", ""labels"": [""Cable/BOS"", ""China""], ""address"": """", ""country"": ""China"", ""description"": ""Chinese manufacturer of new materials, likely solar encapsulant or backsheet products.""}",2026-07-08 15:05:04.126463+00
64f8eb97-8ef5-4a5d-a691-356f2c50e766,"{""city"": """", ""state"": """", ""labels"": [""Software"", ""Germany"", ""Grid""], ""address"": """", ""country"": ""Germany"", ""description"": ""Develops PowerFactory, a leading power system analysis software for grid and renewable systems.""}",2026-07-08 15:05:04.126463+00
65037205-9d58-4b9a-b565-267a479e8b41,"{""city"": ""Hangzhou"", ""state"": """", ""labels"": [""Metering/Monitoring"", ""China""], ""address"": """", ""country"": ""China"", ""description"": ""Chinese technology company supplying video surveillance and monitoring equipment.""}",2026-07-08 15:05:04.126463+00
6520d685-31b9-4215-b72f-0251629ea4df,"{""city"": ""Brisbane"", ""state"": """", ""labels"": [""Other"", ""Australia"", ""EV Charging""], ""address"": """", ""country"": ""Australia"", ""description"": ""Manufactures DC fast chargers for electric vehicles.""}",2026-07-08 15:05:04.126463+00
65249889-8cf6-42fe-8cc4-c1f475dc078e,"{""city"": """", ""state"": """", ""labels"": [""EPC/Installer"", ""Germany"", ""Solar PV""], ""address"": """", ""country"": ""Germany"", ""description"": ""German company providing solar installation and green energy solutions.""}",2026-07-08 15:05:04.126463+00
653c11e9-6cc0-4e5f-88e8-b617a2d0330b,"{""city"": ""Suzhou"", ""state"": ""Jiangsu"", ""labels"": [""Cable/BOS"", ""China"", ""Solar PV"", ""Storage""], ""address"": ""No. 82, Zhongta Road, Mudu Town, Wuzhong District"", ""country"": ""China"", ""description"": ""Manufactures PV cables, energy storage cables and wire harnesses for the new energy sector.""}",2026-07-08 15:05:31.836547+00
654f88ba-64b5-4e4e-ad60-fcb73951d6cb,"{""city"": """", ""state"": """", ""labels"": [""Metering/Monitoring"", ""Norway"", ""Grid""], ""address"": """", ""country"": ""Norway"", ""description"": ""Develops wireless RF modules and IoT communication solutions including smart metering applications.""}",2026-07-08 15:05:31.836547+00
656a264e-e1b7-4d12-8914-56ad3a8593f2,"{""city"": """", ""state"": """", ""labels"": [""Metering/Monitoring"", ""Germany"", ""Solar PV""], ""address"": """", ""country"": ""Germany"", ""description"": ""German provider of monitoring and data solutions for solar and energy systems.""}",2026-07-08 15:05:31.836547+00
658a4456-bc55-4b23-b1f1-de38d5760d87,"{""city"": """", ""state"": """", ""labels"": [""Other"", ""Germany""], ""address"": """", ""country"": ""Germany"", ""description"": ""German electronics manufacturer (KLSA - Klein GmbH), scope inferred from name and domain.""}",2026-07-08 15:05:31.836547+00
65a48501-a783-44cc-9dee-886d5e73a9d2,"{""city"": """", ""state"": """", ""labels"": [""Cable/BOS"", ""India""], ""address"": """", ""country"": ""India"", ""description"": ""Indian manufacturer of cables, wires and stainless steel, supplying power and infrastructure sectors.""}",2026-07-08 15:05:31.836547+00
65c11378-27c8-448b-a844-98450cbf266e,"{""city"": """", ""state"": """", ""labels"": [""Module Mfr"", ""China"", ""Solar PV""], ""address"": """", ""country"": ""China"", ""description"": ""Chinese manufacturer of solar photovoltaic modules.""}",2026-07-08 15:05:31.836547+00
65c1b8fa-6287-401a-b717-626f2e4089fa,"{""city"": """", ""state"": """", ""labels"": [""Mounting/Tracker"", ""Turkey"", ""Solar PV""], ""address"": """", ""country"": ""Turkey"", ""description"": ""Turkish producer of hot-dip galvanized steel components for solar mounting structures.""}",2026-07-08 15:05:31.836547+00
65ee52ad-665c-4b3c-84da-501be6f9cf50,"{""city"": """", ""state"": """", ""labels"": [""Mounting/Tracker"", ""Spain"", ""Solar PV"", ""Utility-scale""], ""address"": """", ""country"": ""Spain"", ""description"": ""Spanish manufacturer of steel solar mounting structures and trackers.""}",2026-07-08 15:05:31.836547+00
65ff65d8-2f01-4d9d-b8fc-f643f27a17ef,"{""city"": """", ""state"": """", ""labels"": [""Other"", ""Germany""], ""address"": """", ""country"": ""Germany"", ""description"": ""German insurance brokerage (Spessart-Assekuranz-Makler GmbH).""}",2026-07-08 15:05:31.836547+00
66013a3c-cc72-41c2-a2f3-e66564c097de,"{""city"": """", ""state"": """", ""labels"": [""EPC/Installer"", ""India"", ""Solar PV""], ""address"": """", ""country"": ""India"", ""description"": ""Indian solar company (Grew Energy) offering solar products/EPC services.""}",2026-07-08 15:05:31.836547+00
661fe48a-94e9-41b9-9404-31960071dc58,"{""city"": """", ""state"": """", ""labels"": [""Mounting/Tracker"", ""Taiwan""], ""address"": """", ""country"": ""Taiwan"", ""description"": ""Taiwanese manufacturer of steel and metal components, including solar mounting hardware.""}",2026-07-08 15:05:31.836547+00
662560de-6231-47db-9038-089b538d4b39,"{""city"": """", ""state"": """", ""labels"": [""Battery/Storage"", ""United States"", ""Off-grid""], ""address"": """", ""country"": ""United States"", ""description"": ""Manufacturer of portable power stations and battery storage products.""}",2026-07-08 15:05:31.836547+00
66322d75-4541-4249-8d45-224199241a09,"{""city"": """", ""state"": """", ""labels"": [""Testing/Certification"", ""France"", ""Solar PV""], ""address"": """", ""country"": ""France"", ""description"": ""French certification body (Certisolis) for solar photovoltaic products.""}",2026-07-08 15:05:31.836547+00
66427b3a-4903-4d46-b6ef-194992877819,"{""city"": """", ""state"": """", ""labels"": [""Software"", ""Germany"", ""Grid""], ""address"": """", ""country"": ""Germany"", ""description"": ""German software company (Flexbid) for energy flexibility/trading, inferred from domain.""}",2026-07-08 15:05:31.836547+00
66489526-1f61-445d-af71-373085016317,"{""city"": """", ""state"": """", ""labels"": [""Other"", ""China""], ""address"": """", ""country"": ""China"", ""description"": ""Chinese electronics technology company (Jiangxi SinNET Electronics), no website available.""}",2026-07-08 15:05:31.836547+00
6649bb57-bba8-4937-b6ce-fd85cf2ab6d5,"{""city"": """", ""state"": """", ""labels"": [""Metering/Monitoring"", ""Czech Republic"", ""Grid""], ""address"": """", ""country"": ""Czech Republic"", ""description"": ""Develops smart controllers for gen-sets, microgrids and battery energy storage systems.""}",2026-07-08 15:05:31.836547+00
665d2ece-73f3-4358-8c4d-90def7eec910,"{""city"": """", ""state"": """", ""labels"": [""Battery/Storage"", ""China""], ""address"": """", ""country"": ""China"", ""description"": ""Chinese manufacturer of battery chargers and power electronics (UPOWER/Ucanpower).""}",2026-07-08 15:05:31.836547+00
66d018c0-07bc-4670-82ca-c7a80533bc89,"{""city"": """", ""state"": """", ""labels"": [""Financing"", ""Other""], ""address"": """", ""country"": ""Other"", ""description"": ""Boutique deal advisory and co-development firm helping green energy developers secure financing and partners.""}",2026-07-08 15:05:31.836547+00
66dac32d-625b-41c7-92de-4625c320efe4,"{""city"": ""Wuxi"", ""state"": ""Jiangsu"", ""labels"": [""Battery/Storage"", ""China"", ""Residential"", ""C&I""], ""address"": ""No. 9, Huicheng Road, Huishan District"", ""country"": ""China"", ""description"": ""Provides integrated smart energy storage systems including batteries, hybrid inverters and EV chargers.""}",2026-07-08 15:05:31.836547+00
6733d5ce-acd8-46eb-95e8-3ebbf8527141,"{""city"": """", ""state"": """", ""labels"": [""Cable/BOS"", ""Germany""], ""address"": """", ""country"": ""Germany"", ""description"": ""German supplier of energy distribution equipment (IVR Energieverteilungen).""}",2026-07-08 15:05:31.836547+00
67547c9f-84c6-413d-b686-030548d25110,"{""city"": """", ""state"": """", ""labels"": [""EPC/Installer"", ""Germany"", ""Solar PV"", ""Residential""], ""address"": """", ""country"": ""Germany"", ""description"": ""German solar installation company (SUNBOOSTER).""}",2026-07-08 15:05:31.836547+00
67bc5b1c-10c6-48e9-ba38-13be959f0d59,"{""city"": """", ""state"": ""Ontario"", ""labels"": [""Cable/BOS"", ""Canada"", ""Grid""], ""address"": """", ""country"": ""Canada"", ""description"": ""Designs and manufactures power resistors including grounding, braking and load bank resistors.""}",2026-07-08 15:05:31.836547+00
67f92c55-62b5-4ba1-b6c8-069d4819785a,"{""city"": ""Nanjing"", ""state"": """", ""labels"": [""Developer/IPP"", ""China"", ""Utility-scale""], ""address"": ""50F, Sunny World, No.188, Lushan Road"", ""country"": ""China"", ""description"": ""Renewable energy supply chain service provider handling project development and clean power asset investment.""}",2026-07-08 15:05:31.836547+00
6807f6af-6e9d-4e78-99ee-c580b2d0ed29,"{""city"": """", ""state"": """", ""labels"": [""Software"", ""Germany"", ""Grid""], ""address"": """", ""country"": ""Germany"", ""description"": ""German software company (Trassify), likely serving grid/route planning for energy infrastructure.""}",2026-07-08 15:05:31.836547+00
6843a384-4c15-4352-bb2c-5f15a41de1c8,"{""city"": """", ""state"": """", ""labels"": [""Software"", ""Denmark"", ""Wind"", ""Solar PV""], ""address"": """", ""country"": ""Denmark"", ""description"": ""Develops energy planning and optimization software including windPRO and energyPRO for renewable projects.""}",2026-07-08 15:05:31.836547+00
68460fc4-34af-4293-b86a-d106522330e0,"{""city"": ""Ningbo"", ""state"": ""Zhejiang"", ""labels"": [""Inverter Mfr"", ""China"", ""Solar PV""], ""address"": """", ""country"": ""China"", ""description"": ""Manufactures string and hybrid solar inverters under the Sunways brand.""}",2026-07-08 15:06:41.252001+00
687a4b33-286a-4037-a4ae-b9dd697cd112,"{""city"": """", ""state"": """", ""labels"": [""EPC/Installer"", ""Germany"", ""Solar PV""], ""address"": """", ""country"": ""Germany"", ""description"": ""German solar energy company; no website available for verification.""}",2026-07-08 15:06:41.252001+00
687dc41b-d1c4-49f3-981c-ea96b6391e6e,"{""city"": ""Vianen"", ""state"": """", ""labels"": [""EPC/Installer"", ""Netherlands"", ""Solar PV""], ""address"": ""Lange Dreef 19"", ""country"": ""Netherlands"", ""description"": ""Installs commercial solar, battery storage, EMS and charging systems for businesses.""}",2026-07-08 15:06:41.252001+00
688a63ee-c07a-4465-b5d8-e2af70a405ba,"{""city"": ""Altenmarkt im Pongau"", ""state"": ""Salzburg"", ""labels"": [""EV Charging"", ""Austria"", ""EV Charging""], ""address"": """", ""country"": ""Austria"", ""description"": ""Designs and manufactures modular e-bike charging stations and mobility infrastructure.""}",2026-07-08 15:06:41.252001+00
688ac418-f510-4db6-b00d-374df99c5a2f,"{""city"": """", ""state"": ""Baden-Wurttemberg"", ""labels"": [""Consultancy"", ""Germany"", ""Solar PV""], ""address"": """", ""country"": ""Germany"", ""description"": ""Engineering office for technical planning and certification of PV, biogas and storage plants.""}",2026-07-08 15:06:41.252001+00
688aff1a-ba88-47f8-8922-10afaf222197,"{""city"": ""Regensburg"", ""state"": ""Bavaria"", ""labels"": [""Research/Academic"", ""Germany""], ""address"": """", ""country"": ""Germany"", ""description"": ""Public technical university (OTH Regensburg) with research in energy and engineering.""}",2026-07-08 15:06:41.252001+00
68b54bf5-2153-4be6-90c6-629b0e3e10c2,"{""city"": ""Tubingen"", ""state"": """", ""labels"": [""Consultancy"", ""Germany"", ""Grid""], ""address"": """", ""country"": ""Germany"", ""description"": ""Engineering firm specializing in grid integration of renewable energy, including offshore wind.""}",2026-07-08 15:06:41.252001+00
68d2b440-a5c3-4c45-835f-586375dbc530,"{""city"": """", ""state"": ""Baden-Wurttemberg"", ""labels"": [""Other"", ""Germany""], ""address"": """", ""country"": ""Germany"", ""description"": ""Manufactures industrial machinery including CNC plasma cutters and construction equipment.""}",2026-07-08 15:06:41.252001+00
68d57e69-deb8-4027-82de-7ffe87780132,"{""city"": ""Shenzhen"", ""state"": ""Guangdong"", ""labels"": [""Battery/Storage"", ""China"", ""Solar PV""], ""address"": ""1603 Huitong Building, No. 10 Longgang Road"", ""country"": ""China"", ""description"": ""Manufactures LiFePO4 lithium battery storage systems for residential and commercial use.""}",2026-07-08 15:06:41.252001+00
68f93482-25d8-47f4-97f1-bb9e50006421,"{""city"": ""Naju"", ""state"": """", ""labels"": [""Utility"", ""South Korea"", ""Grid""], ""address"": """", ""country"": ""South Korea"", ""description"": ""Korea Electric Power Corporation, national electric utility of South Korea.""}",2026-07-08 15:06:41.252001+00
690ab596-2f77-47c4-bdb8-87f6f83c9479,"{""city"": """", ""state"": """", ""labels"": [""Cable/BOS"", ""China"", ""EV Charging""], ""address"": """", ""country"": ""China"", ""description"": ""Chinese manufacturer of EV charging technology and connectors; no website available.""}",2026-07-08 15:06:41.252001+00
69214bee-c390-4507-bfa0-1271c4b1251d,"{""city"": ""Gostynin"", ""state"": """", ""labels"": [""Distributor"", ""Poland"", ""Solar PV""], ""address"": ""Krosniewicka 4B"", ""country"": ""Poland"", ""description"": ""Manufactures and distributes PV mounting components and hardware for installers.""}",2026-07-08 15:06:41.252001+00
692fe212-ff47-44a4-b9f4-742fadb06d23,"{""city"": ""Augsburg"", ""state"": ""Bavaria"", ""labels"": [""Battery/Storage"", ""Germany"", ""EV Charging""], ""address"": """", ""country"": ""Germany"", ""description"": ""Rents mobile battery storage systems and DC fast chargers without grid connection needed.""}",2026-07-08 15:06:41.252001+00
694e3a12-1a84-4f9a-abf8-796f2b168542,"{""city"": """", ""state"": """", ""labels"": [""Module Mfr"", ""Germany"", ""Solar PV""], ""address"": """", ""country"": ""Germany"", ""description"": ""Manufactures customized solar panels including vehicle-integrated PV modules.""}",2026-07-08 15:06:41.252001+00
6966f2f2-af6f-4568-9356-c896c0e02da5,"{""city"": ""Istanbul"", ""state"": """", ""labels"": [""Other"", ""Turkey""], ""address"": ""Maslak Mah. Maslak Meydan Sk. Beybi Giz Plaza A Blok"", ""country"": ""Turkey"", ""description"": ""Turkish industrial holding providing turnkey solutions in energy, technology and packaging.""}",2026-07-08 15:06:41.252001+00
696db683-1561-4055-9670-cde6b0f81f47,"{""city"": """", ""state"": ""Jiangsu"", ""labels"": [""Other"", ""China""], ""address"": """", ""country"": ""China"", ""description"": ""Hydrogen energy technology company based in Jiangsu, China.""}",2026-07-08 15:06:41.252001+00
696de23c-14ed-4f77-88bb-7862c69d24e0,"{""city"": """", ""state"": """", ""labels"": [""Distributor"", ""Netherlands"", ""Solar PV""], ""address"": """", ""country"": ""Netherlands"", ""description"": ""Dutch solar energy trading company; site unreachable, classified from domain.""}",2026-07-08 15:06:41.252001+00
696e350d-95c6-4a55-864f-7ed38be27922,"{""city"": ""Labiszyn"", ""state"": """", ""labels"": [""EPC/Installer"", ""Poland"", ""Solar PV""], ""address"": ""ul. Szubinska 10"", ""country"": ""Poland"", ""description"": ""General contractor building large-scale PV farms, storage and EV charging infrastructure.""}",2026-07-08 15:06:41.252001+00
6985bddf-3db8-4e58-9033-516f3fda6717,"{""city"": ""Bridport"", ""state"": ""Dorset"", ""labels"": [""Mounting/Tracker"", ""United Kingdom"", ""Utility-scale""], ""address"": ""The Core, Gore Cross Business Park"", ""country"": ""United Kingdom"", ""description"": ""Designs and manufactures solar PV ground mounting systems and carports.""}",2026-07-08 15:06:41.252001+00
6994316f-26d9-46c7-9782-e425cabcc857,"{""city"": ""Ningbo"", ""state"": ""Zhejiang"", ""labels"": [""Cable/BOS"", ""China"", ""EV Charging""], ""address"": """", ""country"": ""China"", ""description"": ""Chinese manufacturer of EV charging equipment; site unreachable, classified from domain.""}",2026-07-08 15:06:41.252001+00
699e0206-6fb6-4488-896b-e2ea91c15326,"{""city"": ""Wuxi"", ""state"": ""Jiangsu"", ""labels"": [""Inverter Mfr"", ""China"", ""Storage""], ""address"": """", ""country"": ""China"", ""description"": ""Manufactures microinverters, batteries, EV chargers and energy management systems.""}",2026-07-08 15:06:41.252001+00
69a2ad93-dba2-4105-ba5f-1f0d3f62c209,"{""city"": ""Ningbo"", ""state"": ""Zhejiang"", ""labels"": [""Inverter Mfr"", ""China"", ""Storage""], ""address"": """", ""country"": ""China"", ""description"": ""Manufactures string and hybrid inverters and energy storage systems for solar applications.""}",2026-07-08 15:06:41.252001+00
69c789d3-3e49-4da1-8a01-744cde657212,"{""city"": """", ""state"": """", ""labels"": [""Module Mfr"", ""Germany"", ""Solar PV""], ""address"": """", ""country"": ""Germany"", ""description"": ""Sells solar modules, inverters and storage under licensed AEG brand.""}",2026-07-08 15:06:41.252001+00
69cf938a-4471-4391-9a76-afeb70375381,"{""city"": """", ""state"": """", ""labels"": [""Software"", ""Switzerland"", ""Solar PV""], ""address"": """", ""country"": ""Switzerland"", ""description"": ""Provides software for solar installers to design, quote and manage PV and EV projects.""}",2026-07-08 15:06:41.252001+00
69f92424-7ced-4ab2-81ef-636ea6af404b,"{""city"": ""High Ridge"", ""state"": ""Missouri"", ""labels"": [""Other"", ""United States""], ""address"": ""3010 High Ridge Boulevard"", ""country"": ""United States"", ""description"": ""Manufacturer and supplier of transformer, switchgear and breaker components since 1969.""}",2026-07-08 15:06:41.252001+00
6a05d882-1a80-4e5d-888a-1fa03cc6cd97,"{""city"": ""Nanjing"", ""state"": ""Jiangsu"", ""labels"": [""Other"", ""China""], ""address"": """", ""country"": ""China"", ""description"": ""Organizes trade conferences and exhibitions in China, including energy sector events.""}",2026-07-08 15:06:42.638973+00
6a190e4d-fb18-46a0-aafc-a2448dc2e45d,"{""city"": ""Dongguan"", ""state"": ""Guangdong"", ""labels"": [""Cable/BOS"", ""China""], ""address"": """", ""country"": ""China"", ""description"": ""Manufactures hardware and electronic fasteners and components in Dongguan, China.""}",2026-07-08 15:06:42.638973+00
6a1e2e33-ac66-4899-b6e0-a25e474164f5,"{""city"": ""Seoul"", ""state"": """", ""labels"": [""Association"", ""South Korea"", ""Solar PV""], ""address"": """", ""country"": ""South Korea"", ""description"": ""National trade association promoting new and renewable energy industries in South Korea.""}",2026-07-08 15:06:42.638973+00
6a1fbd1d-9be3-4605-a838-7ad9c4acef3a,"{""city"": """", ""state"": """", ""labels"": [""Software"", ""Germany"", ""Solar PV""], ""address"": """", ""country"": ""Germany"", ""description"": ""Provides solar PV performance analytics and monitoring software.""}",2026-07-08 15:06:42.638973+00
6a5e80af-b9fe-47d1-b6cb-cd2054e9e422,"{""city"": ""Shenzhen"", ""state"": ""Guangdong"", ""labels"": [""Battery/Storage"", ""China""], ""address"": """", ""country"": ""China"", ""description"": ""Manufactures lithium batteries for storage and portable power applications, based in Shenzhen.""}",2026-07-08 15:06:42.638973+00
6a9ec168-07bf-4cc3-94b2-ac12d7fa5d52,"{""city"": ""Wenzhou"", ""state"": ""Zhejiang"", ""labels"": [""Distributor"", ""China""], ""address"": """", ""country"": ""China"", ""description"": ""Imports and exports electrical and electronic components from Wenzhou, China.""}",2026-07-08 15:06:42.638973+00
6aadc747-0b32-497b-a1af-0a8c1f84bb76,"{""city"": ""Göteborg"", ""state"": """", ""labels"": [""Other"", ""Sweden""], ""address"": ""Sven Hultins plats 5"", ""country"": ""Sweden"", ""description"": ""Develops instant point-of-use water heating solutions for commercial buildings.""}",2026-07-08 15:06:42.638973+00
6ac3cb16-8041-479c-8e05-18d8d3efc7cf,"{""city"": ""Suzhou"", ""state"": ""Jiangsu"", ""labels"": [""Other"", ""China"", ""Solar PV""], ""address"": """", ""country"": ""China"", ""description"": ""Manufactures solar panel production equipment, based in Suzhou, China.""}",2026-07-08 15:06:42.638973+00
6ad420b3-1921-4353-8296-1686630a9487,"{""city"": """", ""state"": """", ""labels"": [""Other"", ""Germany""], ""address"": """", ""country"": ""Germany"", ""description"": ""Energy technology company offering engineering and equipment services.""}",2026-07-08 15:06:42.638973+00
6b3d2e13-4f1c-4bd4-8404-afbb95d4f27c,"{""city"": """", ""state"": """", ""labels"": [""Software"", ""Denmark"", ""Solar PV""], ""address"": """", ""country"": ""Denmark"", ""description"": ""Develops SolarPlanner, software for solar PV system design and planning.""}",2026-07-08 15:06:42.638973+00
6b71e3f5-6444-4af9-8b0a-49ac48846024,"{""city"": """", ""state"": ""Guangdong"", ""labels"": [""Other"", ""China""], ""address"": """", ""country"": ""China"", ""description"": ""Technology manufacturer based in Guangdong, China.""}",2026-07-08 15:06:42.638973+00
6b829e9d-5068-48ee-8542-46f0df651034,"{""city"": """", ""state"": """", ""labels"": [""Mounting/Tracker"", ""Germany"", ""Solar PV""], ""address"": """", ""country"": ""Germany"", ""description"": ""Manufactures mounting technology systems for solar installations in Germany.""}",2026-07-08 15:06:42.638973+00
6b8958b6-b97c-4378-903c-07f8ceb73cf8,"{""city"": ""Torangsvag"", ""state"": """", ""labels"": [""Battery/Storage"", ""Norway""], ""address"": ""Travik 46"", ""country"": ""Norway"", ""description"": ""Designs and manufactures stationary and mobile battery energy storage systems.""}",2026-07-08 15:06:42.638973+00
6b9bb510-ee01-41c0-901c-559881362a5b,"{""city"": """", ""state"": """", ""labels"": [""Cable/BOS"", ""Germany""], ""address"": """", ""country"": ""Germany"", ""description"": ""European subsidiary supplying connectors and cable assemblies for electronics manufacturers.""}",2026-07-08 15:06:42.638973+00
6ba07e1b-b059-4a41-bc51-4d56c4c161a3,"{""city"": """", ""state"": ""Jiangsu"", ""labels"": [""Metering/Monitoring"", ""China""], ""address"": """", ""country"": ""China"", ""description"": ""Manufactures electrical metering, monitoring, and power quality instruments, based in Jiangsu, China.""}",2026-07-08 15:06:42.638973+00
6ba7f643-076a-4ad7-8a25-3b44dade4adf,"{""city"": ""Bonn"", ""state"": """", ""labels"": [""Consultancy"", ""Germany"", ""Solar PV""], ""address"": """", ""country"": ""Germany"", ""description"": ""Provides market research and consultancy services for the solar and renewable energy industry.""}",2026-07-08 15:06:42.638973+00
6baaeae7-f181-4caf-93a5-ef60f3bd62ce,"{""city"": """", ""state"": """", ""labels"": [""EPC/Installer"", ""Germany"", ""Grid""], ""address"": """", ""country"": ""Germany"", ""description"": ""Provides smart energy and grid distribution engineering solutions, part of the VINCI Energies Omexom brand.""}",2026-07-08 15:06:42.638973+00
6bc1313c-1ae2-4713-8f60-2d56f0320e44,"{""city"": ""Wuhan"", ""state"": ""Hubei"", ""labels"": [""Other"", ""China""], ""address"": """", ""country"": ""China"", ""description"": ""Energy technology company based in Wuhan, China.""}",2026-07-08 15:06:42.638973+00
6c390d58-7533-47d2-b94c-9bf9129d5a09,"{""city"": ""Shanghai"", ""state"": """", ""labels"": [""Inverter Mfr"", ""China"", ""Solar PV""], ""address"": """", ""country"": ""China"", ""description"": ""Global manufacturer of electrical equipment including solar inverters and low-voltage components.""}",2026-07-08 15:06:42.638973+00
6c56e321-be07-4219-9420-875e6c56ef54,"{""city"": ""Mainz"", ""state"": """", ""labels"": [""Metering/Monitoring"", ""Germany""], ""address"": """", ""country"": ""Germany"", ""description"": ""Manufactures embedded measurement technology and electronics modules.""}",2026-07-08 15:06:42.638973+00
6c5d10ed-7a1d-45e3-8806-d83b25e231bd,"{""city"": """", ""state"": """", ""labels"": [""Association"", ""Germany"", ""Hydrogen""], ""address"": """", ""country"": ""Germany"", ""description"": ""Industry forum focused on hydrogen technology dialogue and networking.""}",2026-07-08 15:06:42.638973+00
6c83b990-5b2b-4687-b769-3a4d581d6726,"{""city"": """", ""state"": """", ""labels"": [""Metering/Monitoring"", ""Switzerland""], ""address"": """", ""country"": ""Switzerland"", ""description"": ""Provides sensor and monitoring technology solutions in Switzerland.""}",2026-07-08 15:06:42.638973+00
6c87d11e-50a1-4e7d-a774-8d2a1a3c2747,"{""city"": """", ""state"": """", ""labels"": [""Battery/Storage"", ""Germany""], ""address"": """", ""country"": ""Germany"", ""description"": ""Provides energy storage and management systems under the Enertune brand in Germany.""}",2026-07-08 15:06:42.638973+00
6c8c84af-e299-429b-9c8e-1c310bc03f42,"{""city"": """", ""state"": """", ""labels"": [""Cable/BOS"", ""India""], ""address"": """", ""country"": ""India"", ""description"": ""Manufactures electrical power and distribution transformers.""}",2026-07-08 15:06:42.638973+00
6c994f47-4ba9-4b19-be89-f315643287e0,"{""city"": ""Guangzhou"", ""state"": ""Guangdong"", ""labels"": [""Other"", ""China""], ""address"": """", ""country"": ""China"", ""description"": ""Manufactures cameras and electronic imaging devices, based in China.""}",2026-07-08 15:06:42.638973+00
6ca39d60-52d5-4e3d-ad70-00257fdfecc0,"{""city"": ""Oslo"", ""state"": """", ""labels"": [""Association"", ""Norway""], ""address"": """", ""country"": ""Norway"", ""description"": ""Trade association for renewable energy companies in Norway.""}",2026-07-08 15:07:35.042672+00
6cae3ea5-8bc9-4a3e-9462-fe28560ec070,"{""city"": ""Shenzhen"", ""state"": """", ""labels"": [""Other"", ""China""], ""address"": """", ""country"": ""China"", ""description"": ""Chinese manufacturing company, product line unclear from domain.""}",2026-07-08 15:07:35.042672+00
6cf5d317-85f9-4a03-adee-9d739a4cafe0,"{""city"": """", ""state"": """", ""labels"": [""Other"", ""Germany"", ""EV Charging""], ""address"": """", ""country"": ""Germany"", ""description"": ""EV mobility and charging solutions provider.""}",2026-07-08 15:07:35.042672+00
6d0b986c-5611-431c-92e9-261263c95a9d,"{""city"": """", ""state"": """", ""labels"": [""Cable/BOS"", ""Austria""], ""address"": """", ""country"": ""Austria"", ""description"": ""Manufactures grounding, cable accessories and connection technology.""}",2026-07-08 15:07:35.042672+00
6d227c6d-86e8-45a4-9e91-d0a4a2dd8a9e,"{""city"": """", ""state"": ""Jiangxi"", ""labels"": [""Other"", ""China""], ""address"": """", ""country"": ""China"", ""description"": ""Jiangxi-based technology development company.""}",2026-07-08 15:07:35.042672+00
6d5c005a-7d23-40bf-a526-39d8a6db57c4,"{""city"": ""Freilassing"", ""state"": ""Bavaria"", ""labels"": [""Mounting/Tracker"", ""Germany""], ""address"": """", ""country"": ""Germany"", ""description"": ""Manufactures construction systems including PV mounting for silos and buildings.""}",2026-07-08 15:07:35.042672+00
6d606641-511e-4827-9b64-d89ae0488788,"{""city"": """", ""state"": """", ""labels"": [""Metering/Monitoring"", ""United Kingdom""], ""address"": """", ""country"": ""United Kingdom"", ""description"": ""Manufactures control and monitoring switches for industrial applications.""}",2026-07-08 15:07:35.042672+00
6d69087e-1875-4a34-8f07-1f2549d5373b,"{""city"": """", ""state"": ""Guangdong"", ""labels"": [""Other"", ""China""], ""address"": """", ""country"": ""China"", ""description"": ""Guangdong-based electronics component manufacturer.""}",2026-07-08 15:07:35.042672+00
6d87867f-8925-4d5c-a039-d45cc64ca947,"{""city"": """", ""state"": """", ""labels"": [""Metering/Monitoring"", ""Germany"", ""EV Charging""], ""address"": """", ""country"": ""Germany"", ""description"": ""Provides payment and monitoring terminals for vending and EV charging.""}",2026-07-08 15:07:35.042672+00
6db8237b-c34c-402f-8f36-5a120b655dbb,"{""city"": ""Shenzhen"", ""state"": """", ""labels"": [""Battery/Storage"", ""China""], ""address"": """", ""country"": ""China"", ""description"": ""Shenzhen-based battery technology company.""}",2026-07-08 15:07:35.042672+00
6dbd217a-bfdd-4eb8-9272-ec518151e34f,"{""city"": ""Guangzhou"", ""state"": """", ""labels"": [""Other"", ""China""], ""address"": """", ""country"": ""China"", ""description"": ""Guangzhou-based energy technology company.""}",2026-07-08 15:07:35.042672+00
6dcc1d6e-ff09-4ed4-b94b-83323dd65037,"{""city"": """", ""state"": """", ""labels"": [""Other"", ""Germany""], ""address"": """", ""country"": ""Germany"", ""description"": ""Provides mobile road and steel plate systems for construction sites.""}",2026-07-08 15:07:35.042672+00
6e225663-b39a-4c54-b971-60c07c52f6fc,"{""city"": """", ""state"": """", ""labels"": [""EPC/Installer"", ""Germany""], ""address"": """", ""country"": ""Germany"", ""description"": ""Provides energy services including installation and system integration.""}",2026-07-08 15:07:35.042672+00
6e2e4f28-72b9-47b7-ab7f-3c572878eb92,"{""city"": """", ""state"": ""Sichuan"", ""labels"": [""Other"", ""China""], ""address"": """", ""country"": ""China"", ""description"": ""Sichuan-based new energy company.""}",2026-07-08 15:07:35.042672+00
6e46dd1a-0c21-4371-aa7f-ae5faaee1f42,"{""city"": ""Utrecht"", ""state"": """", ""labels"": [""EPC/Installer"", ""Netherlands"", ""EV Charging"", ""Solar PV""], ""address"": """", ""country"": ""Netherlands"", ""description"": ""Operates solar-powered EV car sharing and charging services.""}",2026-07-08 15:07:35.042672+00
6e52d9c4-ae0f-4d40-939e-e453d190cf5a,"{""city"": """", ""state"": """", ""labels"": [""Other"", ""Poland"", ""EV Charging""], ""address"": """", ""country"": ""Poland"", ""description"": ""Manufactures EV charging stations under the Axon Charger brand.""}",2026-07-08 15:07:35.042672+00
6e694481-df19-489a-9e8d-23a9dad60053,"{""city"": """", ""state"": """", ""labels"": [""Other"", ""Finland""], ""address"": """", ""country"": ""Finland"", ""description"": ""Finnish energy company.""}",2026-07-08 15:07:35.042672+00
6e84454a-5eae-44d9-9878-750b18cd8669,"{""city"": """", ""state"": """", ""labels"": [""Other"", ""Germany""], ""address"": """", ""country"": ""Germany"", ""description"": ""German energy services company.""}",2026-07-08 15:07:35.042672+00
6ea3c97f-aa1f-4b9c-a418-0c5d7682c3de,"{""city"": """", ""state"": """", ""labels"": [""Distributor"", ""United Kingdom""], ""address"": """", ""country"": ""United Kingdom"", ""description"": ""European distributor of solar and energy equipment.""}",2026-07-08 15:07:35.042672+00
6ea8d504-8283-4071-bbcc-d75dc8b5454f,"{""city"": ""Vienna"", ""state"": """", ""labels"": [""Software"", ""Austria""], ""address"": """", ""country"": ""Austria"", ""description"": ""Austrian technology company offering digital/software solutions.""}",2026-07-08 15:07:35.042672+00
6ebfb4c9-4f4f-4e6b-adb8-deac73742fe3,"{""city"": ""Fürth"", ""state"": ""Bavaria"", ""labels"": [""Software"", ""Germany""], ""address"": """", ""country"": ""Germany"", ""description"": ""Provides digital solutions and traceability technology, part of KURZ Group.""}",2026-07-08 15:07:35.042672+00
6ece7f00-e7a1-4be1-a418-165645c8324e,"{""city"": """", ""state"": """", ""labels"": [""Software"", ""Switzerland""], ""address"": """", ""country"": ""Switzerland"", ""description"": ""Swiss company offering cloud-based software services.""}",2026-07-08 15:07:35.042672+00
6ed5bc59-7042-4e96-afd7-0f8a987a5c9d,"{""city"": ""Navarra"", ""state"": ""Navarra"", ""labels"": [""Other"", ""Spain""], ""address"": """", ""country"": ""Spain"", ""description"": ""Spanish energy company based in Navarra.""}",2026-07-08 15:07:35.042672+00
6efbc47f-9e89-4459-82a0-684ea5c7a142,"{""city"": """", ""state"": """", ""labels"": [""Other"", ""Germany""], ""address"": """", ""country"": ""Germany"", ""description"": ""German engineering and technology company.""}",2026-07-08 15:07:35.042672+00
6f0a23a7-98d1-4e9e-b692-19b4100f655b,"{""city"": """", ""state"": """", ""labels"": [""Testing/Certification"", ""China""], ""address"": """", ""country"": ""China"", ""description"": ""Provides electronic testing and inspection equipment/services.""}",2026-07-08 15:07:35.042672+00
6f4e9326-e921-47b0-9f05-8ef070d894ee,"{""city"": """", ""state"": """", ""labels"": [""Distributor"", ""Germany"", ""Solar PV""], ""address"": """", ""country"": ""Germany"", ""description"": ""Distributes solar PV components and system accessories to installers.""}",2026-07-08 15:07:52.090906+00
6f6863ee-d8d9-4237-b815-983c4b04f4d3,"{""city"": """", ""state"": """", ""labels"": [""Distributor"", ""Poland"", ""Solar PV""], ""address"": """", ""country"": ""Poland"", ""description"": ""Polish distributor/supplier of solar PV equipment.""}",2026-07-08 15:07:52.090906+00
6fa828f9-952c-4a27-b920-6c6e01b88658,"{""city"": """", ""state"": """", ""labels"": [""Metering/Monitoring"", ""Germany"", ""Grid""], ""address"": """", ""country"": ""Germany"", ""description"": ""German manufacturer of switchgear and electrotechnical equipment for grid applications.""}",2026-07-08 15:07:52.090906+00
6fa91586-0d43-4163-9995-839782442abc,"{""city"": ""Zagreb"", ""state"": """", ""labels"": [""Other"", ""Croatia"", ""Grid""], ""address"": """", ""country"": ""Croatia"", ""description"": ""Croatian manufacturer of electrical equipment including transformers and generators.""}",2026-07-08 15:07:52.090906+00
6fad4868-e26f-440b-a953-2cddccb5114e,"{""city"": ""Wittenberg"", ""state"": """", ""labels"": [""Battery/Storage"", ""Germany"", ""C&I""], ""address"": """", ""country"": ""Germany"", ""description"": ""German manufacturer of lithium battery storage systems for residential and commercial use.""}",2026-07-08 15:07:52.090906+00
6fb11bb1-59bb-4641-bb49-3c0100671f5f,"{""city"": """", ""state"": """", ""labels"": [""Module Mfr"", ""Netherlands"", ""Solar PV""], ""address"": """", ""country"": ""Netherlands"", ""description"": ""Manufacturer of solar PV modules for residential and commercial installations.""}",2026-07-08 15:07:52.090906+00
6fc5aa14-204c-469b-a181-2866acb170db,"{""city"": ""Brilon"", ""state"": """", ""labels"": [""Other"", ""Germany""], ""address"": """", ""country"": ""Germany"", ""description"": ""German manufacturer of explosion protection and pressure relief safety systems.""}",2026-07-08 15:07:52.090906+00
6fe802ee-0bd4-4ecc-a6f2-d468fd32e3dc,"{""city"": ""Huizhou"", ""state"": """", ""labels"": [""Cable/BOS"", ""China"", ""EV Charging""], ""address"": """", ""country"": ""China"", ""description"": ""Chinese manufacturer of EV charging connectors and related components.""}",2026-07-08 15:07:52.090906+00
702fadef-51e7-48d9-9a2d-92911bfc4937,"{""city"": """", ""state"": """", ""labels"": [""Cable/BOS"", ""United States"", ""Solar PV""], ""address"": """", ""country"": ""United States"", ""description"": ""Manufacturer of enclosures and boxes for solar connectors and BOS components.""}",2026-07-08 15:07:52.090906+00
702fbd28-5ab7-473e-88af-7209460ee618,"{""city"": ""Jiaxing"", ""state"": """", ""labels"": [""Cable/BOS"", ""China"", ""Solar PV""], ""address"": """", ""country"": ""China"", ""description"": ""Chinese manufacturer of PV cables and wires.""}",2026-07-08 15:07:52.090906+00
7078dc12-56f0-4814-9ae6-7887514b1974,"{""city"": """", ""state"": """", ""labels"": [""Inverter Mfr"", ""Germany"", ""Grid""], ""address"": """", ""country"": ""Germany"", ""description"": ""German unit of ABB, supplying electrical equipment including inverters and switchgear.""}",2026-07-08 15:07:52.090906+00
70ffcfd9-285c-444c-9418-c494d8164f5d,"{""city"": ""Straubing"", ""state"": """", ""labels"": [""Mounting/Tracker"", ""Germany"", ""Solar PV""], ""address"": """", ""country"": ""Germany"", ""description"": ""German manufacturer of ground screw foundation systems for solar mounting structures.""}",2026-07-08 15:07:52.090906+00
71134c3f-3e76-4d72-8060-5834af5903f5,"{""city"": ""Shanghai"", ""state"": """", ""labels"": [""Inverter Mfr"", ""China"", ""Solar PV""], ""address"": """", ""country"": ""China"", ""description"": ""Chinese manufacturer of solar power electronics including inverters.""}",2026-07-08 15:07:52.090906+00
711ab232-b47a-40f4-bee4-993fde6722aa,"{""city"": """", ""state"": """", ""labels"": [""Mounting/Tracker"", ""Switzerland"", ""Solar PV""], ""address"": """", ""country"": ""Switzerland"", ""description"": ""Swiss manufacturer of drive systems used in solar tracker applications.""}",2026-07-08 15:07:52.090906+00
71278edf-365f-4467-ac41-388c5a445777,"{""city"": """", ""state"": """", ""labels"": [""Battery/Storage"", ""Germany"", ""Solar PV""], ""address"": """", ""country"": ""Germany"", ""description"": ""German company developing hybrid inverter and battery storage solutions.""}",2026-07-08 15:07:52.090906+00
714f2717-3b8a-4652-98ed-c1e978e3051c,"{""city"": """", ""state"": """", ""labels"": [""Developer/IPP"", ""Netherlands"", ""Solar PV""], ""address"": """", ""country"": ""Netherlands"", ""description"": ""Solar project developer active in PV plant development.""}",2026-07-08 15:07:52.090906+00
7171356d-0590-4106-8492-0bfe01fdb322,"{""city"": """", ""state"": """", ""labels"": [""Cable/BOS"", ""Austria"", ""Solar PV""], ""address"": """", ""country"": ""Austria"", ""description"": ""Austrian manufacturer of cable and connector solutions for solar systems.""}",2026-07-08 15:07:52.090906+00
717fc921-fb41-4110-8bea-888f0ee5a509,"{""city"": ""Düsseldorf"", ""state"": """", ""labels"": [""Utility"", ""Germany"", ""Grid""], ""address"": """", ""country"": ""Germany"", ""description"": ""Municipal utility company providing energy and grid services in Düsseldorf.""}",2026-07-08 15:07:52.090906+00
71c18cc1-3c21-4301-94f9-f6de2d0e5195,"{""city"": ""Hirschberg"", ""state"": """", ""labels"": [""EPC/Installer"", ""Germany"", ""Utility-scale""], ""address"": """", ""country"": ""Germany"", ""description"": ""German EPC contractor for large-scale solar PV plant construction.""}",2026-07-08 15:07:52.090906+00
71c66242-ce7a-46a0-88ab-7127fade22de,"{""city"": """", ""state"": """", ""labels"": [""Other"", ""China""], ""address"": """", ""country"": ""China"", ""description"": ""Chinese company involved in energy and carbon technology.""}",2026-07-08 15:07:52.090906+00
71c97377-0234-4cfe-a541-84761b897129,"{""city"": ""Stuttgart"", ""state"": """", ""labels"": [""Consultancy"", ""Germany"", ""Solar PV""], ""address"": """", ""country"": ""Germany"", ""description"": ""German engineering consultancy specializing in solar energy structural design.""}",2026-07-08 15:07:52.090906+00
71d489a1-effb-40d8-81e3-e4d2abf76257,"{""city"": ""Wuxi"", ""state"": """", ""labels"": [""Other"", ""China"", ""Solar PV""], ""address"": """", ""country"": ""China"", ""description"": ""Chinese manufacturer of semiconductor equipment for solar cell production.""}",2026-07-08 15:07:52.090906+00
71ee24b3-cd9e-41e8-9f6e-ef3e33d52563,"{""city"": """", ""state"": """", ""labels"": [""Developer/IPP"", ""United States""], ""address"": """", ""country"": ""United States"", ""description"": ""Energy company involved in renewable energy project development.""}",2026-07-08 15:07:52.090906+00
71eed154-61a4-40e4-93e4-7f6d02682256,"{""city"": """", ""state"": """", ""labels"": [""Other"", ""Unknown""], ""address"": """", ""country"": ""Unknown"", ""description"": ""Exhibitor group at an industry trade show; no company website available.""}",2026-07-08 15:07:52.090906+00
71f3de8f-cabe-4218-85bb-0f1be4b4237e,"{""city"": """", ""state"": """", ""labels"": [""Module Mfr"", ""United States"", ""Solar PV""], ""address"": """", ""country"": ""United States"", ""description"": ""US arm of solar PV module manufacturer Amerisolar.""}",2026-07-08 15:07:52.090906+00
75027f77-fb0f-4b52-89b7-ff99e4e01d96,"{""city"": """", ""state"": """", ""labels"": [""Software"", ""Germany"", ""EV Charging""], ""address"": """", ""country"": ""Germany"", ""description"": ""Provides payment and billing software solutions for EV charging operators.""}",2026-07-08 15:08:44.749547+00
7505137f-30fa-48d8-8507-20f474a2cff4,"{""city"": ""Osnabruck"", ""state"": """", ""labels"": [""Battery/Storage"", ""Germany"", ""Solar PV""], ""address"": """", ""country"": ""Germany"", ""description"": ""Manufactures home battery storage systems for residential solar PV, part of HagerEnergy.""}",2026-07-08 15:08:44.749547+00
751d0400-55bf-4ff5-9bef-3d70ef6a376b,"{""city"": ""London"", ""state"": """", ""labels"": [""Other"", ""United Kingdom"", ""Storage""], ""address"": """", ""country"": ""United Kingdom"", ""description"": ""Publishes industry news and analysis on the energy storage sector.""}",2026-07-08 15:08:44.749547+00
751d0810-c198-40d6-9004-5325d993a3c9,"{""city"": ""Sofia"", ""state"": """", ""labels"": [""Distributor"", ""Bulgaria"", ""Solar PV""], ""address"": """", ""country"": ""Bulgaria"", ""description"": ""Distributes LED lighting and solar/energy products across Europe.""}",2026-07-08 15:08:44.749547+00
753b5860-26e9-4235-acba-a0416ec903fb,"{""city"": """", ""state"": """", ""labels"": [""Other"", ""Germany"", ""Hydrogen""], ""address"": """", ""country"": ""Germany"", ""description"": ""Develops modular electrolysis systems for green hydrogen production.""}",2026-07-08 15:08:44.749547+00
75962d24-fa34-489d-b54b-ddc550c85ae6,"{""city"": """", ""state"": """", ""labels"": [""Consultancy"", ""Germany""], ""address"": """", ""country"": ""Germany"", ""description"": ""Environmental planning and consulting firm, likely supporting renewable project permitting.""}",2026-07-08 15:08:44.749547+00
75bcfaaa-8aed-4494-81d9-b92c1083c942,"{""city"": """", ""state"": """", ""labels"": [""Other"", ""Germany"", ""Grid""], ""address"": """", ""country"": ""Germany"", ""description"": ""Supplies UPS and power backup systems, German unit of Riello Power Systems.""}",2026-07-08 15:08:44.749547+00
75c33af6-c985-4568-81ac-2839bf326456,"{""city"": """", ""state"": """", ""labels"": [""Battery/Storage"", ""Germany""], ""address"": """", ""country"": ""Germany"", ""description"": ""Develops and sells battery energy storage systems.""}",2026-07-08 15:08:44.749547+00
75ca83ca-b127-4a14-8533-ffa8eb469efb,"{""city"": ""Maanshan"", ""state"": ""Anhui"", ""labels"": [""Mounting/Tracker"", ""China""], ""address"": """", ""country"": ""China"", ""description"": ""Manufactures slewing reducers used in solar tracker drive systems.""}",2026-07-08 15:08:44.749547+00
75d2f7cb-e0ae-4633-b203-aeb81656b832,"{""city"": ""Memmingen"", ""state"": ""Bavaria"", ""labels"": [""Distributor"", ""Germany"", ""Off-grid""], ""address"": """", ""country"": ""Germany"", ""description"": ""Distributes off-grid solar and renewable energy solutions worldwide.""}",2026-07-08 15:08:44.749547+00
75dc0ef6-09b2-45d2-a04a-89bcb9567c84,"{""city"": """", ""state"": """", ""labels"": [""Cable/BOS"", ""Germany""], ""address"": """", ""country"": ""Germany"", ""description"": ""Manufactures plastic components including cable protection and conduit products.""}",2026-07-08 15:08:44.749547+00
75e4df43-8731-4c15-b5bb-de676ba1e6f2,"{""city"": ""Berlin"", ""state"": """", ""labels"": [""EPC/Installer"", ""Germany"", ""Solar PV""], ""address"": """", ""country"": ""Germany"", ""description"": ""Marketplace connecting customers with installers of solar, heat pumps and EV chargers.""}",2026-07-08 15:08:44.749547+00
75f664a6-aa7b-4dbb-b7df-e1f9fa6e0ef8,"{""city"": """", ""state"": """", ""labels"": [""Module Mfr"", ""China""], ""address"": """", ""country"": ""China"", ""description"": ""Manufactures solar photovoltaic modules.""}",2026-07-08 15:08:44.749547+00
7618a52d-01a6-47ba-8457-fc5ecb90c745,"{""city"": """", ""state"": """", ""labels"": [""Software"", ""United States""], ""address"": """", ""country"": ""United States"", ""description"": ""AI software company; sector focus unclear from name/domain.""}",2026-07-08 15:08:44.749547+00
7618fe5a-c0bd-4e4f-b108-49d4271e69d8,"{""city"": ""Ludwigsburg"", ""state"": ""Baden-Wurttemberg"", ""labels"": [""Other"", ""Germany""], ""address"": """", ""country"": ""Germany"", ""description"": ""Global filtration and separation technology manufacturer serving automotive and industrial markets.""}",2026-07-08 15:08:44.749547+00
761c9387-9392-4c46-9ffe-656627fc3834,"{""city"": """", ""state"": ""Guangdong"", ""labels"": [""Module Mfr"", ""China""], ""address"": """", ""country"": ""China"", ""description"": ""Manufactures solar photovoltaic modules and related products.""}",2026-07-08 15:08:44.749547+00
761df6cc-43ba-46bf-8e49-0417f49238e6,"{""city"": """", ""state"": """", ""labels"": [""Software"", ""Germany""], ""address"": """", ""country"": ""Germany"", ""description"": ""Provides electrical design and engineering software including solar/BOS design tools.""}",2026-07-08 15:08:44.749547+00
764118a2-2235-4ef9-a357-46c8afb2d318,"{""city"": ""Shenzhen"", ""state"": ""Guangdong"", ""labels"": [""Battery/Storage"", ""China""], ""address"": """", ""country"": ""China"", ""description"": ""Manufactures lithium battery cells and energy storage systems.""}",2026-07-08 15:08:44.749547+00
766e5314-65e1-45b1-86e2-a832cebd377b,"{""city"": ""Kunshan"", ""state"": ""Jiangsu"", ""labels"": [""Cable/BOS"", ""China""], ""address"": """", ""country"": ""China"", ""description"": ""Manufactures electronic and electrical connector components.""}",2026-07-08 15:08:44.749547+00
7673aa43-3abd-4188-8308-362a78f5122b,"{""city"": """", ""state"": """", ""labels"": [""Other"", ""China""], ""address"": """", ""country"": ""China"", ""description"": ""Manufactures heat pump and energy products for HVAC applications.""}",2026-07-08 15:08:44.749547+00
768465ab-1a78-42e2-9eb3-62f155ebc74e,"{""city"": """", ""state"": """", ""labels"": [""Battery/Storage"", ""Germany""], ""address"": """", ""country"": ""Germany"", ""description"": ""Develops battery energy storage system (BESS) solutions.""}",2026-07-08 15:08:44.749547+00
7684b2a6-54be-4d09-a156-326d4337d841,"{""city"": ""Monchengladbach"", ""state"": """", ""labels"": [""Software"", ""Germany"", ""EV Charging""], ""address"": """", ""country"": ""Germany"", ""description"": ""Provides retail and billing solutions for EV charging and fuel/energy retailers.""}",2026-07-08 15:08:44.749547+00
76a405c0-7d3c-46d8-98be-c118eb32f461,"{""city"": ""Bad Staffelstein"", ""state"": ""Bavaria"", ""labels"": [""Distributor"", ""Germany"", ""Solar PV""], ""address"": """", ""country"": ""Germany"", ""description"": ""Distributes and installs solar PV systems and components across Europe.""}",2026-07-08 15:08:44.749547+00
76cabe49-129f-4e6f-9344-398c6f9366c3,"{""city"": ""Shanghai"", ""state"": """", ""labels"": [""Other"", ""China""], ""address"": """", ""country"": ""China"", ""description"": ""New energy technology company; specific product line unclear from name/domain.""}",2026-07-08 15:08:44.749547+00
76ce8405-8da8-4239-b88c-4c393d20dbbe,"{""city"": ""Shanghai"", ""state"": """", ""labels"": [""Mounting/Tracker"", ""China""], ""address"": """", ""country"": ""China"", ""description"": ""Manufactures solar tracker dampers and related mounting hardware.""}",2026-07-08 15:08:44.749547+00
77038e99-1701-422e-86ab-b24827850770,"{""city"": ""Ankara"", ""state"": """", ""labels"": [""Module Mfr"", ""Turkey"", ""Solar PV""], ""address"": """", ""country"": ""Turkey"", ""description"": ""Turkish manufacturer of solar PV modules.""}",2026-07-08 15:09:34.292134+00
7703d4f8-772d-4334-b22c-1094d161f896,"{""city"": ""Changzhou"", ""state"": ""Jiangsu"", ""labels"": [""Battery/Storage"", ""China"", ""EV Charging""], ""address"": """", ""country"": ""China"", ""description"": ""Chinese manufacturer of lithium-ion battery cells for EVs and energy storage.""}",2026-07-08 15:09:34.292134+00
770db0e3-b5c8-4e82-be34-2e534c801fa9,"{""city"": ""Hangzhou"", ""state"": ""Zhejiang"", ""labels"": [""Inverter Mfr"", ""China"", ""Residential""], ""address"": """", ""country"": ""China"", ""description"": ""Chinese manufacturer of microinverters and monitoring systems for residential PV.""}",2026-07-08 15:09:34.292134+00
771fa377-84f4-4829-869d-12ecb40dd12f,"{""city"": """", ""state"": """", ""labels"": [""Battery/Storage"", ""China""], ""address"": """", ""country"": ""China"", ""description"": ""Chinese manufacturer of energy storage system (ESS) products.""}",2026-07-08 15:09:34.292134+00
77712637-cc0d-4d61-a391-1ff810016fb0,"{""city"": ""Alzenau"", ""state"": ""Bavaria"", ""labels"": [""Battery/Storage"", ""Germany""], ""address"": """", ""country"": ""Germany"", ""description"": ""German developer of organic flow battery energy storage technology.""}",2026-07-08 15:09:34.292134+00
777a3040-e4a7-4cef-8a60-c76f6597c7d9,"{""city"": """", ""state"": """", ""labels"": [""Inverter Mfr"", ""Taiwan""], ""address"": """", ""country"": ""Taiwan"", ""description"": ""Manufacturer of power electronics and inverter products.""}",2026-07-08 15:09:34.292134+00
77920d6f-4c42-4619-87a3-517a376385a4,"{""city"": """", ""state"": """", ""labels"": [""Other"", ""China""], ""address"": """", ""country"": ""China"", ""description"": ""Chinese electric power technology company.""}",2026-07-08 15:09:34.292134+00
77b02e33-6142-4b78-921f-7224dc43bc61,"{""city"": """", ""state"": """", ""labels"": [""EV Charging"", ""Germany""], ""address"": """", ""country"": ""Germany"", ""description"": ""German company providing EV charging or energy solutions.""}",2026-07-08 15:09:34.292134+00
77b411cd-5c7e-43ba-b32b-3abe7df8c533,"{""city"": ""Seoul"", ""state"": """", ""labels"": [""Battery/Storage"", ""South Korea""], ""address"": """", ""country"": ""South Korea"", ""description"": ""South Korean energy technology company involved in battery/storage solutions.""}",2026-07-08 15:09:34.292134+00
77bf636f-7342-4238-9566-d1f2392a848a,"{""city"": """", ""state"": """", ""labels"": [""Software"", ""United States""], ""address"": """", ""country"": ""United States"", ""description"": ""US company offering software or technology solutions for the energy sector.""}",2026-07-08 15:09:34.292134+00
77c9f97b-e554-4246-b492-28bb7418220a,"{""city"": """", ""state"": """", ""labels"": [""Metering/Monitoring"", ""Norway"", ""Solar PV""], ""address"": """", ""country"": ""Norway"", ""description"": ""Norwegian provider of monitoring and analytics software for renewable energy assets.""}",2026-07-08 15:09:34.292134+00
77e80058-8fb6-4177-b436-568f234fee0b,"{""city"": """", ""state"": """", ""labels"": [""Software"", ""France"", ""Mounting/Tracker""], ""address"": """", ""country"": ""France"", ""description"": ""French provider of Eurocode structural calculation software tools.""}",2026-07-08 15:09:34.292134+00
77e82f3d-42dd-446d-9f5a-e265ea55d18a,"{""city"": """", ""state"": """", ""labels"": [""Developer/IPP"", ""Netherlands"", ""Solar PV""], ""address"": """", ""country"": ""Netherlands"", ""description"": ""Dutch company specializing in floating solar PV systems.""}",2026-07-08 15:09:34.292134+00
780cbdcb-2888-4260-ae75-f51064fe53f2,"{""city"": ""Chengdu"", ""state"": ""Sichuan"", ""labels"": [""Cable/BOS"", ""China""], ""address"": """", ""country"": ""China"", ""description"": ""Chinese manufacturer of components for the solar/electrical industry.""}",2026-07-08 15:09:34.292134+00
780d035c-6fc7-4afb-b7ee-325313202414,"{""city"": """", ""state"": """", ""labels"": [""Module Mfr"", ""China"", ""Solar PV""], ""address"": """", ""country"": ""China"", ""description"": ""Chinese manufacturer of solar PV modules.""}",2026-07-08 15:09:34.292134+00
785235e9-0060-4876-a3a2-bd66c22a5325,"{""city"": ""Frankfurt"", ""state"": ""Hesse"", ""labels"": [""Association"", ""Germany"", ""Solar PV""], ""address"": """", ""country"": ""Germany"", ""description"": ""German mechanical engineering association's photovoltaic equipment sector group.""}",2026-07-08 15:09:34.292134+00
7870455b-cfe4-45c0-99ab-b821c2185190,"{""city"": ""Munich"", ""state"": ""Bavaria"", ""labels"": [""Software"", ""Germany"", ""Grid""], ""address"": """", ""country"": ""Germany"", ""description"": ""German provider of demand response and virtual power plant software.""}",2026-07-08 15:09:34.292134+00
787a0c18-f29d-4a82-a617-c31b6ba89c67,"{""city"": """", ""state"": """", ""labels"": [""Developer/IPP"", ""Germany"", ""Solar PV""], ""address"": """", ""country"": ""Germany"", ""description"": ""German company developing floating solar PV projects on water bodies.""}",2026-07-08 15:09:34.292134+00
78b0c4ea-53a1-4af7-ac65-30dd95cb3c01,"{""city"": ""Konstanz"", ""state"": ""Baden-Württemberg"", ""labels"": [""Inverter Mfr"", ""Germany"", ""Storage""], ""address"": """", ""country"": ""Germany"", ""description"": ""German manufacturer of hybrid inverters and battery storage systems.""}",2026-07-08 15:09:34.292134+00
78bbf52b-5edb-424d-8050-651becf10ade,"{""city"": ""Beijing"", ""state"": """", ""labels"": [""Metering/Monitoring"", ""China""], ""address"": """", ""country"": ""China"", ""description"": ""Chinese manufacturer of sensors for industrial and energy applications.""}",2026-07-08 15:09:34.292134+00
78bfffba-8799-4604-9e93-c2f4b7bd1829,"{""city"": """", ""state"": """", ""labels"": [""EPC/Installer"", ""Germany"", ""Solar PV""], ""address"": """", ""country"": ""Germany"", ""description"": ""German solar PV installation and mounting systems company.""}",2026-07-08 15:09:34.292134+00
78c7dc9e-0483-4818-8269-883046d462d7,"{""city"": """", ""state"": """", ""labels"": [""Module Mfr"", ""China"", ""Solar PV""], ""address"": """", ""country"": ""China"", ""description"": ""Chinese manufacturer of solar PV modules.""}",2026-07-08 15:09:34.292134+00
78df7f6a-d065-4e58-89c8-9a4bdda32b58,"{""city"": """", ""state"": """", ""labels"": [""Testing/Certification"", ""Germany"", ""Solar PV""], ""address"": """", ""country"": ""Germany"", ""description"": ""German quality assurance and engineering services company for solar projects.""}",2026-07-08 15:09:34.292134+00
78ec144c-95ed-4e48-a54d-a36b6d4bf198,"{""city"": """", ""state"": """", ""labels"": [""Testing/Certification"", ""France"", ""Solar PV""], ""address"": """", ""country"": ""France"", ""description"": ""French provider of technical inspection and certification services for solar plants.""}",2026-07-08 15:09:34.292134+00
78fcb134-06d3-474f-b53f-a5979f093876,"{""city"": """", ""state"": """", ""labels"": [""EPC/Installer"", ""Germany"", ""Solar PV""], ""address"": """", ""country"": ""Germany"", ""description"": ""German operations and maintenance provider for renewable energy plants.""}",2026-07-08 15:09:34.292134+00
71fc6d0c-761f-461f-b34c-82c69ea5a0b1,"{""city"": """", ""state"": """", ""labels"": [""Mounting/Tracker"", ""Germany"", ""Solar PV""], ""address"": """", ""country"": ""Germany"", ""description"": ""German arm of Clenergy, maker of solar mounting and racking systems.""}",2026-07-08 15:10:37.317957+00
7259e9ea-a942-4164-9001-8ae4e387f924,"{""city"": """", ""state"": """", ""labels"": [""Metering/Monitoring"", ""Germany"", ""EV Charging""], ""address"": """", ""country"": ""Germany"", ""description"": ""Manufactures electrical safety and insulation monitoring devices, including e-mobility products.""}",2026-07-08 15:10:37.317957+00
727ebbf9-fb49-42fa-b034-d6c685b8a510,"{""city"": ""Bursa"", ""state"": """", ""labels"": [""Mounting/Tracker"", ""Turkey"", ""Solar PV""], ""address"": ""Niluefer OSB Minarelicavus 120. Sokak No:5"", ""country"": ""Turkey"", ""description"": ""Aluminum extrusion and coating company producing profiles for solar mounting and industry.""}",2026-07-08 15:10:37.317957+00
72923afb-92a6-4da0-96d7-0d0cad8538d7,"{""city"": """", ""state"": """", ""labels"": [""Other"", ""Germany"", ""Off-grid""], ""address"": """", ""country"": ""Germany"", ""description"": ""Fosera, off-grid solar product brand; contact routed via feutonix.com.""}",2026-07-08 15:10:37.317957+00
72c1f04e-6ec1-4206-86c9-79ac3db099e5,"{""city"": ""Ceske Budejovice"", ""state"": """", ""labels"": [""Distributor"", ""Czech Republic"", ""Solar PV"", ""Storage""], ""address"": ""Prokisova 356/7"", ""country"": ""Czech Republic"", ""description"": ""Distributor of PV inverters, battery storage, EV chargers and heat pumps including Huawei FusionSolar.""}",2026-07-08 15:10:37.317957+00
72ceab99-c067-4f79-bc85-f1e76b63751e,"{""city"": """", ""state"": """", ""labels"": [""Other"", ""Germany""], ""address"": """", ""country"": ""Germany"", ""description"": ""Unclear entity name (Seating Area); no website or email available for classification.""}",2026-07-08 15:10:37.317957+00
72d6b4ad-43fb-40cd-9e03-3d91a67c245f,"{""city"": ""Heinsberg"", ""state"": """", ""labels"": [""Testing/Certification"", ""Germany"", ""Solar PV""], ""address"": ""Borsigstrasse 78"", ""country"": ""Germany"", ""description"": ""Develops spectrometric measurement systems for OLED and photovoltaic manufacturing quality assurance.""}",2026-07-08 15:10:37.317957+00
731f245e-73f8-40d4-b20b-4e4199c0f20d,"{""city"": ""Savoia di Lucania (PZ)"", ""state"": """", ""labels"": [""Other"", ""Italy""], ""address"": ""Strada Comunale Contrada Seta"", ""country"": ""Italy"", ""description"": ""Manufactures prefabricated concrete/electrical cabins and structures for industrial and civil use.""}",2026-07-08 15:10:37.317957+00
734c9fde-1799-4c1e-80c3-1358f10bc587,"{""city"": """", ""state"": """", ""labels"": [""Association"", ""Germany""], ""address"": """", ""country"": ""Germany"", ""description"": ""Norwegian Pavilion representation via the German-Norwegian Chamber of Commerce.""}",2026-07-08 15:10:37.317957+00
73766650-1bc4-4f7b-94d1-f1a6140f2c62,"{""city"": ""Feldkirch"", ""state"": """", ""labels"": [""Software"", ""Austria"", ""Grid""], ""address"": ""Kreuzaeckerweg 33"", ""country"": ""Austria"", ""description"": ""Develops automation systems and grid measurement, protection and control solutions.""}",2026-07-08 15:10:37.317957+00
73899dc7-e0de-4dc0-b871-fb0b7fea69b3,"{""city"": """", ""state"": """", ""labels"": [""Other"", ""Ireland""], ""address"": """", ""country"": ""Ireland"", ""description"": ""Kingspan, building materials and insulated panel manufacturer with renewable energy products.""}",2026-07-08 15:10:37.317957+00
738d7107-aef5-46bb-ac45-55b66694e96d,"{""city"": ""Selvazzano Dentro (Padova)"", ""state"": """", ""labels"": [""EPC/Installer"", ""Italy"", ""Storage"", ""Grid""], ""address"": ""Via A. Moravia, 8"", ""country"": ""Italy"", ""description"": ""EPC contractor for electrical grid solutions and electrochemical energy storage systems.""}",2026-07-08 15:10:37.317957+00
73f1f47d-8cdb-465f-8b2f-6f47feae0bf1,"{""city"": ""Berlin"", ""state"": """", ""labels"": [""Software"", ""Germany"", ""Solar PV""], ""address"": """", ""country"": ""Germany"", ""description"": ""Provides digital sales and consultation software for solar, storage and heat pump systems.""}",2026-07-08 15:10:37.317957+00
74183aa0-6da3-4db4-aad4-5834f766ba3e,"{""city"": """", ""state"": """", ""labels"": [""Software"", ""Germany"", ""Residential""], ""address"": """", ""country"": ""Germany"", ""description"": ""Cloud-based smart home automation platform controlling lighting, heating and energy monitoring.""}",2026-07-08 15:10:37.317957+00
742117d1-99cc-4b49-a9d0-20307b59dd40,"{""city"": ""Munich"", ""state"": """", ""labels"": [""Battery/Storage"", ""Germany"", ""Utility-scale""], ""address"": ""Tal 31"", ""country"": ""Germany"", ""description"": ""Supplies battery energy storage systems for utility, C&I, residential and mobile applications.""}",2026-07-08 15:10:37.317957+00
746f3625-b95a-476d-ba87-50fcffa94b8c,"{""city"": ""Helmstadt"", ""state"": """", ""labels"": [""Mounting/Tracker"", ""Germany"", ""Solar PV""], ""address"": ""Prinz-Ludwig-Strasse 5"", ""country"": ""Germany"", ""description"": ""Manufactures solar mounting substructures and DC cabling harnesses for PV plants.""}",2026-07-08 15:10:37.317957+00
74798035-bd1f-417b-98e2-503c6b8d3156,"{""city"": ""Munich"", ""state"": """", ""labels"": [""Other"", ""Germany"", ""Grid""], ""address"": """", ""country"": ""Germany"", ""description"": ""Industrial process-heat electricity provider using AI-optimized power-to-heat technology.""}",2026-07-08 15:10:37.317957+00
747f2049-969d-471f-ac35-253aded20426,"{""city"": ""Berlin"", ""state"": """", ""labels"": [""Software"", ""Germany"", ""Residential""], ""address"": """", ""country"": ""Germany"", ""description"": ""Offers AI-driven home energy management combining solar, storage, EV charging and heat pumps.""}",2026-07-08 15:10:37.317957+00
749dcea1-549e-40d3-9fb4-a6076db624d0,"{""city"": """", ""state"": """", ""labels"": [""Other"", ""Germany""], ""address"": """", ""country"": ""Germany"", ""description"": ""German subsidiary of 3M, diversified industrial and materials manufacturer.""}",2026-07-08 15:10:37.317957+00
74a075b0-b506-4cb7-8e07-aa5f655d9097,"{""city"": """", ""state"": """", ""labels"": [""Other"", ""United States"", ""Grid""], ""address"": """", ""country"": ""United States"", ""description"": ""Analog Devices, semiconductor manufacturer supplying power and sensing chips for energy applications.""}",2026-07-08 15:10:37.317957+00
74b6670d-4126-4b02-a2ea-4b6d4d6662ac,"{""city"": """", ""state"": """", ""labels"": [""EPC/Installer"", ""Germany"", ""Solar PV""], ""address"": """", ""country"": ""Germany"", ""description"": ""German subsidiary of Sollit, solar EPC and installation services provider.""}",2026-07-08 15:10:37.317957+00
74cc3950-ee4e-4e72-b449-3dc62893af6d,"{""city"": ""Muenster"", ""state"": """", ""labels"": [""EPC/Installer"", ""Germany"", ""EV Charging""], ""address"": ""Hafenweg 15"", ""country"": ""Germany"", ""description"": ""Energy service provider covering solar PV, EV charging infrastructure, storage and energy management.""}",2026-07-08 15:10:37.317957+00
74d87bef-11bc-491d-a741-715a42bc7017,"{""city"": """", ""state"": """", ""labels"": [""Software"", ""Germany"", ""Residential""], ""address"": """", ""country"": ""Germany"", ""description"": ""Offers a home energy management app optimizing solar self-consumption and dynamic tariffs.""}",2026-07-08 15:10:37.317957+00
74e4fa52-4c89-40e4-9d11-e4402da49d6f,"{""city"": """", ""state"": """", ""labels"": [""EPC/Installer"", ""Czech Republic"", ""Solar PV""], ""address"": """", ""country"": ""Czech Republic"", ""description"": ""Solar energy company; website inaccessible, classified from domain/name as PV installer/distributor.""}",2026-07-08 15:10:37.317957+00
74f72a4c-eb0c-4dd9-99f7-6e994880bd3a,"{""city"": ""Senirce/Gonen/Isparta"", ""state"": """", ""labels"": [""EV Charging"", ""Turkey"", ""Solar PV""], ""address"": ""Cami, 401. Cadde No:13"", ""country"": ""Turkey"", ""description"": ""Manufactures EV charging stations, wallboxes, solar panels and aluminum facade systems.""}",2026-07-08 15:10:37.317957+00
78ff6826-374c-4260-ae02-663ed56c7d11,"{""city"": ""Worrstadt"", ""state"": ""Rhineland-Palatinate"", ""labels"": [""Developer/IPP"", ""Germany"", ""Solar PV"", ""Wind""], ""address"": ""Energiepark 1"", ""country"": ""Germany"", ""description"": ""Renewable energy project developer and EPC for solar and wind plants.""}",2026-07-08 15:10:53.356081+00
7909b87f-a3bf-4bc2-9b8b-29869fda8866,"{""city"": ""Nurnberg"", ""state"": ""Bavaria"", ""labels"": [""Mounting/Tracker"", ""Germany"", ""Solar PV""], ""address"": ""Herpersdorfer Str. 4c"", ""country"": ""Germany"", ""description"": ""Makes modular patented mounting/bracket systems for fences and PV panels.""}",2026-07-08 15:10:53.356081+00
791a0c7f-5d18-49d6-93bd-d225c9048f7f,"{""city"": """", ""state"": """", ""labels"": [""Software"", ""India"", ""Solar PV""], ""address"": """", ""country"": ""India"", ""description"": ""Sustainability/energy software company operating under the terra-wise brand.""}",2026-07-08 15:10:53.356081+00
791c1c82-55fe-4174-a599-6e141f4ae82e,"{""city"": ""Jiaxing"", ""state"": ""Zhejiang"", ""labels"": [""Module Mfr"", ""China"", ""Solar PV""], ""address"": """", ""country"": ""China"", ""description"": ""Manufactures solar photovoltaic modules.""}",2026-07-08 15:10:53.356081+00
7931a8e8-f675-4160-811f-1072bf7fcd91,"{""city"": ""Heidelberg"", ""state"": """", ""labels"": [""Other"", ""Germany""], ""address"": """", ""country"": ""Germany"", ""description"": ""Trade publisher of the elektro.net magazine for the electrical trade.""}",2026-07-08 15:10:53.356081+00
7939106b-4aa9-422f-8aa3-314fe5650310,"{""city"": ""Edison"", ""state"": ""New Jersey"", ""labels"": [""Battery/Storage"", ""United States"", ""Storage"", ""Utility-scale""], ""address"": """", ""country"": ""United States"", ""description"": ""Manufactures zinc-based long-duration battery storage systems.""}",2026-07-08 15:10:53.356081+00
793eb9e4-5a09-4713-9b5f-91b88b448895,"{""city"": ""Grunstadt"", ""state"": ""Rhineland-Palatinate"", ""labels"": [""Mounting/Tracker"", ""Germany"", ""Solar PV""], ""address"": """", ""country"": ""Germany"", ""description"": ""Makes ground and roof mounting systems for solar installations.""}",2026-07-08 15:10:53.356081+00
796e865c-e33c-4ede-bc5e-7a82c9a997ad,"{""city"": """", ""state"": """", ""labels"": [""Cable/BOS"", ""Germany"", ""Solar PV""], ""address"": """", ""country"": ""Germany"", ""description"": ""Supplies technology components for solar and electrical infrastructure.""}",2026-07-08 15:10:53.356081+00
7996582d-bf52-4a77-bda4-a04ceb2eb0ea,"{""city"": ""Mumbai"", ""state"": ""Maharashtra"", ""labels"": [""Other"", ""India"", ""Solar PV""], ""address"": """", ""country"": ""India"", ""description"": ""Manufactures solar glass used in photovoltaic module production.""}",2026-07-08 15:10:53.356081+00
79a0e121-64b1-4223-b011-101af377b5cd,"{""city"": ""Xining"", ""state"": ""Qinghai"", ""labels"": [""Module Mfr"", ""China"", ""Solar PV"", ""Utility-scale""], ""address"": """", ""country"": ""China"", ""description"": ""Photovoltaic industry technology branch of a Chinese hydropower/solar group (SPIC Solar).""}",2026-07-08 15:10:53.356081+00
79b553c4-fdcc-4c47-bdc0-b17d15fb8541,"{""city"": """", ""state"": """", ""labels"": [""Testing/Certification"", ""South Korea""], ""address"": """", ""country"": ""South Korea"", ""description"": ""Provides testing and certification services, Korean branch of ETI.""}",2026-07-08 15:10:53.356081+00
79e78ca0-1f6e-4652-80f6-ba1fd35824a2,"{""city"": ""Sofia"", ""state"": """", ""labels"": [""EPC/Installer"", ""Bulgaria"", ""Solar PV""], ""address"": """", ""country"": ""Bulgaria"", ""description"": ""Solar EPC and technology company operating in the Bulgarian market.""}",2026-07-08 15:10:53.356081+00
79e9486d-3f20-4e1c-9f1f-5995384f1fa4,"{""city"": ""Bergamo"", ""state"": ""Lombardy"", ""labels"": [""Metering/Monitoring"", ""Italy""], ""address"": """", ""country"": ""Italy"", ""description"": ""Manufactures electrical protection, control and metering devices.""}",2026-07-08 15:10:53.356081+00
79ebd195-65d3-4265-aa51-4a43d1515b69,"{""city"": """", ""state"": """", ""labels"": [""Software"", ""Germany"", ""Grid""], ""address"": """", ""country"": ""Germany"", ""description"": ""Develops grid and energy management software (ZYNE energy platform).""}",2026-07-08 15:10:53.356081+00
79f65b3a-74b7-4c97-8451-106227bd81b8,"{""city"": ""Almelo"", ""state"": """", ""labels"": [""Other"", ""Netherlands"", ""EV Charging""], ""address"": """", ""country"": ""Netherlands"", ""description"": ""Manufactures smart home EV chargers, spun off from Eaton.""}",2026-07-08 15:10:53.356081+00
7a1703a2-cff4-4a06-bfe2-47bd417ed33f,"{""city"": ""Essen"", ""state"": ""North Rhine-Westphalia"", ""labels"": [""Developer/IPP"", ""Germany""], ""address"": """", ""country"": ""Germany"", ""description"": ""German energy company (formerly STEAG) generating and supplying power.""}",2026-07-08 15:10:53.356081+00
7a41a06f-7187-42ad-9721-5fcabef3113c,"{""city"": ""Xiamen"", ""state"": ""Fujian"", ""labels"": [""Inverter Mfr"", ""China"", ""Storage""], ""address"": """", ""country"": ""China"", ""description"": ""Manufactures digital energy products including inverters and storage systems (Kehua).""}",2026-07-08 15:10:53.356081+00
7a6ece60-2b27-4ff8-99c2-ce23f820bf4c,"{""city"": """", ""state"": """", ""labels"": [""Module Mfr"", ""Netherlands"", ""Solar PV"", ""Residential""], ""address"": """", ""country"": ""Netherlands"", ""description"": ""Designs and manufactures colored solar panels for building facades and roofs.""}",2026-07-08 15:10:53.356081+00
7aab0870-df64-4aa8-8ce2-dfef531704d6,"{""city"": """", ""state"": """", ""labels"": [""Other"", ""Germany"", ""EV Charging"", ""Solar PV""], ""address"": """", ""country"": ""Germany"", ""description"": ""Provides solar carport and mobility/EV charging solutions.""}",2026-07-08 15:10:53.356081+00
7ac350bf-8e6f-4042-b3a2-3baffb20196f,"{""city"": ""Bonn"", ""state"": ""North Rhine-Westphalia"", ""labels"": [""Other"", ""Germany""], ""address"": """", ""country"": ""Germany"", ""description"": ""German subsidiary of Eaton, an electrical power management company.""}",2026-07-08 15:10:53.356081+00
7b03f1b8-2f59-4324-bcd8-08b506873c85,"{""city"": """", ""state"": """", ""labels"": [""Metering/Monitoring"", ""Germany"", ""Grid""], ""address"": """", ""country"": ""Germany"", ""description"": ""European arm of Moxa, provider of industrial networking and monitoring devices.""}",2026-07-08 15:10:53.356081+00
7b05913f-9514-4d81-96bf-510db4aabcfc,"{""city"": ""Ludenscheid"", ""state"": ""North Rhine-Westphalia"", ""labels"": [""Testing/Certification"", ""Germany""], ""address"": """", ""country"": ""Germany"", ""description"": ""Manufactures test and calibration equipment for electricity meters.""}",2026-07-08 15:10:53.356081+00
7b1cd095-944e-4d71-b348-07ec4cb27705,"{""city"": ""Lysaker"", ""state"": """", ""labels"": [""Other"", ""Norway"", ""Grid""], ""address"": """", ""country"": ""Norway"", ""description"": ""Operates the Nordic and Baltic power exchange for electricity trading.""}",2026-07-08 15:10:53.356081+00
7b1fcf2f-b187-4290-99ae-c890ee5cead6,"{""city"": ""Lausanne"", ""state"": """", ""labels"": [""Software"", ""Switzerland"", ""Storage"", ""Grid""], ""address"": ""EPFL Innovation Park, Route Cantonale"", ""country"": ""Switzerland"", ""description"": ""Develops ageing-aware battery energy management software (EMMA).""}",2026-07-08 15:10:53.356081+00
7b2d2e44-3d51-4654-aa60-2d6209cf4245,"{""city"": ""Brussels"", ""state"": """", ""labels"": [""Association"", ""Belgium"", ""Grid""], ""address"": """", ""country"": ""Belgium"", ""description"": ""European trade association representing the smart/flexible energy sector.""}",2026-07-08 15:10:53.356081+00
7b5e29e0-8463-4a2e-8314-2574c2a92ebb,"{""city"": """", ""state"": """", ""labels"": [""Software"", ""Netherlands"", ""EV Charging""], ""address"": """", ""country"": ""Netherlands"", ""description"": ""Provides EV charging management and roaming software platforms.""}",2026-07-08 15:11:33.249298+00
7b69b8ea-1036-4ab9-b05e-677981790b81,"{""city"": """", ""state"": """", ""labels"": [""Other"", ""Luxembourg"", ""Solar PV""], ""address"": """", ""country"": ""Luxembourg"", ""description"": ""Manufactures robotic solar panel cleaning systems.""}",2026-07-08 15:11:33.249298+00
7b77d266-101d-4f75-b739-949da4fc6605,"{""city"": ""Regensburg"", ""state"": ""Bavaria"", ""labels"": [""Other"", ""Germany"", ""Grid""], ""address"": """", ""country"": ""Germany"", ""description"": ""Manufactures on-load tap changers and transformer components for grid equipment.""}",2026-07-08 15:11:33.249298+00
7b8a4ea9-f0aa-463f-8f76-e72ff117c436,"{""city"": """", ""state"": """", ""labels"": [""EPC/Installer"", ""Czech Republic"", ""Solar PV""], ""address"": """", ""country"": ""Czech Republic"", ""description"": ""Solar EPC company operating in Central Europe.""}",2026-07-08 15:11:33.249298+00
7b8af3de-2bd6-44f5-bafa-487f99f78aaf,"{""city"": """", ""state"": """", ""labels"": [""Mounting/Tracker"", ""Germany""], ""address"": """", ""country"": ""Germany"", ""description"": ""German systems technology company, likely serving mounting/racking segment.""}",2026-07-08 15:11:33.249298+00
7b920e18-51c5-4619-9ef4-a62c92d64a7a,"{""city"": """", ""state"": """", ""labels"": [""Mounting/Tracker"", ""Germany"", ""Solar PV""], ""address"": """", ""country"": ""Germany"", ""description"": ""Develops solar tracking and agrivoltaic mounting systems.""}",2026-07-08 15:11:33.249298+00
7bb46d6f-caf8-4b58-b44f-575445d592e1,"{""city"": """", ""state"": """", ""labels"": [""Software"", ""Germany"", ""EV Charging""], ""address"": """", ""country"": ""Germany"", ""description"": ""Provides EV charging software and management solutions.""}",2026-07-08 15:11:33.249298+00
7bc92bd3-791d-4fcd-ae84-c8cfcaef4464,"{""city"": ""Xiamen"", ""state"": """", ""labels"": [""Module Mfr"", ""China"", ""Solar PV""], ""address"": """", ""country"": ""China"", ""description"": ""Manufactures solar PV modules based in Xiamen, China.""}",2026-07-08 15:11:33.249298+00
7be6c860-c21a-49b8-9b21-efc059491ce7,"{""city"": """", ""state"": """", ""labels"": [""Cable/BOS"", ""Germany""], ""address"": """", ""country"": ""Germany"", ""description"": ""Manufactures connectors and cabling components for industrial and energy applications.""}",2026-07-08 15:11:33.249298+00
7c60959b-692e-43a3-9f77-486da3f3e343,"{""city"": """", ""state"": """", ""labels"": [""Metering/Monitoring"", ""Germany"", ""Grid""], ""address"": """", ""country"": ""Germany"", ""description"": ""German provider of grid sensing/metering technology.""}",2026-07-08 15:11:33.249298+00
7c7e62fa-4738-4fb6-91e6-f96da03363f3,"{""city"": """", ""state"": """", ""labels"": [""Mounting/Tracker"", ""France"", ""Solar PV""], ""address"": """", ""country"": ""France"", ""description"": ""French manufacturer of steel structures for solar mounting systems.""}",2026-07-08 15:11:33.249298+00
7c87c41c-8025-4c39-82d6-65c01c11cf67,"{""city"": """", ""state"": """", ""labels"": [""Mounting/Tracker"", ""United States"", ""Solar PV""], ""address"": """", ""country"": ""United States"", ""description"": ""Manufactures ground screw foundations for solar mounting systems.""}",2026-07-08 15:11:33.249298+00
7ca22711-7149-4b3f-a2c8-f26f6ad478a6,"{""city"": """", ""state"": """", ""labels"": [""Battery/Storage"", ""Netherlands""], ""address"": """", ""country"": ""Netherlands"", ""description"": ""Develops iron-air based long-duration energy storage technology.""}",2026-07-08 15:11:33.249298+00
7cb50d85-b202-4469-98b7-03e6f16f0689,"{""city"": """", ""state"": """", ""labels"": [""Other"", ""Germany""], ""address"": """", ""country"": ""Germany"", ""description"": ""German subsidiary offering water heating/renewable energy equipment.""}",2026-07-08 15:11:33.249298+00
7cc801d2-753b-4b60-beb2-eaa210644d27,"{""city"": """", ""state"": """", ""labels"": [""Other"", ""Germany"", ""EV Charging""], ""address"": """", ""country"": ""Germany"", ""description"": ""Manufactures EV charging stations and infrastructure.""}",2026-07-08 15:11:33.249298+00
7cded9cf-0a7d-418a-9915-fc5733e4d5c9,"{""city"": """", ""state"": """", ""labels"": [""EPC/Installer"", ""Austria"", ""Solar PV""], ""address"": """", ""country"": ""Austria"", ""description"": ""Austrian solar energy systems installer.""}",2026-07-08 15:11:33.249298+00
7d67185f-6c71-43d9-b4bc-188a66149c73,"{""city"": """", ""state"": """", ""labels"": [""Software"", ""Switzerland""], ""address"": """", ""country"": ""Switzerland"", ""description"": ""Swiss company providing energy management systems/software.""}",2026-07-08 15:11:33.249298+00
7d6b9af6-a639-49a5-a959-8c3854f76b91,"{""city"": """", ""state"": """", ""labels"": [""Mounting/Tracker"", ""Spain"", ""Solar PV""], ""address"": """", ""country"": ""Spain"", ""description"": ""Spanish developer of floating solar mounting structures.""}",2026-07-08 15:11:33.249298+00
7db0a1c2-9ff8-430c-b489-29bd5f244ef2,"{""city"": """", ""state"": """", ""labels"": [""Other"", ""Bulgaria""], ""address"": """", ""country"": ""Bulgaria"", ""description"": ""Freight forwarding and logistics company.""}",2026-07-08 15:11:33.249298+00
7dbee9e7-9492-4706-9365-64de0c76c276,"{""city"": """", ""state"": """", ""labels"": [""Mounting/Tracker"", ""Germany""], ""address"": """", ""country"": ""Germany"", ""description"": ""German metalworking manufacturer producing gabions and ground mounting accessories.""}",2026-07-08 15:11:33.249298+00
7dc1bb76-2ee7-4a1a-b93e-e6b56fa168b7,"{""city"": """", ""state"": """", ""labels"": [""EPC/Installer"", ""France"", ""Wind""], ""address"": """", ""country"": ""France"", ""description"": ""French wind farm construction and development company.""}",2026-07-08 15:11:33.249298+00
7e16bcce-2e6f-4293-98c8-ff183658829a,"{""city"": ""Almere"", ""state"": """", ""labels"": [""Inverter Mfr"", ""Netherlands"", ""Off-grid""], ""address"": """", ""country"": ""Netherlands"", ""description"": ""Manufactures inverters, chargers and battery monitoring products for off-grid power.""}",2026-07-08 15:11:33.249298+00
7e20c213-6a0e-4acc-a074-bb05536286ce,"{""city"": """", ""state"": """", ""labels"": [""Developer/IPP"", ""Germany""], ""address"": """", ""country"": ""Germany"", ""description"": ""German renewable energy project development company.""}",2026-07-08 15:11:33.249298+00
7e54d131-4ffe-4587-9fbb-c91f69a944f4,"{""city"": """", ""state"": """", ""labels"": [""Battery/Storage"", ""Japan""], ""address"": """", ""country"": ""Japan"", ""description"": ""Toshiba SCiB lithium-titanate battery cell manufacturer.""}",2026-07-08 15:11:33.249298+00
7e714d30-609b-4789-8770-bde7956b0705,"{""city"": """", ""state"": """", ""labels"": [""Distributor"", ""Germany"", ""Solar PV""], ""address"": """", ""country"": ""Germany"", ""description"": ""German distributor of solar PV components and systems.""}",2026-07-08 15:11:33.249298+00
7eab00fe-b31d-4ea7-91b3-9ad91deb6bce,"{""city"": """", ""state"": """", ""labels"": [""Cable/BOS"", ""China"", ""Solar PV""], ""address"": """", ""country"": ""China"", ""description"": ""Chinese manufacturer of power semiconductors and microelectronics.""}",2026-07-08 15:12:04.814924+00
7ecede02-3546-4dd9-9a6a-0e9a9b09888f,"{""city"": """", ""state"": """", ""labels"": [""Software"", ""Germany"", ""Solar PV""], ""address"": """", ""country"": ""Germany"", ""description"": ""German platform connecting solar installers and energy service partners.""}",2026-07-08 15:12:04.814924+00
7eeb9a9f-c73e-43d6-ac2c-7dd00af19f5f,"{""city"": """", ""state"": """", ""labels"": [""Battery/Storage"", ""China""], ""address"": """", ""country"": ""China"", ""description"": ""Chinese manufacturer of battery cells and energy storage technology.""}",2026-07-08 15:12:04.814924+00
7eff083f-d65c-47ff-b241-797a38bd250f,"{""city"": """", ""state"": """", ""labels"": [""EPC/Installer"", ""Germany"", ""Solar PV""], ""address"": """", ""country"": ""Germany"", ""description"": ""German company providing photovoltaic system installation and components.""}",2026-07-08 15:12:04.814924+00
7f0c9339-d231-405d-ae85-c0d347735003,"{""city"": """", ""state"": """", ""labels"": [""Cable/BOS"", ""Turkey""], ""address"": """", ""country"": ""Turkey"", ""description"": ""Turkish manufacturer of transformers and electrical distribution equipment.""}",2026-07-08 15:12:04.814924+00
7f259aad-24d3-4e1e-968d-260310a29f6d,"{""city"": ""Guizhou"", ""state"": """", ""labels"": [""EPC/Installer"", ""China"", ""Utility-scale""], ""address"": """", ""country"": ""China"", ""description"": ""PowerChina engineering subsidiary delivering power infrastructure and EPC projects in Guizhou.""}",2026-07-08 15:12:04.814924+00
7f281a36-217e-413f-ab3c-f922adbd558a,"{""city"": ""Heimsheim"", ""state"": ""Baden-Wurttemberg"", ""labels"": [""Mounting/Tracker"", ""Germany""], ""address"": """", ""country"": ""Germany"", ""description"": ""German manufacturer of roof safety railings, walkways and fall-protection systems for rooftop installations.""}",2026-07-08 15:12:04.814924+00
7f2bc2af-417f-49b1-b91e-ac9417643e0a,"{""city"": """", ""state"": """", ""labels"": [""Other"", ""Italy""], ""address"": """", ""country"": ""Italy"", ""description"": ""Italian manufacturer of precast concrete production equipment and construction systems.""}",2026-07-08 15:12:04.814924+00
7f2e27e5-2329-41b2-8042-bf7a4e0b6e78,"{""city"": """", ""state"": """", ""labels"": [""Software"", ""Germany"", ""EV Charging""], ""address"": """", ""country"": ""Germany"", ""description"": ""German software company for EV charging infrastructure management.""}",2026-07-08 15:12:04.814924+00
7f2fc139-c327-4567-adac-852ec797e703,"{""city"": ""Shenzhen"", ""state"": """", ""labels"": [""Module Mfr"", ""China"", ""Solar PV""], ""address"": """", ""country"": ""China"", ""description"": ""Shenzhen-based solar product supplier.""}",2026-07-08 15:12:04.814924+00
7f36ef86-3674-4d7b-83a1-15887bb32074,"{""city"": """", ""state"": """", ""labels"": [""Other"", ""Germany"", ""EV Charging""], ""address"": """", ""country"": ""Germany"", ""description"": ""German subsidiary of Zaptec, manufacturer of electric vehicle charging equipment.""}",2026-07-08 15:12:04.814924+00
7f55d04d-c551-4e58-8f4a-9d920a003f5d,"{""city"": """", ""state"": """", ""labels"": [""Other"", ""Norway""], ""address"": """", ""country"": ""Norway"", ""description"": ""Norwegian investment and shipping group with energy-related interests.""}",2026-07-08 15:12:04.814924+00
7fa19d09-5dc6-4a24-886c-6269869af6f2,"{""city"": """", ""state"": """", ""labels"": [""Battery/Storage"", ""France""], ""address"": """", ""country"": ""France"", ""description"": ""French manufacturer of industrial and energy storage batteries.""}",2026-07-08 15:12:04.814924+00
7fb40723-1bbf-4b81-86a1-ecc50a3d7d3b,"{""city"": """", ""state"": """", ""labels"": [""Software"", ""Singapore"", ""Grid""], ""address"": """", ""country"": ""Singapore"", ""description"": ""Provides AI software platform for autonomous management of energy grids and critical infrastructure.""}",2026-07-08 15:12:04.814924+00
800094e6-a67b-4ebe-b393-cfd7742b8793,"{""city"": """", ""state"": """", ""labels"": [""Software"", ""Belgium"", ""Solar PV""], ""address"": """", ""country"": ""Belgium"", ""description"": ""Belgian provider of solar energy software and consultancy services.""}",2026-07-08 15:12:04.814924+00
80087fb2-0f32-457f-a987-e556810a86aa,"{""city"": ""Qingdao"", ""state"": """", ""labels"": [""Mounting/Tracker"", ""China"", ""Solar PV""], ""address"": """", ""country"": ""China"", ""description"": ""Chinese manufacturer of solar panel mounting systems.""}",2026-07-08 15:12:04.814924+00
8008c251-e756-4414-a20f-63e382fd42e2,"{""city"": """", ""state"": """", ""labels"": [""Battery/Storage"", ""China"", ""Solar PV""], ""address"": """", ""country"": ""China"", ""description"": ""Chinese manufacturer of energy storage systems and hybrid inverters.""}",2026-07-08 15:12:04.814924+00
801164ff-784f-4c9c-9b75-7851193baded,"{""city"": """", ""state"": """", ""labels"": [""Module Mfr"", ""China"", ""Solar PV""], ""address"": """", ""country"": ""China"", ""description"": ""Chinese manufacturer of solar photovoltaic modules.""}",2026-07-08 15:12:04.814924+00
8014bfba-2490-46fe-84e9-5b874b6f9311,"{""city"": """", ""state"": """", ""labels"": [""Other"", ""United States""], ""address"": """", ""country"": ""United States"", ""description"": ""US company producing protective coatings, including for solar and infrastructure applications.""}",2026-07-08 15:12:04.814924+00
80215e9a-d1dd-4761-8c1b-3d59ea79223e,"{""city"": ""Shenzhen"", ""state"": """", ""labels"": [""Battery/Storage"", ""China""], ""address"": """", ""country"": ""China"", ""description"": ""Chinese manufacturer of automated production lines for lithium battery module and pack assembly.""}",2026-07-08 15:12:04.814924+00
8060b1c0-194a-4133-88a6-c4663c263d62,"{""city"": """", ""state"": """", ""labels"": [""Mounting/Tracker"", ""Germany"", ""Solar PV""], ""address"": """", ""country"": ""Germany"", ""description"": ""German manufacturer of rubber underlayment and protection materials for PV mounting systems.""}",2026-07-08 15:12:04.814924+00
806236c1-8f0a-4cd9-8ab3-1dadc7822c8c,"{""city"": ""Bolzano"", ""state"": """", ""labels"": [""Other"", ""Italy"", ""EV Charging""], ""address"": """", ""country"": ""Italy"", ""description"": ""Italian manufacturer of high-power EV fast-charging systems.""}",2026-07-08 15:12:04.814924+00
80906ab7-c9cf-44cb-bf7e-e51ff496e8c1,"{""city"": ""Yueqing, Wenzhou"", ""state"": ""Zhejiang"", ""labels"": [""Cable/BOS"", ""China"", ""Solar PV""], ""address"": ""No. 89 Punan 5th Road, Yueqing Economic Development Zone"", ""country"": ""China"", ""description"": ""Chinese manufacturer of PV, energy storage and EV fuses for circuit protection.""}",2026-07-08 15:12:04.814924+00
80c3b9f3-9d89-4656-8e2e-bbcbea4f5417,"{""city"": ""Shandong"", ""state"": """", ""labels"": [""Mounting/Tracker"", ""China"", ""Solar PV""], ""address"": """", ""country"": ""China"", ""description"": ""Chinese manufacturer of solar mounting and steel structure systems.""}",2026-07-08 15:12:04.814924+00
80d5bf50-0c3c-4c2b-8b1c-0e4a7925e376,"{""city"": ""Changsha"", ""state"": ""Hunan"", ""labels"": [""Battery/Storage"", ""China""], ""address"": ""408 Tongzipo West Road"", ""country"": ""China"", ""description"": ""Chinese manufacturer of generators, battery energy storage systems and hybrid power solutions.""}",2026-07-08 15:12:04.814924+00
80d8d6f0-9440-40ca-b152-3f19d9bf178d,"{""city"": """", ""state"": """", ""labels"": [""Consultancy"", ""Germany"", ""Solar PV""], ""address"": """", ""country"": ""Germany"", ""description"": ""German firm offering energy consulting and project development for solar installations.""}",2026-07-08 15:12:28.396435+00
80d932db-5526-4331-a3ff-366b2e1b97d9,"{""city"": """", ""state"": """", ""labels"": [""Other"", ""China"", ""Solar PV""], ""address"": """", ""country"": ""China"", ""description"": ""Chinese manufacturer of glass products including low-iron glass for solar modules.""}",2026-07-08 15:12:28.396435+00
80e78e36-3b8c-4384-ac62-01467f81dd56,"{""city"": """", ""state"": """", ""labels"": [""Consultancy"", ""Germany""], ""address"": """", ""country"": ""Germany"", ""description"": ""German engineering services company providing product development and automotive/industrial engineering.""}",2026-07-08 15:12:28.396435+00
80f65816-0222-466a-b858-b6fdcf50cdee,"{""city"": """", ""state"": """", ""labels"": [""Other"", ""China"", ""Solar PV""], ""address"": """", ""country"": ""China"", ""description"": ""Chinese manufacturer of automated production equipment for solar cell and module manufacturing.""}",2026-07-08 15:12:28.396435+00
811e8df7-6273-4df1-9315-62cf943b8b84,"{""city"": ""Munich"", ""state"": ""Bavaria"", ""labels"": [""Developer/IPP"", ""Germany"", ""Solar PV""], ""address"": """", ""country"": ""Germany"", ""description"": ""German company developing and investing in solar PV projects.""}",2026-07-08 15:12:28.396435+00
81413aae-1a33-4eeb-a868-2b9bcb8f6c59,"{""city"": """", ""state"": """", ""labels"": [""Module Mfr"", ""Turkey"", ""Solar PV""], ""address"": """", ""country"": ""Turkey"", ""description"": ""Manufacturer of hybrid photovoltaic-thermal (PVT) solar collector panels.""}",2026-07-08 15:12:28.396435+00
81678204-e9f2-4ef9-9a3b-013ee6cc8e75,"{""city"": ""Shanghai"", ""state"": """", ""labels"": [""Cable/BOS"", ""China"", ""Solar PV""], ""address"": """", ""country"": ""China"", ""description"": ""Chinese supplier of solar cable connectors and balance-of-system components.""}",2026-07-08 15:12:28.396435+00
817bef5e-1263-43d4-b39c-ac2c00f53987,"{""city"": ""Suzhou"", ""state"": """", ""labels"": [""Cable/BOS"", ""China"", ""Solar PV""], ""address"": """", ""country"": ""China"", ""description"": ""Chinese manufacturer of solar connectors and cable assemblies.""}",2026-07-08 15:12:28.396435+00
81b7ca70-2d49-4d48-a753-e173c7506acc,"{""city"": ""Hangzhou"", ""state"": """", ""labels"": [""Module Mfr"", ""China"", ""Solar PV""], ""address"": """", ""country"": ""China"", ""description"": ""Chinese manufacturer of photovoltaic solar modules.""}",2026-07-08 15:12:28.396435+00
81faff73-89b6-434d-88cf-5316f0fc3749,"{""city"": ""Chengdu"", ""state"": """", ""labels"": [""Metering/Monitoring"", ""China""], ""address"": """", ""country"": ""China"", ""description"": ""Chinese manufacturer of smart electricity metering equipment.""}",2026-07-08 15:12:28.396435+00
82077576-6c40-4e8b-9169-40d400374016,"{""city"": ""Shenzhen"", ""state"": """", ""labels"": [""Battery/Storage"", ""China""], ""address"": """", ""country"": ""China"", ""description"": ""Chinese electronics company (Oscal) making portable power stations and rugged devices.""}",2026-07-08 15:12:28.396435+00
82098c14-e9aa-4fbb-a11d-3db991b38f20,"{""city"": """", ""state"": """", ""labels"": [""EPC/Installer"", ""Italy"", ""Solar PV""], ""address"": """", ""country"": ""Italy"", ""description"": ""Italian company active in energy trading and renewable energy project development.""}",2026-07-08 15:12:28.396435+00
8263ce8d-4820-47c1-b32f-66c462a37e36,"{""city"": """", ""state"": ""Shandong"", ""labels"": [""Distributor"", ""China"", ""Solar PV""], ""address"": """", ""country"": ""China"", ""description"": ""Chinese trading company supplying solar and industrial components internationally.""}",2026-07-08 15:12:28.396435+00
8280cbe5-8f3b-4f2e-874c-ce9423c3ea0f,"{""city"": """", ""state"": """", ""labels"": [""Inverter Mfr"", ""Spain"", ""Solar PV""], ""address"": """", ""country"": ""Spain"", ""description"": ""Spanish manufacturer of power conversion equipment including solar inverters.""}",2026-07-08 15:12:28.396435+00
828adc16-699e-45cf-94ff-6f14957a0a7d,"{""city"": """", ""state"": """", ""labels"": [""EPC/Installer"", ""Germany"", ""Solar PV""], ""address"": """", ""country"": ""Germany"", ""description"": ""German solar installation and EPC company.""}",2026-07-08 15:12:28.396435+00
828b9229-f307-4d8a-aedb-41408c118f61,"{""city"": ""Maysville"", ""state"": ""Kentucky"", ""labels"": [""Software"", ""United States""], ""address"": """", ""country"": ""United States"", ""description"": ""US software company producing civil engineering and surveying design software used in site design.""}",2026-07-08 15:12:28.396435+00
8291e344-f6d4-42b1-af6e-72c534b22679,"{""city"": """", ""state"": """", ""labels"": [""Metering/Monitoring"", ""India""], ""address"": """", ""country"": ""India"", ""description"": ""Indian manufacturer of electrical and metering equipment.""}",2026-07-08 15:12:28.396435+00
82b92702-2b87-4623-9f56-8c3e0afa99d5,"{""city"": """", ""state"": """", ""labels"": [""Mounting/Tracker"", ""Germany"", ""Solar PV""], ""address"": """", ""country"": ""Germany"", ""description"": ""Manufacturer of wire rope tensioning and joining systems used in solar mounting structures.""}",2026-07-08 15:12:28.396435+00
82e62c58-bf92-49c1-ae52-5ee561ded313,"{""city"": """", ""state"": """", ""labels"": [""Software"", ""Germany""], ""address"": """", ""country"": ""Germany"", ""description"": ""German software company; details unavailable, no active website.""}",2026-07-08 15:12:28.396435+00
82f300a5-04c1-42d5-92c6-bd73e7f2ae34,"{""city"": """", ""state"": """", ""labels"": [""Developer/IPP"", ""Spain"", ""Solar PV""], ""address"": """", ""country"": ""Spain"", ""description"": ""Spanish renewable energy project developer.""}",2026-07-08 15:12:28.396435+00
8329c1e0-d32f-47ca-979d-295e260ac806,"{""city"": """", ""state"": """", ""labels"": [""Metering/Monitoring"", ""United States"", ""Solar PV""], ""address"": """", ""country"": ""United States"", ""description"": ""Smart display and monitoring device maker offering a solar production monitoring product line.""}",2026-07-08 15:12:28.396435+00
83439fcb-2df3-4489-a01d-c8b215ad80e4,"{""city"": ""Ingolstadt"", ""state"": ""Bavaria"", ""labels"": [""Research/Academic"", ""Germany"", ""Solar PV""], ""address"": """", ""country"": ""Germany"", ""description"": ""Institute for New Energy Systems at Technische Hochschule Ingolstadt, conducting energy research.""}",2026-07-08 15:12:28.396435+00
83464266-615a-40f0-b372-a443e5094a96,"{""city"": ""Darmstadt"", ""state"": ""Hesse"", ""labels"": [""Testing/Certification"", ""Germany"", ""Solar PV""], ""address"": """", ""country"": ""Germany"", ""description"": ""German machine vision company providing inspection and quality control systems, including for solar manufacturing.""}",2026-07-08 15:12:28.396435+00
834ac54b-87c0-4a67-82fc-ad0a69236440,"{""city"": """", ""state"": """", ""labels"": [""Metering/Monitoring"", ""Germany""], ""address"": """", ""country"": ""Germany"", ""description"": ""German maker of advanced sensor technologies for industrial measurement applications.""}",2026-07-08 15:12:28.396435+00
839189ab-8b3c-4102-8896-1820f6dde540,"{""city"": """", ""state"": """", ""labels"": [""Consultancy"", ""Germany""], ""address"": """", ""country"": ""Germany"", ""description"": ""German consultancy/engineering firm; scope of services unspecified.""}",2026-07-08 15:12:28.396435+00
83a6e328-5e2b-47c0-bd15-b58be9f6a5ca,"{""city"": ""Xiamen"", ""state"": ""Fujian"", ""labels"": [""Module Mfr"", ""China"", ""Solar PV""], ""address"": """", ""country"": ""China"", ""description"": ""Chinese manufacturer of solar photovoltaic modules and panels.""}",2026-07-08 15:12:57.445397+00
83caf518-02b0-4d96-ac2b-f28bfa4576f9,"{""city"": """", ""state"": """", ""labels"": [""Other"", ""Turkey""], ""address"": """", ""country"": ""Turkey"", ""description"": ""Turkish supplier of chemical and cleaning materials, food-tourism trading.""}",2026-07-08 15:12:57.445397+00
83ce6580-9ede-4489-8224-735bcd0fd6b5,"{""city"": """", ""state"": """", ""labels"": [""Inverter Mfr"", ""Germany"", ""Solar PV""], ""address"": """", ""country"": ""Germany"", ""description"": ""German subsidiary of WEG, supplying motors, drives and solar inverters.""}",2026-07-08 15:12:57.445397+00
83e852db-8b00-4073-a65a-ae7abb480097,"{""city"": """", ""state"": """", ""labels"": [""Cable/BOS"", ""Germany"", ""Solar PV""], ""address"": """", ""country"": ""Germany"", ""description"": ""German maker of PV Protector surge and lightning protection devices for solar systems.""}",2026-07-08 15:12:57.445397+00
83f9be07-e1ea-4279-bd80-ba172361e864,"{""city"": ""Beijing"", ""state"": """", ""labels"": [""Battery/Storage"", ""China""], ""address"": """", ""country"": ""China"", ""description"": ""Beijing-based technology company producing battery management and energy storage components.""}",2026-07-08 15:12:57.445397+00
8422e5b0-4e2a-4859-bde3-9dc656c59db7,"{""city"": ""Munich"", ""state"": ""Bavaria"", ""labels"": [""Battery/Storage"", ""Germany""], ""address"": """", ""country"": ""Germany"", ""description"": ""Munich company developing battery management systems and electrification technology.""}",2026-07-08 15:12:57.445397+00
84307b8a-3fda-435c-8dd5-e35fd32a3a78,"{""city"": """", ""state"": """", ""labels"": [""EPC/Installer"", ""Ireland"", ""Solar PV""], ""address"": """", ""country"": ""Ireland"", ""description"": ""Irish company offering renewable energy and solar installation services.""}",2026-07-08 15:12:57.445397+00
845b1793-2d29-492c-ae11-3c8ca1f15101,"{""city"": """", ""state"": """", ""labels"": [""Other"", """"], ""address"": """", ""country"": """", ""description"": ""Company with no website or email on file; category unclassified.""}",2026-07-08 15:12:57.445397+00
8480b7a7-cca4-4326-a9de-27d6346cee01,"{""city"": """", ""state"": """", ""labels"": [""Mounting/Tracker"", ""France"", ""Solar PV""], ""address"": """", ""country"": ""France"", ""description"": ""French manufacturer of solar tracking and mounting systems.""}",2026-07-08 15:12:57.445397+00
84a3f2d0-ea1d-4b72-8ac5-105c009b4932,"{""city"": """", ""state"": """", ""labels"": [""Mounting/Tracker"", ""Germany""], ""address"": """", ""country"": ""Germany"", ""description"": ""German manufacturer of drum motors and cable drum systems used in mounting/tracking equipment.""}",2026-07-08 15:12:57.445397+00
84e08514-869d-41b2-9e60-6b88fe6aa18e,"{""city"": """", ""state"": ""Thuringia"", ""labels"": [""Other"", ""Germany""], ""address"": """", ""country"": ""Germany"", ""description"": ""Regional economic development agency for the German state of Thuringia.""}",2026-07-08 15:12:57.445397+00
84e16b30-4e7e-4468-9a4d-d2e03530fea0,"{""city"": ""Brussels"", ""state"": """", ""labels"": [""Association"", ""Belgium"", ""Solar PV""], ""address"": """", ""country"": ""Belgium"", ""description"": ""European solar industry trade association (SolarPower Europe).""}",2026-07-08 15:12:57.445397+00
84f4f1bb-1adb-458e-b2f3-cb67d562caa7,"{""city"": """", ""state"": """", ""labels"": [""Battery/Storage"", ""China""], ""address"": """", ""country"": ""China"", ""description"": ""Chinese manufacturer of lithium batteries and energy storage systems.""}",2026-07-08 15:12:57.445397+00
850d2016-d95a-42d0-ae01-52673ff1338d,"{""city"": """", ""state"": """", ""labels"": [""Mounting/Tracker"", ""Turkey""], ""address"": """", ""country"": ""Turkey"", ""description"": ""Turkish manufacturer of aluminum profiles used in solar mounting structures.""}",2026-07-08 15:12:57.445397+00
851d06c4-fc0d-4850-a9eb-62c6d868cb6c,"{""city"": """", ""state"": """", ""labels"": [""EPC/Installer"", ""Poland"", ""Solar PV""], ""address"": """", ""country"": ""Poland"", ""description"": ""Polish solar energy developer and installation company.""}",2026-07-08 15:12:57.445397+00
854866ac-2d18-491d-ba0c-5d7e95f08286,"{""city"": ""Munich"", ""state"": ""Bavaria"", ""labels"": [""Software"", ""Germany""], ""address"": """", ""country"": ""Germany"", ""description"": ""German IT and software engineering consultancy.""}",2026-07-08 15:12:57.445397+00
85510f95-0d15-49d8-9832-996e1a00e193,"{""city"": """", ""state"": """", ""labels"": [""Developer/IPP"", ""Netherlands"", ""Off-grid""], ""address"": """", ""country"": ""Netherlands"", ""description"": ""Dutch company developing off-grid renewable energy projects.""}",2026-07-08 15:12:57.445397+00
855d4c88-f340-48dd-b3d4-b5ac2e4b17c6,"{""city"": """", ""state"": """", ""labels"": [""Cable/BOS"", ""Slovakia"", ""Grid""], ""address"": """", ""country"": ""Slovakia"", ""description"": ""Slovak manufacturer of transformers for electrical and grid applications.""}",2026-07-08 15:12:57.445397+00
85979092-efea-4fd7-bbef-30c35655158f,"{""city"": ""Ningbo"", ""state"": ""Zhejiang"", ""labels"": [""Module Mfr"", ""China"", ""Solar PV""], ""address"": """", ""country"": ""China"", ""description"": ""Major Chinese manufacturer of solar photovoltaic modules.""}",2026-07-08 15:12:57.445397+00
85a839ab-97e6-4272-bbc6-d6f517243011,"{""city"": """", ""state"": """", ""labels"": [""Cable/BOS"", ""Spain""], ""address"": """", ""country"": ""Spain"", ""description"": ""Spanish manufacturer of power electronics and transformer equipment.""}",2026-07-08 15:12:57.445397+00
85dcaae5-3f34-4af6-8e00-de0a515c0719,"{""city"": """", ""state"": """", ""labels"": [""Inverter Mfr"", ""Italy"", ""Solar PV""], ""address"": """", ""country"": ""Italy"", ""description"": ""Italian solar inverter brand operating under FIMER.""}",2026-07-08 15:12:57.445397+00
860f58f2-db8c-40da-9195-e40307dc62ec,"{""city"": ""Hameln"", ""state"": ""Lower Saxony"", ""labels"": [""Research/Academic"", ""Germany"", ""Solar PV""], ""address"": """", ""country"": ""Germany"", ""description"": ""German institute for solar energy research based in Hameln.""}",2026-07-08 15:12:57.445397+00
8639c3b7-3ac4-412d-a5b5-7183d928d350,"{""city"": """", ""state"": """", ""labels"": [""Other"", ""Germany""], ""address"": """", ""country"": ""Germany"", ""description"": ""German engineering/technical services company.""}",2026-07-08 15:12:57.445397+00
86865355-57f2-4915-ab9c-90d7c8739120,"{""city"": """", ""state"": """", ""labels"": [""Metering/Monitoring"", ""Germany""], ""address"": """", ""country"": ""Germany"", ""description"": ""German supplier of electrical testing and metering instruments.""}",2026-07-08 15:12:57.445397+00
86bbff0f-289f-4bc0-9d4f-6ca07c20efc8,"{""city"": """", ""state"": """", ""labels"": [""Battery/Storage"", ""United States""], ""address"": """", ""country"": ""United States"", ""description"": ""Energy storage technology company.""}",2026-07-08 15:12:57.445397+00
86c61283-f0e0-491b-98fc-82f7a7ed21ce,"{""city"": ""Shenzhen"", ""state"": ""Guangdong"", ""labels"": [""Battery/Storage"", ""China"", ""Off-grid""], ""address"": """", ""country"": ""China"", ""description"": ""Manufactures portable solar generators and power stations under the Aferiy brand.""}",2026-07-08 15:13:21.597159+00
86d6d05e-2c30-4c7f-a161-13459b529dd8,"{""city"": """", ""state"": """", ""labels"": [""Other"", ""China""], ""address"": """", ""country"": ""China"", ""description"": ""Supplies tools and equipment, marketed to overseas industrial and solar-related buyers.""}",2026-07-08 15:13:21.597159+00
86d75121-d09d-4e0c-936b-ff681f98ad7d,"{""city"": ""Surat"", ""state"": ""Gujarat"", ""labels"": [""Module Mfr"", ""India"", ""Solar PV""], ""address"": """", ""country"": ""India"", ""description"": ""Manufactures photovoltaic solar modules in India.""}",2026-07-08 15:13:21.597159+00
86ee94e1-a62f-4efb-a747-20c8d1a4b178,"{""city"": """", ""state"": """", ""labels"": [""Software"", ""Germany"", ""Grid""], ""address"": """", ""country"": ""Germany"", ""description"": ""Develops software for energy and grid data management.""}",2026-07-08 15:13:21.597159+00
86f86679-3130-4c52-987c-3ec8c0bf6376,"{""city"": """", ""state"": """", ""labels"": [""Distributor"", ""Italy"", ""Solar PV""], ""address"": """", ""country"": ""Italy"", ""description"": ""Online shop distributing solar and renewable energy equipment in Italy.""}",2026-07-08 15:13:21.597159+00
8701b901-b234-4d93-9730-b47fa427a932,"{""city"": """", ""state"": """", ""labels"": [""Other"", ""Germany""], ""address"": """", ""country"": ""Germany"", ""description"": ""German subsidiary of Midea, sells appliances and HVAC/heat pump systems.""}",2026-07-08 15:13:21.597159+00
8704a07b-87e6-4d98-9f0d-05b2edd96d80,"{""city"": ""Madrid"", ""state"": """", ""labels"": [""Testing/Certification"", ""Spain"", ""Utility-scale""], ""address"": """", ""country"": ""Spain"", ""description"": ""Provides technical due diligence, testing and consultancy for solar and storage projects.""}",2026-07-08 15:13:21.597159+00
8738e10e-9802-4b79-aea3-3fb6e6676af0,"{""city"": ""Wuhan"", ""state"": ""Hubei"", ""labels"": [""Battery/Storage"", ""China""], ""address"": """", ""country"": ""China"", ""description"": ""Manufactures energy storage system technology in Wuhan, China.""}",2026-07-08 15:13:21.597159+00
87714583-d8f1-4889-bcfe-cca641d79b4e,"{""city"": ""San Francisco"", ""state"": ""California"", ""labels"": [""Battery/Storage"", ""United States"", ""Software""], ""address"": """", ""country"": ""United States"", ""description"": ""Provides intelligent energy storage systems and software-driven optimization.""}",2026-07-08 15:13:21.597159+00
87b4bea4-0778-4439-9141-2c8ba7f0d6e6,"{""city"": """", ""state"": """", ""labels"": [""Consultancy"", ""United States"", ""Solar PV""], ""address"": """", ""country"": ""United States"", ""description"": ""Provides business training and education content for the solar and cleantech industry.""}",2026-07-08 15:13:21.597159+00
87d9896f-0afa-4a8e-a30c-f8c1f5759fc0,"{""city"": ""Dongguan"", ""state"": ""Guangdong"", ""labels"": [""Battery/Storage"", ""China""], ""address"": """", ""country"": ""China"", ""description"": ""Manufactures residential and commercial energy storage systems.""}",2026-07-08 15:13:21.597159+00
87dd15a0-c0a3-4d6c-9d1b-ce4dcd4a7631,"{""city"": """", ""state"": ""Jiangsu"", ""labels"": [""Other"", ""China"", ""Hydrogen""], ""address"": """", ""country"": ""China"", ""description"": ""Manufactures hydrogen energy equipment and technology.""}",2026-07-08 15:13:21.597159+00
87e3ab3d-2c99-4b3f-a0a9-d0c59a539118,"{""city"": """", ""state"": """", ""labels"": [""Module Mfr"", ""China"", ""Solar PV""], ""address"": """", ""country"": ""China"", ""description"": ""Manufactures photovoltaic solar panels for export.""}",2026-07-08 15:13:21.597159+00
880caa4f-684a-4f5e-9974-622a2d459121,"{""city"": """", ""state"": """", ""labels"": [""Testing/Certification"", ""Germany"", ""Solar PV""], ""address"": """", ""country"": ""Germany"", ""description"": ""Offers drone-based inspection services for solar PV installations.""}",2026-07-08 15:13:21.597159+00
8825fa9b-bde8-49a4-8957-b75b32dba02b,"{""city"": """", ""state"": """", ""labels"": [""EPC/Installer"", ""Croatia"", ""Solar PV""], ""address"": """", ""country"": ""Croatia"", ""description"": ""Provides solar energy systems and technology solutions in Croatia.""}",2026-07-08 15:13:21.597159+00
885b59da-55dd-4b98-ad53-291a65ce5afe,"{""city"": """", ""state"": """", ""labels"": [""Software"", ""United States"", ""Solar PV""], ""address"": """", ""country"": ""United States"", ""description"": ""Provides sales and marketing software tools for solar installers.""}",2026-07-08 15:13:21.597159+00
889fa4df-330f-4ec9-afca-2ae8fa267c28,"{""city"": """", ""state"": """", ""labels"": [""Battery/Storage"", ""China""], ""address"": """", ""country"": ""China"", ""description"": ""Manufactures lithium battery cells and energy storage products.""}",2026-07-08 15:13:21.597159+00
889fae65-178b-4feb-8fa2-69c85dfa50b8,"{""city"": """", ""state"": """", ""labels"": [""Cable/BOS"", ""Germany""], ""address"": """", ""country"": ""Germany"", ""description"": ""European sales arm of Hongfa, manufacturer of relays and electromechanical components.""}",2026-07-08 15:13:21.597159+00
88aa4f91-5cdf-4fc4-bc7b-1759bb122759,"{""city"": """", ""state"": """", ""labels"": [""EPC/Installer"", ""Turkey"", ""Solar PV""], ""address"": """", ""country"": ""Turkey"", ""description"": ""Provides energy and technology solutions including solar EPC services in Turkey.""}",2026-07-08 15:13:21.597159+00
88e4ea28-153e-427d-a0ca-4ca26d924037,"{""city"": ""Changsha"", ""state"": ""Hunan"", ""labels"": [""Other"", ""China""], ""address"": """", ""country"": ""China"", ""description"": ""Chinese technology company trading via Alibaba, likely solar-related components.""}",2026-07-08 15:13:21.597159+00
895140ca-5888-4947-bdda-3115d25a4401,"{""city"": """", ""state"": """", ""labels"": [""Distributor"", ""Netherlands"", ""Solar PV""], ""address"": """", ""country"": ""Netherlands"", ""description"": ""Trades and distributes solar PV products and components.""}",2026-07-08 15:13:21.597159+00
89a7c30d-36fb-4ee3-a327-317fc38140bf,"{""city"": ""Merida"", ""state"": ""Extremadura"", ""labels"": [""Association"", ""Spain""], ""address"": """", ""country"": ""Spain"", ""description"": ""Regional development agency for Extremadura promoting investment including renewable energy.""}",2026-07-08 15:13:21.597159+00
89ae67c8-696c-415d-be6b-e3142889ce26,"{""city"": ""Berlin"", ""state"": """", ""labels"": [""Association"", ""Germany""], ""address"": """", ""country"": ""Germany"", ""description"": ""German federal export initiative promoting German energy technology solutions abroad.""}",2026-07-08 15:13:21.597159+00
89caaa3a-621a-4ac2-8976-98798e193db3,"{""city"": """", ""state"": """", ""labels"": [""EPC/Installer"", ""Germany"", ""Solar PV""], ""address"": """", ""country"": ""Germany"", ""description"": ""Installs and develops photovoltaic solar systems in Germany.""}",2026-07-08 15:13:21.597159+00
89d6ec0a-54cc-4d90-af21-ba03a6ad9347,"{""city"": ""Denver"", ""state"": ""Colorado"", ""labels"": [""Software"", ""United States"", ""Utility-scale""], ""address"": """", ""country"": ""United States"", ""description"": ""Provides asset performance management and monitoring software for renewable energy portfolios.""}",2026-07-08 15:13:21.597159+00
8a1ac74e-ac31-4222-9a50-54dd2ebf9f9d,"{""city"": ""Nanjing"", ""state"": """", ""labels"": [""Other"", ""China"", ""EV Charging""], ""address"": """", ""country"": ""China"", ""description"": ""Manufactures new energy auto parts and EV components.""}",2026-07-08 15:13:52.748184+00
8a280dd9-12bd-4e4a-9f20-9e3ff03d3597,"{""city"": """", ""state"": """", ""labels"": [""Battery/Storage"", ""United Kingdom"", ""Solar PV""], ""address"": """", ""country"": ""United Kingdom"", ""description"": ""Canadian Solar's UK-based energy storage systems division.""}",2026-07-08 15:13:52.748184+00
8a2ee1f1-6002-4285-b9a4-e28d642484c4,"{""city"": ""Berlin"", ""state"": """", ""labels"": [""Other"", ""Germany""], ""address"": """", ""country"": ""Germany"", ""description"": ""Provides security technology such as locks and access systems.""}",2026-07-08 15:13:52.748184+00
8a3306f4-47d6-4a4b-bb76-85a31f6f44ca,"{""city"": ""Xiamen"", ""state"": """", ""labels"": [""Mounting/Tracker"", ""China"", ""Solar PV""], ""address"": """", ""country"": ""China"", ""description"": ""Manufactures metal components used in solar mounting structures.""}",2026-07-08 15:13:52.748184+00
8a484ecb-7879-4d67-8388-e470062cd115,"{""city"": """", ""state"": """", ""labels"": [""Other"", ""United States""], ""address"": """", ""country"": ""United States"", ""description"": ""Provides industrial fire and explosion protection systems.""}",2026-07-08 15:13:52.748184+00
8a4b05fb-4eee-42e3-8b3a-76d52e5a3341,"{""city"": """", ""state"": """", ""labels"": [""Other"", ""Canada"", ""EV Charging""], ""address"": """", ""country"": ""Canada"", ""description"": ""Provides electric vehicle charging solutions and infrastructure.""}",2026-07-08 15:13:52.748184+00
8a4b4bb8-0fcf-4f72-b21c-8eb8cbd1c6dc,"{""city"": """", ""state"": """", ""labels"": [""Other"", ""Portugal"", ""EV Charging""], ""address"": """", ""country"": ""Portugal"", ""description"": ""Develops electric vehicle charging equipment and technology.""}",2026-07-08 15:13:52.748184+00
8a797e44-409d-429e-9d75-23e80bd522d1,"{""city"": """", ""state"": """", ""labels"": [""Mounting/Tracker"", ""Germany"", ""Solar PV""], ""address"": """", ""country"": ""Germany"", ""description"": ""Supplies solar mounting systems for rooftop and ground installations.""}",2026-07-08 15:13:52.748184+00
8a7e22d0-ac63-416a-a784-5f076619fdc0,"{""city"": """", ""state"": """", ""labels"": [""Consultancy"", ""United Kingdom"", ""Solar PV""], ""address"": """", ""country"": ""United Kingdom"", ""description"": ""Renewable energy technical and commercial consultancy.""}",2026-07-08 15:13:52.748184+00
8a8c8d03-7444-44ed-94d3-071dbb19575e,"{""city"": ""Chengdu"", ""state"": """", ""labels"": [""Other"", ""China"", ""EV Charging""], ""address"": """", ""country"": ""China"", ""description"": ""Manufactures electric vehicle charging equipment.""}",2026-07-08 15:13:52.748184+00
8aa35555-ea92-4d4d-bdb0-c958895f7b32,"{""city"": """", ""state"": ""Zhejiang"", ""labels"": [""Other"", ""China"", ""Solar PV""], ""address"": """", ""country"": ""China"", ""description"": ""Supplies materials used in solar module manufacturing.""}",2026-07-08 15:13:52.748184+00
8ae24fd4-155b-44bc-a43c-40ef8aef8562,"{""city"": """", ""state"": """", ""labels"": [""Other"", ""Germany"", ""Solar PV""], ""address"": """", ""country"": ""Germany"", ""description"": ""Makes cleaning equipment for solar panels and facades.""}",2026-07-08 15:13:52.748184+00
8aebf661-892a-4733-94df-d5e28c953cd8,"{""city"": """", ""state"": """", ""labels"": [""Other"", ""Germany""], ""address"": """", ""country"": ""Germany"", ""description"": ""Law firm providing legal services including energy sector matters.""}",2026-07-08 15:13:52.748184+00
8b09325e-dc04-4e05-8841-a5c8730a7ca8,"{""city"": """", ""state"": """", ""labels"": [""Consultancy"", ""South Africa"", ""Solar PV""], ""address"": """", ""country"": ""South Africa"", ""description"": ""Provides solar resource assessment and site consultancy services.""}",2026-07-08 15:13:52.748184+00
8b15117d-49cd-4d2a-8999-7ed7f8328b3f,"{""city"": ""Changzhou"", ""state"": """", ""labels"": [""Mounting/Tracker"", ""China"", ""Solar PV""], ""address"": """", ""country"": ""China"", ""description"": ""Manufactures slew drives for solar tracking systems.""}",2026-07-08 15:13:52.748184+00
8b158f20-49e1-4bd9-83fc-7eb2294b694d,"{""city"": """", ""state"": """", ""labels"": [""Consultancy"", ""Germany""], ""address"": """", ""country"": ""Germany"", ""description"": ""Engineering and technical consulting company.""}",2026-07-08 15:13:52.748184+00
8b2a0dbe-a6f0-4b5d-ba40-ba44abfac181,"{""city"": """", ""state"": """", ""labels"": [""Module Mfr"", ""Germany"", ""Solar PV""], ""address"": """", ""country"": ""Germany"", ""description"": ""Manufactures photovoltaic solar modules.""}",2026-07-08 15:13:52.748184+00
8b3bdec0-6526-4c0a-a1d1-8cb33520486d,"{""city"": ""Huizhou"", ""state"": """", ""labels"": [""Inverter Mfr"", ""China"", ""Solar PV""], ""address"": """", ""country"": ""China"", ""description"": ""Manufactures electronic power components for solar applications.""}",2026-07-08 15:13:52.748184+00
8b5687f2-c610-49f1-ac55-223c937d24af,"{""city"": """", ""state"": """", ""labels"": [""Other"", ""Germany"", ""Solar PV""], ""address"": """", ""country"": ""Germany"", ""description"": ""Manufactures screws and fastening technology used in mounting systems.""}",2026-07-08 15:13:52.748184+00
8b58c79e-e515-404f-a612-c89ec3590782,"{""city"": """", ""state"": """", ""labels"": [""Other"", ""Germany""], ""address"": """", ""country"": ""Germany"", ""description"": ""Manufactures metal and plastic components.""}",2026-07-08 15:13:52.748184+00
8b69af6b-2239-47a9-b4b4-a77a5a02c9e4,"{""city"": """", ""state"": """", ""labels"": [""Mounting/Tracker"", ""Spain"", ""Solar PV""], ""address"": """", ""country"": ""Spain"", ""description"": ""Manufactures solar tracker systems for agrivoltaic and ground-mount use.""}",2026-07-08 15:13:52.748184+00
8b708add-2010-4905-a6be-d5b2053560b4,"{""city"": ""Nuremberg"", ""state"": """", ""labels"": [""Metering/Monitoring"", ""Germany"", ""Grid""], ""address"": """", ""country"": ""Germany"", ""description"": ""Manufactures power system measurement and monitoring devices.""}",2026-07-08 15:13:52.748184+00
8ba36e54-2f7b-4530-90fd-1a9384c829bd,"{""city"": """", ""state"": """", ""labels"": [""Battery/Storage"", ""Germany""], ""address"": """", ""country"": ""Germany"", ""description"": ""Provides battery energy storage solutions.""}",2026-07-08 15:13:52.748184+00
8bc61e35-7164-4936-967e-e5c02fe64e84,"{""city"": """", ""state"": """", ""labels"": [""Other"", ""Bulgaria"", ""Solar PV""], ""address"": """", ""country"": ""Bulgaria"", ""description"": ""Provides power and energy engineering solutions.""}",2026-07-08 15:13:52.748184+00
8be818cc-4dfb-4b74-85d3-5f7d85886d0a,"{""city"": """", ""state"": """", ""labels"": [""Metering/Monitoring"", ""China"", ""Grid""], ""address"": """", ""country"": ""China"", ""description"": ""Manufactures power system protection relays and automation equipment.""}",2026-07-08 15:13:52.748184+00
8c222cde-c23b-4647-a999-1e956f29f9c3,"{""city"": ""Wuxi"", ""state"": ""Jiangsu"", ""labels"": [""Module Mfr"", ""China"", ""Solar PV""], ""address"": """", ""country"": ""China"", ""description"": ""Chinese solar module/component supplier based in Wuxi.""}",2026-07-08 15:14:12.152769+00
8c36d9ad-88cd-4aad-96af-33fb5b0a8364,"{""city"": """", ""state"": """", ""labels"": [""Mounting/Tracker"", ""Germany"", ""Solar PV""], ""address"": """", ""country"": ""Germany"", ""description"": ""German firm offering metal fabrication and mounting solutions.""}",2026-07-08 15:14:12.152769+00
8c3e06b3-22ec-4449-ac76-e8c74c1797ed,"{""city"": ""Dongguan"", ""state"": ""Guangdong"", ""labels"": [""Battery/Storage"", ""China""], ""address"": """", ""country"": ""China"", ""description"": ""Manufactures lithium battery packs and BMS for energy storage, based in Dongguan.""}",2026-07-08 15:14:12.152769+00
8c7bc975-8981-4f41-bae2-7c79f280706f,"{""city"": """", ""state"": """", ""labels"": [""Metering/Monitoring"", ""United States"", ""Grid""], ""address"": """", ""country"": ""United States"", ""description"": ""Provides weather data and forecasting services, formerly AerisWeather/Vaisala brand.""}",2026-07-08 15:14:12.152769+00
8c9ca626-6845-4aca-8729-80c2d0e906ce,"{""city"": """", ""state"": """", ""labels"": [""Cell/Wafer Mfr"", ""Taiwan"", ""Solar PV""], ""address"": """", ""country"": ""Taiwan"", ""description"": ""Taiwanese optoelectronics manufacturer supplying solar cell components.""}",2026-07-08 15:14:12.152769+00
8cd202f8-b81a-4f29-b7a2-362bb29c9fdb,"{""city"": """", ""state"": """", ""labels"": [""Other"", ""United States"", ""Solar PV""], ""address"": """", ""country"": ""United States"", ""description"": ""Solar energy company; limited public information available.""}",2026-07-08 15:14:12.152769+00
8cea3c1e-3515-42c5-b4fa-e744c2e50218,"{""city"": """", ""state"": """", ""labels"": [""Battery/Storage"", ""Austria""], ""address"": """", ""country"": ""Austria"", ""description"": ""Austrian company developing and distributing battery and power supply systems.""}",2026-07-08 15:14:12.152769+00
8ceaff8b-532a-4927-bdb4-d98a44410f4a,"{""city"": """", ""state"": """", ""labels"": [""Battery/Storage"", ""Spain""], ""address"": """", ""country"": ""Spain"", ""description"": ""Spanish manufacturer of batteries for industrial and energy storage applications.""}",2026-07-08 15:14:12.152769+00
8cfed775-4869-4766-9981-31b1b6a113b3,"{""city"": """", ""state"": """", ""labels"": [""Mounting/Tracker"", ""Spain"", ""Solar PV""], ""address"": """", ""country"": ""Spain"", ""description"": ""Spanish maker of aluminum extrusions used in solar mounting structures.""}",2026-07-08 15:14:12.152769+00
8d09f93f-9abb-4316-abf0-f1d3d3a2587d,"{""city"": """", ""state"": """", ""labels"": [""Cable/BOS"", ""Germany""], ""address"": """", ""country"": ""Germany"", ""description"": ""German group manufacturing electromechanical relays and components.""}",2026-07-08 15:14:12.152769+00
8d0df31d-9a4a-4fd2-b12e-e4c37d146d6a,"{""city"": """", ""state"": """", ""labels"": [""Other"", ""Germany""], ""address"": """", ""country"": ""Germany"", ""description"": ""German engineering/manufacturing company; sector unclear from available data.""}",2026-07-08 15:14:12.152769+00
8d1ab474-b8c1-4478-b620-3adbe51e1362,"{""city"": ""Wenzhou"", ""state"": ""Zhejiang"", ""labels"": [""Distributor"", ""China""], ""address"": """", ""country"": ""China"", ""description"": ""Chinese supply chain management and trading company in Wenzhou.""}",2026-07-08 15:14:12.152769+00
8d33afbf-6334-4400-b8dc-5a3821371882,"{""city"": """", ""state"": """", ""labels"": [""Other"", ""Switzerland""], ""address"": """", ""country"": ""Switzerland"", ""description"": ""Swiss manufacturer of fiber-cement facade and cladding panels.""}",2026-07-08 15:14:12.152769+00
8d577d1f-26e2-4718-8b57-8e53d74e1802,"{""city"": """", ""state"": """", ""labels"": [""EPC/Installer"", ""Austria"", ""Residential""], ""address"": """", ""country"": ""Austria"", ""description"": ""Austrian company offering residential solar and energy installation services.""}",2026-07-08 15:14:12.152769+00
8d5ff742-ee58-47fd-9011-2e90cabce72f,"{""city"": """", ""state"": """", ""labels"": [""Cable/BOS"", ""Italy""], ""address"": """", ""country"": ""Italy"", ""description"": ""Italian manufacturer of cable trays and metal support systems.""}",2026-07-08 15:14:12.152769+00
8d7c7766-e71c-418d-a242-e72d52321400,"{""city"": """", ""state"": """", ""labels"": [""Metering/Monitoring"", ""United Kingdom""], ""address"": """", ""country"": ""United Kingdom"", ""description"": ""UK manufacturer of gas detection and monitoring instruments.""}",2026-07-08 15:14:12.152769+00
8d94d622-ecfa-46e8-b15a-af810dddecf0,"{""city"": """", ""state"": """", ""labels"": [""Testing/Certification"", ""Netherlands""], ""address"": """", ""country"": ""Netherlands"", ""description"": ""Dutch arm of DEKRA providing product testing and certification services.""}",2026-07-08 15:14:12.152769+00
8dcebdae-d5f4-4793-b833-2816a4f6bbbf,"{""city"": """", ""state"": """", ""labels"": [""Other"", ""Netherlands"", ""EV Charging""], ""address"": """", ""country"": ""Netherlands"", ""description"": ""Dutch developer of solar-powered electric vehicles.""}",2026-07-08 15:14:12.152769+00
8dda1e2b-e2ed-4c68-8a64-9b0d8c2c1e30,"{""city"": """", ""state"": """", ""labels"": [""Module Mfr"", ""China"", ""Solar PV""], ""address"": """", ""country"": ""China"", ""description"": ""Chinese solar energy equipment manufacturer.""}",2026-07-08 15:14:12.152769+00
8dfaee7b-4511-43ab-8dc0-0c425c3c9e04,"{""city"": ""Beijing"", ""state"": """", ""labels"": [""Association"", ""China""], ""address"": """", ""country"": ""China"", ""description"": ""Beijing-based organizer of international energy trade exhibitions.""}",2026-07-08 15:14:12.152769+00
8e021102-7a3d-4995-84dc-ef694630cdd2,"{""city"": ""Yingtan"", ""state"": ""Jiangxi"", ""labels"": [""Module Mfr"", ""China"", ""Solar PV""], ""address"": """", ""country"": ""China"", ""description"": ""Chinese solar product supplier listed on Alibaba trading platform.""}",2026-07-08 15:14:12.152769+00
8e0d482f-142c-4ec7-9151-183d2f09733e,"{""city"": """", ""state"": """", ""labels"": [""Distributor"", ""China"", ""Solar PV""], ""address"": """", ""country"": ""China"", ""description"": ""Supplier of solar and green energy products.""}",2026-07-08 15:14:12.152769+00
8e2829f5-7a8b-459e-9ac4-7558bb46d071,"{""city"": """", ""state"": """", ""labels"": [""Cable/BOS"", ""India""], ""address"": """", ""country"": ""India"", ""description"": ""Indian manufacturer of electrical enclosures and cable management products.""}",2026-07-08 15:14:12.152769+00
8e6a747d-8435-4831-b290-6f8147c087a4,"{""city"": """", ""state"": """", ""labels"": [""Other"", ""Italy""], ""address"": """", ""country"": ""Italy"", ""description"": ""Italian company providing industrial automation solutions.""}",2026-07-08 15:14:12.152769+00
8e6fc3bb-00b4-4c6d-b4bd-7782de83916f,"{""city"": """", ""state"": """", ""labels"": [""Cable/BOS"", ""Turkey""], ""address"": """", ""country"": ""Turkey"", ""description"": ""Turkish manufacturer of metal cable trays and electrical support systems.""}",2026-07-08 15:14:12.152769+00
8e8f8441-1b9b-4a79-9f17-804cee9707c2,"{""city"": """", ""state"": """", ""labels"": [""Module Mfr"", ""China"", ""Solar PV""], ""address"": """", ""country"": ""China"", ""description"": ""TCL Sunpower makes solar PV modules under the Sunpower brand for global markets.""}",2026-07-08 15:14:57.73521+00
8e9fba55-389b-47b1-8362-831832134722,"{""city"": """", ""state"": """", ""labels"": [""Mounting/Tracker"", ""Germany""], ""address"": """", ""country"": ""Germany"", ""description"": ""German manufacturer of steel components and racking hardware.""}",2026-07-08 15:14:57.73521+00
8ea050f3-7fe5-4760-9809-32b9c7bef256,"{""city"": """", ""state"": """", ""labels"": [""Mounting/Tracker"", ""China"", ""Solar PV""], ""address"": """", ""country"": ""China"", ""description"": ""Manufactures solar tracker systems for utility-scale PV plants.""}",2026-07-08 15:14:57.73521+00
8ea3ed84-de27-452d-82dc-70e47214d917,"{""city"": """", ""state"": """", ""labels"": [""Other"", ""Turkey"", ""EV Charging""], ""address"": """", ""country"": ""Turkey"", ""description"": ""Turkish company (n2n Energy/Oklidis) offering EV charging and energy products.""}",2026-07-08 15:14:57.73521+00
8f0ec7e4-fd6a-4d34-b55b-45d3e0fa2d05,"{""city"": """", ""state"": """", ""labels"": [""Other"", ""Unknown""], ""address"": """", ""country"": ""Unknown"", ""description"": ""Smart energy event/booth initiative; no website available to verify details.""}",2026-07-08 15:14:57.73521+00
8f1405f6-c827-4f56-8e20-9906b36ee6ae,"{""city"": """", ""state"": """", ""labels"": [""Battery/Storage"", ""Austria""], ""address"": """", ""country"": ""Austria"", ""description"": ""Austrian company focused on second-life battery and storage solutions.""}",2026-07-08 15:14:57.73521+00
8f2a51ec-0509-4d75-8c40-3c1f101fcc62,"{""city"": ""Guangzhou"", ""state"": """", ""labels"": [""Other"", ""China"", ""EV Charging""], ""address"": """", ""country"": ""China"", ""description"": ""Chinese intelligent technology company producing energy/charging equipment.""}",2026-07-08 15:14:57.73521+00
8f331dcc-5a5d-4cd8-8b70-c8b14ff5d5dd,"{""city"": """", ""state"": """", ""labels"": [""Metering/Monitoring"", ""China""], ""address"": """", ""country"": ""China"", ""description"": ""Hong Kong based maker of smart controls and IoT devices for energy management.""}",2026-07-08 15:14:57.73521+00
8f475efe-1e23-40b6-a122-7e468811b07c,"{""city"": """", ""state"": """", ""labels"": [""Software"", ""Germany""], ""address"": """", ""country"": ""Germany"", ""description"": ""German software and electronics engineering company.""}",2026-07-08 15:14:57.73521+00
8f6940fa-3cfc-44d7-bacf-9d6178d302c3,"{""city"": ""Hangzhou"", ""state"": """", ""labels"": [""Other"", ""China"", ""EV Charging""], ""address"": """", ""country"": ""China"", ""description"": ""Hangzhou based intelligent technology company making EV chargers.""}",2026-07-08 15:14:57.73521+00
8fad99a9-8037-4847-a76b-6a1b31721810,"{""city"": """", ""state"": """", ""labels"": [""Developer/IPP"", ""Germany"", ""Solar PV""], ""address"": """", ""country"": ""Germany"", ""description"": ""Swiss/German AG entity in the solar sector; limited public data available.""}",2026-07-08 15:14:57.73521+00
8fcc790b-b309-4399-ba5b-8b79308e51b3,"{""city"": """", ""state"": """", ""labels"": [""Other"", ""France"", ""EV Charging""], ""address"": """", ""country"": ""France"", ""description"": ""Company offering a smart EV charger product.""}",2026-07-08 15:14:57.73521+00
8fdc83d8-6b7e-41c4-b446-13315a5fc499,"{""city"": """", ""state"": """", ""labels"": [""Other"", ""Germany""], ""address"": """", ""country"": ""Germany"", ""description"": ""German electronics manufacturer (AVM FRITZ!) producing networking and smart home devices.""}",2026-07-08 15:14:57.73521+00
8fea395e-531d-4358-9584-6ff7f1f11e58,"{""city"": """", ""state"": """", ""labels"": [""Module Mfr"", ""Italy"", ""Solar PV""], ""address"": """", ""country"": ""Italy"", ""description"": ""Italian manufacturer of solar thermal and photovoltaic products.""}",2026-07-08 15:14:57.73521+00
900797a3-a089-4c7b-913c-7647938a09b2,"{""city"": """", ""state"": """", ""labels"": [""Mounting/Tracker"", ""France"", ""Solar PV""], ""address"": """", ""country"": ""France"", ""description"": ""French company specializing in floating solar mounting systems (Hydrelio).""}",2026-07-08 15:14:57.73521+00
9017c6ff-5fd1-4cca-b834-603f93edfda8,"{""city"": """", ""state"": """", ""labels"": [""Consultancy"", ""United Kingdom"", ""Solar PV""], ""address"": """", ""country"": ""United Kingdom"", ""description"": ""Provides drone-based surveying services for solar installations.""}",2026-07-08 15:14:57.73521+00
903678ab-ef36-4f05-a4a9-90671e5ec6aa,"{""city"": ""Wenzhou"", ""state"": """", ""labels"": [""Cable/BOS"", ""China""], ""address"": """", ""country"": ""China"", ""description"": ""Chinese manufacturer of electrical cables and connectors for solar systems.""}",2026-07-08 15:14:57.73521+00
905aab16-a7da-496f-a976-bc4bd43d2355,"{""city"": ""Qingdao"", ""state"": """", ""labels"": [""Battery/Storage"", ""China""], ""address"": """", ""country"": ""China"", ""description"": ""Qingdao based manufacturer of energy storage systems.""}",2026-07-08 15:14:57.73521+00
9060f5ce-2e42-483f-a6b4-45a278013f75,"{""city"": """", ""state"": """", ""labels"": [""Other"", ""Turkey""], ""address"": """", ""country"": ""Turkey"", ""description"": ""Turkish electrical/electronics company (not affiliated with Italy's Enel).""}",2026-07-08 15:14:57.73521+00
907ef005-ca36-4ed9-ba27-c700bd8f7fac,"{""city"": """", ""state"": """", ""labels"": [""Mounting/Tracker"", ""Italy""], ""address"": """", ""country"": ""Italy"", ""description"": ""Italian manufacturer of mounting and racking hardware.""}",2026-07-08 15:14:57.73521+00
908d9b7c-c52f-491c-aa14-b7d76679aa4d,"{""city"": """", ""state"": ""Jiangsu"", ""labels"": [""Mounting/Tracker"", ""China"", ""Solar PV""], ""address"": """", ""country"": ""China"", ""description"": ""Chinese manufacturer of aluminum profiles for solar mounting systems.""}",2026-07-08 15:14:57.73521+00
908df42d-5cbb-45af-9f94-168019805bff,"{""city"": """", ""state"": """", ""labels"": [""Mounting/Tracker"", ""United States"", ""Utility-scale""], ""address"": """", ""country"": ""United States"", ""description"": ""US manufacturer of solar mounting and tracker systems.""}",2026-07-08 15:14:57.73521+00
9094cc15-1973-454f-84b3-2db941ad53de,"{""city"": """", ""state"": """", ""labels"": [""Battery/Storage"", ""China""], ""address"": """", ""country"": ""China"", ""description"": ""Chinese manufacturer of lithium battery cells and energy storage products.""}",2026-07-08 15:14:57.73521+00
90aad440-a02f-4ee6-af49-815cf1fb6ba7,"{""city"": ""Bamberg"", ""state"": """", ""labels"": [""Other"", ""Germany""], ""address"": """", ""country"": ""Germany"", ""description"": ""German manufacturer of lighting and electrical fixtures, based in Bamberg.""}",2026-07-08 15:14:57.73521+00
90eb9350-9b2d-42a3-988b-db9972fe1652,"{""city"": """", ""state"": ""Guangdong"", ""labels"": [""Mounting/Tracker"", ""China"", ""Solar PV""], ""address"": """", ""country"": ""China"", ""description"": ""Chinese manufacturer of solar mounting and racking systems.""}",2026-07-08 15:14:57.73521+00
910932e6-4041-4e43-a9bc-aca0cb616772,"{""city"": ""Stuttgart"", ""state"": ""Baden-Württemberg"", ""labels"": [""Utility"", ""Germany"", ""Grid""], ""address"": """", ""country"": ""Germany"", ""description"": ""Distribution grid operator subsidiary offering utility services in Baden-Württemberg.""}",2026-07-08 15:15:08.828184+00
911558b2-5a31-4091-907f-aa0729062d5b,"{""city"": """", ""state"": """", ""labels"": [""Cell/Wafer Mfr"", ""China"", ""Solar PV""], ""address"": """", ""country"": ""China"", ""description"": ""Manufactures diffusion, PECVD and other equipment for solar cell and wafer production.""}",2026-07-08 15:15:08.828184+00
9116cc34-b335-4228-9c07-771d4354852c,"{""city"": ""Rodenbach"", ""state"": """", ""labels"": [""Battery/Storage"", ""Germany""], ""address"": """", ""country"": ""Germany"", ""description"": ""Develops and manufactures lithium-ion battery storage systems for industrial and grid applications.""}",2026-07-08 15:15:08.828184+00
912069c8-3712-4617-990b-db709fa47794,"{""city"": """", ""state"": """", ""labels"": [""Developer/IPP"", ""Germany"", ""Solar PV""], ""address"": """", ""country"": ""Germany"", ""description"": ""Develops renewable energy and storage projects in Germany.""}",2026-07-08 15:15:08.828184+00
91210890-5b9d-4dec-83fe-70dd1c7963c1,"{""city"": ""Paris"", ""state"": """", ""labels"": [""Cable/BOS"", ""France""], ""address"": """", ""country"": ""France"", ""description"": ""Manufactures electrical protection, power transmission and thermal management components including fuses.""}",2026-07-08 15:15:08.828184+00
91664bd0-1635-42ed-9ec1-f250b93adea0,"{""city"": ""Wegberg"", ""state"": ""North Rhine-Westphalia"", ""labels"": [""Cable/BOS"", ""Germany"", ""Grid""], ""address"": """", ""country"": ""Germany"", ""description"": ""Manufactures switchgear and electrical equipment for power utilities.""}",2026-07-08 15:15:08.828184+00
916699a4-3bef-4fff-b464-1722623010e4,"{""city"": ""Shenzhen"", ""state"": ""Guangdong"", ""labels"": [""Cable/BOS"", ""China""], ""address"": """", ""country"": ""China"", ""description"": ""Manufactures electrical fuses and circuit protection components.""}",2026-07-08 15:15:08.828184+00
918bade6-2c33-47b3-803b-57ba0d0a5dc8,"{""city"": """", ""state"": """", ""labels"": [""Battery/Storage"", ""Germany"", ""Residential""], ""address"": """", ""country"": ""Germany"", ""description"": ""Provides home battery storage systems for residential solar customers.""}",2026-07-08 15:15:08.828184+00
91bf1b98-c88a-4cfd-97c0-25cf526e4dd1,"{""city"": ""Dresden"", ""state"": ""Saxony"", ""labels"": [""Software"", ""Germany"", ""Storage""], ""address"": """", ""country"": ""Germany"", ""description"": ""Provides independent AI-based diagnostics and monitoring software for battery storage systems.""}",2026-07-08 15:15:08.828184+00
91bf3bcb-0de2-4e9c-b1c5-87333baab57f,"{""city"": """", ""state"": ""Guangdong"", ""labels"": [""Module Mfr"", ""China"", ""Solar PV""], ""address"": """", ""country"": ""China"", ""description"": ""Manufactures thin-film solar cells and modules.""}",2026-07-08 15:15:08.828184+00
91ec89fa-a57b-4335-ab64-ce7defc67409,"{""city"": ""Cologne"", ""state"": ""North Rhine-Westphalia"", ""labels"": [""Other"", ""Germany"", ""Storage""], ""address"": """", ""country"": ""Germany"", ""description"": ""Develops water-mist fire suppression systems, including for battery storage facilities.""}",2026-07-08 15:15:08.828184+00
922510fb-3d60-4faa-806a-5488e1b0a645,"{""city"": """", ""state"": """", ""labels"": [""Distributor"", ""Netherlands"", ""Solar PV""], ""address"": """", ""country"": ""Netherlands"", ""description"": ""Distributes solar PV products and components in the Netherlands.""}",2026-07-08 15:15:08.828184+00
923add12-221c-4f0b-adaf-7a2b07790d1b,"{""city"": """", ""state"": """", ""labels"": [""Battery/Storage"", ""Germany""], ""address"": """", ""country"": ""Germany"", ""description"": ""European subsidiary of Leoch, manufacturer of lead-acid and lithium batteries.""}",2026-07-08 15:15:08.828184+00
9257b4c0-0992-4845-b85e-7cff7a00e76a,"{""city"": ""Ronneburg"", ""state"": ""Thuringia"", ""labels"": [""Module Mfr"", ""Germany"", ""Solar PV""], ""address"": """", ""country"": ""Germany"", ""description"": ""Manufactures flexible organic photovoltaic (OPV) film products.""}",2026-07-08 15:15:08.828184+00
926f188d-0f25-4ab6-8bf9-66d60962744b,"{""city"": ""Renningen"", ""state"": ""Baden-Württemberg"", ""labels"": [""Mounting/Tracker"", ""Germany"", ""Solar PV""], ""address"": """", ""country"": ""Germany"", ""description"": ""Manufactures solar PV mounting systems for roof and ground-mount installations.""}",2026-07-08 15:15:08.828184+00
9278a22a-e44c-47e2-a0c1-df2fdaa6a959,"{""city"": """", ""state"": """", ""labels"": [""Cable/BOS"", ""South Korea"", ""Grid""], ""address"": """", ""country"": ""South Korea"", ""description"": ""Manufactures power and distribution transformers.""}",2026-07-08 15:15:08.828184+00
9283913b-a399-4c0a-9e8d-c2d19bddd5dc,"{""city"": ""Xiamen"", ""state"": ""Fujian"", ""labels"": [""Cable/BOS"", ""China""], ""address"": """", ""country"": ""China"", ""description"": ""Manufactures electrical fuses and protection components.""}",2026-07-08 15:15:08.828184+00
9283f0ca-2c5d-484b-a65b-c60d60710008,"{""city"": """", ""state"": """", ""labels"": [""Mounting/Tracker"", ""Germany"", ""C&I""], ""address"": """", ""country"": ""Germany"", ""description"": ""Manufactures solar carport and parking canopy mounting structures.""}",2026-07-08 15:15:08.828184+00
92a2a3a4-d886-4aa2-9622-c068dbb00cbb,"{""city"": ""Freiburg"", ""state"": ""Baden-Württemberg"", ""labels"": [""Inverter Mfr"", ""Germany"", ""Residential""], ""address"": """", ""country"": ""Germany"", ""description"": ""Manufactures solar string inverters for residential and commercial PV systems.""}",2026-07-08 15:15:08.828184+00
92a98f43-4b76-4b34-b41b-8bf9913e7f6d,"{""city"": """", ""state"": """", ""labels"": [""Consultancy"", ""Switzerland"", ""Solar PV""], ""address"": """", ""country"": ""Switzerland"", ""description"": ""Provides energy engineering and consultancy services for solar and energy projects.""}",2026-07-08 15:15:08.828184+00
92a9f2ca-8737-405c-b6c4-0b286c2de00f,"{""city"": ""Xi''an"", ""state"": ""Shaanxi"", ""labels"": [""Cable/BOS"", ""China"", ""Grid""], ""address"": """", ""country"": ""China"", ""description"": ""Manufactures power transformers and electrical transmission equipment.""}",2026-07-08 15:15:08.828184+00
92bc829b-c809-46f8-8b94-3c7da38f25a4,"{""city"": """", ""state"": """", ""labels"": [""Metering/Monitoring"", ""Italy"", ""Solar PV""], ""address"": """", ""country"": ""Italy"", ""description"": ""Provides monitoring and control systems for energy and industrial applications.""}",2026-07-08 15:15:08.828184+00
92f1dd32-1055-419d-9f19-17e868aef45d,"{""city"": """", ""state"": """", ""labels"": [""Inverter Mfr"", ""Germany""], ""address"": """", ""country"": ""Germany"", ""description"": ""German subsidiary of Megmeet, manufacturer of power electronics and inverters.""}",2026-07-08 15:15:08.828184+00
92f5d5cc-17b2-4e58-8bff-889d505541fc,"{""city"": """", ""state"": """", ""labels"": [""Mounting/Tracker"", ""Germany"", ""Solar PV""], ""address"": """", ""country"": ""Germany"", ""description"": ""Manufactures metal mounting and structural systems for solar installations.""}",2026-07-08 15:15:08.828184+00
93309237-3e8a-443e-a7ac-75b15d1d4c19,"{""city"": """", ""state"": """", ""labels"": [""Other"", ""Norway""], ""address"": """", ""country"": ""Norway"", ""description"": ""Company name suggests focus on repowering or reuse of energy equipment; limited public information available.""}",2026-07-08 15:15:08.828184+00
935b587e-923b-41f3-b949-3be357bfe733,"{""city"": """", ""state"": """", ""labels"": [""Other"", ""China""], ""address"": """", ""country"": ""China"", ""description"": ""Company name and domain suggest crypto/hash mining or tech hardware activity; details unverified.""}",2026-07-08 15:16:00.92739+00
93629645-52f2-4bbe-9adc-edfde8757627,"{""city"": ""Xi'an"", ""state"": """", ""labels"": [""Mounting/Tracker"", ""China"", ""Solar PV""], ""address"": """", ""country"": ""China"", ""description"": ""Xi'an-based supplier of solar mounting/frame components (Weiguang Energy).""}",2026-07-08 15:16:00.92739+00
936cce3d-a70f-4b65-bae3-9c43338acdeb,"{""city"": """", ""state"": """", ""labels"": [""Other"", ""Switzerland"", ""EV Charging""], ""address"": """", ""country"": ""Switzerland"", ""description"": ""Swiss company (movyy.ch) offering EV charging related solutions.""}",2026-07-08 15:16:00.92739+00
939f811f-4c9a-489b-9b82-2120b4e22d0c,"{""city"": """", ""state"": """", ""labels"": [""Other"", ""Austria"", ""EV Charging""], ""address"": """", ""country"": ""Austria"", ""description"": ""go-e manufactures smart EV charging stations for residential and commercial use.""}",2026-07-08 15:16:00.92739+00
93a39d5f-d211-4bf8-bfb5-e3418274a329,"{""city"": """", ""state"": """", ""labels"": [""Other"", ""Germany"", ""Hydrogen""], ""address"": """", ""country"": ""Germany"", ""description"": ""German company (H2greenPlanet) active in green hydrogen solutions.""}",2026-07-08 15:16:00.92739+00
93af872d-ac6b-40e3-ba53-376d537fc7a9,"{""city"": """", ""state"": """", ""labels"": [""Cable/BOS"", ""Turkey""], ""address"": """", ""country"": ""Turkey"", ""description"": ""Turkish glass manufacturer (Cam Sanayi) supplying glass, likely including solar glass.""}",2026-07-08 15:16:00.92739+00
93aff720-7975-4c28-b70f-99f3c19f6841,"{""city"": ""Ningbo"", ""state"": """", ""labels"": [""Cable/BOS"", ""China""], ""address"": """", ""country"": ""China"", ""description"": ""Ningbo-based Chinese electronics manufacturer supplying components for BOS applications.""}",2026-07-08 15:16:00.92739+00
93d0fe2c-4dda-443f-b366-3bca465704d2,"{""city"": """", ""state"": """", ""labels"": [""Software"", ""Netherlands""], ""address"": """", ""country"": ""Netherlands"", ""description"": ""Dutch company (Evonity BV) operating in the energy sector.""}",2026-07-08 15:16:00.92739+00
93f536ce-cbda-4319-b420-760131b8a12b,"{""city"": """", ""state"": """", ""labels"": [""Other"", ""Germany""], ""address"": """", ""country"": ""Germany"", ""description"": ""German automation company (Beck Automation) providing industrial automation equipment.""}",2026-07-08 15:16:00.92739+00
9422d17b-5750-425c-83a0-a7541c1b3b14,"{""city"": """", ""state"": """", ""labels"": [""Developer/IPP"", ""Germany"", ""Solar PV""], ""address"": """", ""country"": ""Germany"", ""description"": ""German company (Solocean) associated with solar energy projects.""}",2026-07-08 15:16:00.92739+00
945aa4af-9ca4-4726-b66e-5781efaebb5f,"{""city"": """", ""state"": """", ""labels"": [""Battery/Storage"", ""Germany"", ""Residential""], ""address"": """", ""country"": ""Germany"", ""description"": ""SENEC manufactures home battery storage systems for residential solar customers.""}",2026-07-08 15:16:00.92739+00
945f3a7c-76b3-4581-8412-c550ba0ffc83,"{""city"": ""Shenzhen"", ""state"": """", ""labels"": [""Other"", ""China""], ""address"": """", ""country"": ""China"", ""description"": ""Shenzhen Envicool makes thermal management/cooling systems for battery and data-center applications.""}",2026-07-08 15:16:00.92739+00
94903433-4a8a-45d1-aed8-a17e482dc883,"{""city"": """", ""state"": """", ""labels"": [""Metering/Monitoring"", ""Australia""], ""address"": """", ""country"": ""Australia"", ""description"": ""Australian company (Black Stump Technologies) providing monitoring/technology solutions.""}",2026-07-08 15:16:00.92739+00
94b5153d-a1a2-4a41-a2f4-d0133bb0ceb4,"{""city"": """", ""state"": """", ""labels"": [""Battery/Storage"", ""China""], ""address"": """", ""country"": ""China"", ""description"": ""Chinese manufacturer and trader (Yichun Dawnice) of energy/battery products.""}",2026-07-08 15:16:00.92739+00
94d2e5c9-444e-4104-9008-278d18142f8a,"{""city"": """", ""state"": """", ""labels"": [""Other"", ""China""], ""address"": """", ""country"": ""China"", ""description"": ""Shanxi Huaxin Electric is a Chinese electrical equipment manufacturer.""}",2026-07-08 15:16:00.92739+00
9529f3d0-4f55-4663-b260-9718557dc82e,"{""city"": ""Wuxi"", ""state"": """", ""labels"": [""Cable/BOS"", ""China""], ""address"": """", ""country"": ""China"", ""description"": ""Wuxi Joca Cable Technology Group manufactures cables, likely including solar/BOS cabling.""}",2026-07-08 15:16:00.92739+00
95399f43-3f88-467e-9f1c-d092cada0d3a,"{""city"": """", ""state"": """", ""labels"": [""Other"", ""China"", ""EV Charging""], ""address"": """", ""country"": ""China"", ""description"": ""StarCharge is a Chinese manufacturer of EV charging equipment and energy storage.""}",2026-07-08 15:16:00.92739+00
95483960-016f-4ddb-91ee-aa85c3681212,"{""city"": """", ""state"": """", ""labels"": [""Other"", ""Poland""], ""address"": """", ""country"": ""Poland"", ""description"": ""Polish company (Innokrea) operating in the energy/technology sector.""}",2026-07-08 15:16:00.92739+00
95787980-f688-4064-940f-9d23cbed2b4c,"{""city"": ""Brussels"", ""state"": """", ""labels"": [""Association"", ""Belgium"", ""Storage""], ""address"": """", ""country"": ""Belgium"", ""description"": ""Flow Batteries Europe is an industry association promoting flow battery storage technology.""}",2026-07-08 15:16:00.92739+00
95ae4375-276c-4be0-afb3-8036c11bc1d6,"{""city"": """", ""state"": """", ""labels"": [""Developer/IPP"", ""Germany"", ""Solar PV""], ""address"": """", ""country"": ""Germany"", ""description"": ""German green energy company (Gorfion Green Energy).""}",2026-07-08 15:16:00.92739+00
95b3933f-dc4b-46f4-b787-23de62fa08fe,"{""city"": """", ""state"": """", ""labels"": [""Metering/Monitoring"", ""Germany""], ""address"": """", ""country"": ""Germany"", ""description"": ""NEOmeter (iometer.de) provides metering/monitoring solutions in Germany.""}",2026-07-08 15:16:00.92739+00
95c0576b-4c55-4947-9dad-ff292ddb99ac,"{""city"": ""Shenzhen"", ""state"": """", ""labels"": [""Battery/Storage"", ""China""], ""address"": """", ""country"": ""China"", ""description"": ""BST Power is a Shenzhen-based battery energy storage system manufacturer.""}",2026-07-08 15:16:00.92739+00
95e75946-ff7a-46c3-9893-3453253d98d1,"{""city"": """", ""state"": """", ""labels"": [""Cable/BOS"", ""United States""], ""address"": """", ""country"": ""United States"", ""description"": ""Heyco Products Corp manufactures wire management and cable protection components.""}",2026-07-08 15:16:00.92739+00
95f55b6b-1d5f-49d4-859d-10bfba057ffc,"{""city"": """", ""state"": """", ""labels"": [""Module Mfr"", ""China"", ""Solar PV""], ""address"": """", ""country"": ""China"", ""description"": ""DAS Solar is a Chinese manufacturer of photovoltaic solar modules.""}",2026-07-08 15:16:00.92739+00
95f9c5b1-7e08-4698-becb-d5bf66a1c252,"{""city"": ""Berlin"", ""state"": """", ""labels"": [""Mounting/Tracker"", ""Germany""], ""address"": """", ""country"": ""Germany"", ""description"": ""AWB Aluminiumwerk Berlin manufactures aluminum products, likely including mounting structures.""}",2026-07-08 15:16:00.92739+00
961585ab-aa4a-4bcb-b670-d6236fa050d7,"{""city"": """", ""state"": """", ""labels"": [""Software"", ""Germany"", ""Grid""], ""address"": """", ""country"": ""Germany"", ""description"": ""Provides energy flexibility and grid management software solutions.""}",2026-07-08 15:16:09.456013+00
963ec4ee-3ce0-479c-b9ad-d262341b043b,"{""city"": ""Ljubljana"", ""state"": """", ""labels"": [""Testing/Certification"", ""Slovenia""], ""address"": """", ""country"": ""Slovenia"", ""description"": ""Manufactures electrical testing and measurement instruments including PV test equipment.""}",2026-07-08 15:16:09.456013+00
965aecf3-d89d-4be9-a2ba-39b5e4ce8b8e,"{""city"": """", ""state"": """", ""labels"": [""Testing/Certification"", ""Netherlands"", ""Solar PV""], ""address"": """", ""country"": ""Netherlands"", ""description"": ""Provides testing, inspection and certification services for the solar energy market.""}",2026-07-08 15:16:09.456013+00
9668ffcd-ba81-4dd5-8d0e-52a9f047756e,"{""city"": """", ""state"": """", ""labels"": [""Inverter Mfr"", ""South Korea""], ""address"": """", ""country"": ""South Korea"", ""description"": ""Manufactures power electronics and inverter equipment for renewable energy applications.""}",2026-07-08 15:16:09.456013+00
969fac99-e7a6-4d02-a066-f0afdfe9e91e,"{""city"": """", ""state"": """", ""labels"": [""Software"", ""Germany"", ""Hydrogen""], ""address"": """", ""country"": ""Germany"", ""description"": ""Provides monitoring and management software for hydrogen and energy infrastructure.""}",2026-07-08 15:16:09.456013+00
973e6609-b546-496d-a125-52455687fa1c,"{""city"": """", ""state"": """", ""labels"": [""Other"", ""United Arab Emirates"", ""Grid""], ""address"": """", ""country"": ""United Arab Emirates"", ""description"": ""Manufactures power and distribution transformers for electrical infrastructure.""}",2026-07-08 15:16:09.456013+00
974fc026-90e2-4fb9-9499-11b21132f85d,"{""city"": """", ""state"": """", ""labels"": [""Cable/BOS"", ""United States""], ""address"": """", ""country"": ""United States"", ""description"": ""Manufactures interconnect and cable assembly components including for solar applications.""}",2026-07-08 15:16:09.456013+00
975f5c35-cca9-4c52-a21e-15218e56d532,"{""city"": """", ""state"": """", ""labels"": [""Cable/BOS"", ""Germany""], ""address"": """", ""country"": ""Germany"", ""description"": ""Supplies electrical and balance-of-system components for renewable energy installations.""}",2026-07-08 15:16:09.456013+00
97a47e7e-4bc0-483a-b776-51f85cb43160,"{""city"": """", ""state"": """", ""labels"": [""Software"", ""United States"", ""Solar PV""], ""address"": """", ""country"": ""United States"", ""description"": ""Provides automated solar design and engineering software tools.""}",2026-07-08 15:16:09.456013+00
97abe8f8-d662-4683-a7a7-cdca1f372bf9,"{""city"": """", ""state"": """", ""labels"": [""Battery/Storage"", ""Austria""], ""address"": """", ""country"": ""Austria"", ""description"": ""Supplies battery and power base energy storage systems.""}",2026-07-08 15:16:09.456013+00
97c0dfd1-17bb-4f0e-a779-ded7e9db6c05,"{""city"": """", ""state"": """", ""labels"": [""Metering/Monitoring"", ""United Kingdom""], ""address"": """", ""country"": ""United Kingdom"", ""description"": ""Manufactures data loggers and environmental/meteorological monitoring instruments.""}",2026-07-08 15:16:09.456013+00
980455e7-d374-41b3-a9d4-e902c8521016,"{""city"": """", ""state"": """", ""labels"": [""Other"", ""South Korea""], ""address"": """", ""country"": ""South Korea"", ""description"": ""Provides renewable energy and power solution services.""}",2026-07-08 15:16:09.456013+00
98284479-2031-4723-bc7c-95d994db1a21,"{""city"": """", ""state"": """", ""labels"": [""Software"", ""Finland"", ""EV Charging""], ""address"": """", ""country"": ""Finland"", ""description"": ""Provides EV charging management software platform.""}",2026-07-08 15:16:09.456013+00
9863e4ef-d334-4884-8c8d-ccfb8d6788fa,"{""city"": """", ""state"": """", ""labels"": [""Cable/BOS"", ""Germany""], ""address"": """", ""country"": ""Germany"", ""description"": ""Manufactures industrial connectors and electrical components.""}",2026-07-08 15:16:09.456013+00
9897030d-599c-4640-a38c-85e5699cd690,"{""city"": """", ""state"": """", ""labels"": [""Module Mfr"", ""China"", ""Solar PV""], ""address"": """", ""country"": ""China"", ""description"": ""Manufactures building-integrated solar green-building products.""}",2026-07-08 15:16:09.456013+00
989e19f5-8ff1-41ff-9cd6-046e2ec18cb2,"{""city"": """", ""state"": """", ""labels"": [""Distributor"", ""Norway""], ""address"": """", ""country"": ""Norway"", ""description"": ""Distributes renewable energy equipment and components.""}",2026-07-08 15:16:09.456013+00
98a4ae42-c651-4b02-bea8-ed4c3bb62184,"{""city"": """", ""state"": """", ""labels"": [""Module Mfr"", ""Italy"", ""Solar PV""], ""address"": """", ""country"": ""Italy"", ""description"": ""Manufactures photovoltaic solar modules.""}",2026-07-08 15:16:09.456013+00
98d3b35d-9e4d-4cc9-af03-dba2da3faec7,"{""city"": """", ""state"": """", ""labels"": [""Battery/Storage"", ""Sweden""], ""address"": """", ""country"": ""Sweden"", ""description"": ""Supplies battery energy storage systems and solutions.""}",2026-07-08 15:16:09.456013+00
991d839c-3095-4b70-bf1e-8191a9678e87,"{""city"": ""Dongguan"", ""state"": ""Guangdong"", ""labels"": [""Battery/Storage"", ""China""], ""address"": """", ""country"": ""China"", ""description"": ""Manufactures new energy and battery products.""}",2026-07-08 15:16:09.456013+00
992b0a05-684f-4dfc-b9a1-51fefc49db85,"{""city"": """", ""state"": """", ""labels"": [""Software"", ""Finland"", ""Grid""], ""address"": """", ""country"": ""Finland"", ""description"": ""Provides grid and energy management software platform.""}",2026-07-08 15:16:09.456013+00
9934606c-6827-479b-9ed7-6da79c4a3229,"{""city"": """", ""state"": """", ""labels"": [""Cable/BOS"", ""China""], ""address"": """", ""country"": ""China"", ""description"": ""Manufactures electric plastic and cable components.""}",2026-07-08 15:16:09.456013+00
994fd73b-545d-436f-a8c7-13fbbbfb4e0a,"{""city"": """", ""state"": """", ""labels"": [""Other"", ""China"", ""Off-grid""], ""address"": """", ""country"": ""China"", ""description"": ""Manufactures solar-powered lighting products.""}",2026-07-08 15:16:09.456013+00
9950cfa6-ea82-482d-bb51-0eeb3db34e74,"{""city"": ""Shenzhen"", ""state"": ""Guangdong"", ""labels"": [""Battery/Storage"", ""China""], ""address"": """", ""country"": ""China"", ""description"": ""Manufactures lithium and other battery cells and packs.""}",2026-07-08 15:16:09.456013+00
9953ce1a-d1e1-4fc3-838e-661352008c27,"{""city"": """", ""state"": """", ""labels"": [""Software"", ""Spain"", ""Grid""], ""address"": """", ""country"": ""Spain"", ""description"": ""Provides energy management and orchestration software platform.""}",2026-07-08 15:16:09.456013+00
998af5d9-6699-4340-b7aa-6876ad6db057,"{""city"": """", ""state"": """", ""labels"": [""Metering/Monitoring"", ""Norway""], ""address"": """", ""country"": ""Norway"", ""description"": ""Provides renewable asset performance monitoring software (Bazefield platform).""}",2026-07-08 15:16:09.456013+00
9c400ff5-b80b-4d57-b37e-760c67bdde5f,"{""city"": ""Shanghai"", ""state"": """", ""labels"": [""Cable/BOS"", ""China""], ""address"": """", ""country"": ""China"", ""description"": ""Manufactures Weipu-brand electrical connectors for solar and industrial applications.""}",2026-07-08 15:17:03.322089+00
9c623327-dbfb-489b-89dd-ee3775675f2c,"{""city"": ""Yongzhou"", ""state"": ""Hunan"", ""labels"": [""Cable/BOS"", ""China""], ""address"": """", ""country"": ""China"", ""description"": ""Manufactures ceramic terminal blocks and connector components for electrical use.""}",2026-07-08 15:17:03.322089+00
9c88146c-9d4f-4ec9-b583-5bc55a48bd51,"{""city"": """", ""state"": """", ""labels"": [""Other"", ""Turkey"", ""Grid""], ""address"": """", ""country"": ""Turkey"", ""description"": ""Manufactures power and distribution transformers for electrical grid applications.""}",2026-07-08 15:17:03.322089+00
9c8bf04a-ccc6-48bf-9f4b-5f6be50df531,"{""city"": """", ""state"": """", ""labels"": [""Battery/Storage"", ""Germany""], ""address"": """", ""country"": ""Germany"", ""description"": ""Battery manufacturer and energy holding company producing lead-acid and lithium batteries.""}",2026-07-08 15:17:03.322089+00
9c975091-e1ea-4d32-99f9-723f84816df6,"{""city"": """", ""state"": """", ""labels"": [""Mounting/Tracker"", ""China"", ""Solar PV""], ""address"": """", ""country"": ""China"", ""description"": ""Manufactures solar tracking and mounting systems for PV installations.""}",2026-07-08 15:17:03.322089+00
9c9e6830-780c-4a09-a657-d383ade980b2,"{""city"": """", ""state"": """", ""labels"": [""Metering/Monitoring"", ""Germany""], ""address"": """", ""country"": ""Germany"", ""description"": ""Provides camera and monitoring solutions, including for renewable energy sites.""}",2026-07-08 15:17:03.322089+00
9ca676e6-9f68-49e8-9d18-87d347cc7bdf,"{""city"": ""Tianjin"", ""state"": """", ""labels"": [""Battery/Storage"", ""China""], ""address"": """", ""country"": ""China"", ""description"": ""Manufactures lithium batteries for automotive and energy storage applications.""}",2026-07-08 15:17:03.322089+00
9ca70d1e-4131-4919-9d1c-cb191da8d699,"{""city"": """", ""state"": ""Zhejiang"", ""labels"": [""Other"", ""China"", ""EV Charging""], ""address"": """", ""country"": ""China"", ""description"": ""Manufactures power supply and DC energy equipment including EV charging products.""}",2026-07-08 15:17:03.322089+00
9cc47e59-68ad-460b-93da-48cfd0aa8d15,"{""city"": """", ""state"": """", ""labels"": [""EPC/Installer"", ""Germany"", ""Solar PV""], ""address"": """", ""country"": ""Germany"", ""description"": ""Provides solar PV installation and project services in Germany.""}",2026-07-08 15:17:03.322089+00
9cd50416-bf68-4f72-9101-b1d2a8506dfd,"{""city"": ""Ningbo"", ""state"": ""Zhejiang"", ""labels"": [""Module Mfr"", ""China"", ""Solar PV""], ""address"": """", ""country"": ""China"", ""description"": ""Manufactures solar PV modules and related energy products.""}",2026-07-08 15:17:03.322089+00
9cd62c8f-4fe7-4154-b212-472c8dee674a,"{""city"": """", ""state"": """", ""labels"": [""Distributor"", ""Germany"", ""Solar PV""], ""address"": """", ""country"": ""Germany"", ""description"": ""Distributes solar and renewable energy products and components.""}",2026-07-08 15:17:03.322089+00
9ce186b5-31d2-4009-b20a-fa61f8d10188,"{""city"": """", ""state"": """", ""labels"": [""Distributor"", ""Switzerland"", ""Solar PV""], ""address"": """", ""country"": ""Switzerland"", ""description"": ""Distributes solar PV products and components in Switzerland.""}",2026-07-08 15:17:03.322089+00
9d027919-9ed6-4a63-9a76-cf71a9bf5a3b,"{""city"": """", ""state"": """", ""labels"": [""Consultancy"", ""Turkey""], ""address"": """", ""country"": ""Turkey"", ""description"": ""Provides energy engineering and consulting services.""}",2026-07-08 15:17:03.322089+00
9d107cfa-80a3-4b5f-b674-595caee35439,"{""city"": ""Kempten"", ""state"": ""Bavaria"", ""labels"": [""Mounting/Tracker"", ""Germany"", ""Solar PV""], ""address"": """", ""country"": ""Germany"", ""description"": ""Manufactures mounting systems for solar PV installations.""}",2026-07-08 15:17:03.322089+00
9d116d19-85c3-4315-a0c2-27a109574fab,"{""city"": ""Shenzhen"", ""state"": ""Guangdong"", ""labels"": [""Battery/Storage"", ""China""], ""address"": """", ""country"": ""China"", ""description"": ""Manufactures batteries and new energy storage products.""}",2026-07-08 15:17:03.322089+00
9d1e0768-f81a-46aa-b52c-b99758bfcd53,"{""city"": """", ""state"": """", ""labels"": [""Mounting/Tracker"", ""Germany""], ""address"": """", ""country"": ""Germany"", ""description"": ""Manufactures metal and plastic mounting and enclosure systems for industrial use.""}",2026-07-08 15:17:03.322089+00
9d28a526-cf6b-4d53-b6e1-5c710290410b,"{""city"": """", ""state"": """", ""labels"": [""Software"", ""United States"", ""Solar PV""], ""address"": """", ""country"": ""United States"", ""description"": ""Provides solar monitoring and visualization software.""}",2026-07-08 15:17:03.322089+00
9d4abb93-5469-4697-a1af-c98e714947a5,"{""city"": """", ""state"": """", ""labels"": [""Other"", ""Slovakia""], ""address"": """", ""country"": ""Slovakia"", ""description"": ""Operates in the power/energy trading and equipment sector.""}",2026-07-08 15:17:03.322089+00
9d4afc5f-43c0-470e-9c63-2476c30fb1b2,"{""city"": """", ""state"": """", ""labels"": [""Cable/BOS"", ""Germany""], ""address"": """", ""country"": ""Germany"", ""description"": ""Manufactures cable systems and electrical balance-of-system components.""}",2026-07-08 15:17:03.322089+00
9d5daaa2-c876-4c2c-91d2-242082fd6241,"{""city"": """", ""state"": """", ""labels"": [""Consultancy"", ""Germany"", ""Solar PV""], ""address"": """", ""country"": ""Germany"", ""description"": ""Provides renewables engineering and consultancy services.""}",2026-07-08 15:17:03.322089+00
9d9d981b-23d5-4e0a-a56f-dcc43951f71a,"{""city"": """", ""state"": """", ""labels"": [""Battery/Storage"", ""China""], ""address"": """", ""country"": ""China"", ""description"": ""Manufactures batteries and energy storage products.""}",2026-07-08 15:17:03.322089+00
9dd70199-649d-4518-be68-6ad677ec235b,"{""city"": ""Mannheim"", ""state"": ""Baden-Wurttemberg"", ""labels"": [""Utility"", ""Germany""], ""address"": """", ""country"": ""Germany"", ""description"": ""Regional German utility supplying electricity, gas, and district heating.""}",2026-07-08 15:17:03.322089+00
9e194c15-32f8-4840-a60c-f4fafeaa869b,"{""city"": ""Dongguan"", ""state"": ""Guangdong"", ""labels"": [""Cable/BOS"", ""China""], ""address"": """", ""country"": ""China"", ""description"": ""Manufactures electrical connectors under the Devalan brand.""}",2026-07-08 15:17:03.322089+00
9e5e7b7d-9a2a-48c3-8a1d-3c6ac5a20ddf,"{""city"": ""Grosswilfersdorf"", ""state"": ""Styria"", ""labels"": [""Module Mfr"", ""Austria"", ""Solar PV""], ""address"": """", ""country"": ""Austria"", ""description"": ""Manufactures solar thermal collectors and absorbers.""}",2026-07-08 15:17:03.322089+00
9e86e561-cf0b-410f-9e50-7fe2a52a17d0,"{""city"": ""Shenzhen"", ""state"": ""Guangdong"", ""labels"": [""Inverter Mfr"", ""China"", ""Storage""], ""address"": """", ""country"": ""China"", ""description"": ""Manufactures power conversion systems and inverters for energy storage.""}",2026-07-08 15:17:03.322089+00
999e5ef7-a540-4cbe-81da-167c5d894c56,"{""city"": ""Cambridge"", ""state"": ""Massachusetts"", ""labels"": [""Other"", ""United States"", ""Grid""], ""address"": ""115 Coliseum Ave"", ""country"": ""United States"", ""description"": ""Global energy technology company making grid equipment, power generation and wind turbines.""}",2026-07-08 15:17:19.495851+00
99b0852b-362d-4de8-ba12-23677e92c3bb,"{""city"": """", ""state"": """", ""labels"": [""Other"", ""Germany"", ""EV Charging""], ""address"": """", ""country"": ""Germany"", ""description"": ""Develops vehicle-to-grid (V2G) wallbox charging technology for EVs in Germany.""}",2026-07-08 15:17:19.495851+00
99d87a6a-185b-4960-8a9a-ff88d9381fdd,"{""city"": ""Riyadh"", ""state"": """", ""labels"": [""Other"", ""Saudi Arabia"", ""Grid""], ""address"": """", ""country"": ""Saudi Arabia"", ""description"": ""Diversified Saudi manufacturer of electrical equipment including switchgear and cables.""}",2026-07-08 15:17:19.495851+00
9a1166d7-d3e8-4ecb-88f0-400aae18e051,"{""city"": """", ""state"": """", ""labels"": [""Distributor"", ""Germany"", ""Solar PV""], ""address"": """", ""country"": ""Germany"", ""description"": ""Distributes solar PV modules and components in the European market.""}",2026-07-08 15:17:19.495851+00
9a1b95f3-712a-4a56-b791-8911a78fae03,"{""city"": """", ""state"": """", ""labels"": [""Consultancy"", ""Germany""], ""address"": """", ""country"": ""Germany"", ""description"": ""Provides carbon footprint and climate consultancy services for businesses.""}",2026-07-08 15:17:19.495851+00
9a6e24ca-4aab-4c50-a0f1-122a315bb0e6,"{""city"": """", ""state"": """", ""labels"": [""Mounting/Tracker"", ""Germany"", ""Solar PV""], ""address"": """", ""country"": ""Germany"", ""description"": ""Manufactures ground screw foundation systems for solar PV mounting structures.""}",2026-07-08 15:17:19.495851+00
9a7c3794-eea8-42ec-b44b-6b7cf833f3d8,"{""city"": ""Shanghai"", ""state"": """", ""labels"": [""Other"", ""China""], ""address"": """", ""country"": ""China"", ""description"": ""Shanghai-based manufacturer of electrical switchgear and power distribution equipment.""}",2026-07-08 15:17:19.495851+00
9a9befe1-3d32-482d-be27-6e82a39390fd,"{""city"": """", ""state"": """", ""labels"": [""Module Mfr"", ""China"", ""Solar PV""], ""address"": """", ""country"": ""China"", ""description"": ""Chinese solar company producing PV modules and related energy products.""}",2026-07-08 15:17:19.495851+00
9ae0f068-7ed0-4be7-b1d6-d73aea23a643,"{""city"": ""Munich"", ""state"": ""Bavaria"", ""labels"": [""Utility"", ""Germany""], ""address"": """", ""country"": ""Germany"", ""description"": ""Municipal utility company for Munich providing electricity, gas, water and district heating.""}",2026-07-08 15:17:19.495851+00
9b27a32e-376f-4690-9a3f-8b97f235650c,"{""city"": ""Suzhou"", ""state"": """", ""labels"": [""Battery/Storage"", ""China""], ""address"": """", ""country"": ""China"", ""description"": ""Suzhou-based energy technology company producing battery storage products.""}",2026-07-08 15:17:19.495851+00
9b478ef8-7d60-43ca-84f1-565fdbf043fc,"{""city"": """", ""state"": ""Gujarat"", ""labels"": [""Module Mfr"", ""India"", ""Solar PV""], ""address"": """", ""country"": ""India"", ""description"": ""Indian manufacturer of solar PV modules.""}",2026-07-08 15:17:19.495851+00
9b558337-ef77-4d09-a6b5-34f77f5b5a53,"{""city"": ""Zhejiang"", ""state"": """", ""labels"": [""Battery/Storage"", ""China""], ""address"": """", ""country"": ""China"", ""description"": ""Zhejiang-based manufacturer of power electronics and energy storage systems (ESS).""}",2026-07-08 15:17:19.495851+00
9b57bcfe-3250-4118-92c0-2d6bff1cd03e,"{""city"": ""Luxembourg City"", ""state"": """", ""labels"": [""Other"", ""Luxembourg""], ""address"": """", ""country"": ""Luxembourg"", ""description"": ""European flat steel products division of ArcelorMittal, supplying steel for solar mounting.""}",2026-07-08 15:17:19.495851+00
9b62dc52-0ef4-4528-a60c-570c27dd9ec1,"{""city"": """", ""state"": """", ""labels"": [""Other"", ""Italy""], ""address"": """", ""country"": ""Italy"", ""description"": ""Italian company providing security systems and services.""}",2026-07-08 15:17:19.495851+00
9b631421-924e-456a-9745-a54335a45d20,"{""city"": """", ""state"": """", ""labels"": [""Module Mfr"", ""China"", ""Solar PV""], ""address"": """", ""country"": ""China"", ""description"": ""Chinese solar company manufacturing PV modules and energy products.""}",2026-07-08 15:17:19.495851+00
9b980582-50e4-4e4b-8c9a-383714f7ec52,"{""city"": """", ""state"": """", ""labels"": [""Other"", ""China"", ""Solar PV""], ""address"": """", ""country"": ""China"", ""description"": ""Chinese manufacturer of advanced materials used in solar module production.""}",2026-07-08 15:17:19.495851+00
9bae7345-7572-4c71-8a0c-eb4a096d2902,"{""city"": """", ""state"": """", ""labels"": [""Distributor"", ""Germany""], ""address"": """", ""country"": ""Germany"", ""description"": ""German trading and distribution company.""}",2026-07-08 15:17:19.495851+00
9bd4a363-e2ce-483a-be28-bb28d99d8eda,"{""city"": ""Corum"", ""state"": """", ""labels"": [""Metering/Monitoring"", ""Turkey"", ""Solar PV""], ""address"": ""Pinarcay OSB Mahallesi Organize Sanayi Tesisleri Teknokent Idare Binasi No: 7, D:1"", ""country"": ""Turkey"", ""description"": ""Manufactures meteorological weather stations and sensors for solar PV plant monitoring.""}",2026-07-08 15:17:19.495851+00
9be455fb-8ada-4fa1-8164-2a17a2cf1b71,"{""city"": ""Skofljica"", ""state"": """", ""labels"": [""Software"", ""Slovenia"", ""EV Charging""], ""address"": ""Cesta ob Bregu 6"", ""country"": ""Slovenia"", ""description"": ""Provides an EV charging management platform for OCPP chargers, billing and fleet operations.""}",2026-07-08 15:17:19.495851+00
9bf22d7b-1416-4919-b89e-54a79109378c,"{""city"": """", ""state"": """", ""labels"": [""Developer/IPP"", ""United Kingdom"", ""Utility-scale""], ""address"": """", ""country"": ""United Kingdom"", ""description"": ""Renewable Energy Systems (RES) Group develops, builds and operates renewable energy projects.""}",2026-07-08 15:17:19.495851+00
9bff0dea-46f0-41e3-9178-ff090e994418,"{""city"": ""Columbus"", ""state"": ""Indiana"", ""labels"": [""Other"", ""United States""], ""address"": """", ""country"": ""United States"", ""description"": ""Manufactures diesel and gas power generators and generation equipment.""}",2026-07-08 15:17:19.495851+00
9c11b9af-0e31-411e-8e6c-d98bfce016e1,"{""city"": """", ""state"": """", ""labels"": [""Distributor"", ""Germany"", ""Solar PV""], ""address"": """", ""country"": ""Germany"", ""description"": ""Online trading marketplace for buying and selling used and new solar PV modules.""}",2026-07-08 15:17:19.495851+00
9c1ac879-f3e5-4b79-bad5-31e6441bd94e,"{""city"": """", ""state"": """", ""labels"": [""Cable/BOS"", ""Germany""], ""address"": """", ""country"": ""Germany"", ""description"": ""German manufacturer of cables and cable assemblies.""}",2026-07-08 15:17:19.495851+00
9c29eec8-58f6-4fe0-bf8a-4161e2e5961d,"{""city"": """", ""state"": """", ""labels"": [""Other"", ""Germany""], ""address"": """", ""country"": ""Germany"", ""description"": ""Member of Grenzebach group, supplying industrial production equipment including for solar manufacturing.""}",2026-07-08 15:17:19.495851+00
9c3cc8aa-11a3-4edc-a752-7afbfc9c2b37,"{""city"": """", ""state"": """", ""labels"": [""Other"", ""Germany""], ""address"": """", ""country"": ""Germany"", ""description"": ""German building and solar panel cleaning technology and equipment supplier.""}",2026-07-08 15:17:19.495851+00
9e9a5337-ffdf-4811-8f45-1c5eb2b13deb,"{""city"": """", ""state"": """", ""labels"": [""Battery/Storage"", ""China"", ""Solar PV""], ""address"": """", ""country"": ""China"", ""description"": ""Chinese manufacturer of new energy products including batteries and power equipment.""}",2026-07-08 15:17:55.31467+00
9ecf7f1d-ffe5-4474-9d67-a2e2280e857d,"{""city"": """", ""state"": """", ""labels"": [""Other"", ""China""], ""address"": """", ""country"": ""China"", ""description"": ""Chinese smart technology company producing power supply and electronics products.""}",2026-07-08 15:17:55.31467+00
9ed0585b-db9e-4fc1-b8e3-bed4340358b4,"{""city"": """", ""state"": """", ""labels"": [""Other"", ""China""], ""address"": """", ""country"": ""China"", ""description"": ""Guangdong-based technology company; product line not verified.""}",2026-07-08 15:17:55.31467+00
9ed4cb73-4c82-4a73-93aa-8ef7aec0b831,"{""city"": """", ""state"": """", ""labels"": [""Software"", ""Germany"", ""EV Charging""], ""address"": """", ""country"": ""Germany"", ""description"": ""German software company focused on EV charging and energy management solutions.""}",2026-07-08 15:17:55.31467+00
9eddc41f-7c6b-4c2b-acc9-f25168477b1e,"{""city"": """", ""state"": """", ""labels"": [""Other"", ""China""], ""address"": """", ""country"": ""China"", ""description"": ""Chinese manufacturer trading as goodymt.com; product category not verified.""}",2026-07-08 15:17:55.31467+00
9f1f39ed-7f12-4111-a385-1ea3b3e688ff,"{""city"": """", ""state"": """", ""labels"": [""Other"", ""China""], ""address"": """", ""country"": ""China"", ""description"": ""Chinese electronics manufacturer, Winpin Electronics Technology Co.""}",2026-07-08 15:17:55.31467+00
9f4c313e-5bfe-4b7e-8b74-2a8dcc35c9e4,"{""city"": """", ""state"": """", ""labels"": [""EPC/Installer"", ""Norway"", ""Solar PV""], ""address"": """", ""country"": ""Norway"", ""description"": ""Norwegian energy company installing renewable energy systems.""}",2026-07-08 15:17:55.31467+00
9f7292ab-6180-4cb6-8a0d-ec9d7fea45b7,"{""city"": ""Guangzhou"", ""state"": """", ""labels"": [""Other"", ""China"", ""Off-grid""], ""address"": """", ""country"": ""China"", ""description"": ""Guangzhou-based manufacturer of solar street lights and off-grid solar systems.""}",2026-07-08 15:17:55.31467+00
9f95db43-03cb-4da9-b7b6-bed1c5029c84,"{""city"": """", ""state"": """", ""labels"": [""Association"", ""Germany"", ""EV Charging""], ""address"": """", ""country"": ""Germany"", ""description"": ""German industry hub/network focused on electric mobility.""}",2026-07-08 15:17:55.31467+00
9fb202ca-b039-4a06-b70b-a8721ec43c0b,"{""city"": """", ""state"": """", ""labels"": [""Battery/Storage"", ""Taiwan"", ""EV Charging""], ""address"": """", ""country"": ""Taiwan"", ""description"": ""Taiwanese manufacturer of battery systems for electric vehicles.""}",2026-07-08 15:17:55.31467+00
9fbff4c8-e890-48b8-89c1-c5d93b2edc87,"{""city"": """", ""state"": ""Bavaria"", ""labels"": [""Cable/BOS"", ""Germany""], ""address"": """", ""country"": ""Germany"", ""description"": ""German manufacturer of cables and wires, Bayerische Kabelwerke AG.""}",2026-07-08 15:17:55.31467+00
9fde558f-8e3d-4824-83cd-8d6eeb19fbff,"{""city"": """", ""state"": """", ""labels"": [""Mounting/Tracker"", ""France"", ""Solar PV""], ""address"": """", ""country"": ""France"", ""description"": ""French supplier of solar panel mounting systems.""}",2026-07-08 15:17:55.31467+00
9fe1ad38-e806-452f-b15d-cea1fddc6858,"{""city"": ""Shenzhen"", ""state"": """", ""labels"": [""Battery/Storage"", ""China""], ""address"": """", ""country"": ""China"", ""description"": ""Shenzhen-based manufacturer of power/battery products, marketed via Dutch domain.""}",2026-07-08 15:17:55.31467+00
a011b676-311f-4162-810b-a1679cce1b2a,"{""city"": """", ""state"": """", ""labels"": [""Other"", ""Germany"", ""EV Charging""], ""address"": """", ""country"": ""Germany"", ""description"": ""German company, EVTEC GmbH, active in electric vehicle charging equipment.""}",2026-07-08 15:17:55.31467+00
a050357c-387d-4390-8f9d-c75b923ca18e,"{""city"": ""Zhoushan"", ""state"": """", ""labels"": [""Cable/BOS"", ""China""], ""address"": """", ""country"": ""China"", ""description"": ""Zhoushan-based electric component manufacturer, Formitek Electric.""}",2026-07-08 15:17:55.31467+00
a0840beb-17f0-4187-b3f4-c77f190f2221,"{""city"": """", ""state"": """", ""labels"": [""Metering/Monitoring"", ""Canada""], ""address"": """", ""country"": ""Canada"", ""description"": ""Canadian manufacturer of energy metering and monitoring devices.""}",2026-07-08 15:17:55.31467+00
a08e5a5f-4bbe-4c5e-8121-d5ee5aa6bd2b,"{""city"": """", ""state"": """", ""labels"": [""Other"", ""China"", ""EV Charging""], ""address"": """", ""country"": ""China"", ""description"": ""Chinese company, Teison Energy Technology, active in EV charging/energy products.""}",2026-07-08 15:17:55.31467+00
a0fcba70-a6cd-4353-871b-05cf01ef46f0,"{""city"": """", ""state"": """", ""labels"": [""Software"", ""Netherlands"", ""EV Charging""], ""address"": """", ""country"": ""Netherlands"", ""description"": ""Dutch software company providing smart EV charging solutions.""}",2026-07-08 15:17:55.31467+00
a1126d75-80b1-46b4-b961-275a45fd7c92,"{""city"": """", ""state"": """", ""labels"": [""Battery/Storage"", ""Germany""], ""address"": """", ""country"": ""Germany"", ""description"": ""German company, batterX GmbH, focused on battery storage solutions.""}",2026-07-08 15:17:55.31467+00
a13338a3-15dc-43ff-b3db-ac52e0609c0c,"{""city"": """", ""state"": """", ""labels"": [""Mounting/Tracker"", ""Denmark"", ""Solar PV""], ""address"": """", ""country"": ""Denmark"", ""description"": ""Danish supplier of solar panel mounting systems, Danpres A/S.""}",2026-07-08 15:17:55.31467+00
a1449cf8-b9f3-46b9-a6b5-cb0465b4c93c,"{""city"": """", ""state"": """", ""labels"": [""Battery/Storage"", ""China""], ""address"": """", ""country"": ""China"", ""description"": ""Chinese manufacturer, Moshell Group, producing batteries/power banks.""}",2026-07-08 15:17:55.31467+00
a1676897-0829-4dfa-afc0-caa67c35a81b,"{""city"": ""Hubei"", ""state"": """", ""labels"": [""Module Mfr"", ""China"", ""Solar PV""], ""address"": """", ""country"": ""China"", ""description"": ""Hubei-based Chinese new energy company, likely solar module manufacturing.""}",2026-07-08 15:17:55.31467+00
a16e7d03-56f1-4035-9ec5-7347e5e47736,"{""city"": """", ""state"": """", ""labels"": [""Battery/Storage"", ""China""], ""address"": """", ""country"": ""China"", ""description"": ""Chinese network technology company marketing power stations via German domain.""}",2026-07-08 15:17:55.31467+00
a1861c12-aa54-4656-9371-dadf00197e6a,"{""city"": ""Fujian"", ""state"": """", ""labels"": [""Other"", ""China""], ""address"": """", ""country"": ""China"", ""description"": ""Fujian-based Chinese electronic materials manufacturer.""}",2026-07-08 15:17:55.31467+00
a1ad146c-b34f-445f-9673-a4ff43503c90,"{""city"": ""Suzhou"", ""state"": """", ""labels"": [""Module Mfr"", ""China"", ""Solar PV""], ""address"": """", ""country"": ""China"", ""description"": ""Suzhou-based subsidiary of GCL, manufacturing solar module system integration products.""}",2026-07-08 15:17:55.31467+00
a1b33fd4-7cfe-444c-a6c1-b12974301ce4,"{""city"": """", ""state"": """", ""labels"": [""Other"", ""Bulgaria""], ""address"": """", ""country"": ""Bulgaria"", ""description"": ""Heavy industry group producing transformers, motors and electrical equipment.""}",2026-07-08 15:18:06.908266+00
a1e13df6-5721-4230-81df-457efd19228e,"{""city"": """", ""state"": """", ""labels"": [""EPC/Installer"", ""Germany"", ""Solar PV""], ""address"": """", ""country"": ""Germany"", ""description"": ""German solar PV installation and EPC company.""}",2026-07-08 15:18:06.908266+00
a209b7fd-9663-4fc8-afb0-3724fb0280f4,"{""city"": """", ""state"": """", ""labels"": [""Mounting/Tracker"", ""China"", ""Solar PV""], ""address"": """", ""country"": ""China"", ""description"": ""Chinese manufacturer of solar mounting and racking systems.""}",2026-07-08 15:18:06.908266+00
a2455607-0985-4ab4-8b6d-c88d912f9f95,"{""city"": """", ""state"": """", ""labels"": [""Software"", ""Turkey"", ""Grid""], ""address"": """", ""country"": ""Turkey"", ""description"": ""Turkish software provider for energy monitoring and smart grid management.""}",2026-07-08 15:18:06.908266+00
a246bce3-b54f-4511-bb2b-84ac606d0ed0,"{""city"": ""Hamburg"", ""state"": """", ""labels"": [""Other"", ""Germany""], ""address"": """", ""country"": ""Germany"", ""description"": ""German manufacturer of industrial enclosure cooling and climate control systems.""}",2026-07-08 15:18:06.908266+00
a273b044-53e6-44eb-bfcc-afe5c41f053c,"{""city"": """", ""state"": """", ""labels"": [""EPC/Installer"", ""Germany"", ""Solar PV""], ""address"": """", ""country"": ""Germany"", ""description"": ""German provider of PV installation and technical services.""}",2026-07-08 15:18:06.908266+00
a2854a10-db90-4b65-b938-6125f21bea66,"{""city"": ""Padua"", ""state"": ""Veneto"", ""labels"": [""Metering/Monitoring"", ""Italy""], ""address"": """", ""country"": ""Italy"", ""description"": ""Italian manufacturer of environmental monitoring and sensor equipment.""}",2026-07-08 15:18:06.908266+00
a2a6080e-2b67-496d-a444-97b7086c48cd,"{""city"": """", ""state"": """", ""labels"": [""Battery/Storage"", ""Germany""], ""address"": """", ""country"": ""Germany"", ""description"": ""German manufacturer of batteries and accumulator technology.""}",2026-07-08 15:18:06.908266+00
a2e65192-6fc4-4c25-b4e5-c3bb0e23334c,"{""city"": """", ""state"": """", ""labels"": [""Mounting/Tracker"", ""Turkey""], ""address"": """", ""country"": ""Turkey"", ""description"": ""Turkish galvanizing company producing steel structures for solar mounting.""}",2026-07-08 15:18:06.908266+00
a30815e9-f5af-4371-9f1b-1eba5f47656f,"{""city"": """", ""state"": """", ""labels"": [""Mounting/Tracker"", ""Poland"", ""Solar PV""], ""address"": """", ""country"": ""Poland"", ""description"": ""Polish manufacturer of solar mounting and carport structures.""}",2026-07-08 15:18:06.908266+00
a316cea8-67e6-4124-a443-5f06fe7feff6,"{""city"": ""Berlin"", ""state"": """", ""labels"": [""Association"", ""Germany"", ""Solar PV""], ""address"": """", ""country"": ""Germany"", ""description"": ""German federal solar industry association (BSW-Solar).""}",2026-07-08 15:18:06.908266+00
a33db62b-731d-46b6-ac23-53e36b578998,"{""city"": """", ""state"": """", ""labels"": [""Software"", ""Netherlands"", ""Grid""], ""address"": """", ""country"": ""Netherlands"", ""description"": ""Dutch company providing energy management and smart grid software.""}",2026-07-08 15:18:06.908266+00
a34b18df-5cac-43a2-b751-4321c83d92f2,"{""city"": ""Guangdong"", ""state"": """", ""labels"": [""Mounting/Tracker"", ""China"", ""Solar PV""], ""address"": """", ""country"": ""China"", ""description"": ""Chinese manufacturer of solar mounting systems.""}",2026-07-08 15:18:06.908266+00
a3513c67-1a56-40af-9fb0-f14d90e5c0f3,"{""city"": ""Zhejiang"", ""state"": """", ""labels"": [""Battery/Storage"", ""China""], ""address"": """", ""country"": ""China"", ""description"": ""Chinese manufacturer of energy storage system batteries.""}",2026-07-08 15:18:06.908266+00
a3840561-6a76-448d-8eb5-12c1c9d1dc16,"{""city"": """", ""state"": """", ""labels"": [""Module Mfr"", ""China"", ""Solar PV""], ""address"": """", ""country"": ""China"", ""description"": ""Chinese manufacturer of solar PV modules, part of CHINT group.""}",2026-07-08 15:18:06.908266+00
a3885b4f-9dfa-4b28-bf9b-f187a6bea5c1,"{""city"": """", ""state"": """", ""labels"": [""Developer/IPP"", ""Germany"", ""Solar PV""], ""address"": """", ""country"": ""Germany"", ""description"": ""German investment company developing renewable energy projects.""}",2026-07-08 15:18:06.908266+00
a38d90ec-6450-48aa-aa20-d18d06b3bbd0,"{""city"": ""Langfang"", ""state"": ""Hebei"", ""labels"": [""Mounting/Tracker"", ""China"", ""Solar PV""], ""address"": """", ""country"": ""China"", ""description"": ""Chinese new energy technology company producing solar structures.""}",2026-07-08 15:18:06.908266+00
a3a93146-5770-4c5e-aa89-65010f816cba,"{""city"": """", ""state"": """", ""labels"": [""Cable/BOS"", ""Germany""], ""address"": """", ""country"": ""Germany"", ""description"": ""German subsidiary of Prysmian producing cables and cable systems.""}",2026-07-08 15:18:06.908266+00
a3d00994-72de-49bd-9744-a8c8947cbd60,"{""city"": """", ""state"": """", ""labels"": [""Cable/BOS"", ""Switzerland""], ""address"": """", ""country"": ""Switzerland"", ""description"": ""Swiss manufacturer of cable and connector systems.""}",2026-07-08 15:18:06.908266+00
a3e025d0-08ca-462e-a0cd-842471320225,"{""city"": ""Milan"", ""state"": """", ""labels"": [""Testing/Certification"", ""Italy"", ""Grid""], ""address"": """", ""country"": ""Italy"", ""description"": ""Italian company providing testing, certification and consulting for power systems.""}",2026-07-08 15:18:06.908266+00
a426eb71-ddc3-4698-b3d2-d5637477f163,"{""city"": """", ""state"": """", ""labels"": [""Mounting/Tracker"", ""Germany"", ""Storage""], ""address"": """", ""country"": ""Germany"", ""description"": ""Manufacturer of screw foundation systems for BESS, skids and carports.""}",2026-07-08 15:18:06.908266+00
a442e129-39b1-4e11-b6a1-f1fd76066553,"{""city"": """", ""state"": """", ""labels"": [""Metering/Monitoring"", ""China""], ""address"": """", ""country"": ""China"", ""description"": ""Chinese sensor technology manufacturer.""}",2026-07-08 15:18:06.908266+00
a4520e0d-e49a-4f9a-9306-88abbdeb7fbf,"{""city"": ""Berlin"", ""state"": """", ""labels"": [""Battery/Storage"", ""Germany""], ""address"": """", ""country"": ""Germany"", ""description"": ""German manufacturer of industrial batteries.""}",2026-07-08 15:18:06.908266+00
a455fd2e-9eef-40f8-bb85-f0205ed79065,"{""city"": """", ""state"": """", ""labels"": [""Other"", """"], ""address"": """", ""country"": """", ""description"": ""Company with no available website or contact details for classification.""}",2026-07-08 15:18:06.908266+00
a497d0cc-079b-453e-add8-8042b96f0b44,"{""city"": """", ""state"": """", ""labels"": [""Metering/Monitoring"", ""Germany""], ""address"": """", ""country"": ""Germany"", ""description"": ""German manufacturer of electronic measurement technology instruments.""}",2026-07-08 15:18:06.908266+00
a4e04c6e-bf32-4fa9-8065-5b2a5581445b,"{""city"": ""Shenzhen"", ""state"": ""Guangdong"", ""labels"": [""Battery/Storage"", ""China""], ""address"": """", ""country"": ""China"", ""description"": ""Chinese manufacturer of power electronics and energy storage products.""}",2026-07-08 15:18:58.428845+00
a4e749d2-2daf-4b4f-9274-afff19e8892f,"{""city"": """", ""state"": """", ""labels"": [""Distributor"", ""China""], ""address"": """", ""country"": ""China"", ""description"": ""International trading company distributing energy and electronics products.""}",2026-07-08 15:18:58.428845+00
a5044813-732c-42b4-8bc5-41ae4c5544c0,"{""city"": """", ""state"": """", ""labels"": [""Metering/Monitoring"", ""Israel""], ""address"": """", ""country"": ""Israel"", ""description"": ""Provider of sensing and monitoring technology solutions.""}",2026-07-08 15:18:58.428845+00
a50efff4-7ce4-4246-a07a-0793531fec3f,"{""city"": ""Cologne"", ""state"": ""North Rhine-Westphalia"", ""labels"": [""Association"", ""Germany""], ""address"": """", ""country"": ""Germany"", ""description"": ""German statutory accident insurance and prevention association for energy, textile and electrical sectors.""}",2026-07-08 15:18:58.428845+00
a51274b1-16fd-4893-8eac-dcb796bb4f12,"{""city"": ""Ningbo"", ""state"": ""Zhejiang"", ""labels"": [""Cable/BOS"", ""China""], ""address"": """", ""country"": ""China"", ""description"": ""Chinese electronic components manufacturer supplying the energy industry.""}",2026-07-08 15:18:58.428845+00
a51a8706-6248-4ef9-9c28-7798e4c3450d,"{""city"": ""Munich"", ""state"": ""Bavaria"", ""labels"": [""Inverter Mfr"", ""Germany"", ""Solar PV""], ""address"": """", ""country"": ""Germany"", ""description"": ""German subsidiary of SolarEdge, maker of solar inverters and power optimizers.""}",2026-07-08 15:18:58.428845+00
a5373ad8-c510-4e38-b313-93a63c57e1ef,"{""city"": ""Suzhou"", ""state"": ""Jiangsu"", ""labels"": [""Cable/BOS"", ""China""], ""address"": """", ""country"": ""China"", ""description"": ""Chinese manufacturer of optical fiber and electric cables for energy infrastructure.""}",2026-07-08 15:18:58.428845+00
a5920417-9947-48a6-b179-6071032265d2,"{""city"": """", ""state"": """", ""labels"": [""Other"", ""Spain"", ""Solar PV""], ""address"": """", ""country"": ""Spain"", ""description"": ""Spanish supplier of bird protection systems for solar power plants.""}",2026-07-08 15:18:58.428845+00
a5b9377a-e7b3-4973-bc8e-2c90b784f3cc,"{""city"": """", ""state"": """", ""labels"": [""Module Mfr"", ""Greece"", ""Solar PV""], ""address"": """", ""country"": ""Greece"", ""description"": ""Greek manufacturer of solar photovoltaic modules.""}",2026-07-08 15:18:58.428845+00
a5d77dca-ccce-40f6-92e0-685813b8bb0c,"{""city"": ""Trappes"", ""state"": """", ""labels"": [""Metering/Monitoring"", ""France""], ""address"": """", ""country"": ""France"", ""description"": ""French provider of IoT M2M remote monitoring solutions for energy assets.""}",2026-07-08 15:18:58.428845+00
a5dc1e8b-2ba8-4f5c-be04-f3ba72c7d9d6,"{""city"": """", ""state"": """", ""labels"": [""Battery/Storage"", ""Switzerland""], ""address"": """", ""country"": ""Switzerland"", ""description"": ""Swiss company developing thermal energy storage technology.""}",2026-07-08 15:18:58.428845+00
a61d7693-6621-43f1-af1f-550926470abb,"{""city"": ""Daun"", ""state"": ""Rhineland-Palatinate"", ""labels"": [""Metering/Monitoring"", ""Germany""], ""address"": """", ""country"": ""Germany"", ""description"": ""German manufacturer of digital electronics including smart metering and satellite equipment.""}",2026-07-08 15:18:58.428845+00
a651e8fb-cfdf-458f-9125-fc88aab26181,"{""city"": ""Shenzhen"", ""state"": ""Guangdong"", ""labels"": [""Battery/Storage"", ""China""], ""address"": """", ""country"": ""China"", ""description"": ""Chinese manufacturer of portable power stations and batteries (Oukitel).""}",2026-07-08 15:18:58.428845+00
a6567d1a-7593-4409-802c-1430b6b940e7,"{""city"": """", ""state"": """", ""labels"": [""Other"", ""South Korea""], ""address"": """", ""country"": ""South Korea"", ""description"": ""South Korean company in the energy trading sector; limited public information.""}",2026-07-08 15:18:58.428845+00
a660caa3-d41f-45ed-baf9-b8fa72a32034,"{""city"": ""Shenzhen"", ""state"": ""Guangdong"", ""labels"": [""Inverter Mfr"", ""China""], ""address"": """", ""country"": ""China"", ""description"": ""Chinese manufacturer of inverters and power conversion equipment for EU market.""}",2026-07-08 15:18:58.428845+00
a66871b2-ceec-489a-bda5-477c5d90cb46,"{""city"": """", ""state"": """", ""labels"": [""Battery/Storage"", ""Switzerland""], ""address"": """", ""country"": ""Switzerland"", ""description"": ""Swiss/German company trading energy storage products.""}",2026-07-08 15:18:58.428845+00
a66eae8c-9165-41a5-a99b-80ad2b0445f3,"{""city"": """", ""state"": """", ""labels"": [""Battery/Storage"", ""Netherlands"", ""Solar PV""], ""address"": """", ""country"": ""Netherlands"", ""description"": ""Dutch entity of Sigenergy, maker of hybrid inverters and residential battery storage.""}",2026-07-08 15:18:58.428845+00
a6898208-9680-43a3-bd8b-073f95dc49df,"{""city"": ""Sofia"", ""state"": """", ""labels"": [""EPC/Installer"", ""Bulgaria""], ""address"": """", ""country"": ""Bulgaria"", ""description"": ""Bulgarian provider of telecom and energy infrastructure services.""}",2026-07-08 15:18:58.428845+00
a69f6e10-cb2b-417a-85e5-6180c9c6fd4d,"{""city"": """", ""state"": """", ""labels"": [""Developer/IPP"", ""Germany""], ""address"": """", ""country"": ""Germany"", ""description"": ""German developer of renewable energy projects.""}",2026-07-08 15:18:58.428845+00
a6cb7df6-ef35-447e-8c93-9eba7eebb1e5,"{""city"": ""Würzburg"", ""state"": ""Bavaria"", ""labels"": [""Utility"", ""Germany""], ""address"": """", ""country"": ""Germany"", ""description"": ""German municipal utility company providing energy services.""}",2026-07-08 15:18:58.428845+00
a6d90406-915b-4a30-82c7-76f677f7a786,"{""city"": """", ""state"": """", ""labels"": [""EPC/Installer"", ""Germany"", ""Solar PV""], ""address"": """", ""country"": ""Germany"", ""description"": ""German solar energy installation and services company.""}",2026-07-08 15:18:58.428845+00
a71d11de-cc46-48d6-bd2a-dee5f59754dd,"{""city"": ""Oslo"", ""state"": """", ""labels"": [""Developer/IPP"", ""Norway"", ""Utility-scale""], ""address"": """", ""country"": ""Norway"", ""description"": ""Norwegian renewable energy company operating hydropower, wind and solar plants.""}",2026-07-08 15:18:58.428845+00
a721f3ca-fb22-45c0-9df1-54818aa11a4a,"{""city"": """", ""state"": """", ""labels"": [""Battery/Storage"", ""China""], ""address"": """", ""country"": ""China"", ""description"": ""Chinese new energy company manufacturing batteries and related equipment.""}",2026-07-08 15:18:58.428845+00
a72ad6e8-6e16-4e7e-b63f-7fa28f8e4c6c,"{""city"": """", ""state"": """", ""labels"": [""Mounting/Tracker"", ""China"", ""Solar PV""], ""address"": """", ""country"": ""China"", ""description"": ""Chinese manufacturer of aluminum solar panel frames.""}",2026-07-08 15:18:58.428845+00
a73fb42c-f439-4c83-8739-f101e2ec3427,"{""city"": ""Lugo"", ""state"": ""Galicia"", ""labels"": [""Inverter Mfr"", ""Spain"", ""Wind""], ""address"": """", ""country"": ""Spain"", ""description"": ""Spanish power electronics division of Norvento, a renewable energy technology group.""}",2026-07-08 15:18:58.428845+00
a7565e35-ac9d-41ed-ae6d-bf8b5fe6b155,"{""city"": """", ""state"": """", ""labels"": [""Other"", ""Germany""], ""address"": """", ""country"": ""Germany"", ""description"": ""German-language e-mobility and electric vehicle magazine publisher.""}",2026-07-08 15:19:00.435232+00
a75ff1d2-4f35-410a-a62c-064eaefb48cc,"{""city"": ""Shenzhen"", ""state"": ""Guangdong"", ""labels"": [""Battery/Storage"", ""China"", ""Storage""], ""address"": """", ""country"": ""China"", ""description"": ""Manufactures lithium battery packs for energy storage applications.""}",2026-07-08 15:19:00.435232+00
a7809a6e-09af-428a-b6cd-f660956d9981,"{""city"": """", ""state"": ""Guangdong"", ""labels"": [""Battery/Storage"", ""China"", ""Storage""], ""address"": """", ""country"": ""China"", ""description"": ""Manufactures lithium battery cells and packs.""}",2026-07-08 15:19:00.435232+00
a7d4a3fd-3850-4025-ac68-0cbfb52fd232,"{""city"": """", ""state"": """", ""labels"": [""Other"", ""Italy"", ""Solar PV""], ""address"": """", ""country"": ""Italy"", ""description"": ""Manufactures automated production equipment and machinery for solar module assembly lines.""}",2026-07-08 15:19:00.435232+00
a7fcfe16-5bd2-49fe-b0dc-ddcb3985a37a,"{""city"": """", ""state"": """", ""labels"": [""Other"", ""Turkey""], ""address"": """", ""country"": ""Turkey"", ""description"": ""Air and sea freight logistics and cargo transportation company.""}",2026-07-08 15:19:00.435232+00
a811f6f6-99f5-41eb-a5f7-b449643e80d6,"{""city"": ""Baar"", ""state"": """", ""labels"": [""Other"", ""Switzerland"", ""Solar PV""], ""address"": """", ""country"": ""Switzerland"", ""description"": ""Global construction chemicals company offering roofing systems including solar roof solutions.""}",2026-07-08 15:19:00.435232+00
a816ae2c-2fde-4c63-887a-438f4ae535d0,"{""city"": """", ""state"": ""Jiangsu"", ""labels"": [""Module Mfr"", ""China"", ""Solar PV""], ""address"": """", ""country"": ""China"", ""description"": ""Manufactures photovoltaic solar modules.""}",2026-07-08 15:19:00.435232+00
a85a80b4-e2ba-4688-955b-511a9adbfdbd,"{""city"": """", ""state"": """", ""labels"": [""Mounting/Tracker"", ""Germany"", ""Solar PV""], ""address"": """", ""country"": ""Germany"", ""description"": ""Manufactures mounting and racking systems for solar PV installations.""}",2026-07-08 15:19:00.435232+00
a86f7f9b-565f-48c3-85b9-62c4f5a2117f,"{""city"": """", ""state"": """", ""labels"": [""Software"", ""India"", ""Solar PV""], ""address"": """", ""country"": ""India"", ""description"": ""Provides CAD design and engineering services for solar projects.""}",2026-07-08 15:19:00.435232+00
a8889f3b-2d60-4d83-9adf-e7c1591850dc,"{""city"": """", ""state"": """", ""labels"": [""Distributor"", ""United Kingdom"", ""Solar PV""], ""address"": """", ""country"": ""United Kingdom"", ""description"": ""Online marketplace and directory connecting buyers with solar equipment suppliers.""}",2026-07-08 15:19:00.435232+00
a88da763-a7b0-4300-b7c0-fd51b3a44d42,"{""city"": """", ""state"": ""Zhejiang"", ""labels"": [""Mounting/Tracker"", ""China""], ""address"": """", ""country"": ""China"", ""description"": ""Develops intelligent tracker drive systems and automation technology.""}",2026-07-08 15:19:00.435232+00
a8d555e3-b09d-472e-b0d8-f5a7a1c55093,"{""city"": """", ""state"": """", ""labels"": [""Other"", ""Bulgaria""], ""address"": """", ""country"": ""Bulgaria"", ""description"": ""Manufactures power supply and power electronics equipment.""}",2026-07-08 15:19:00.435232+00
a8eee05a-a746-41ad-bb3a-1a022009e81b,"{""city"": ""Berlin"", ""state"": """", ""labels"": [""Software"", ""Germany"", ""EV Charging""], ""address"": """", ""country"": ""Germany"", ""description"": ""Operates a global roaming platform connecting EV charging networks.""}",2026-07-08 15:19:00.435232+00
a9075e99-a89f-48de-a5aa-3d48a5d76e1b,"{""city"": """", ""state"": """", ""labels"": [""Other"", ""Germany""], ""address"": """", ""country"": ""Germany"", ""description"": ""Provides digital energy and electronic display/labeling technology solutions.""}",2026-07-08 15:19:00.435232+00
a90c01a7-ad91-4aa2-ab68-c8bf55159c6f,"{""city"": """", ""state"": """", ""labels"": [""Software"", ""Germany""], ""address"": """", ""country"": ""Germany"", ""description"": ""Technology company offering digital software solutions.""}",2026-07-08 15:19:00.435232+00
a913cc4e-2a7d-476b-96ac-728794e12894,"{""city"": """", ""state"": """", ""labels"": [""Financing"", ""Spain""], ""address"": """", ""country"": ""Spain"", ""description"": ""Provides financial services related to invoice factoring.""}",2026-07-08 15:19:00.435232+00
a916f8a2-9e4b-4ba3-b328-8f61f896d995,"{""city"": ""Suzhou"", ""state"": ""Jiangsu"", ""labels"": [""Distributor"", ""China""], ""address"": """", ""country"": ""China"", ""description"": ""International trading company exporting industrial and electronics products.""}",2026-07-08 15:19:00.435232+00
a929471b-fd39-4592-a24e-e36b823b25d4,"{""city"": ""Wuppertal"", ""state"": """", ""labels"": [""Other"", ""Germany""], ""address"": """", ""country"": ""Germany"", ""description"": ""Manufactures precision hand tools including pliers used in electrical/solar installation.""}",2026-07-08 15:19:00.435232+00
a92f83ca-df76-4c7d-aac5-eb8a9374bbe0,"{""city"": """", ""state"": """", ""labels"": [""Other"", ""Germany""], ""address"": """", ""country"": ""Germany"", ""description"": ""Electronics manufacturing and engineering company.""}",2026-07-08 15:19:00.435232+00
a94e5f17-2917-4f58-a611-4579b4bf77d9,"{""city"": """", ""state"": """", ""labels"": [""Distributor"", ""Taiwan"", ""Solar PV""], ""address"": """", ""country"": ""Taiwan"", ""description"": ""Distributes German solar PV products and technology in Asia.""}",2026-07-08 15:19:00.435232+00
a980ef0f-f06f-4d2b-915e-dfa4ab21ec63,"{""city"": """", ""state"": """", ""labels"": [""Other"", ""Germany""], ""address"": """", ""country"": ""Germany"", ""description"": ""Provides laser marking and laser processing technology equipment.""}",2026-07-08 15:19:00.435232+00
a99e1406-b1db-4ddc-9228-31a75ded7dbd,"{""city"": """", ""state"": """", ""labels"": [""Software"", ""Bulgaria""], ""address"": """", ""country"": ""Bulgaria"", ""description"": ""Technology company providing software solutions.""}",2026-07-08 15:19:00.435232+00
a9a472fe-23fe-44ff-bc27-cb2be00a2ba1,"{""city"": """", ""state"": """", ""labels"": [""Distributor"", ""Romania""], ""address"": """", ""country"": ""Romania"", ""description"": ""Distributes electrical and technical equipment in Romania.""}",2026-07-08 15:19:00.435232+00
a9b2e7e7-befb-4ab8-a6c9-9909748960c9,"{""city"": """", ""state"": """", ""labels"": [""Battery/Storage"", ""Germany"", ""Storage""], ""address"": """", ""country"": ""Germany"", ""description"": ""Focuses on circular economy solutions and second-life battery recycling.""}",2026-07-08 15:19:00.435232+00
a9e09891-8673-4378-8c9e-765e848e4677,"{""city"": ""Dresden"", ""state"": ""Saxony"", ""labels"": [""Association"", ""Germany""], ""address"": """", ""country"": ""Germany"", ""description"": ""Regional economic development agency promoting investment in Saxony, Germany.""}",2026-07-08 15:19:00.435232+00
aa053f3d-fe30-446c-a851-076cc205111e,"{""city"": """", ""state"": """", ""labels"": [""Inverter Mfr"", ""Germany""], ""address"": """", ""country"": ""Germany"", ""description"": ""Manufactures power electronics, drives and heat exchangers including solar inverters.""}",2026-07-08 15:19:48.747928+00
aa063241-ccfd-4ebc-9e34-14c99af0bcf9,"{""city"": """", ""state"": """", ""labels"": [""Association"", ""Italy""], ""address"": """", ""country"": ""Italy"", ""description"": ""Organizes the KEY energy transition trade expo.""}",2026-07-08 15:19:48.747928+00
aa103db6-284f-48eb-b423-4d4d06022099,"{""city"": """", ""state"": """", ""labels"": [""Other"", ""Turkey"", ""EV Charging""], ""address"": """", ""country"": ""Turkey"", ""description"": ""Manufactures EV charging cables and connectors.""}",2026-07-08 15:19:48.747928+00
aa16cc6f-e877-418e-aa45-d7d69b227edf,"{""city"": """", ""state"": """", ""labels"": [""Software"", ""Germany"", ""Grid""], ""address"": """", ""country"": ""Germany"", ""description"": ""Provides energy management and grid technology software.""}",2026-07-08 15:19:48.747928+00
aa58996c-f801-44d8-be43-d2583ec970c0,"{""city"": """", ""state"": """", ""labels"": [""EPC/Installer"", ""Germany"", ""Grid""], ""address"": """", ""country"": ""Germany"", ""description"": ""Provides grid connection services for renewable energy plants.""}",2026-07-08 15:19:48.747928+00
aa7d2597-80ca-4d33-897e-3ef5f153fdba,"{""city"": """", ""state"": """", ""labels"": [""EPC/Installer"", ""Germany"", ""Solar PV""], ""address"": """", ""country"": ""Germany"", ""description"": ""Solar installation and EPC services provider.""}",2026-07-08 15:19:48.747928+00
aa871fa1-14a4-496c-9d6d-c5ff0d16fc1a,"{""city"": """", ""state"": """", ""labels"": [""Other"", ""Netherlands"", ""EV Charging""], ""address"": """", ""country"": ""Netherlands"", ""description"": ""Provides payment terminals for EV charging stations.""}",2026-07-08 15:19:48.747928+00
aa9194fc-a773-428e-930b-2dda9c17f31e,"{""city"": ""Chengdu"", ""state"": """", ""labels"": [""Metering/Monitoring"", ""China""], ""address"": """", ""country"": ""China"", ""description"": ""Manufactures smart metering and energy monitoring technology.""}",2026-07-08 15:19:48.747928+00
aa95691c-de6e-4707-aa5d-b962b1e9f1c6,"{""city"": """", ""state"": """", ""labels"": [""Mounting/Tracker"", ""China"", ""Utility-scale""], ""address"": """", ""country"": ""China"", ""description"": ""Manufactures solar tracker and mounting systems.""}",2026-07-08 15:19:48.747928+00
aac7234d-fa70-40a1-9dbb-a59b9a34965f,"{""city"": ""Shenzhen"", ""state"": """", ""labels"": [""Other"", ""China""], ""address"": """", ""country"": ""China"", ""description"": ""Shenzhen-based energy technology company.""}",2026-07-08 15:19:48.747928+00
aad1731f-10e0-4d6c-af1f-9f99ee97a0b7,"{""city"": """", ""state"": """", ""labels"": [""EPC/Installer"", ""Germany"", ""Solar PV""], ""address"": """", ""country"": ""Germany"", ""description"": ""Provides operation and maintenance services for renewable energy plants.""}",2026-07-08 15:19:48.747928+00
aadb3e68-6257-4e47-b36d-6caa5f7e0dbb,"{""city"": """", ""state"": """", ""labels"": [""Other"", ""South Korea""], ""address"": """", ""country"": ""South Korea"", ""description"": ""South Korean energy company.""}",2026-07-08 15:19:48.747928+00
aae25e84-a422-4d6c-9758-e33b980adb61,"{""city"": """", ""state"": """", ""labels"": [""Cable/BOS"", ""Germany""], ""address"": """", ""country"": ""Germany"", ""description"": ""Manufactures surge protection devices and electronic components.""}",2026-07-08 15:19:48.747928+00
aaeeedc3-0091-4b67-84c4-d705f87d2d9a,"{""city"": """", ""state"": """", ""labels"": [""Cable/BOS"", ""China""], ""address"": """", ""country"": ""China"", ""description"": ""Manufactures power cables.""}",2026-07-08 15:19:48.747928+00
aafa1f84-e3fe-44a8-ae27-9cc1fdb9aca4,"{""city"": """", ""state"": """", ""labels"": [""EPC/Installer"", ""Austria"", ""Solar PV""], ""address"": """", ""country"": ""Austria"", ""description"": ""Provides solar engineering and EPC services.""}",2026-07-08 15:19:48.747928+00
ab0117e4-dcbb-4759-8d6f-7cad4600e2d5,"{""city"": """", ""state"": """", ""labels"": [""Other"", ""Germany"", ""EV Charging""], ""address"": """", ""country"": ""Germany"", ""description"": ""Provides EV charging infrastructure solutions.""}",2026-07-08 15:19:48.747928+00
ab029ea7-4d5e-401c-b924-d155853a8e48,"{""city"": """", ""state"": """", ""labels"": [""Battery/Storage"", ""China""], ""address"": """", ""country"": ""China"", ""description"": ""Manufactures energy storage battery systems.""}",2026-07-08 15:19:48.747928+00
ab394d69-18e7-4a8b-9fb5-a9ee614605a5,"{""city"": """", ""state"": """", ""labels"": [""Inverter Mfr"", ""Germany""], ""address"": """", ""country"": ""Germany"", ""description"": ""Manufactures power electronics and inverters.""}",2026-07-08 15:19:48.747928+00
ab413ec3-cff0-4f6e-801b-58b817553e1c,"{""city"": """", ""state"": """", ""labels"": [""Cable/BOS"", ""India""], ""address"": """", ""country"": ""India"", ""description"": ""Manufactures e-beam cross-linked cables.""}",2026-07-08 15:19:48.747928+00
ab4581cc-77af-4714-9b69-d5c76ed49225,"{""city"": ""Suzhou"", ""state"": """", ""labels"": [""Cable/BOS"", ""China""], ""address"": """", ""country"": ""China"", ""description"": ""Manufactures electrical cables.""}",2026-07-08 15:19:48.747928+00
ab4a912d-839d-44b5-b8d9-4e41b7fd114f,"{""city"": """", ""state"": """", ""labels"": [""Cable/BOS"", ""Germany""], ""address"": """", ""country"": ""Germany"", ""description"": ""Manufactures electronic connectors and components.""}",2026-07-08 15:19:48.747928+00
ab618c16-8aec-4605-bc6d-e7a411065a2d,"{""city"": """", ""state"": """", ""labels"": [""Software"", ""Germany"", ""EV Charging""], ""address"": """", ""country"": ""Germany"", ""description"": ""Provides digital EV charging software solutions.""}",2026-07-08 15:19:48.747928+00
ab6dbee7-db77-4bb7-a1e4-5791b0c5d486,"{""city"": """", ""state"": """", ""labels"": [""EPC/Installer"", ""Poland"", ""Solar PV""], ""address"": """", ""country"": ""Poland"", ""description"": ""Provides solar energy installation and services.""}",2026-07-08 15:19:48.747928+00
ab8c078d-13cc-4e68-bee5-5889e425b04d,"{""city"": """", ""state"": """", ""labels"": [""Other"", ""Germany"", ""EV Charging""], ""address"": """", ""country"": ""Germany"", ""description"": ""Provides EV charging solutions.""}",2026-07-08 15:19:48.747928+00
ab8e444b-b7e9-4cbd-9ca5-2c5a44f62570,"{""city"": """", ""state"": """", ""labels"": [""Battery/Storage"", ""United States"", ""EV Charging""], ""address"": """", ""country"": ""United States"", ""description"": ""Manufactures battery thermal management systems for energy storage.""}",2026-07-08 15:19:48.747928+00
ab923fa0-4330-4910-8c96-747cb8246a8d,"{""city"": ""Yizheng"", ""state"": ""Jiangsu"", ""labels"": [""Cable/BOS"", ""China""], ""address"": """", ""country"": ""China"", ""description"": ""Chinese manufacturer of cables and electrical components for energy systems.""}",2026-07-08 15:19:49.302305+00
aba0b356-6ddd-40ae-bae6-1a8a3990802b,"{""city"": """", ""state"": """", ""labels"": [""Software"", ""Germany"", ""Solar PV""], ""address"": """", ""country"": ""Germany"", ""description"": ""German provider of PV asset and portfolio management software.""}",2026-07-08 15:19:49.302305+00
abaf2eda-1ffd-492a-a409-8733917c9064,"{""city"": """", ""state"": """", ""labels"": [""Battery/Storage"", ""Estonia""], ""address"": """", ""country"": ""Estonia"", ""description"": ""Estonian company developing battery/energy storage technology.""}",2026-07-08 15:19:49.302305+00
abb9df93-e6d7-4212-a8c6-4e966ec7ce9c,"{""city"": """", ""state"": """", ""labels"": [""Module Mfr"", ""Norway"", ""Solar PV""], ""address"": """", ""country"": ""Norway"", ""description"": ""Norwegian manufacturer of floating solar PV module systems.""}",2026-07-08 15:19:49.302305+00
abc1dd0b-f75a-452d-b9bd-e24e0fc73ed5,"{""city"": """", ""state"": ""Asturias"", ""labels"": [""Association"", ""Spain""], ""address"": """", ""country"": ""Spain"", ""description"": ""Regional trade and investment promotion agency for Asturias, Spain.""}",2026-07-08 15:19:49.302305+00
abc82ceb-125b-4096-98c8-1fddf597551c,"{""city"": """", ""state"": ""Zhejiang"", ""labels"": [""Cable/BOS"", ""China""], ""address"": """", ""country"": ""China"", ""description"": ""Chinese manufacturer of electrical cables including solar cable products.""}",2026-07-08 15:19:49.302305+00
abe98e7a-eb19-4787-814b-97bad81b3b2f,"{""city"": ""Shenzhen"", ""state"": ""Guangdong"", ""labels"": [""Inverter Mfr"", ""China"", ""Solar PV""], ""address"": """", ""country"": ""China"", ""description"": ""Chinese manufacturer of solar inverters and new energy power products.""}",2026-07-08 15:19:49.302305+00
abed44ce-c1cf-4bee-bf34-02a0fc4be0cf,"{""city"": ""Aachen"", ""state"": ""North Rhine-Westphalia"", ""labels"": [""Software"", ""Germany"", ""Storage""], ""address"": """", ""country"": ""Germany"", ""description"": ""German provider of battery analytics and intelligence software.""}",2026-07-08 15:19:49.302305+00
ac1ecf02-3569-41b3-9ec2-a27927ca05d0,"{""city"": ""Changzhou"", ""state"": ""Jiangsu"", ""labels"": [""Mounting/Tracker"", ""China""], ""address"": """", ""country"": ""China"", ""description"": ""Chinese manufacturer of drive equipment for solar tracker systems.""}",2026-07-08 15:19:49.302305+00
ac3c1c67-0f34-4efd-8b16-6e98a763b6ba,"{""city"": """", ""state"": """", ""labels"": [""Association"", ""Germany"", ""Storage""], ""address"": """", ""country"": ""Germany"", ""description"": ""Energy storage industry challenge/event program.""}",2026-07-08 15:19:49.302305+00
ac49c9a8-1eb7-4c52-83ba-42815ab47017,"{""city"": ""Huizhou"", ""state"": ""Guangdong"", ""labels"": [""Battery/Storage"", ""China""], ""address"": """", ""country"": ""China"", ""description"": ""Chinese manufacturer of lithium batteries for energy storage and EV applications.""}",2026-07-08 15:19:49.302305+00
ac51ddbd-2fbf-4ad1-b46f-00c695bf64fc,"{""city"": """", ""state"": """", ""labels"": [""Cable/BOS"", ""China"", ""EV Charging""], ""address"": """", ""country"": ""China"", ""description"": ""Chinese manufacturer of electrical connectors and cable products.""}",2026-07-08 15:19:49.302305+00
ac8979df-b246-4a76-ad34-b118fe972fd1,"{""city"": """", ""state"": """", ""labels"": [""Testing/Certification"", ""China""], ""address"": """", ""country"": ""China"", ""description"": ""Chinese manufacturer of relay testing and protection equipment.""}",2026-07-08 15:19:49.302305+00
acbf65d2-3f3c-449b-a575-e60c9c0be5d3,"{""city"": ""Paris"", ""state"": """", ""labels"": [""Other"", ""France"", ""EV Charging""], ""address"": """", ""country"": ""France"", ""description"": ""French automotive technology supplier with electrification and mobility products.""}",2026-07-08 15:19:49.302305+00
acbf7014-c593-4373-a141-5e4b59ddc5f0,"{""city"": """", ""state"": """", ""labels"": [""Metering/Monitoring"", ""Sweden""], ""address"": """", ""country"": ""Sweden"", ""description"": ""Swedish subsidiary of Secure Meters, supplying energy metering solutions.""}",2026-07-08 15:19:49.302305+00
acca3819-379c-4022-a094-9ae45e966219,"{""city"": ""Munich"", ""state"": ""Bavaria"", ""labels"": [""Software"", ""Germany"", ""EV Charging""], ""address"": """", ""country"": ""Germany"", ""description"": ""German provider of EV charging management software.""}",2026-07-08 15:19:49.302305+00
acd4e249-6fc5-4937-994a-7023874a9576,"{""city"": ""Shenzhen"", ""state"": ""Guangdong"", ""labels"": [""Cable/BOS"", ""China"", ""EV Charging""], ""address"": """", ""country"": ""China"", ""description"": ""Chinese manufacturer of new energy cables and EV charging cable products.""}",2026-07-08 15:19:49.302305+00
acfac345-bae1-467d-8f26-24491bc4b53f,"{""city"": """", ""state"": """", ""labels"": [""Software"", ""Germany""], ""address"": """", ""country"": ""Germany"", ""description"": ""German provider of energy management software and services.""}",2026-07-08 15:19:49.302305+00
ad0d8df1-918e-49fd-bcad-0badc5c26001,"{""city"": """", ""state"": """", ""labels"": [""Battery/Storage"", ""China"", ""Residential""], ""address"": """", ""country"": ""China"", ""description"": ""Residential energy storage product line (EP Cube) from Canadian Solar.""}",2026-07-08 15:19:49.302305+00
ad24a2e4-0222-4ba3-b62e-0f96badbd8c3,"{""city"": """", ""state"": ""Zhejiang"", ""labels"": [""Cable/BOS"", ""China"", ""Solar PV""], ""address"": """", ""country"": ""China"", ""description"": ""Chinese manufacturer of solar connectors and electrical components.""}",2026-07-08 15:19:49.302305+00
ad64d34d-9f00-47a9-894a-bb10ebd16d87,"{""city"": """", ""state"": """", ""labels"": [""Cable/BOS"", ""Germany""], ""address"": """", ""country"": ""Germany"", ""description"": ""German electrical engineering company for power switchgear and energy technology.""}",2026-07-08 15:19:49.302305+00
ad7d2906-0c41-4de0-9934-8e560b6b2b56,"{""city"": """", ""state"": """", ""labels"": [""Software"", ""Germany"", ""EV Charging""], ""address"": """", ""country"": ""Germany"", ""description"": ""German service provider for e-mobility and charging infrastructure solutions.""}",2026-07-08 15:19:49.302305+00
adaa5738-6bc2-48e4-aea3-3deb9f4a936f,"{""city"": ""Hangzhou"", ""state"": ""Zhejiang"", ""labels"": [""Metering/Monitoring"", ""China""], ""address"": """", ""country"": ""China"", ""description"": ""Chinese trading company supplying energy monitoring hardware.""}",2026-07-08 15:19:49.302305+00
adb7a6b2-711b-4410-878c-74fe1c3c02e0,"{""city"": """", ""state"": """", ""labels"": [""Association"", ""Germany"", ""Storage""], ""address"": """", ""country"": ""Germany"", ""description"": ""Trade fair and conference dedicated to the energy storage industry.""}",2026-07-08 15:19:49.302305+00
adbd1c9d-41db-4b75-bcd5-9ddc5af2b242,"{""city"": """", ""state"": """", ""labels"": [""Software"", ""Spain""], ""address"": """", ""country"": ""Spain"", ""description"": ""Spanish provider of energy intelligence and monitoring software.""}",2026-07-08 15:19:49.302305+00
b5edd2f1-069e-4769-9029-b5ee08c88d0d,"{""city"": """", ""state"": """", ""labels"": [""Other"", ""Finland""], ""address"": """", ""country"": ""Finland"", ""description"": ""Finnish electrical/energy technology company.""}",2026-07-08 15:21:39.891415+00
b0b88a06-19e7-4b36-8bae-372dd74bacd5,"{""city"": ""Vilnius"", ""state"": """", ""labels"": [""Module Mfr"", ""Lithuania"", ""Solar PV""], ""address"": """", ""country"": ""Lithuania"", ""description"": ""Lithuanian manufacturer of photovoltaic solar modules.""}",2026-07-08 15:20:44.930409+00
b0c638a7-b198-4074-9d59-952446588b58,"{""city"": """", ""state"": """", ""labels"": [""Consultancy"", ""Germany"", ""Storage""], ""address"": """", ""country"": ""Germany"", ""description"": ""German consultancy focused on battery storage strategy and business development.""}",2026-07-08 15:20:44.930409+00
b0c9f974-830f-4008-8547-8adb8c36318e,"{""city"": """", ""state"": """", ""labels"": [""Other"", ""Germany""], ""address"": """", ""country"": ""Germany"", ""description"": ""German industrial automation and engineering firm providing test and manufacturing systems.""}",2026-07-08 15:20:44.930409+00
b0d4dbc4-adad-4941-8911-529c2a5a32d5,"{""city"": """", ""state"": """", ""labels"": [""Mounting/Tracker"", ""Germany"", ""Solar PV""], ""address"": """", ""country"": ""Germany"", ""description"": ""German maker of grating and mounting structures for solar installations.""}",2026-07-08 15:20:44.930409+00
b0d9eb37-bf9e-4798-98c4-cb13bacd7fb2,"{""city"": """", ""state"": """", ""labels"": [""Metering/Monitoring"", ""Germany"", ""EV Charging""], ""address"": """", ""country"": ""Germany"", ""description"": ""German maker of fuel dispensing and EV charging metering technology.""}",2026-07-08 15:20:44.930409+00
b0eff235-f1e9-489c-b5bd-c7bd89b145c5,"{""city"": """", ""state"": """", ""labels"": [""Mounting/Tracker"", ""Belgium"", ""Utility-scale""], ""address"": """", ""country"": ""Belgium"", ""description"": ""Belgian supplier of ground-mounted solar racking systems.""}",2026-07-08 15:20:44.930409+00
b124c8df-62d5-4609-a3d4-947b44a2c525,"{""city"": ""Shenzhen"", ""state"": """", ""labels"": [""Battery/Storage"", ""China"", ""Residential""], ""address"": """", ""country"": ""China"", ""description"": ""Chinese manufacturer of portable and home battery energy storage systems.""}",2026-07-08 15:20:44.930409+00
b133cf31-0e83-4c1a-bbfe-9f374665d6ac,"{""city"": """", ""state"": """", ""labels"": [""Cable/BOS"", ""Turkey""], ""address"": """", ""country"": ""Turkey"", ""description"": ""Turkish manufacturer of transformers and electrical equipment.""}",2026-07-08 15:20:44.930409+00
b14907c2-9758-4cbc-8ce5-1cca6026a462,"{""city"": ""Xiamen"", ""state"": """", ""labels"": [""Mounting/Tracker"", ""China"", ""Solar PV""], ""address"": """", ""country"": ""China"", ""description"": ""Chinese manufacturer of solar mounting and tracking systems.""}",2026-07-08 15:20:44.930409+00
b161a18e-309d-4184-be6d-765fac88dfbf,"{""city"": ""Shenzhen"", ""state"": """", ""labels"": [""Cable/BOS"", ""China"", ""Solar PV""], ""address"": """", ""country"": ""China"", ""description"": ""Chinese manufacturer of connectors and balance-of-system components for solar.""}",2026-07-08 15:20:44.930409+00
b167e8ec-41d7-43c5-a76e-8a8e86a337d9,"{""city"": """", ""state"": """", ""labels"": [""Mounting/Tracker"", ""France"", ""Utility-scale""], ""address"": """", ""country"": ""France"", ""description"": ""French provider of solar tracking and mounting solutions.""}",2026-07-08 15:20:44.930409+00
b1935a91-cd09-4479-91c9-ad9af21f8563,"{""city"": """", ""state"": """", ""labels"": [""Testing/Certification"", ""Germany""], ""address"": """", ""country"": ""Germany"", ""description"": ""Testing, inspection and certification services for solar and energy products.""}",2026-07-08 15:20:44.930409+00
b1a59227-f802-4eff-88c8-085234ed81e1,"{""city"": """", ""state"": """", ""labels"": [""Mounting/Tracker"", ""Germany""], ""address"": """", ""country"": ""Germany"", ""description"": ""German manufacturer of pile-driving machines used for solar and construction foundations.""}",2026-07-08 15:20:44.930409+00
b1b04497-4850-419b-8201-7bc0127dc35a,"{""city"": """", ""state"": """", ""labels"": [""Inverter Mfr"", ""Netherlands"", ""Storage""], ""address"": """", ""country"": ""Netherlands"", ""description"": ""Netherlands-based supplier of inverters and energy storage power equipment.""}",2026-07-08 15:20:44.930409+00
b1c0104e-bae3-4fcf-81d4-06330475654f,"{""city"": """", ""state"": """", ""labels"": [""Cell/Wafer Mfr"", ""China"", ""Solar PV""], ""address"": """", ""country"": ""China"", ""description"": ""Chinese manufacturer of solar cells and wafers.""}",2026-07-08 15:20:44.930409+00
b1c965f6-84db-42ab-9bf4-a559d64d8d4b,"{""city"": """", ""state"": """", ""labels"": [""EPC/Installer"", ""Germany"", ""EV Charging""], ""address"": """", ""country"": ""Germany"", ""description"": ""German provider of EV charging infrastructure and mobility services.""}",2026-07-08 15:20:44.930409+00
b1cf880d-41a8-430a-ae30-8dabc0b0732c,"{""city"": """", ""state"": """", ""labels"": [""Other"", ""Germany"", ""Solar PV""], ""address"": """", ""country"": ""Germany"", ""description"": ""German publisher of solar and clean energy industry news and market intelligence.""}",2026-07-08 15:20:44.930409+00
b1d017c6-1542-4173-9be9-1ddb249443e3,"{""city"": """", ""state"": """", ""labels"": [""Utility"", ""Germany""], ""address"": """", ""country"": ""Germany"", ""description"": ""German utility services provider for energy metering and grid operations.""}",2026-07-08 15:20:44.930409+00
b1f0c55a-b549-4950-8915-7d4ab241cfd2,"{""city"": """", ""state"": """", ""labels"": [""Battery/Storage"", ""Israel""], ""address"": """", ""country"": ""Israel"", ""description"": ""Manufacturer of lithium battery cells and energy storage technology.""}",2026-07-08 15:20:44.930409+00
b21fb2b1-c5bc-45ec-a00f-654096fd652b,"{""city"": """", ""state"": """", ""labels"": [""Other"", ""Germany""], ""address"": """", ""country"": ""Germany"", ""description"": ""German manufacturer of fall protection and roof safety systems for rooftop solar work.""}",2026-07-08 15:20:44.930409+00
b22d14db-2f0a-4b4b-9946-24a79ed69e46,"{""city"": """", ""state"": """", ""labels"": [""Software"", ""Spain""], ""address"": """", ""country"": ""Spain"", ""description"": ""Spanish provider of energy trading and management software solutions.""}",2026-07-08 15:20:44.930409+00
b24147b7-5be0-4976-9bd4-0929ff22114e,"{""city"": """", ""state"": """", ""labels"": [""Battery/Storage"", ""China""], ""address"": """", ""country"": ""China"", ""description"": ""Chinese manufacturer of energy storage battery systems.""}",2026-07-08 15:20:44.930409+00
b25d7fe7-04b4-486e-b2a2-05c41c4a53bf,"{""city"": """", ""state"": """", ""labels"": [""Mounting/Tracker"", ""Portugal"", ""Solar PV""], ""address"": """", ""country"": ""Portugal"", ""description"": ""Portuguese manufacturer of solar mounting structures.""}",2026-07-08 15:20:44.930409+00
b2749035-0c80-487f-b227-8ae9684caf51,"{""city"": """", ""state"": """", ""labels"": [""Software"", ""Germany"", ""Grid""], ""address"": """", ""country"": ""Germany"", ""description"": ""German provider of energy management and smart building automation software.""}",2026-07-08 15:20:44.930409+00
b2930bbe-08f6-4870-9c12-20b519d74bcc,"{""city"": """", ""state"": """", ""labels"": [""Other"", ""Turkey"", ""Solar PV""], ""address"": """", ""country"": ""Turkey"", ""description"": ""Turkish maker of robotic cleaning systems for solar panels.""}",2026-07-08 15:20:44.930409+00
adc8edf0-6b54-4d8c-9b54-8624ebb0742f,"{""city"": """", ""state"": """", ""labels"": [""Other"", ""Germany""], ""address"": """", ""country"": ""Germany"", ""description"": ""Manufactures industrial enclosures and junction boxes.""}",2026-07-08 15:20:48.67134+00
ae3d007e-df9f-4fdf-940b-66391672a266,"{""city"": ""Xiamen"", ""state"": """", ""labels"": [""Testing/Certification"", ""China"", ""Solar PV""], ""address"": """", ""country"": ""China"", ""description"": ""Manufactures test and measurement instruments including power analyzers for PV.""}",2026-07-08 15:20:48.67134+00
ae5b0460-c9c7-4a4f-b122-26780e79e537,"{""city"": """", ""state"": """", ""labels"": [""Cable/BOS"", ""Germany"", ""Solar PV""], ""address"": """", ""country"": ""Germany"", ""description"": ""Manufactures cables and wiring solutions including for solar installations.""}",2026-07-08 15:20:48.67134+00
ae8e4019-68b7-499b-881a-40617f270762,"{""city"": """", ""state"": """", ""labels"": [""Consultancy"", ""Germany""], ""address"": """", ""country"": ""Germany"", ""description"": ""Engineering consultancy for energy economics and energy systems planning.""}",2026-07-08 15:20:48.67134+00
aee73001-2313-47db-a5a0-2892c4208864,"{""city"": """", ""state"": """", ""labels"": [""Other"", ""Germany""], ""address"": """", ""country"": ""Germany"", ""description"": ""Manufactures UV and electronic power supply systems.""}",2026-07-08 15:20:48.67134+00
aee88ba0-a183-4592-b58e-052e33d6b450,"{""city"": """", ""state"": ""Zhejiang"", ""labels"": [""Module Mfr"", ""China"", ""Solar PV""], ""address"": """", ""country"": ""China"", ""description"": ""Manufactures solar PV modules and panels.""}",2026-07-08 15:20:48.67134+00
af0d06c5-d61a-46c0-815b-32ea9536bce6,"{""city"": """", ""state"": ""Sichuan"", ""labels"": [""Cell/Wafer Mfr"", ""China"", ""Solar PV""], ""address"": """", ""country"": ""China"", ""description"": ""Manufactures polysilicon and solar wafer products.""}",2026-07-08 15:20:48.67134+00
af175737-e4f8-40e6-ad82-9eaaa2f25e5c,"{""city"": """", ""state"": ""Jiangxi"", ""labels"": [""Other"", ""China"", ""EV Charging""], ""address"": """", ""country"": ""China"", ""description"": ""Manufactures EV charging equipment and chargers.""}",2026-07-08 15:20:48.67134+00
af1e5012-41d8-4011-9de8-eb3d403dc39c,"{""city"": """", ""state"": """", ""labels"": [""EPC/Installer"", ""Malaysia"", ""Solar PV""], ""address"": """", ""country"": ""Malaysia"", ""description"": ""Provides rooftop solar installation services.""}",2026-07-08 15:20:48.67134+00
af419342-aecd-499d-9b1a-3c4101eed409,"{""city"": ""Istanbul"", ""state"": """", ""labels"": [""Association"", ""Turkey""], ""address"": """", ""country"": ""Turkey"", ""description"": ""Chamber of commerce representing Istanbul businesses.""}",2026-07-08 15:20:48.67134+00
af510287-11eb-4241-8859-bde803096eaf,"{""city"": """", ""state"": """", ""labels"": [""Testing/Certification"", ""Germany"", ""Solar PV""], ""address"": """", ""country"": ""Germany"", ""description"": ""Manufactures test and simulation equipment for PV modules and inverters.""}",2026-07-08 15:20:48.67134+00
af6abe46-feca-499b-88bf-90520517df08,"{""city"": """", ""state"": """", ""labels"": [""Other"", ""Germany"", ""EV Charging""], ""address"": """", ""country"": ""Germany"", ""description"": ""Develops contactless payment technology for EV charging stations.""}",2026-07-08 15:20:48.67134+00
afa4c589-0dcd-4e7e-800f-2fc0d82b2c4a,"{""city"": """", ""state"": """", ""labels"": [""Other"", ""Germany"", ""EV Charging""], ""address"": """", ""country"": ""Germany"", ""description"": ""Provides EV charging solutions and infrastructure.""}",2026-07-08 15:20:48.67134+00
afcd6902-a0a2-4186-ae03-da7a01ed6d1f,"{""city"": """", ""state"": """", ""labels"": [""Other"", ""Germany""], ""address"": """", ""country"": ""Germany"", ""description"": ""Manufactures scaffolding and access systems for construction and industry.""}",2026-07-08 15:20:48.67134+00
afdb1e47-414f-4c4d-81b6-e60fd73e16e5,"{""city"": """", ""state"": """", ""labels"": [""Other"", ""South Korea""], ""address"": """", ""country"": ""South Korea"", ""description"": ""Manufactures electrical and industrial equipment.""}",2026-07-08 15:20:48.67134+00
affa189d-1c99-41b0-bb04-c308f23aef31,"{""city"": """", ""state"": """", ""labels"": [""Software"", ""Germany"", ""Grid""], ""address"": """", ""country"": ""Germany"", ""description"": ""Provides digital mapping and GIS software for utility infrastructure.""}",2026-07-08 15:20:48.67134+00
b013b793-801e-484e-8583-0ebdbc8edcc8,"{""city"": """", ""state"": """", ""labels"": [""Metering/Monitoring"", ""India""], ""address"": """", ""country"": ""India"", ""description"": ""Manufactures control panels and monitoring systems for industrial and energy applications.""}",2026-07-08 15:20:48.67134+00
b014afbb-21aa-4e48-b460-32568ce4eb76,"{""city"": ""Rabat"", ""state"": """", ""labels"": [""Association"", ""Morocco""], ""address"": """", ""country"": ""Morocco"", ""description"": ""Moroccan agency promoting investment and export development.""}",2026-07-08 15:20:48.67134+00
b01ca8d3-deb7-4f4c-83cc-673444f5818f,"{""city"": """", ""state"": """", ""labels"": [""Battery/Storage"", ""United Kingdom"", ""Software""], ""address"": """", ""country"": ""United Kingdom"", ""description"": ""Provides energy storage software and hardware solutions.""}",2026-07-08 15:20:48.67134+00
b02fcca7-ceab-4533-9d8c-be47618f4c96,"{""city"": ""London"", ""state"": """", ""labels"": [""EPC/Installer"", ""United Kingdom"", ""Utility-scale""], ""address"": ""29 Dartmouth Place, Forest Hill"", ""country"": ""United Kingdom"", ""description"": ""Installs ground-mounted and rooftop solar farms including piling and electrical work.""}",2026-07-08 15:20:48.67134+00
b0486c69-b841-435d-a74e-8d4dbae645d2,"{""city"": ""Amsterdam"", ""state"": """", ""labels"": [""Consultancy"", ""Netherlands""], ""address"": """", ""country"": ""Netherlands"", ""description"": ""Global management and technology consulting firm.""}",2026-07-08 15:20:48.67134+00
b063f967-ddce-4778-81e1-fe9319c69f51,"{""city"": """", ""state"": """", ""labels"": [""Battery/Storage"", ""Austria""], ""address"": """", ""country"": ""Austria"", ""description"": ""Manufactures high-performance lithium-ion battery systems.""}",2026-07-08 15:20:48.67134+00
b067b17e-6916-4253-8106-912b2cf9ae60,"{""city"": """", ""state"": """", ""labels"": [""Other"", ""Romania""], ""address"": """", ""country"": ""Romania"", ""description"": ""Supplies gas and fuel system equipment.""}",2026-07-08 15:20:48.67134+00
b06819da-6b85-4095-a7c9-1abe8a47395d,"{""city"": """", ""state"": """", ""labels"": [""Battery/Storage"", ""Germany""], ""address"": """", ""country"": ""Germany"", ""description"": ""Manufactures customized battery energy storage systems.""}",2026-07-08 15:20:48.67134+00
b07cdcba-4a02-4c58-8ae6-5df325564ce0,"{""city"": """", ""state"": """", ""labels"": [""Other"", ""Turkey"", ""EV Charging""], ""address"": """", ""country"": ""Turkey"", ""description"": ""Manufactures EV charging stations and mobility solutions.""}",2026-07-08 15:20:48.67134+00
b2dd14b6-b013-436c-8e49-4a7b432d3d68,"{""city"": ""Brondby"", ""state"": """", ""labels"": [""Cable/BOS"", ""Denmark""], ""address"": """", ""country"": ""Denmark"", ""description"": ""Manufactures power and fiber optic cables for energy infrastructure.""}",2026-07-08 15:21:36.909857+00
b316adfc-ca5f-4e73-b986-09df2f2747f0,"{""city"": ""Wittenberg"", ""state"": """", ""labels"": [""Battery/Storage"", ""Germany"", ""Solar PV""], ""address"": """", ""country"": ""Germany"", ""description"": ""Manufactures lithium battery storage systems for commercial and residential use.""}",2026-07-08 15:21:36.909857+00
b362b9da-5d96-4ade-9827-eada9a70ee81,"{""city"": ""Cordoba"", ""state"": """", ""labels"": [""Metering/Monitoring"", ""Spain""], ""address"": """", ""country"": ""Spain"", ""description"": ""Manufactures electrical control and automation devices including timers and relays.""}",2026-07-08 15:21:36.909857+00
b379c1b9-ede3-464c-a9a7-281300dcec1c,"{""city"": """", ""state"": """", ""labels"": [""EPC/Installer"", ""Germany"", ""Solar PV""], ""address"": """", ""country"": ""Germany"", ""description"": ""Solar energy installation company, classified from domain and name only.""}",2026-07-08 15:21:36.909857+00
b38d9aeb-7449-4ae4-982d-7065a56faa2e,"{""city"": """", ""state"": """", ""labels"": [""Other"", ""Spain""], ""address"": """", ""country"": ""Spain"", ""description"": ""Company classified from domain and name only; limited public information available.""}",2026-07-08 15:21:36.909857+00
b3dd5229-8a25-4164-aa3b-9e01001f47d1,"{""city"": """", ""state"": """", ""labels"": [""Cable/BOS"", ""Germany""], ""address"": """", ""country"": ""Germany"", ""description"": ""Manufactures cables and wire products for industrial and energy applications.""}",2026-07-08 15:21:36.909857+00
b425d359-aa59-4159-a6c6-28a5feaed318,"{""city"": """", ""state"": """", ""labels"": [""Inverter Mfr"", ""Italy""], ""address"": """", ""country"": ""Italy"", ""description"": ""Manufactures UPS systems and power conversion equipment.""}",2026-07-08 15:21:36.909857+00
b42e92c3-fd5e-4909-88f6-77c08e4bb97f,"{""city"": ""Suzhou"", ""state"": ""Jiangsu"", ""labels"": [""Inverter Mfr"", ""China""], ""address"": """", ""country"": ""China"", ""description"": ""Manufactures inverters, drives and industrial automation equipment.""}",2026-07-08 15:21:36.909857+00
b438e94e-22b2-44ba-bbe3-d0241ad7c2ce,"{""city"": ""Shenzhen"", ""state"": ""Guangdong"", ""labels"": [""Inverter Mfr"", ""China"", ""Solar PV""], ""address"": """", ""country"": ""China"", ""description"": ""Manufactures solar and wind power inverters.""}",2026-07-08 15:21:36.909857+00
b454352a-e2f7-4f68-b5f6-788515e5bc29,"{""city"": ""Shenzhen"", ""state"": ""Guangdong"", ""labels"": [""Distributor"", ""China"", ""Solar PV""], ""address"": """", ""country"": ""China"", ""description"": ""Distributes solar PV products and equipment.""}",2026-07-08 15:21:36.909857+00
b4778549-30dd-40d8-bef5-6fe7cfaa6cdb,"{""city"": """", ""state"": """", ""labels"": [""EPC/Installer"", ""France"", ""Grid""], ""address"": """", ""country"": ""France"", ""description"": ""Provides engineering and construction services for energy and grid infrastructure.""}",2026-07-08 15:21:36.909857+00
b4959129-a8a5-4a5b-93ed-9f0804becab9,"{""city"": ""Nanjing"", ""state"": ""Jiangsu"", ""labels"": [""Module Mfr"", ""China"", ""Solar PV""], ""address"": """", ""country"": ""China"", ""description"": ""Manufactures solar panels and related PV equipment.""}",2026-07-08 15:21:36.909857+00
b4ae3f41-827a-4368-beed-aba146ed6a92,"{""city"": """", ""state"": """", ""labels"": [""Cable/BOS"", ""Turkey""], ""address"": """", ""country"": ""Turkey"", ""description"": ""Manufactures cables and metal products for industrial use.""}",2026-07-08 15:21:36.909857+00
b4d111a6-a6ad-43f9-a81f-7a04f916c699,"{""city"": """", ""state"": """", ""labels"": [""Inverter Mfr"", ""China"", ""Solar PV""], ""address"": """", ""country"": ""China"", ""description"": ""Manufactures solar inverters and power conversion equipment.""}",2026-07-08 15:21:36.909857+00
b502b4d2-16f9-400a-a38c-9bdb5ddcb7a1,"{""city"": ""Munich"", ""state"": """", ""labels"": [""Battery/Storage"", ""Germany"", ""EV Charging""], ""address"": """", ""country"": ""Germany"", ""description"": ""Provides energy storage and EV charging solutions.""}",2026-07-08 15:21:36.909857+00
b5154afd-5639-49c5-be6a-dbc79ff7aefb,"{""city"": """", ""state"": """", ""labels"": [""Mounting/Tracker"", ""Germany"", ""Solar PV""], ""address"": """", ""country"": ""Germany"", ""description"": ""Manufactures solar mounting and roofing systems.""}",2026-07-08 15:21:36.909857+00
b52bddba-8c37-48ad-938b-21ae6de231a3,"{""city"": """", ""state"": """", ""labels"": [""Other"", ""Turkey""], ""address"": """", ""country"": ""Turkey"", ""description"": ""Energy sector company classified from domain and name only.""}",2026-07-08 15:21:36.909857+00
b542e408-4c89-4b76-abfc-60f3428ab79e,"{""city"": """", ""state"": """", ""labels"": [""Consultancy"", ""Germany""], ""address"": """", ""country"": ""Germany"", ""description"": ""Provides consulting or association services in the energy sector.""}",2026-07-08 15:21:36.909857+00
b553d637-c003-4b6f-9ca4-0f41fb2b0a16,"{""city"": """", ""state"": """", ""labels"": [""Other"", ""Germany""], ""address"": """", ""country"": ""Germany"", ""description"": ""Company classified from domain and name only; limited public information available.""}",2026-07-08 15:21:36.909857+00
b56ad12f-fb33-49cc-aef9-89ee852989d3,"{""city"": """", ""state"": ""Guangdong"", ""labels"": [""Other"", ""China""], ""address"": """", ""country"": ""China"", ""description"": ""Provides intelligent technology and automation products.""}",2026-07-08 15:21:36.909857+00
b580e5e7-a4a6-47ef-a4d8-5951a030e8b2,"{""city"": """", ""state"": """", ""labels"": [""Testing/Certification"", ""Germany""], ""address"": """", ""country"": ""Germany"", ""description"": ""Manufactures electronic test and measurement instruments.""}",2026-07-08 15:21:36.909857+00
b5a353eb-e566-4909-aff2-f186717a5044,"{""city"": """", ""state"": ""Jiangsu"", ""labels"": [""Cable/BOS"", ""China""], ""address"": """", ""country"": ""China"", ""description"": ""Manufactures electrical cables and wire products.""}",2026-07-08 15:21:36.909857+00
b5af87b3-7b00-4de2-8e6f-ae485a53e106,"{""city"": """", ""state"": """", ""labels"": [""Battery/Storage"", ""Sweden""], ""address"": """", ""country"": ""Sweden"", ""description"": ""Provides energy storage products, classified from domain and name only.""}",2026-07-08 15:21:36.909857+00
b5c1c89a-a181-475d-a2bf-db0546b3594d,"{""city"": """", ""state"": """", ""labels"": [""Other"", ""United States""], ""address"": """", ""country"": ""United States"", ""description"": ""Trade show exhibit listing with no verifiable company website.""}",2026-07-08 15:21:36.909857+00
b5df75e2-12fb-4129-93fe-d68d743891a2,"{""city"": ""Essen"", ""state"": """", ""labels"": [""Developer/IPP"", ""Germany"", ""Utility-scale""], ""address"": """", ""country"": ""Germany"", ""description"": ""Develops and operates renewable energy projects across Europe and Australia.""}",2026-07-08 15:21:36.909857+00
b610aff1-5e3f-4b12-a76d-6e87c13f28d3,"{""city"": """", ""state"": """", ""labels"": [""Module Mfr"", ""China"", ""Solar PV""], ""address"": """", ""country"": ""China"", ""description"": ""Chinese manufacturer of solar PV modules.""}",2026-07-08 15:21:39.891415+00
b637f7eb-b5ae-4889-a0e8-f5045427084e,"{""city"": """", ""state"": """", ""labels"": [""Battery/Storage"", ""Germany""], ""address"": """", ""country"": ""Germany"", ""description"": ""German battery/storage technology company.""}",2026-07-08 15:21:39.891415+00
b64095a0-b219-4005-a134-0259bd26ed12,"{""city"": """", ""state"": """", ""labels"": [""Other"", ""China""], ""address"": """", ""country"": ""China"", ""description"": ""Chinese manufacturer of plastics processing equipment.""}",2026-07-08 15:21:39.891415+00
b64693c4-dfd5-4b53-a570-04e4aac1e58e,"{""city"": """", ""state"": """", ""labels"": [""Cable/BOS"", ""Germany""], ""address"": """", ""country"": ""Germany"", ""description"": ""German manufacturer of fuses and circuit protection components.""}",2026-07-08 15:21:39.891415+00
b67cace3-53f3-42aa-927d-d77715d38e91,"{""city"": """", ""state"": """", ""labels"": [""Cable/BOS"", ""China""], ""address"": """", ""country"": ""China"", ""description"": ""Chinese manufacturer of connectors and electrical components.""}",2026-07-08 15:21:39.891415+00
b67d4431-3959-4f35-aa30-678cbebbae6d,"{""city"": """", ""state"": """", ""labels"": [""Module Mfr"", ""Germany"", ""Solar PV""], ""address"": """", ""country"": ""Germany"", ""description"": ""German entity of Aiko Solar, manufacturer of solar PV modules.""}",2026-07-08 15:21:39.891415+00
b694f7e1-c5e5-4426-9b69-b0c0f317134c,"{""city"": """", ""state"": """", ""labels"": [""Metering/Monitoring"", ""China"", ""Grid""], ""address"": """", ""country"": ""China"", ""description"": ""Chinese manufacturer of industrial networking and communication equipment.""}",2026-07-08 15:21:39.891415+00
b6c692db-2f13-4ada-9071-4b09d067acaf,"{""city"": """", ""state"": """", ""labels"": [""Mounting/Tracker"", ""China""], ""address"": """", ""country"": ""China"", ""description"": ""Chinese manufacturer of bearings used in solar tracker systems.""}",2026-07-08 15:21:39.891415+00
b6c753aa-d598-4bff-b616-7b763df92b92,"{""city"": """", ""state"": """", ""labels"": [""Cable/BOS"", ""China""], ""address"": """", ""country"": ""China"", ""description"": ""Chinese manufacturer of electrical switches and components.""}",2026-07-08 15:21:39.891415+00
b6c7d003-ba59-4a8d-8830-fe4e4b95f09f,"{""city"": """", ""state"": """", ""labels"": [""Software"", ""Estonia""], ""address"": """", ""country"": ""Estonia"", ""description"": ""European embedded systems and electronics engineering company.""}",2026-07-08 15:21:39.891415+00
b6d048b3-8cd1-4ea1-8879-5326c7b58943,"{""city"": """", ""state"": """", ""labels"": [""Inverter Mfr"", ""Italy"", ""Solar PV""], ""address"": """", ""country"": ""Italy"", ""description"": ""Italian solar energy equipment company.""}",2026-07-08 15:21:39.891415+00
b6ddaef4-7897-49fb-bf5f-d7fb14d6a477,"{""city"": """", ""state"": """", ""labels"": [""Other"", ""Turkey""], ""address"": """", ""country"": ""Turkey"", ""description"": ""Turkish electrical/energy technology company.""}",2026-07-08 15:21:39.891415+00
b7159ccd-65bd-4453-9de9-e754ab8c6f39,"{""city"": """", ""state"": """", ""labels"": [""Module Mfr"", ""China"", ""Solar PV""], ""address"": """", ""country"": ""China"", ""description"": ""Chinese manufacturer of solar PV modules.""}",2026-07-08 15:21:39.891415+00
b722f239-8219-47cd-af32-590768a4c4ab,"{""city"": """", ""state"": """", ""labels"": [""Metering/Monitoring"", ""Israel"", ""Grid""], ""address"": """", ""country"": ""Israel"", ""description"": ""Israeli manufacturer of energy metering and power quality monitoring devices.""}",2026-07-08 15:21:39.891415+00
b7366cc0-7ec9-419f-99fb-b4d2aedfba3b,"{""city"": """", ""state"": """", ""labels"": [""Distributor"", ""Germany"", ""Solar PV""], ""address"": """", ""country"": ""Germany"", ""description"": ""German distributor of solar thermal and PV systems.""}",2026-07-08 15:21:39.891415+00
b753c8c9-a0c7-4793-a3a7-e1e434230c45,"{""city"": """", ""state"": """", ""labels"": [""Distributor"", ""Turkey""], ""address"": """", ""country"": ""Turkey"", ""description"": ""Turkish trading company for energy equipment.""}",2026-07-08 15:21:39.891415+00
b755c0ff-cfd0-4754-b3f2-d91f7db81837,"{""city"": """", ""state"": """", ""labels"": [""Battery/Storage"", ""China""], ""address"": """", ""country"": ""China"", ""description"": ""Chinese manufacturer of battery energy storage systems.""}",2026-07-08 15:21:39.891415+00
b77fddfe-8be3-4f7f-b108-c15d206f5a0d,"{""city"": """", ""state"": """", ""labels"": [""Software"", ""Norway"", ""Grid""], ""address"": """", ""country"": ""Norway"", ""description"": ""Provider of energy market data and analytics software.""}",2026-07-08 15:21:39.891415+00
b7c18894-b1c0-4d12-9a63-e2d32b254c3e,"{""city"": ""Munich"", ""state"": """", ""labels"": [""Association"", ""Germany""], ""address"": """", ""country"": ""Germany"", ""description"": ""Energy storage industry event/innovation hub associated with ees Europe.""}",2026-07-08 15:21:39.891415+00
b7dc0a14-5540-424d-a5d5-78a604970b03,"{""city"": """", ""state"": """", ""labels"": [""Battery/Storage"", ""Austria""], ""address"": """", ""country"": ""Austria"", ""description"": ""Austrian manufacturer of vanadium flow battery energy storage systems.""}",2026-07-08 15:21:39.891415+00
b7e6d00d-a8f9-4008-8fe2-2da800021a4d,"{""city"": """", ""state"": """", ""labels"": [""Other"", ""China"", ""Solar PV""], ""address"": """", ""country"": ""China"", ""description"": ""Chinese manufacturer of aluminum solar material/frame products.""}",2026-07-08 15:21:39.891415+00
b7f577a2-3381-4153-b01f-3e25d1b6514e,"{""city"": """", ""state"": """", ""labels"": [""EPC/Installer"", ""Turkey"", ""Solar PV""], ""address"": """", ""country"": ""Turkey"", ""description"": ""Turkish energy engineering and automation technology company.""}",2026-07-08 15:21:39.891415+00
b807c412-98ff-49b9-bdbc-7a0862742cc4,"{""city"": ""Munich"", ""state"": """", ""labels"": [""Association"", ""Germany""], ""address"": """", ""country"": ""Germany"", ""description"": ""Trade press booth contact for the Intersolar exhibition.""}",2026-07-08 15:21:39.891415+00
b80d2d4e-1432-4be5-8204-095544776c53,"{""city"": """", ""state"": """", ""labels"": [""Other"", ""China""], ""address"": """", ""country"": ""China"", ""description"": ""Chinese manufacturer of rivets and fastening hardware.""}",2026-07-08 15:21:39.891415+00
babb14f0-7f45-43f4-8009-d57633f1c312,"{""city"": """", ""state"": """", ""labels"": [""Cable/BOS"", ""Turkey"", ""Grid""], ""address"": """", ""country"": ""Turkey"", ""description"": ""Turkish manufacturer of power and distribution transformers.""}",2026-07-08 15:22:35.23662+00
babbbd73-4aaa-40fa-bc55-76d4e0476645,"{""city"": ""Harbin"", ""state"": """", ""labels"": [""Battery/Storage"", ""China""], ""address"": """", ""country"": ""China"", ""description"": ""Chinese manufacturer of lithium batteries for energy storage and EV applications.""}",2026-07-08 15:22:35.23662+00
babecd32-d3ed-47d3-b32d-c334f7cc78ef,"{""city"": ""Ahmedabad"", ""state"": ""Gujarat"", ""labels"": [""Module Mfr"", ""India"", ""Solar PV""], ""address"": """", ""country"": ""India"", ""description"": ""Indian manufacturer of solar PV modules and cells, part of Adani Group.""}",2026-07-08 15:22:35.23662+00
bac8b463-4ff9-467a-a3e1-f870543f89e5,"{""city"": ""Berlin"", ""state"": """", ""labels"": [""Developer/IPP"", ""Germany"", ""Storage""], ""address"": """", ""country"": ""Germany"", ""description"": ""German developer of battery energy storage system projects.""}",2026-07-08 15:22:35.23662+00
badb7498-c3ea-4d3c-ab33-87bd489e3b83,"{""city"": ""Munich"", ""state"": """", ""labels"": [""Module Mfr"", ""Germany"", ""Solar PV""], ""address"": """", ""country"": ""Germany"", ""description"": ""European sales arm of JinkoSolar, manufacturer of solar PV modules.""}",2026-07-08 15:22:35.23662+00
baf4add3-33b4-4e7b-96c3-ca3477e821b1,"{""city"": ""Vancouver"", ""state"": ""British Columbia"", ""labels"": [""Metering/Monitoring"", ""Canada""], ""address"": """", ""country"": ""Canada"", ""description"": ""Canadian company providing IoT-based solar monitoring and cloud platform solutions.""}",2026-07-08 15:22:35.23662+00
baff5198-3f0a-4a99-aac8-83c05d7d938f,"{""city"": ""Brussels"", ""state"": """", ""labels"": [""Research/Academic"", ""Belgium"", ""Solar PV""], ""address"": """", ""country"": ""Belgium"", ""description"": ""Belgian research and consultancy institute focused on solar PV market and technology.""}",2026-07-08 15:22:35.23662+00
bb703e78-306b-4f7c-ac83-57294134fac1,"{""city"": """", ""state"": """", ""labels"": [""Metering/Monitoring"", ""China"", ""Solar PV""], ""address"": """", ""country"": ""China"", ""description"": ""Chinese manufacturer of solar monitoring devices and microinverters.""}",2026-07-08 15:22:35.23662+00
bb7cdd8b-eead-4862-ad94-d387108145e8,"{""city"": ""Schramberg"", ""state"": ""Baden-Württemberg"", ""labels"": [""Mounting/Tracker"", ""Germany""], ""address"": """", ""country"": ""Germany"", ""description"": ""German manufacturer of precision springs and stamped/formed components including PV mounting clips.""}",2026-07-08 15:22:35.23662+00
bb91eeb2-412e-4cad-bed9-613da430c341,"{""city"": """", ""state"": """", ""labels"": [""EPC/Installer"", ""Ireland""], ""address"": """", ""country"": ""Ireland"", ""description"": ""Irish electrical and mechanical engineering contractor serving energy projects.""}",2026-07-08 15:22:35.23662+00
bbb6b7f5-8981-4324-baa0-8a665f719038,"{""city"": """", ""state"": """", ""labels"": [""Cable/BOS"", ""United Kingdom""], ""address"": """", ""country"": ""United Kingdom"", ""description"": ""European branch of JAE, a Japanese manufacturer of electronic connectors used in solar equipment.""}",2026-07-08 15:22:35.23662+00
bbd9253c-9fbe-48d3-9bc3-c601b5c81899,"{""city"": """", ""state"": """", ""labels"": [""Developer/IPP"", ""Spain"", ""Solar PV""], ""address"": """", ""country"": ""Spain"", ""description"": ""Company involved in solar energy project development.""}",2026-07-08 15:22:35.23662+00
bbe41987-0c9d-43a5-b613-c2b633328cb9,"{""city"": ""Plattling"", ""state"": ""Bavaria"", ""labels"": [""Mounting/Tracker"", ""Germany"", ""Solar PV""], ""address"": """", ""country"": ""Germany"", ""description"": ""German PV mounting/system solutions unit operating under Kermi GmbH.""}",2026-07-08 15:22:35.23662+00
bc02c47b-4dd5-4e0c-9e32-c67031746f37,"{""city"": """", ""state"": """", ""labels"": [""Mounting/Tracker"", ""Germany"", ""Solar PV""], ""address"": """", ""country"": ""Germany"", ""description"": ""German manufacturer of mounting systems for photovoltaic installations.""}",2026-07-08 15:22:35.23662+00
bc0c464a-02d8-428e-8d90-83ba707730a3,"{""city"": ""Fremont"", ""state"": ""California"", ""labels"": [""Inverter Mfr"", ""United States"", ""Residential""], ""address"": """", ""country"": ""United States"", ""description"": ""US manufacturer of microinverters and home energy management systems.""}",2026-07-08 15:22:35.23662+00
bc3c0335-7827-4f39-adea-aba705aeb737,"{""city"": """", ""state"": """", ""labels"": [""Cable/BOS"", ""Germany"", ""Solar PV""], ""address"": """", ""country"": ""Germany"", ""description"": ""German manufacturer of connectors and plug systems for solar installations.""}",2026-07-08 15:22:35.23662+00
bc3d8708-b542-4efd-ab21-d5e4db17d174,"{""city"": ""Munich"", ""state"": ""Bavaria"", ""labels"": [""Developer/IPP"", ""Germany"", ""Utility-scale""], ""address"": """", ""country"": ""Germany"", ""description"": ""German energy trading unit of BayWa r.e. dealing in power and renewable energy commodities.""}",2026-07-08 15:22:35.23662+00
bc4c801d-26fd-4431-958c-d053ca2e3c86,"{""city"": ""Berlin"", ""state"": """", ""labels"": [""Software"", ""Germany"", ""Solar PV""], ""address"": """", ""country"": ""Germany"", ""description"": ""German developer of PV and renewable energy design/simulation software (PVSOL).""}",2026-07-08 15:22:35.23662+00
bc8c4883-522b-426d-8d9b-422a8693b966,"{""city"": """", ""state"": """", ""labels"": [""Cable/BOS"", ""Turkey"", ""Grid""], ""address"": """", ""country"": ""Turkey"", ""description"": ""Turkish manufacturer of transformers and electrical equipment for power distribution.""}",2026-07-08 15:22:35.23662+00
bcad3d49-8db5-4665-a451-10c80847ed52,"{""city"": ""Bamberg"", ""state"": ""Bavaria"", ""labels"": [""Cable/BOS"", ""Germany"", ""Grid""], ""address"": """", ""country"": ""Germany"", ""description"": ""German manufacturer of electrical connection and safety technology components.""}",2026-07-08 15:22:35.23662+00
bcae6e1f-f777-44b0-8e3d-f260f382c14c,"{""city"": """", ""state"": """", ""labels"": [""Other"", ""Germany"", ""Hydrogen""], ""address"": """", ""country"": ""Germany"", ""description"": ""German company focused on hydrogen and hydropower energy solutions.""}",2026-07-08 15:22:35.23662+00
bcd459d0-2afc-479c-9db1-4b15ee5ec3ec,"{""city"": """", ""state"": """", ""labels"": [""Cable/BOS"", ""Turkey"", ""Grid""], ""address"": """", ""country"": ""Turkey"", ""description"": ""Turkish manufacturer of distribution and power transformers.""}",2026-07-08 15:22:35.23662+00
bcecb430-c25b-47b4-bbdd-7b98eda784df,"{""city"": """", ""state"": """", ""labels"": [""Metering/Monitoring"", ""China""], ""address"": """", ""country"": ""China"", ""description"": ""Chinese manufacturer of smart electricity meters and metering solutions.""}",2026-07-08 15:22:35.23662+00
bcf273d7-16d5-4124-94f6-7969f9f25b7e,"{""city"": ""Ganzhou"", ""state"": ""Jiangxi"", ""labels"": [""Battery/Storage"", ""China""], ""address"": """", ""country"": ""China"", ""description"": ""Chinese manufacturer of lithium battery energy storage technology.""}",2026-07-08 15:22:35.23662+00
bd2f8553-1e09-4bfc-89a5-6f59ca65532b,"{""city"": ""Karlsruhe"", ""state"": """", ""labels"": [""Inverter Mfr"", ""Germany"", ""EV Charging""], ""address"": """", ""country"": ""Germany"", ""description"": ""German startup developing power electronics including inverters and EV charging technology.""}",2026-07-08 15:22:35.23662+00
b816fcbe-f483-4bb6-b25d-f503dc5a6593,"{""city"": ""Or-Yehuda"", ""state"": """", ""labels"": [""Software"", ""Israel"", ""EV Charging""], ""address"": ""Yahadut Canada 3"", ""country"": ""Israel"", ""description"": ""Develops fleet management software for electric bus charging and scheduling.""}",2026-07-08 15:22:51.070352+00
b83066cf-5a55-4b6d-b16e-8b99ab95aaca,"{""city"": """", ""state"": """", ""labels"": [""Software"", ""Netherlands"", ""EV Charging""], ""address"": """", ""country"": ""Netherlands"", ""description"": ""Provides EV charging network management software and platform services.""}",2026-07-08 15:22:51.070352+00
b8513d80-329c-4183-8979-4f4bd3f5c26a,"{""city"": ""Dusseldorf"", ""state"": """", ""labels"": [""Software"", ""Germany""], ""address"": """", ""country"": ""Germany"", ""description"": ""IT service provider offering IT infrastructure, cloud and digitalization services.""}",2026-07-08 15:22:51.070352+00
b866f26e-3944-4602-a8cc-00b95bf62cc2,"{""city"": """", ""state"": """", ""labels"": [""Other"", ""Hungary""], ""address"": """", ""country"": ""Hungary"", ""description"": ""Hungarian company; business focus unclear from available data.""}",2026-07-08 15:22:51.070352+00
b87a8bec-11e2-4730-8867-132e93a12099,"{""city"": """", ""state"": """", ""labels"": [""Cable/BOS"", ""Romania""], ""address"": """", ""country"": ""Romania"", ""description"": ""Electrical equipment and components supplier operating as EBS Electric.""}",2026-07-08 15:22:51.070352+00
b8b90443-1744-4dcd-9427-35faf17bc0ef,"{""city"": """", ""state"": """", ""labels"": [""Consultancy"", ""France"", ""Grid""], ""address"": """", ""country"": ""France"", ""description"": ""French consultancy specializing in embedded systems and energy/IoT technology.""}",2026-07-08 15:22:51.070352+00
b8dcbd2b-120e-4b0f-ae38-b7f1fee391e7,"{""city"": """", ""state"": """", ""labels"": [""Other"", ""Germany"", ""EV Charging""], ""address"": """", ""country"": ""Germany"", ""description"": ""Manufactures EV charging stations (wallboxes) for residential and commercial use.""}",2026-07-08 15:22:51.070352+00
b8dfe87d-daa9-42a4-a286-675b66f626bc,"{""city"": """", ""state"": """", ""labels"": [""Software"", ""Spain"", ""Utility-scale""], ""address"": """", ""country"": ""Spain"", ""description"": ""Provides QA/QC software and hardware for solar tracker pile-driving inspection.""}",2026-07-08 15:22:51.070352+00
b91b3455-fcc6-4817-91a0-bbdc7a7769ad,"{""city"": ""Ningbo"", ""state"": """", ""labels"": [""Other"", ""China""], ""address"": """", ""country"": ""China"", ""description"": ""Manufactures optoelectronic and lighting products.""}",2026-07-08 15:22:51.070352+00
b935629e-0d61-42ab-ab29-cb1b0e497afc,"{""city"": ""Shanghai"", ""state"": """", ""labels"": [""Battery/Storage"", ""China""], ""address"": """", ""country"": ""China"", ""description"": ""New energy technology company producing battery and energy storage products.""}",2026-07-08 15:22:51.070352+00
b94c29b9-d07c-4a8c-817c-71ddb85ce5e7,"{""city"": ""Qingdao"", ""state"": """", ""labels"": [""Other"", ""China"", ""EV Charging""], ""address"": """", ""country"": ""China"", ""description"": ""Manufactures kitchen/bathroom appliances and EV chargers.""}",2026-07-08 15:22:51.070352+00
b96763e3-a93f-4147-8768-2ed885f2d1f7,"{""city"": """", ""state"": """", ""labels"": [""Other"", ""Germany"", ""EV Charging""], ""address"": """", ""country"": ""Germany"", ""description"": ""Manufactures EV charging connectors and infrastructure equipment.""}",2026-07-08 15:22:51.070352+00
b9766511-1fb3-4587-ad44-f41bbb1d4719,"{""city"": """", ""state"": """", ""labels"": [""Cable/BOS"", ""Spain""], ""address"": """", ""country"": ""Spain"", ""description"": ""Manufactures electrical and EV charging cables.""}",2026-07-08 15:22:51.070352+00
b9900408-0b7e-4e39-9f2a-f5aca83673c5,"{""city"": ""Belpasso"", ""state"": ""Catania"", ""labels"": [""EPC/Installer"", ""Italy"", ""Utility-scale""], ""address"": ""Via Luigi Pirandello, s.n.c. Piano Tavola"", ""country"": ""Italy"", ""description"": ""Manages O&M, revamping and repowering for utility-scale photovoltaic plants.""}",2026-07-08 15:22:51.070352+00
b990207b-a354-484e-acdd-a58af5376bf0,"{""city"": """", ""state"": """", ""labels"": [""Developer/IPP"", ""Germany"", ""Solar PV""], ""address"": """", ""country"": ""Germany"", ""description"": ""Renewable energy group developing solar energy projects.""}",2026-07-08 15:22:51.070352+00
b9d23c99-e6e0-4270-83a6-f20897e8e086,"{""city"": """", ""state"": """", ""labels"": [""Other"", ""Germany""], ""address"": """", ""country"": ""Germany"", ""description"": ""International freight forwarding and logistics company.""}",2026-07-08 15:22:51.070352+00
b9db132f-3c1c-42aa-9a56-f1a41d7dce5b,"{""city"": """", ""state"": """", ""labels"": [""Other"", ""United States""], ""address"": """", ""country"": ""United States"", ""description"": ""No website or contact data available; business focus unclear.""}",2026-07-08 15:22:51.070352+00
b9ffe30d-2113-4773-8abf-8b8bca1bfe5b,"{""city"": ""Hunan"", ""state"": """", ""labels"": [""Battery/Storage"", ""China""], ""address"": """", ""country"": ""China"", ""description"": ""Manufactures lithium battery new energy products.""}",2026-07-08 15:22:51.070352+00
ba00a92c-217d-44a9-a1bc-8a66aba2de59,"{""city"": """", ""state"": """", ""labels"": [""Utility"", ""Germany""], ""address"": """", ""country"": ""Germany"", ""description"": ""German subsidiary of Octopus Energy, an electricity and gas retailer.""}",2026-07-08 15:22:51.070352+00
ba268a10-a22a-4ba4-a773-4d3713e5d689,"{""city"": """", ""state"": """", ""labels"": [""Other"", ""China""], ""address"": """", ""country"": ""China"", ""description"": ""Manufactures industrial equipment; likely PV or battery manufacturing machinery.""}",2026-07-08 15:22:51.070352+00
ba3a508f-f99a-412e-bdf1-a8d33e204f47,"{""city"": ""Hebei"", ""state"": """", ""labels"": [""Module Mfr"", ""China"", ""Solar PV""], ""address"": """", ""country"": ""China"", ""description"": ""Manufactures photovoltaic modules and related products.""}",2026-07-08 15:22:51.070352+00
ba4b8ec9-3d98-4343-a5f3-ee2a423aabf2,"{""city"": """", ""state"": """", ""labels"": [""Other"", ""Germany"", ""Solar PV""], ""address"": """", ""country"": ""Germany"", ""description"": ""Manufactures dosing and pumping technology used in solar cell production.""}",2026-07-08 15:22:51.070352+00
ba690fc2-ffe9-4bf6-87b9-7bba1d88be55,"{""city"": """", ""state"": """", ""labels"": [""EPC/Installer"", ""Greece"", ""Solar PV""], ""address"": """", ""country"": ""Greece"", ""description"": ""Greek company involved in solar PV project development and installation.""}",2026-07-08 15:22:51.070352+00
ba794857-ea24-44f5-a1e5-bc0eb309eb62,"{""city"": """", ""state"": """", ""labels"": [""Mounting/Tracker"", ""Switzerland""], ""address"": """", ""country"": ""Switzerland"", ""description"": ""Manufactures solar mounting systems and building facade/metal components.""}",2026-07-08 15:22:51.070352+00
ba8ff64c-02ab-44ce-9cdc-a6994809a899,"{""city"": ""Madrid"", ""state"": """", ""labels"": [""Software"", ""Spain"", ""Utility-scale""], ""address"": ""C/ de Mendez Alvaro, 56, 6a planta"", ""country"": ""Spain"", ""description"": ""Provides SaaS business management/ERP software for renewable energy asset lifecycle.""}",2026-07-08 15:22:51.070352+00
bd608dce-751e-44fe-998d-fad17cb7af5d,"{""city"": """", ""state"": """", ""labels"": [""Battery/Storage"", ""Australia""], ""address"": """", ""country"": ""Australia"", ""description"": ""Australian company developing large-scale battery energy storage projects.""}",2026-07-08 15:23:28.091139+00
bd6d59aa-9506-4da4-9b5a-ed6a649c034c,"{""city"": ""Halle"", ""state"": ""Saxony-Anhalt"", ""labels"": [""Research/Academic"", ""Germany"", ""Solar PV""], ""address"": """", ""country"": ""Germany"", ""description"": ""Fraunhofer research center for silicon photovoltaic technology (CSP).""}",2026-07-08 15:23:28.091139+00
bd90ddca-2c5a-4045-9bd3-853abc8c6143,"{""city"": ""Brussels"", ""state"": """", ""labels"": [""Association"", ""Belgium"", ""EV Charging""], ""address"": """", ""country"": ""Belgium"", ""description"": ""European association promoting e-mobility and electric vehicle policy.""}",2026-07-08 15:23:28.091139+00
bdb018f0-ddb6-4630-b0f0-3e002a6cab92,"{""city"": ""Stuttgart"", ""state"": """", ""labels"": [""Testing/Certification"", ""Germany""], ""address"": """", ""country"": ""Germany"", ""description"": ""Provides testing, inspection and certification services including for solar products.""}",2026-07-08 15:23:28.091139+00
bdd8f6e5-5196-4288-a4a1-c58ccd17a9c6,"{""city"": ""Aachen"", ""state"": ""North Rhine-Westphalia"", ""labels"": [""Utility"", ""Germany""], ""address"": """", ""country"": ""Germany"", ""description"": ""German municipal utility group operating power generation and energy trading.""}",2026-07-08 15:23:28.091139+00
bdfa415d-5ee5-4e80-8c52-c1f3bc8a44ef,"{""city"": ""Huzhou"", ""state"": ""Zhejiang"", ""labels"": [""Battery/Storage"", ""China""], ""address"": """", ""country"": ""China"", ""description"": ""Chinese manufacturer of lead-acid and lithium batteries for e-mobility and storage.""}",2026-07-08 15:23:28.091139+00
be2bfcd8-d203-4e9b-863b-14017ba14ecb,"{""city"": ""Munich"", ""state"": ""Bavaria"", ""labels"": [""Battery/Storage"", ""Germany""], ""address"": """", ""country"": ""Germany"", ""description"": ""European industrial arm of Panasonic supplying electronic components and batteries.""}",2026-07-08 15:23:28.091139+00
be43f483-3918-4000-bbf0-29b412c2291d,"{""city"": ""Shenzhen"", ""state"": ""Guangdong"", ""labels"": [""Battery/Storage"", ""China"", ""Residential""], ""address"": """", ""country"": ""China"", ""description"": ""Manufacturer of portable power stations and home energy storage systems.""}",2026-07-08 15:23:28.091139+00
be635cea-155a-44c7-98d3-bf0ae03b6304,"{""city"": ""Karlsruhe"", ""state"": ""Baden-Wurttemberg"", ""labels"": [""Software"", ""Germany"", ""EV Charging""], ""address"": """", ""country"": ""Germany"", ""description"": ""German provider of cloud-based EV charging station management software.""}",2026-07-08 15:23:28.091139+00
be6876cc-ed4a-46ac-90d0-3d5f5d31055f,"{""city"": """", ""state"": """", ""labels"": [""EPC/Installer"", ""Germany"", ""Solar PV""], ""address"": """", ""country"": ""Germany"", ""description"": ""German company providing solar energy system installation services.""}",2026-07-08 15:23:28.091139+00
be7f0b35-a1c2-45e9-ab70-7770183a1c71,"{""city"": ""Shenzhen"", ""state"": ""Guangdong"", ""labels"": [""Inverter Mfr"", ""China"", ""Solar PV""], ""address"": """", ""country"": ""China"", ""description"": ""Manufacturer of microinverters and module-level power electronics for solar.""}",2026-07-08 15:23:28.091139+00
be8543e3-8430-4682-8375-55bac8eded61,"{""city"": """", ""state"": """", ""labels"": [""EPC/Installer"", ""Germany"", ""Solar PV""], ""address"": """", ""country"": ""Germany"", ""description"": ""German solar energy service provider offering installation and maintenance.""}",2026-07-08 15:23:28.091139+00
bea30ee5-24d9-47c3-b368-db8bb44a8662,"{""city"": ""San Jose"", ""state"": ""California"", ""labels"": [""Software"", ""United States"", ""Utility-scale""], ""address"": """", ""country"": ""United States"", ""description"": ""Software platform for managing utility-scale solar construction and O&M.""}",2026-07-08 15:23:28.091139+00
bec3abf1-6f34-45a7-8b10-2247db81399c,"{""city"": """", ""state"": """", ""labels"": [""Metering/Monitoring"", ""Germany""], ""address"": """", ""country"": ""Germany"", ""description"": ""German manufacturer of monitoring and control electronics for PV and storage systems.""}",2026-07-08 15:23:28.091139+00
bef4cd47-64f7-4777-a249-afedfd679ab4,"{""city"": ""Taizhou"", ""state"": ""Zhejiang"", ""labels"": [""Module Mfr"", ""China"", ""Solar PV""], ""address"": """", ""country"": ""China"", ""description"": ""Chinese manufacturer of photovoltaic modules based in Taizhou.""}",2026-07-08 15:23:28.091139+00
befdbbed-dd08-4504-b909-eaefc8fa1812,"{""city"": """", ""state"": """", ""labels"": [""Software"", ""Germany"", ""EV Charging""], ""address"": """", ""country"": ""Germany"", ""description"": ""German provider of energy and EV charging management systems, classified by name.""}",2026-07-08 15:23:28.091139+00
beffc7b9-395f-4e99-b251-03d269dbd325,"{""city"": ""Mannheim"", ""state"": """", ""labels"": [""Testing/Certification"", ""Germany""], ""address"": """", ""country"": ""Germany"", ""description"": ""German certification body for power grid and electrical equipment testing.""}",2026-07-08 15:23:28.091139+00
bf461dd4-09f3-452b-a62e-6806a207ee40,"{""city"": """", ""state"": """", ""labels"": [""Software"", ""Germany""], ""address"": """", ""country"": ""Germany"", ""description"": ""German technology company, likely in energy digitalization based on domain name.""}",2026-07-08 15:23:28.091139+00
bf812994-56c2-4176-a032-7c955a2cacc6,"{""city"": """", ""state"": """", ""labels"": [""Other"", ""Italy""], ""address"": """", ""country"": ""Italy"", ""description"": ""Italian manufacturer of plastic components, classified from domain name.""}",2026-07-08 15:23:28.091139+00
bfa5c5f2-3b4d-41b8-9402-6e8e6ed17aa7,"{""city"": """", ""state"": """", ""labels"": [""EPC/Installer"", ""India"", ""Solar PV""], ""address"": """", ""country"": ""India"", ""description"": ""Indian renewable energy company offering solar EPC and installation services.""}",2026-07-08 15:23:28.091139+00
bfb023cf-ff3c-42f6-b9c6-9abe191575de,"{""city"": ""Xi'an"", ""state"": ""Shaanxi"", ""labels"": [""Module Mfr"", ""China"", ""Solar PV""], ""address"": """", ""country"": ""China"", ""description"": ""Chinese manufacturer of heterojunction solar cells and modules (Jinergy).""}",2026-07-08 15:23:28.091139+00
bfcbb7ce-fdc4-468d-8d64-b276538c4139,"{""city"": """", ""state"": """", ""labels"": [""Mounting/Tracker"", ""Germany"", ""Solar PV""], ""address"": """", ""country"": ""Germany"", ""description"": ""Provides solar mounting solutions as part of Saferoad restraint systems group.""}",2026-07-08 15:23:28.091139+00
bfd4f0a1-1c46-494c-a6fd-4e608f7f7775,"{""city"": ""Lahnau"", ""state"": ""Hesse"", ""labels"": [""Metering/Monitoring"", ""Germany""], ""address"": """", ""country"": ""Germany"", ""description"": ""German manufacturer of power measurement and monitoring devices.""}",2026-07-08 15:23:28.091139+00
c0146a0e-f803-4705-98a2-22d91d7b9a39,"{""city"": ""Wurzburg"", ""state"": ""Bavaria"", ""labels"": [""Software"", ""Germany"", ""EV Charging""], ""address"": """", ""country"": ""Germany"", ""description"": ""Operates ladenetz.de EV charging network and provides charging business software.""}",2026-07-08 15:23:28.091139+00
c04ec2fd-6f92-4e94-b399-1d5cd5835a43,"{""city"": """", ""state"": """", ""labels"": [""Cable/BOS"", ""China""], ""address"": """", ""country"": ""China"", ""description"": ""Chinese manufacturer of electric equipment and components for power systems.""}",2026-07-08 15:23:28.091139+00
c070582b-e578-48a7-8007-63c013edfee0,"{""city"": """", ""state"": """", ""labels"": [""Cable/BOS"", ""China""], ""address"": """", ""country"": ""China"", ""description"": ""Manufactures precision cables and connectors for solar and power applications.""}",2026-07-08 15:23:40.473624+00
c07cd554-32ee-416a-832c-607fe3ee5d05,"{""city"": ""Pfaeffikon"", ""state"": """", ""labels"": [""Cable/BOS"", ""Switzerland""], ""address"": """", ""country"": ""Switzerland"", ""description"": ""Manufactures electrical connectors including MC4-type PV connectors.""}",2026-07-08 15:23:40.473624+00
c0923e28-7561-4210-8695-a0c136df4291,"{""city"": ""Changzhou"", ""state"": ""Jiangsu"", ""labels"": [""Cell/Wafer Mfr"", ""China"", ""Solar PV""], ""address"": """", ""country"": ""China"", ""description"": ""Manufactures solar cells and modules.""}",2026-07-08 15:23:40.473624+00
c0b50b9e-d344-4897-82ad-89fcfacc160f,"{""city"": ""Oslo"", ""state"": """", ""labels"": [""Battery/Storage"", ""Norway""], ""address"": """", ""country"": ""Norway"", ""description"": ""Develops battery energy storage systems for residential and commercial use.""}",2026-07-08 15:23:40.473624+00
c0c0c297-8c06-425f-9d66-83841b284d38,"{""city"": """", ""state"": """", ""labels"": [""EPC/Installer"", ""Germany"", ""Solar PV""], ""address"": """", ""country"": ""Germany"", ""description"": ""Installs energy systems and communication technology including solar PV.""}",2026-07-08 15:23:40.473624+00
c0cde9fa-3b3b-424c-a206-eadeeef24319,"{""city"": """", ""state"": """", ""labels"": [""Cable/BOS"", ""Italy"", ""Grid""], ""address"": """", ""country"": ""Italy"", ""description"": ""Manufactures transformers and electrical equipment for power grids.""}",2026-07-08 15:23:40.473624+00
c1183687-a919-41d3-9532-b4622088fc05,"{""city"": """", ""state"": """", ""labels"": [""Software"", ""Germany"", ""Grid""], ""address"": """", ""country"": ""Germany"", ""description"": ""Provides an energy hub platform connecting energy assets and stakeholders.""}",2026-07-08 15:23:40.473624+00
c146c10a-a77f-47cb-a0bc-15dafeef863a,"{""city"": ""Hamburg"", ""state"": """", ""labels"": [""Financing"", ""Germany""], ""address"": """", ""country"": ""Germany"", ""description"": ""Private bank offering financing and investment services including energy sector deals.""}",2026-07-08 15:23:40.473624+00
c14f28d9-3b82-452b-a85a-1d8ee70e5632,"{""city"": """", ""state"": """", ""labels"": [""Mounting/Tracker"", ""Germany"", ""Solar PV""], ""address"": """", ""country"": ""Germany"", ""description"": ""Manufactures special aluminum profile systems including solar mounting profiles.""}",2026-07-08 15:23:40.473624+00
c160d901-91e4-432a-9508-bc590b043546,"{""city"": """", ""state"": """", ""labels"": [""Software"", ""Germany""], ""address"": """", ""country"": ""Germany"", ""description"": ""Develops software technology for energy and climate applications.""}",2026-07-08 15:23:40.473624+00
c1615e75-aecc-4449-adf4-04683871a3b1,"{""city"": """", ""state"": """", ""labels"": [""Battery/Storage"", ""China"", ""Grid""], ""address"": """", ""country"": ""China"", ""description"": ""Provides digital power trading and energy storage technology solutions.""}",2026-07-08 15:23:40.473624+00
c1695228-a7a9-4cd2-ae62-888e6224c74d,"{""city"": ""Munich"", ""state"": ""Bavaria"", ""labels"": [""Software"", ""Germany"", ""Storage""], ""address"": """", ""country"": ""Germany"", ""description"": ""Provides AI-driven analytics software for battery energy storage systems.""}",2026-07-08 15:23:40.473624+00
c17c8b33-dfd4-4763-bd2a-459b53e4c10a,"{""city"": """", ""state"": """", ""labels"": [""Battery/Storage"", ""China"", ""Residential""], ""address"": """", ""country"": ""China"", ""description"": ""Manufactures residential battery storage and balcony power systems.""}",2026-07-08 15:23:40.473624+00
c19de286-61d2-4bf3-8eda-1b459f6fbcb7,"{""city"": ""Melbourne"", ""state"": """", ""labels"": [""Metering/Monitoring"", ""Australia"", ""Solar PV""], ""address"": """", ""country"": ""Australia"", ""description"": ""Develops solar-sharing technology enabling multi-tenant buildings to share PV output.""}",2026-07-08 15:23:40.473624+00
c1a2fd20-7b55-424c-b1ae-cf4a082aae00,"{""city"": """", ""state"": """", ""labels"": [""Other"", ""Turkey"", ""EV Charging""], ""address"": """", ""country"": ""Turkey"", ""description"": ""Provides EV charging equipment and energy technology solutions.""}",2026-07-08 15:23:40.473624+00
c1bc197f-7cb2-4893-89cc-fbd426515441,"{""city"": ""Dongying"", ""state"": ""Shandong"", ""labels"": [""Module Mfr"", ""China"", ""Solar PV""], ""address"": """", ""country"": ""China"", ""description"": ""Manufactures solar photovoltaic modules.""}",2026-07-08 15:23:40.473624+00
c1d45242-6230-4d7d-8734-d07bee056824,"{""city"": """", ""state"": """", ""labels"": [""Software"", ""Germany"", ""Residential""], ""address"": """", ""country"": ""Germany"", ""description"": ""Provides home energy management software and services.""}",2026-07-08 15:23:40.473624+00
c1dbc36d-3fa5-411b-9307-08d1015afb8e,"{""city"": """", ""state"": """", ""labels"": [""EPC/Installer"", ""France"", ""Solar PV""], ""address"": """", ""country"": ""France"", ""description"": ""Provides solar power installation and green energy technology services.""}",2026-07-08 15:23:40.473624+00
c23dede3-ef63-4cf2-9d53-4421340234dd,"{""city"": """", ""state"": """", ""labels"": [""Inverter Mfr"", ""Germany"", ""Solar PV""], ""address"": """", ""country"": ""Germany"", ""description"": ""Develops AI-based inverter and power electronics technology.""}",2026-07-08 15:23:40.473624+00
c25582df-2e5c-45f9-acaf-bd91210e4235,"{""city"": """", ""state"": ""Zhejiang"", ""labels"": [""Module Mfr"", ""China"", ""Solar PV""], ""address"": """", ""country"": ""China"", ""description"": ""Manufactures solar photovoltaic modules.""}",2026-07-08 15:23:40.473624+00
c2615d2d-dea4-4adb-b18b-46b635a2b29d,"{""city"": ""Glen Rock"", ""state"": ""Pennsylvania"", ""labels"": [""Other"", ""United States""], ""address"": """", ""country"": ""United States"", ""description"": ""Manufactures adhesive materials including components used in solar module lamination.""}",2026-07-08 15:23:40.473624+00
c2690b87-8ad0-48e7-b47e-5b7cf8e1fdf2,"{""city"": """", ""state"": ""Anhui"", ""labels"": [""Cell/Wafer Mfr"", ""China"", ""Solar PV""], ""address"": """", ""country"": ""China"", ""description"": ""Manufactures heterojunction (HJT) solar cells.""}",2026-07-08 15:23:40.473624+00
c29c6129-c49f-4c2d-901b-0f28f2675d40,"{""city"": """", ""state"": """", ""labels"": [""Mounting/Tracker"", ""Germany"", ""Solar PV""], ""address"": """", ""country"": ""Germany"", ""description"": ""Manufactures mounting and formwork systems including solar racking components.""}",2026-07-08 15:23:40.473624+00
c29eb4a7-95fc-45cc-975e-51a684204f71,"{""city"": ""Xiamen"", ""state"": ""Fujian"", ""labels"": [""Module Mfr"", ""China"", ""Solar PV""], ""address"": """", ""country"": ""China"", ""description"": ""Manufactures solar photovoltaic modules.""}",2026-07-08 15:23:40.473624+00
c2a98007-9ee5-44c6-aba9-0b7ffb74ca0a,"{""city"": """", ""state"": """", ""labels"": [""Battery/Storage"", ""China""], ""address"": """", ""country"": ""China"", ""description"": ""Develops new energy technology including power and battery storage products.""}",2026-07-08 15:23:40.473624+00
c501d20f-00b6-4611-99b2-9e188c27911f,"{""city"": """", ""state"": """", ""labels"": [""Other"", ""Serbia""], ""address"": """", ""country"": ""Serbia"", ""description"": ""Serbian branch dealing in wireless/RF and electronic equipment.""}",2026-07-08 15:24:28.796246+00
c50d4128-ee54-40d4-b87c-9e91e053223c,"{""city"": """", ""state"": """", ""labels"": [""EPC/Installer"", ""Greece"", ""Solar PV""], ""address"": """", ""country"": ""Greece"", ""description"": ""Greek company installing and supplying solar PV systems.""}",2026-07-08 15:24:28.796246+00
c52c781f-b883-48af-8eb9-861560fae386,"{""city"": """", ""state"": """", ""labels"": [""Distributor"", ""Germany"", ""Off-grid""], ""address"": """", ""country"": ""Germany"", ""description"": ""German distributor of off-grid solar and power system components.""}",2026-07-08 15:24:28.796246+00
c548f0e2-c668-4e86-b0b6-f8b76bfff3f5,"{""city"": """", ""state"": """", ""labels"": [""Other"", ""Russia"", ""EV Charging""], ""address"": """", ""country"": ""Russia"", ""description"": ""Manufacturer of EV charging stations and equipment.""}",2026-07-08 15:24:28.796246+00
c55ed1eb-b741-49c8-bb4f-38edb5e50797,"{""city"": ""Monheim am Rhein"", ""state"": """", ""labels"": [""Software"", ""Germany""], ""address"": """", ""country"": ""Germany"", ""description"": ""German provider of electrical engineering CAE design software.""}",2026-07-08 15:24:28.796246+00
c5637e07-e934-4a02-a9b4-8fa06b0d4867,"{""city"": """", ""state"": """", ""labels"": [""Distributor"", ""Germany""], ""address"": """", ""country"": ""Germany"", ""description"": ""German electrical and electronics equipment supplier.""}",2026-07-08 15:24:28.796246+00
c5863df3-3f67-4e2c-b945-167f169536e3,"{""city"": """", ""state"": """", ""labels"": [""Consultancy"", ""Austria""], ""address"": """", ""country"": ""Austria"", ""description"": ""Austrian engineering and electrical services company.""}",2026-07-08 15:24:28.796246+00
c5a691bf-b951-40f1-abd9-d64f9c36f72d,"{""city"": """", ""state"": """", ""labels"": [""Consultancy"", ""Czech Republic"", ""Solar PV""], ""address"": """", ""country"": ""Czech Republic"", ""description"": ""Czech solar energy consultancy and project services firm.""}",2026-07-08 15:24:28.796246+00
c5abf5d6-2359-46dd-a55b-c197a9113a36,"{""city"": ""Wuxi"", ""state"": """", ""labels"": [""Cable/BOS"", ""China""], ""address"": """", ""country"": ""China"", ""description"": ""Chinese manufacturer of electrical cables and connectors.""}",2026-07-08 15:24:28.796246+00
c5de2f02-58eb-483d-bc5f-2350da548f51,"{""city"": ""Berlin"", ""state"": """", ""labels"": [""Consultancy"", ""Germany""], ""address"": """", ""country"": ""Germany"", ""description"": ""Berlin-based energy consulting firm.""}",2026-07-08 15:24:28.796246+00
c5ec38ec-2286-4f19-bc1b-a78db63ba223,"{""city"": """", ""state"": ""Zhejiang"", ""labels"": [""Module Mfr"", ""China"", ""Solar PV""], ""address"": """", ""country"": ""China"", ""description"": ""Chinese manufacturer of solar PV modules.""}",2026-07-08 15:24:28.796246+00
c5f436dc-c2b2-42c1-a6f9-a9be21081c86,"{""city"": """", ""state"": """", ""labels"": [""Inverter Mfr"", ""South Korea"", ""Solar PV""], ""address"": """", ""country"": ""South Korea"", ""description"": ""South Korean solar power equipment and solutions provider.""}",2026-07-08 15:24:28.796246+00
c605adca-ffbb-4032-92ec-fa58951a11fc,"{""city"": """", ""state"": """", ""labels"": [""Developer/IPP"", ""Romania"", ""Solar PV""], ""address"": """", ""country"": ""Romania"", ""description"": ""Romanian renewable energy project developer.""}",2026-07-08 15:24:28.796246+00
c62cbcde-993e-48b9-9b1d-0fafdd0c2fda,"{""city"": """", ""state"": """", ""labels"": [""Battery/Storage"", ""Netherlands""], ""address"": """", ""country"": ""Netherlands"", ""description"": ""European arm of Tellus Power, lithium battery manufacturer.""}",2026-07-08 15:24:28.796246+00
c63d7b64-0edf-4757-a686-7c123f5c8b73,"{""city"": """", ""state"": """", ""labels"": [""Association"", ""Germany"", ""Solar PV""], ""address"": """", ""country"": ""Germany"", ""description"": ""German association for building-integrated photovoltaics.""}",2026-07-08 15:24:28.796246+00
c68596ef-b75e-4e88-be79-ec47bd9d2f4d,"{""city"": """", ""state"": """", ""labels"": [""Distributor"", ""Germany""], ""address"": """", ""country"": ""Germany"", ""description"": ""German supplier of electrical/energy equipment.""}",2026-07-08 15:24:28.796246+00
c688bafa-30be-402d-bc42-4312723623e1,"{""city"": ""Shenzhen"", ""state"": """", ""labels"": [""Other"", ""China""], ""address"": """", ""country"": ""China"", ""description"": ""Chinese manufacturer of power supply and adapter products.""}",2026-07-08 15:24:28.796246+00
c6b27672-30f4-4c99-b4e5-30b345152d62,"{""city"": """", ""state"": """", ""labels"": [""Cable/BOS"", ""Germany""], ""address"": """", ""country"": ""Germany"", ""description"": ""German manufacturer of cable entry and strain relief systems.""}",2026-07-08 15:24:28.796246+00
c6c3088c-e6f4-4f2c-ac37-57446553cfc6,"{""city"": """", ""state"": """", ""labels"": [""Software"", ""France"", ""Solar PV""], ""address"": """", ""country"": ""France"", ""description"": ""French provider of solar irradiance forecasting and monitoring software.""}",2026-07-08 15:24:28.796246+00
c6c4151a-ebd2-41e8-9c48-591b159f2842,"{""city"": """", ""state"": """", ""labels"": [""Inverter Mfr"", ""Belgium""], ""address"": """", ""country"": ""Belgium"", ""description"": ""Belgian manufacturer of power electronics and inverters.""}",2026-07-08 15:24:28.796246+00
c6dc1c69-156c-47f1-873a-759c4517777d,"{""city"": ""Dongguan"", ""state"": """", ""labels"": [""Cable/BOS"", ""China""], ""address"": """", ""country"": ""China"", ""description"": ""Chinese manufacturer of electrical cables.""}",2026-07-08 15:24:28.796246+00
c71135c3-6e0c-4f4e-95cc-d65789cbb633,"{""city"": """", ""state"": """", ""labels"": [""Testing/Certification"", ""Germany"", ""Storage""], ""address"": """", ""country"": ""Germany"", ""description"": ""German unit of Neware, maker of battery testing equipment.""}",2026-07-08 15:24:28.796246+00
c75877e1-e5d1-4925-867c-2436093610d6,"{""city"": """", ""state"": """", ""labels"": [""Other"", ""Unknown""], ""address"": """", ""country"": """", ""description"": ""Test/placeholder record with no identifiable company data.""}",2026-07-08 15:24:28.796246+00
c7999100-57af-4085-aacc-5571db730eea,"{""city"": ""Shenzhen"", ""state"": """", ""labels"": [""Inverter Mfr"", ""China"", ""Storage""], ""address"": """", ""country"": ""China"", ""description"": ""Chinese manufacturer of hybrid solar inverters and storage systems.""}",2026-07-08 15:24:28.796246+00
c7a1f1b6-4c87-4b1b-9ff9-c0f3b769b8f1,"{""city"": """", ""state"": """", ""labels"": [""Developer/IPP"", ""Germany"", ""Solar PV""], ""address"": """", ""country"": ""Germany"", ""description"": ""German clean energy project development company.""}",2026-07-08 15:24:28.796246+00
c2af9a25-62fb-48e6-a8fb-c6246903b416,"{""city"": """", ""state"": """", ""labels"": [""Battery/Storage"", ""Czech Republic"", ""Utility-scale""], ""address"": """", ""country"": ""Czech Republic"", ""description"": ""Provides end-to-end large-scale battery energy storage system integration from DC through grid connection.""}",2026-07-08 15:24:51.026562+00
c2b59b5c-727a-40d0-b82c-1633250cf44f,"{""city"": """", ""state"": """", ""labels"": [""Cable/BOS"", ""Germany""], ""address"": """", ""country"": ""Germany"", ""description"": ""German construction and infrastructure engineering group producing steel and cable-related building components.""}",2026-07-08 15:24:51.026562+00
c2e5621d-368b-449f-93c2-f5d27626bf5a,"{""city"": ""Utrecht"", ""state"": """", ""labels"": [""EV Charging"", ""Netherlands"", ""Storage""], ""address"": ""Tennesseedreef 3"", ""country"": ""Netherlands"", ""description"": ""Develops AC/DC EV charging solutions, battery energy storage systems and smart energy management systems.""}",2026-07-08 15:24:51.026562+00
c3382884-7857-4b1d-9f74-a65a34789f7a,"{""city"": ""Montalto di Castro"", ""state"": ""VT"", ""labels"": [""EPC/Installer"", ""Italy"", ""Utility-scale""], ""address"": ""Zona Industriale 2 Pini, S.S. Aurelia km 113"", ""country"": ""Italy"", ""description"": ""Designs and installs large-scale photovoltaic systems, including O&M, revamping and solar tracking.""}",2026-07-08 15:24:51.026562+00
c339d53c-42b8-46d2-9074-103adcd05711,"{""city"": ""Drensteinfurt"", ""state"": ""North Rhine-Westphalia"", ""labels"": [""Cable/BOS"", ""Germany""], ""address"": """", ""country"": ""Germany"", ""description"": ""Manufacturer of electrical installation systems including cable management, grounding and surge protection.""}",2026-07-08 15:24:51.026562+00
c35eef76-3a3f-45a4-8507-47fcf8e8b088,"{""city"": ""Ji'an"", ""state"": ""Jiangxi"", ""labels"": [""Battery/Storage"", ""China""], ""address"": ""Yanhuacheng Industrial Park, Dayangzhou"", ""country"": ""China"", ""description"": ""Manufactures VRLA lead-acid and lithium batteries for renewable energy storage, backup power and EV applications.""}",2026-07-08 15:24:51.026562+00
c39e78ba-2b8a-46d3-bfc2-e78e52813a7c,"{""city"": """", ""state"": """", ""labels"": [""Cable/BOS"", ""Italy""], ""address"": """", ""country"": ""Italy"", ""description"": ""Manufactures custom-extruded aluminum profiles for construction, automotive and solar shading applications.""}",2026-07-08 15:24:51.026562+00
c39fc164-5812-447c-8ea3-f481a6caedb9,"{""city"": ""Karlsruhe"", ""state"": """", ""labels"": [""Software"", ""Germany"", ""Grid""], ""address"": ""Durlacher Allee 93"", ""country"": ""Germany"", ""description"": ""Operates a digital platform aggregating decentralized renewable generators for direct marketing and grid balancing.""}",2026-07-08 15:24:51.026562+00
c3acb310-5b88-4dc0-84ea-81b77345fc5e,"{""city"": """", ""state"": """", ""labels"": [""Mounting/Tracker"", ""Germany"", ""Solar PV""], ""address"": """", ""country"": ""Germany"", ""description"": ""Manufactures mounting and racking systems for photovoltaic installations.""}",2026-07-08 15:24:51.026562+00
c3b958c1-0ded-4c0c-994f-e3b6025795b1,"{""city"": """", ""state"": """", ""labels"": [""EV Charging"", ""Austria""], ""address"": """", ""country"": ""Austria"", ""description"": ""Full-service e-mobility provider offering public and fleet EV charging infrastructure, software and billing.""}",2026-07-08 15:24:51.026562+00
c3d2d744-8ed1-43df-b3c4-fa700a0d3a8b,"{""city"": ""London"", ""state"": """", ""labels"": [""Software"", ""United Kingdom"", ""EV Charging""], ""address"": ""167-169 Great Portland Street, 5th Floor"", ""country"": ""United Kingdom"", ""description"": ""AI-native SaaS platform for managing electric vehicle charging network operations.""}",2026-07-08 15:24:51.026562+00
c3f2d545-8eae-42b5-929c-fd2b3b4bea52,"{""city"": ""Zurich"", ""state"": """", ""labels"": [""Association"", ""Switzerland"", ""EV Charging""], ""address"": ""Technoparkstrasse 1"", ""country"": ""Switzerland"", ""description"": ""Nonprofit IEA project consortium developing standards for bidirectional EV charging interoperability.""}",2026-07-08 15:24:51.026562+00
c3ff1663-7593-45fd-9f42-ee60d08029bd,"{""city"": ""Dresden"", ""state"": """", ""labels"": [""Software"", ""Germany"", ""Storage""], ""address"": ""Weisseritzstr. 3"", ""country"": ""Germany"", ""description"": ""Develops AI-based battery diagnostics technology monitoring state of charge, capacity and service life.""}",2026-07-08 15:24:51.026562+00
c40302be-9d61-4740-a4a2-7b2aa63aadda,"{""city"": ""Gent"", ""state"": """", ""labels"": [""Software"", ""Belgium"", ""Grid""], ""address"": ""Hubert Frere-Orbanlaan 318"", ""country"": ""Belgium"", ""description"": ""Provides a virtual power plant platform pooling solar, batteries, EVs and HVAC for forecasting and trading.""}",2026-07-08 15:24:51.026562+00
c4177406-ab4c-46bf-82e7-c6b653aca8a8,"{""city"": ""Hefei"", ""state"": ""Anhui"", ""labels"": [""Mounting/Tracker"", ""China"", ""Solar PV""], ""address"": """", ""country"": ""China"", ""description"": ""Develops floating photovoltaic system solutions for water surfaces including reservoirs and hydro stations.""}",2026-07-08 15:24:51.026562+00
c42a7afb-85ff-4afd-b806-5a7cad0aae8e,"{""city"": """", ""state"": """", ""labels"": [""Association"", ""Romania"", ""Solar PV""], ""address"": """", ""country"": ""Romania"", ""description"": ""Represents solar power industry stakeholders in Romania, advocating for clean energy expansion.""}",2026-07-08 15:24:51.026562+00
c44e7ecb-29a1-466e-b8b9-194a71f0dc12,"{""city"": ""Wassertrudingen"", ""state"": """", ""labels"": [""Software"", ""Germany""], ""address"": ""Westring 15"", ""country"": ""Germany"", ""description"": ""Electronics development and manufacturing services company covering hardware, firmware and PCB assembly.""}",2026-07-08 15:24:51.026562+00
c4527efc-c652-4c39-a3c0-4766632783a1,"{""city"": ""Winnenden"", ""state"": """", ""labels"": [""Consultancy"", ""Germany"", ""Hydrogen""], ""address"": ""Lise-Meitner-Strasse 20"", ""country"": ""Germany"", ""description"": ""Provides business development and networking consultancy for companies in the hydrogen industry.""}",2026-07-08 15:24:51.026562+00
c46caf73-4020-4c9d-b234-8528bb57c02c,"{""city"": ""Ningbo"", ""state"": """", ""labels"": [""Cable/BOS"", ""China""], ""address"": """", ""country"": ""China"", ""description"": ""Manufactures aluminum and metal products, likely including racking or BOS components.""}",2026-07-08 15:24:51.026562+00
c47fe877-204b-4366-97b4-5bf47300fbbe,"{""city"": ""Istanbul"", ""state"": """", ""labels"": [""Cable/BOS"", ""Turkey""], ""address"": ""Hurriyet Mah. Dr. Cemil Bengu Cad. No: 40, Kagithane"", ""country"": ""Turkey"", ""description"": ""Manufactures aluminum extrusion profiles, anodizing and powder coating for construction and industrial use.""}",2026-07-08 15:24:51.026562+00
c482bba6-9509-4f37-932e-cb5fed5bb73a,"{""city"": """", ""state"": """", ""labels"": [""Cable/BOS"", ""Turkey""], ""address"": """", ""country"": ""Turkey"", ""description"": ""Turkish steel industry company producing steel products for industrial and construction applications.""}",2026-07-08 15:24:51.026562+00
c4a19315-1dd0-454c-9b87-970f36ee3995,"{""city"": """", ""state"": ""Saxony"", ""labels"": [""Other"", ""Germany"", ""Storage""], ""address"": """", ""country"": ""Germany"", ""description"": ""Develops PVD particle coating technology for functional layers used in batteries, fuel cells and hydrogen tech.""}",2026-07-08 15:24:51.026562+00
c4c115ff-8b96-41ae-812c-29e817b0c055,"{""city"": ""Hannover"", ""state"": """", ""labels"": [""Battery/Storage"", ""Germany"", ""Solar PV""], ""address"": """", ""country"": ""Germany"", ""description"": ""Manufactures solar panels, inverters, lithium batteries and BESS containers for residential and C&I use.""}",2026-07-08 15:24:51.026562+00
c4c64aee-25ac-4661-8306-0ba23499743e,"{""city"": ""San Potito Sannitico"", ""state"": ""CE"", ""labels"": [""Battery/Storage"", ""Italy""], ""address"": ""Strada Provinciale per Gioia, Centro Az. Quercete"", ""country"": ""Italy"", ""description"": ""Manufactures lithium-ion and lead-acid battery cells, modules and systems for storage and electric mobility.""}",2026-07-08 15:24:51.026562+00
c4cf860c-ce1d-4144-a912-7ff7d301aff9,"{""city"": ""Aichelberg"", ""state"": """", ""labels"": [""Cable/BOS"", ""Germany""], ""address"": ""Steigstrasse 46"", ""country"": ""Germany"", ""description"": ""Manufactures cable markers, labeling solutions and marking equipment for electrical and industrial applications.""}",2026-07-08 15:24:51.026562+00
c7aa42aa-63ad-4c91-bc59-a0255ac40641,"{""city"": """", ""state"": """", ""labels"": [""Cable/BOS"", ""Germany"", ""Solar PV""], ""address"": """", ""country"": ""Germany"", ""description"": ""Makes terminal blocks and connectors for electrical and PV applications.""}",2026-07-08 15:25:22.358922+00
c7ad594d-5044-4d7a-aa0c-6454012d190a,"{""city"": """", ""state"": """", ""labels"": [""Cable/BOS"", ""China"", ""Solar PV""], ""address"": """", ""country"": ""China"", ""description"": ""Manufactures DC contactors used in solar and EV applications.""}",2026-07-08 15:25:22.358922+00
c7ae6634-d584-4928-963e-d9b7eaa6b4b4,"{""city"": """", ""state"": """", ""labels"": [""Developer/IPP"", ""Germany"", ""Wind""], ""address"": """", ""country"": ""Germany"", ""description"": ""Develops wind and solar energy projects.""}",2026-07-08 15:25:22.358922+00
c7c655bd-3269-429d-9736-e4b033169751,"{""city"": """", ""state"": """", ""labels"": [""Mounting/Tracker"", ""Egypt""], ""address"": """", ""country"": ""Egypt"", ""description"": ""Manufactures metal forming and structural products, including mounting components.""}",2026-07-08 15:25:22.358922+00
c7edfe9d-9bbc-4c5d-aeff-a7517cc8b4c1,"{""city"": """", ""state"": """", ""labels"": [""Other"", ""Germany"", ""Solar PV""], ""address"": """", ""country"": ""Germany"", ""description"": ""Provides enterprise drones used for solar and industrial inspection.""}",2026-07-08 15:25:22.358922+00
c8046dc0-45c1-4ab4-b7d0-2d6bf3c1caf4,"{""city"": ""Munich"", ""state"": ""Bavaria"", ""labels"": [""Association"", ""Germany""], ""address"": """", ""country"": ""Germany"", ""description"": ""Organizes The smarter E Europe, a trade fair for the energy industry.""}",2026-07-08 15:25:22.358922+00
c8272d67-9d21-476d-839f-c304cfe0d7cd,"{""city"": """", ""state"": """", ""labels"": [""Distributor"", ""Spain""], ""address"": """", ""country"": ""Spain"", ""description"": ""Distributes electrical and energy equipment.""}",2026-07-08 15:25:22.358922+00
c830261a-4b36-48d8-bc0f-39da318face6,"{""city"": ""Changzhou"", ""state"": ""Jiangsu"", ""labels"": [""Cable/BOS"", ""China""], ""address"": """", ""country"": ""China"", ""description"": ""Manufactures electronic components for power and connection systems.""}",2026-07-08 15:25:22.358922+00
c85c7e1f-69b0-43c8-8c4d-f727f9c763fd,"{""city"": """", ""state"": """", ""labels"": [""Mounting/Tracker"", ""Germany"", ""Solar PV""], ""address"": """", ""country"": ""Germany"", ""description"": ""Makes protective grids and guards for PV inverters.""}",2026-07-08 15:25:22.358922+00
c87270ce-bd06-4190-aa4e-5d2b7dd37ca3,"{""city"": """", ""state"": """", ""labels"": [""Cable/BOS"", ""Germany""], ""address"": """", ""country"": ""Germany"", ""description"": ""Supplies electrical connectors and connection technology.""}",2026-07-08 15:25:22.358922+00
c89a5b82-326d-4cad-8b4f-aadd972449aa,"{""city"": """", ""state"": """", ""labels"": [""Cable/BOS"", ""Italy""], ""address"": """", ""country"": ""Italy"", ""description"": ""Manufactures electrical enclosures and connection components.""}",2026-07-08 15:25:22.358922+00
c8a0e09b-0b54-41e7-ab72-7fefc7e30713,"{""city"": """", ""state"": """", ""labels"": [""Inverter Mfr"", ""China"", ""Solar PV""], ""address"": """", ""country"": ""China"", ""description"": ""Manufactures solar inverters and power electronics.""}",2026-07-08 15:25:22.358922+00
c8aeafc3-44b5-479b-a5f7-40f34007c953,"{""city"": """", ""state"": """", ""labels"": [""EPC/Installer"", ""Bulgaria"", ""Solar PV""], ""address"": """", ""country"": ""Bulgaria"", ""description"": ""Provides solar EPC and energy services.""}",2026-07-08 15:25:22.358922+00
c8b7dc83-6796-42f0-b8e9-3bdb5f28fa8b,"{""city"": """", ""state"": """", ""labels"": [""Metering/Monitoring"", ""Germany"", ""Residential""], ""address"": """", ""country"": ""Germany"", ""description"": ""Sells smart home IoT devices including energy monitoring products.""}",2026-07-08 15:25:22.358922+00
c8bb9a41-9be1-419e-8f77-eff031c410c2,"{""city"": ""Madrid"", ""state"": """", ""labels"": [""Association"", ""Spain"", ""Solar PV""], ""address"": """", ""country"": ""Spain"", ""description"": ""Spanish photovoltaic industry association (UNEF).""}",2026-07-08 15:25:22.358922+00
c8d7f93e-3d78-4ffe-8297-8cebb5210597,"{""city"": ""Pohang"", ""state"": """", ""labels"": [""Other"", ""South Korea""], ""address"": """", ""country"": ""South Korea"", ""description"": ""Global steel manufacturer supplying materials to energy and industrial sectors.""}",2026-07-08 15:25:22.358922+00
c8f4c1fd-41e6-4721-b4da-9dec6b9c262d,"{""city"": """", ""state"": """", ""labels"": [""Cable/BOS"", ""Germany""], ""address"": """", ""country"": ""Germany"", ""description"": ""Supplies electrical and connection equipment.""}",2026-07-08 15:25:22.358922+00
c929961c-35ce-4ee0-bfe1-38c28e7b35be,"{""city"": ""Beijing"", ""state"": """", ""labels"": [""Battery/Storage"", ""China"", ""Utility-scale""], ""address"": """", ""country"": ""China"", ""description"": ""Manufactures grid-scale battery energy storage systems.""}",2026-07-08 15:25:22.358922+00
c936a579-bb3e-4e83-a376-ddc83e242657,"{""city"": """", ""state"": """", ""labels"": [""Cable/BOS"", ""Hungary"", ""Grid""], ""address"": """", ""country"": ""Hungary"", ""description"": ""Manufactures transformers and electric rotating machines.""}",2026-07-08 15:25:22.358922+00
c9391b76-e9b5-4646-a82b-cdf94fadc7e9,"{""city"": """", ""state"": """", ""labels"": [""Inverter Mfr"", ""China"", ""Solar PV""], ""address"": """", ""country"": ""China"", ""description"": ""Manufactures solar power electronics and inverter products.""}",2026-07-08 15:25:22.358922+00
c948b51e-df13-4edc-b76e-43cba98cc5d7,"{""city"": """", ""state"": """", ""labels"": [""Mounting/Tracker"", ""Germany"", ""Residential""], ""address"": """", ""country"": ""Germany"", ""description"": ""Provides roof mounting systems for solar installations.""}",2026-07-08 15:25:22.358922+00
c9514c7d-ec57-4f2c-845b-5a918f95a8e0,"{""city"": ""Shenzhen"", ""state"": ""Guangdong"", ""labels"": [""Other"", ""China""], ""address"": """", ""country"": ""China"", ""description"": ""Supplies tools and equipment for solar installation.""}",2026-07-08 15:25:22.358922+00
c9b292d8-24b8-4162-b848-164599312cf5,"{""city"": ""Deventer"", ""state"": """", ""labels"": [""Other"", ""Netherlands"", ""Wind""], ""address"": """", ""country"": ""Netherlands"", ""description"": ""Manufactures bearings and slewing rings used in wind turbines.""}",2026-07-08 15:25:22.358922+00
c9c0c982-dbee-4ad2-8899-b5c9573c8fdc,"{""city"": ""Nanjing"", ""state"": ""Jiangsu"", ""labels"": [""Cable/BOS"", ""China""], ""address"": """", ""country"": ""China"", ""description"": ""Manufactures electrical connection and technology products.""}",2026-07-08 15:25:22.358922+00
c9ede447-95cf-487a-82db-f63387af7ff9,"{""city"": """", ""state"": """", ""labels"": [""Distributor"", ""China"", ""Solar PV""], ""address"": """", ""country"": ""China"", ""description"": ""Trades and distributes solar panels and PV equipment.""}",2026-07-08 15:25:22.358922+00
c9fa6c78-7815-4cc3-959b-d14bb625c679,"{""city"": ""Madrid"", ""state"": """", ""labels"": [""Testing/Certification"", ""Spain""], ""address"": """", ""country"": ""Spain"", ""description"": ""Provides testing, inspection and certification services including for PV and energy sectors.""}",2026-07-08 15:26:02.26231+00
ca0ccf0d-64c0-4115-a951-a21174206fec,"{""city"": """", ""state"": """", ""labels"": [""Cable/BOS"", ""Taiwan""], ""address"": """", ""country"": ""Taiwan"", ""description"": ""Taiwanese manufacturer of electrical wiring and connection components.""}",2026-07-08 15:26:02.26231+00
ca40a8d4-b982-45a1-9ca9-e11361e2ac41,"{""city"": """", ""state"": ""Jiangsu"", ""labels"": [""Mounting/Tracker"", ""China""], ""address"": """", ""country"": ""China"", ""description"": ""Manufactures gearboxes and slew drives used in solar tracker systems.""}",2026-07-08 15:26:02.26231+00
ca4b476f-c8cd-4489-a1b9-9f9e1ab24be7,"{""city"": """", ""state"": """", ""labels"": [""Battery/Storage"", ""China"", ""Storage""], ""address"": """", ""country"": ""China"", ""description"": ""Provides digital, intelligent battery energy storage systems for residential, C&I and utility-scale use.""}",2026-07-08 15:26:02.26231+00
ca81f9d5-3be0-45ed-b94f-a07ca3023450,"{""city"": ""Shenzhen"", ""state"": ""Guangdong"", ""labels"": [""Battery/Storage"", ""China""], ""address"": """", ""country"": ""China"", ""description"": ""Shenzhen-based manufacturer of lithium batteries and energy storage cells.""}",2026-07-08 15:26:02.26231+00
ca89edfe-57c6-4393-8b25-ce971e3af65c,"{""city"": """", ""state"": """", ""labels"": [""EPC/Installer"", ""Austria"", ""Solar PV""], ""address"": """", ""country"": ""Austria"", ""description"": ""Austrian solar installation and EPC company.""}",2026-07-08 15:26:02.26231+00
ca8a652a-69b4-43db-b670-62bab6839ffd,"{""city"": ""Portland"", ""state"": ""Tennessee"", ""labels"": [""Cable/BOS"", ""United States"", ""Utility-scale""], ""address"": ""1400 Shoals Way"", ""country"": ""United States"", ""description"": ""US manufacturer of electrical balance-of-system and cable management products for solar.""}",2026-07-08 15:26:02.26231+00
caa1e094-b80d-4db8-afec-aefbc2196929,"{""city"": """", ""state"": """", ""labels"": [""Software"", ""Germany"", ""Grid""], ""address"": """", ""country"": ""Germany"", ""description"": ""German provider of smart energy and grid management software.""}",2026-07-08 15:26:02.26231+00
cad4279e-dcb7-4015-9f1d-8497d620c770,"{""city"": ""Milwaukee"", ""state"": ""Wisconsin"", ""labels"": [""Other"", ""United States""], ""address"": """", ""country"": ""United States"", ""description"": ""Manufactures power tools and equipment, marketed in Europe via TTI EMEA.""}",2026-07-08 15:26:02.26231+00
cadabb0a-f3e8-46ef-a1c6-1287e873f289,"{""city"": """", ""state"": ""Guangdong"", ""labels"": [""Inverter Mfr"", ""China"", ""Storage""], ""address"": """", ""country"": ""China"", ""description"": ""Chinese manufacturer of inverters and energy storage products.""}",2026-07-08 15:26:02.26231+00
cae64542-920b-43c1-83c4-66493c013380,"{""city"": ""Huanghua"", ""state"": """", ""labels"": [""Mounting/Tracker"", ""China""], ""address"": """", ""country"": ""China"", ""description"": ""Chinese manufacturer of hardware products including solar mounting fasteners.""}",2026-07-08 15:26:02.26231+00
cae89f9d-136e-47ab-a778-8ea83984a51f,"{""city"": """", ""state"": ""Bavaria"", ""labels"": [""Consultancy"", ""Germany""], ""address"": """", ""country"": ""Germany"", ""description"": ""Bavarian innovation and technology transfer agency supporting companies including in energy sector.""}",2026-07-08 15:26:02.26231+00
caed0f94-cee2-4a2c-b0b5-c11f985fe64f,"{""city"": """", ""state"": """", ""labels"": [""Cable/BOS"", ""Germany""], ""address"": """", ""country"": ""Germany"", ""description"": ""Provides cable management systems for solar installations.""}",2026-07-08 15:26:02.26231+00
caf8e3ff-a6f5-4bb6-96c7-05967e37ef92,"{""city"": ""Mondragon"", ""state"": ""Basque Country"", ""labels"": [""Other"", ""Spain"", ""Solar PV""], ""address"": """", ""country"": ""Spain"", ""description"": ""Spanish manufacturer of automated assembly equipment for solar module production.""}",2026-07-08 15:26:02.26231+00
cb3a6ad9-d69c-4699-91de-828a36c13292,"{""city"": """", ""state"": """", ""labels"": [""Mounting/Tracker"", ""Luxembourg""], ""address"": """", ""country"": ""Luxembourg"", ""description"": ""Manufactures metal building materials including trapezoidal roof and wall profiles.""}",2026-07-08 15:26:02.26231+00
cb52b5ae-a36d-48df-92a0-c570594ac670,"{""city"": ""London"", ""state"": """", ""labels"": [""Metering/Monitoring"", ""United Kingdom""], ""address"": """", ""country"": ""United Kingdom"", ""description"": ""Provides energy consumption monitoring and analytics software.""}",2026-07-08 15:26:02.26231+00
cb7c72ec-27c8-452a-9684-8b2217957bb1,"{""city"": """", ""state"": """", ""labels"": [""Consultancy"", ""Germany"", ""Grid""], ""address"": """", ""country"": ""Germany"", ""description"": ""German consultancy specializing in grid connection and energy systems.""}",2026-07-08 15:26:02.26231+00
cb8067a4-96e9-438d-b0e3-3cbd54eace2d,"{""city"": ""Zurich"", ""state"": """", ""labels"": [""Other"", ""Switzerland"", ""EV Charging""], ""address"": """", ""country"": ""Switzerland"", ""description"": ""ABB business unit providing EV charging infrastructure and solutions.""}",2026-07-08 15:26:02.26231+00
cb98401f-918d-4d13-8ba1-be6e0ca22fb6,"{""city"": """", ""state"": ""Jiangxi"", ""labels"": [""Other"", ""China""], ""address"": """", ""country"": ""China"", ""description"": ""Chinese high-tech holdings company; specific product line unconfirmed.""}",2026-07-08 15:26:02.26231+00
cb9ad90f-8d79-4925-a5f6-06ddf395f075,"{""city"": ""Bratislava"", ""state"": """", ""labels"": [""Software"", ""Slovakia"", ""Solar PV""], ""address"": """", ""country"": ""Slovakia"", ""description"": ""Provides solar resource and weather data, and PV performance software.""}",2026-07-08 15:26:02.26231+00
cbc72197-6b45-4655-bab6-e1af403417b9,"{""city"": """", ""state"": """", ""labels"": [""Software"", ""Germany""], ""address"": """", ""country"": ""Germany"", ""description"": ""German software company.""}",2026-07-08 15:26:02.26231+00
cbd14b24-dfed-415c-b3ad-7b2090f0daea,"{""city"": """", ""state"": """", ""labels"": [""Mounting/Tracker"", ""Germany"", ""Solar PV""], ""address"": """", ""country"": ""Germany"", ""description"": ""German manufacturer of solar mounting systems (Arausol brand).""}",2026-07-08 15:26:02.26231+00
cbe4b5c7-940e-416c-952a-38f7b5110e4b,"{""city"": ""Xiamen"", ""state"": ""Fujian"", ""labels"": [""Mounting/Tracker"", ""China"", ""Solar PV""], ""address"": """", ""country"": ""China"", ""description"": ""Chinese manufacturer of photovoltaic mounting and balance-of-system products.""}",2026-07-08 15:26:02.26231+00
cbecdaba-4f23-48f3-a6a2-3ee3729292da,"{""city"": """", ""state"": ""Zhejiang"", ""labels"": [""Module Mfr"", ""China"", ""Solar PV""], ""address"": """", ""country"": ""China"", ""description"": ""Chinese manufacturer of solar PV modules.""}",2026-07-08 15:26:02.26231+00
cbecfa43-7c80-4853-bb51-ea2ce998a30e,"{""city"": """", ""state"": """", ""labels"": [""Consultancy"", ""Germany"", ""Solar PV""], ""address"": """", ""country"": ""Germany"", ""description"": ""German company providing innovative solar products and planning consultancy.""}",2026-07-08 15:26:02.26231+00
cc0e7b34-ad5b-4194-9b42-03bfd27db86e,"{""city"": """", ""state"": """", ""labels"": [""Module Mfr"", ""Germany"", ""Solar PV""], ""address"": """", ""country"": ""Germany"", ""description"": ""German unit of China National Building Material Group; supplies glass and PV modules.""}",2026-07-08 15:26:15.004334+00
cc0ec6b8-22da-4d4a-a629-f4857f15305c,"{""city"": ""Ningbo"", ""state"": ""Zhejiang"", ""labels"": [""Inverter Mfr"", ""China"", ""Solar PV""], ""address"": """", ""country"": ""China"", ""description"": ""Manufactures solar and hybrid inverters for residential and commercial PV systems.""}",2026-07-08 15:26:15.004334+00
cc1eca1a-6961-478f-8ea9-a1199438bce9,"{""city"": """", ""state"": """", ""labels"": [""EPC/Installer"", ""India"", ""Solar PV""], ""address"": """", ""country"": ""India"", ""description"": ""Provides solar EPC and installation services for residential and commercial customers.""}",2026-07-08 15:26:15.004334+00
cc274cd4-40aa-4d72-bb20-15c9d52a4cd6,"{""city"": """", ""state"": """", ""labels"": [""Software"", ""Germany"", ""Grid""], ""address"": """", ""country"": ""Germany"", ""description"": ""Liebherr subsidiary offering energy management and storage solutions.""}",2026-07-08 15:26:15.004334+00
cc2cf763-b213-499b-bcdf-2ca6369b3894,"{""city"": """", ""state"": """", ""labels"": [""Cable/BOS"", ""China"", ""EV Charging""], ""address"": """", ""country"": ""China"", ""description"": ""Manufactures electric cables including EV charging cables and instrumentation cable.""}",2026-07-08 15:26:15.004334+00
cc407653-fead-4acf-b0d8-72ef7c51adff,"{""city"": """", ""state"": """", ""labels"": [""Software"", ""Germany"", ""Residential""], ""address"": """", ""country"": ""Germany"", ""description"": ""Provides software platform for planning and selling residential solar and heat pump systems.""}",2026-07-08 15:26:15.004334+00
cc466c55-1cbe-475b-a75b-3230351ce493,"{""city"": """", ""state"": """", ""labels"": [""EPC/Installer"", ""Germany"", ""Solar PV""], ""address"": """", ""country"": ""Germany"", ""description"": ""German solar energy company providing installation and project services.""}",2026-07-08 15:26:15.004334+00
cc4d8475-0bab-4410-9bd5-29050dac430c,"{""city"": """", ""state"": """", ""labels"": [""Other"", ""Spain"", ""EV Charging""], ""address"": """", ""country"": ""Spain"", ""description"": ""Spanish company specializing in electric mobility and EV charging solutions.""}",2026-07-08 15:26:15.004334+00
cc63eadc-42bf-4eac-8384-c291546130b4,"{""city"": """", ""state"": """", ""labels"": [""Other"", ""Germany""], ""address"": """", ""country"": ""Germany"", ""description"": ""German insurance brokerage (Versicherungsbrueder) serving business clients.""}",2026-07-08 15:26:15.004334+00
ccc232a1-5461-4c07-a4d3-cecf391cafef,"{""city"": ""Changshu"", ""state"": ""Jiangsu"", ""labels"": [""Other"", ""China""], ""address"": """", ""country"": ""China"", ""description"": ""Chinese technology manufacturer based in Changshu; details limited.""}",2026-07-08 15:26:15.004334+00
ccdadf7e-26a6-43c1-9108-1d98dbc83c7b,"{""city"": """", ""state"": """", ""labels"": [""Other"", ""Germany""], ""address"": """", ""country"": ""Germany"", ""description"": ""Provides construction site surveillance camera services in Germany.""}",2026-07-08 15:26:15.004334+00
cd081890-a96a-4de6-b15b-d554aa13edea,"{""city"": ""Shenzhen"", ""state"": ""Guangdong"", ""labels"": [""Battery/Storage"", ""China""], ""address"": """", ""country"": ""China"", ""description"": ""Manufactures lithium battery cells and energy storage products.""}",2026-07-08 15:26:15.004334+00
cd46511b-a9ad-4dcd-98b4-3c5dcabc2cf0,"{""city"": """", ""state"": """", ""labels"": [""Battery/Storage"", ""China""], ""address"": """", ""country"": ""China"", ""description"": ""Manufactures batteries and power products for energy storage applications.""}",2026-07-08 15:26:15.004334+00
cd6a9712-1611-491e-ba6a-f8a00aaea0de,"{""city"": ""Shenzhen"", ""state"": ""Guangdong"", ""labels"": [""Inverter Mfr"", ""China""], ""address"": """", ""country"": ""China"", ""description"": ""Manufactures inverters and power conversion equipment for new energy applications.""}",2026-07-08 15:26:15.004334+00
cd7e0223-65c6-40be-b5d2-c1c27119b9c2,"{""city"": """", ""state"": """", ""labels"": [""Mounting/Tracker"", ""Portugal""], ""address"": """", ""country"": ""Portugal"", ""description"": ""Portuguese manufacturer of metal structures including solar mounting systems.""}",2026-07-08 15:26:15.004334+00
cd9e0a3c-331e-4889-8849-052679aad155,"{""city"": """", ""state"": """", ""labels"": [""Module Mfr"", ""China"", ""Solar PV""], ""address"": """", ""country"": ""China"", ""description"": ""Manufactures photovoltaic solar modules.""}",2026-07-08 15:26:15.004334+00
cdaddfdf-7809-4950-ab81-f21a152eb82c,"{""city"": """", ""state"": """", ""labels"": [""Other"", ""Germany"", ""Wind""], ""address"": """", ""country"": ""Germany"", ""description"": ""German electrical engineering firm supplying components for wind turbines.""}",2026-07-08 15:26:15.004334+00
cdbf15b8-afae-4cd9-9941-8a3f670c9ad2,"{""city"": """", ""state"": """", ""labels"": [""Battery/Storage"", ""China""], ""address"": """", ""country"": ""China"", ""description"": ""Manufactures new energy storage battery products.""}",2026-07-08 15:26:15.004334+00
cdd81db0-4981-4923-b5da-688ea7c7bee6,"{""city"": """", ""state"": """", ""labels"": [""Cable/BOS"", ""Germany""], ""address"": """", ""country"": ""Germany"", ""description"": ""Manufactures cable management and fastening products including for solar installations.""}",2026-07-08 15:26:15.004334+00
cdf9944f-10bf-498a-9a52-399f8bc98531,"{""city"": """", ""state"": """", ""labels"": [""Other"", ""United States"", ""Grid""], ""address"": """", ""country"": ""United States"", ""description"": ""Manufactures sensors and electrical protection components for industrial and energy markets.""}",2026-07-08 15:26:15.004334+00
cdfff409-cada-4e90-9a2e-59066a580345,"{""city"": ""Xiamen"", ""state"": ""Fujian"", ""labels"": [""Module Mfr"", ""China"", ""Solar PV""], ""address"": """", ""country"": ""China"", ""description"": ""Manufactures solar photovoltaic modules and cells.""}",2026-07-08 15:26:15.004334+00
ce16bbfa-828a-43a0-a641-9f63d38a8adc,"{""city"": """", ""state"": """", ""labels"": [""Other"", ""Spain"", ""Grid""], ""address"": """", ""country"": ""Spain"", ""description"": ""Spanish company specializing in harmonic filtering and power quality solutions.""}",2026-07-08 15:26:15.004334+00
ce2ddbc1-8100-4bd2-aef8-6a2f22edcbab,"{""city"": ""Shenzhen"", ""state"": ""Guangdong"", ""labels"": [""Battery/Storage"", ""China""], ""address"": """", ""country"": ""China"", ""description"": ""Manufactures energy storage batteries and related power products.""}",2026-07-08 15:26:15.004334+00
ce4c5e2d-d75e-4084-8867-a7ee58a77d7c,"{""city"": ""Munich"", ""state"": ""Bavaria"", ""labels"": [""Other"", ""Germany""], ""address"": """", ""country"": ""Germany"", ""description"": ""Munich-based supplier of fluid system components (Swagelok solutions) for industrial use.""}",2026-07-08 15:26:15.004334+00
ce87e372-b95a-4bcb-9f74-0ad9f6969bde,"{""city"": """", ""state"": """", ""labels"": [""Battery/Storage"", ""United States"", ""Residential""], ""address"": """", ""country"": ""United States"", ""description"": ""Manufactures home battery energy storage systems for residential use.""}",2026-07-08 15:26:15.004334+00
ce984ad2-8b63-4232-b8d7-0e445348da49,"{""city"": """", ""state"": """", ""labels"": [""EPC/Installer"", ""Germany"", ""Solar PV""], ""address"": """", ""country"": ""Germany"", ""description"": ""German solar installation/distribution company.""}",2026-07-08 15:26:54.20718+00
ceab63b4-de78-4f16-9bfc-0883a888f82e,"{""city"": """", ""state"": """", ""labels"": [""Cable/BOS"", ""France"", ""Solar PV""], ""address"": """", ""country"": ""France"", ""description"": ""Supplies PV interconnection ribbon for solar cell manufacturing.""}",2026-07-08 15:26:54.20718+00
ceae1568-7ac9-4258-b48b-5860c06867d4,"{""city"": """", ""state"": """", ""labels"": [""Mounting/Tracker"", ""Netherlands""], ""address"": """", ""country"": ""Netherlands"", ""description"": ""Dutch metalwork/mounting structure supplier.""}",2026-07-08 15:26:54.20718+00
cec1fc3c-37d2-4205-a472-a1677a7e16d8,"{""city"": """", ""state"": """", ""labels"": [""EPC/Installer"", ""Belgium"", ""Solar PV""], ""address"": """", ""country"": ""Belgium"", ""description"": ""Belgian solar installation company.""}",2026-07-08 15:26:54.20718+00
cec6310a-c0ac-4eca-ac7e-08a764b50a04,"{""city"": """", ""state"": """", ""labels"": [""Other"", ""India""], ""address"": """", ""country"": ""India"", ""description"": ""Indian power equipment manufacturer.""}",2026-07-08 15:26:54.20718+00
cf028d97-f2d6-4a6b-9aa8-df1f724ea8d3,"{""city"": """", ""state"": """", ""labels"": [""Cable/BOS"", ""Turkey""], ""address"": """", ""country"": ""Turkey"", ""description"": ""Turkish manufacturer of electrical panels/switchgear.""}",2026-07-08 15:26:54.20718+00
cf2449b5-e76a-430e-a98f-ba72fff69f60,"{""city"": """", ""state"": """", ""labels"": [""Battery/Storage"", ""Netherlands""], ""address"": """", ""country"": ""Netherlands"", ""description"": ""Develops long-duration energy storage technology.""}",2026-07-08 15:26:54.20718+00
cf32dffe-d5e7-4ac9-9907-a348174eeb0a,"{""city"": """", ""state"": """", ""labels"": [""Inverter Mfr"", ""Turkey"", ""Solar PV""], ""address"": """", ""country"": ""Turkey"", ""description"": ""Turkish manufacturer of solar inverters/power electronics.""}",2026-07-08 15:26:54.20718+00
cf391020-4d58-43d8-909e-c7681077b51c,"{""city"": """", ""state"": """", ""labels"": [""Developer/IPP"", ""Germany"", ""Utility-scale""], ""address"": """", ""country"": ""Germany"", ""description"": ""Uniper subsidiary developing renewable energy projects.""}",2026-07-08 15:26:54.20718+00
cf4159b4-ae82-40d8-b687-30c64b37b1e8,"{""city"": """", ""state"": """", ""labels"": [""Other"", ""China"", ""Off-grid""], ""address"": """", ""country"": ""China"", ""description"": ""Chinese pump manufacturer, incl. solar water pumps.""}",2026-07-08 15:26:54.20718+00
cf44bd22-9d04-4205-af19-b41ae3674328,"{""city"": """", ""state"": """", ""labels"": [""Inverter Mfr"", ""Germany""], ""address"": """", ""country"": ""Germany"", ""description"": ""German subsidiary of Pramac, maker of generators and power products.""}",2026-07-08 15:26:54.20718+00
cf4682f0-139b-4ed8-9900-75e7c0995204,"{""city"": """", ""state"": """", ""labels"": [""Research/Academic"", ""Germany"", ""Solar PV""], ""address"": """", ""country"": ""Germany"", ""description"": ""Develops perovskite solar cell technology.""}",2026-07-08 15:26:54.20718+00
cf6d68fd-63e3-4528-a6f2-62bcfb12c6af,"{""city"": """", ""state"": """", ""labels"": [""Module Mfr"", ""Germany"", ""Solar PV""], ""address"": """", ""country"": ""Germany"", ""description"": ""Manufactures bifacial vertical solar modules.""}",2026-07-08 15:26:54.20718+00
cf7a6271-bbec-4244-8dfd-235489f3e675,"{""city"": """", ""state"": """", ""labels"": [""Battery/Storage"", ""Sweden""], ""address"": """", ""country"": ""Sweden"", ""description"": ""Develops sand-based thermal energy storage.""}",2026-07-08 15:26:54.20718+00
cf861140-0b80-4697-b1b1-82778b4b3b63,"{""city"": """", ""state"": """", ""labels"": [""Battery/Storage"", ""China""], ""address"": """", ""country"": ""China"", ""description"": ""Chinese electronics company with energy storage products division.""}",2026-07-08 15:26:54.20718+00
cfdc7507-4aab-4002-b10b-f2882d7198d0,"{""city"": """", ""state"": """", ""labels"": [""Other"", ""Croatia"", ""EV Charging""], ""address"": """", ""country"": ""Croatia"", ""description"": ""Provider of EV charging solutions (Televend brand).""}",2026-07-08 15:26:54.20718+00
cfe4ac18-51dd-48b2-ac1a-6e8e0ffda68f,"{""city"": """", ""state"": """", ""labels"": [""Battery/Storage"", ""China""], ""address"": """", ""country"": ""China"", ""description"": ""Chinese energy storage battery manufacturer.""}",2026-07-08 15:26:54.20718+00
cfe51a4f-e3da-4670-9eaf-b03b91af4b97,"{""city"": """", ""state"": """", ""labels"": [""Research/Academic"", ""Taiwan""], ""address"": """", ""country"": ""Taiwan"", ""description"": ""Taiwanese university with engineering/energy research programs.""}",2026-07-08 15:26:54.20718+00
d007ae36-d066-45a2-aec4-8274107e4f02,"{""city"": """", ""state"": """", ""labels"": [""Metering/Monitoring"", ""Germany""], ""address"": """", ""country"": ""Germany"", ""description"": ""German manufacturer of test and measurement instruments.""}",2026-07-08 15:26:54.20718+00
d007cf07-50c3-4b35-ad3f-4956a37e9466,"{""city"": """", ""state"": """", ""labels"": [""Other"", ""Netherlands"", ""EV Charging""], ""address"": """", ""country"": ""Netherlands"", ""description"": ""EV charging hardware and software provider.""}",2026-07-08 15:26:54.20718+00
d048d8c0-97a2-4f07-8691-912715066f83,"{""city"": """", ""state"": """", ""labels"": [""Mounting/Tracker"", ""Germany""], ""address"": """", ""country"": ""Germany"", ""description"": ""German manufacturer of metal roofing and solar mounting systems.""}",2026-07-08 15:26:54.20718+00
d04d0030-01ea-4768-ae0e-b90f16eb9448,"{""city"": """", ""state"": """", ""labels"": [""Mounting/Tracker"", ""Turkey""], ""address"": """", ""country"": ""Turkey"", ""description"": ""Turkish metal fabrication company producing mounting structures.""}",2026-07-08 15:26:54.20718+00
d0844005-ee45-4b4d-8808-b3c9e9857ab7,"{""city"": """", ""state"": """", ""labels"": [""Other"", ""China""], ""address"": """", ""country"": ""China"", ""description"": ""Chinese manufacturer of heat pumps and thermal products.""}",2026-07-08 15:26:54.20718+00
d08dba16-db38-4644-b028-11bb2cdeb6e7,"{""city"": """", ""state"": """", ""labels"": [""Battery/Storage"", ""China""], ""address"": """", ""country"": ""China"", ""description"": ""Chinese power and battery technology company.""}",2026-07-08 15:26:54.20718+00
d0ac1b87-d15f-46a9-a928-e4d1a17690b1,"{""city"": """", ""state"": """", ""labels"": [""EPC/Installer"", ""Austria"", ""Solar PV""], ""address"": """", ""country"": ""Austria"", ""description"": ""Austrian solar installation company.""}",2026-07-08 15:26:54.20718+00
d0bf7114-92f1-4f85-9d81-28988b7d58b6,"{""city"": ""Stuttgart"", ""state"": ""Baden-Wurttemberg"", ""labels"": [""Mounting/Tracker"", ""Germany"", ""Solar PV""], ""address"": ""Mozartstr. 16"", ""country"": ""Germany"", ""description"": ""Designs and installs parking-lot canopy photovoltaic systems and solar facades.""}",2026-07-08 15:27:46.031876+00
d0cbc258-f875-4863-82f1-490255b56f02,"{""city"": """", ""state"": """", ""labels"": [""Other"", ""South Korea""], ""address"": """", ""country"": ""South Korea"", ""description"": ""South Korean manufacturing/trading company; website unreachable, classified from domain.""}",2026-07-08 15:27:46.031876+00
d0ce27fb-733f-4a04-88f5-1736baf6bd26,"{""city"": """", ""state"": """", ""labels"": [""Module Mfr"", ""South Korea"", ""Solar PV""], ""address"": """", ""country"": ""South Korea"", ""description"": ""Hansol EnergyON manufactures solar PV modules and energy solutions.""}",2026-07-08 15:27:46.031876+00
d0d88635-79b1-4d4c-9bd2-024d3509d918,"{""city"": """", ""state"": """", ""labels"": [""Association"", ""Germany""], ""address"": """", ""country"": ""Germany"", ""description"": ""Trade press booth entity associated with EM-Power Europe solar/energy trade fair.""}",2026-07-08 15:27:46.031876+00
d0dfd9ac-3ebd-4c3d-a74f-b15940aca9cb,"{""city"": ""Shanghai"", ""state"": """", ""labels"": [""Battery/Storage"", ""China"", ""EV Charging""], ""address"": """", ""country"": ""China"", ""description"": ""Provides intelligent battery energy storage, EV charging and battery diagnosis solutions (PBCD).""}",2026-07-08 15:27:46.031876+00
d0f3e311-bc1e-4f3c-9c47-35fede63b970,"{""city"": ""Vadodara"", ""state"": ""Gujarat"", ""labels"": [""Other"", ""India""], ""address"": ""Block No. 1129, POR-Ramangamdi Road"", ""country"": ""India"", ""description"": ""Manufactures transformers, servo voltage stabilizers and electrical panels including solar/wind types.""}",2026-07-08 15:27:46.031876+00
d0f41655-05ea-490a-8eb8-0ec85aca9260,"{""city"": """", ""state"": """", ""labels"": [""Utility"", ""Germany"", ""Grid""], ""address"": """", ""country"": ""Germany"", ""description"": ""Syna operates as a German electricity distribution network operator; site access restricted.""}",2026-07-08 15:27:46.031876+00
d111dd0b-a6c7-4b81-83b0-d3c6dad3ab66,"{""city"": """", ""state"": """", ""labels"": [""Software"", ""Germany"", ""EV Charging""], ""address"": """", ""country"": ""Germany"", ""description"": ""m8mit operates an EV charging network app/card providing access to public charging points across Europe.""}",2026-07-08 15:27:46.031876+00
d11a00a5-0627-4772-a139-9a89fd272fc7,"{""city"": """", ""state"": """", ""labels"": [""Cable/BOS"", ""Germany""], ""address"": """", ""country"": ""Germany"", ""description"": ""Manufactures precast concrete elements including facade, energy infrastructure and e-mobility foundation components.""}",2026-07-08 15:27:46.031876+00
d15b4835-4bde-4b90-8abb-bd383a6eeb9c,"{""city"": ""Mannheim"", ""state"": ""Baden-Wurttemberg"", ""labels"": [""Other"", ""Germany"", ""Grid""], ""address"": ""Schreiberstrasse 9"", ""country"": ""Germany"", ""description"": ""Schweizer Transformer Products manufactures transformers; website under construction.""}",2026-07-08 15:27:46.031876+00
d1667383-09ec-44b8-9208-e637e59588c9,"{""city"": ""Murnau am Staffelsee"", ""state"": ""Bavaria"", ""labels"": [""Battery/Storage"", ""Germany"", ""Solar PV""], ""address"": ""Leitenweg 24"", ""country"": ""Germany"", ""description"": ""BESS(t) PV supplies solar modules, inverters and battery/energy storage systems.""}",2026-07-08 15:27:46.031876+00
d1c034d5-727b-4b67-b622-51e5c4a9eb6a,"{""city"": ""Bursa"", ""state"": """", ""labels"": [""Cable/BOS"", ""Turkey""], ""address"": ""Demirtas Dumlupinar, Acelya Sok. D:9"", ""country"": ""Turkey"", ""description"": ""Metal forming manufacturer producing components for automotive, solar energy and other industrial sectors.""}",2026-07-08 15:27:46.031876+00
d1deb53b-996f-4683-99c1-1c23858102ce,"{""city"": """", ""state"": """", ""labels"": [""Association"", ""Netherlands""], ""address"": """", ""country"": ""Netherlands"", ""description"": ""Netherlands Enterprise Agency (RVO), Dutch government agency supporting business and sustainability programs.""}",2026-07-08 15:27:46.031876+00
d1e12cd9-d7f7-4ab8-a559-ca040612bcd0,"{""city"": ""Munich"", ""state"": ""Bavaria"", ""labels"": [""Association"", ""Germany""], ""address"": ""Max-Joseph-Strasse 2"", ""country"": ""Germany"", ""description"": ""Umbrella association for Bavaria's nine chambers of commerce and industry.""}",2026-07-08 15:27:46.031876+00
d1f9fd99-e538-4980-adbe-3f1dfcc13d17,"{""city"": """", ""state"": """", ""labels"": [""Battery/Storage"", ""China""], ""address"": """", ""country"": ""China"", ""description"": ""SHOTO manufactures lead-acid and other industrial/energy storage batteries.""}",2026-07-08 15:27:46.031876+00
d1fb5eb8-c2c4-477f-871f-5c7ac45d68c2,"{""city"": ""Ankara"", ""state"": """", ""labels"": [""Other"", ""Turkey"", ""Grid""], ""address"": ""Baskent OSB Inonu Bulvari No:8 Maliköy Sincan"", ""country"": ""Turkey"", ""description"": ""SEM Transformatör manufactures special, power and distribution transformers.""}",2026-07-08 15:27:46.031876+00
d2064256-4763-415c-8bdb-d500dcab1825,"{""city"": ""Burgau"", ""state"": ""Bavaria"", ""labels"": [""Mounting/Tracker"", ""Germany"", ""Solar PV""], ""address"": ""Greisbacherstrasse 6"", ""country"": ""Germany"", ""description"": ""T.Werk manufactures photovoltaic mounting/substructure systems for roof, facade and ground installations.""}",2026-07-08 15:27:46.031876+00
d213da10-2148-49f9-9ba5-7e9ca5f800e9,"{""city"": ""Nanjing"", ""state"": """", ""labels"": [""Battery/Storage"", ""China"", ""C&I""], ""address"": ""8/F, Building 2, 59 Tianyuan West Road"", ""country"": ""China"", ""description"": ""Teplore manufactures commercial, industrial and utility-scale battery energy storage systems.""}",2026-07-08 15:27:46.031876+00
d22e3c94-c175-4bdc-9e78-6086125c5289,"{""city"": ""Anyang"", ""state"": ""Henan"", ""labels"": [""Mounting/Tracker"", ""China"", ""Solar PV""], ""address"": """", ""country"": ""China"", ""description"": ""Manufactures screw-pile foundations, brackets and tracking systems for PV projects.""}",2026-07-08 15:27:46.031876+00
d237b599-a6ec-465a-b1ff-f1e4cc7647c6,"{""city"": """", ""state"": """", ""labels"": [""Developer/IPP"", ""Germany"", ""Solar PV""], ""address"": """", ""country"": ""Germany"", ""description"": ""EDF power solutions Deutschland develops and operates renewable power generation and storage assets.""}",2026-07-08 15:27:46.031876+00
d2572954-0ccd-4031-a700-127cd4b3c96c,"{""city"": ""Eresing"", ""state"": ""Bavaria"", ""labels"": [""Other"", ""Germany"", ""Hydrogen""], ""address"": ""Am Mittelfeld 11"", ""country"": ""Germany"", ""description"": ""Reverion develops reversible fuel cell systems converting biogas and hydrogen into electricity.""}",2026-07-08 15:27:46.031876+00
d25f3746-3387-4ebe-ab02-e30959eb3688,"{""city"": """", ""state"": """", ""labels"": [""Distributor"", ""Japan""], ""address"": """", ""country"": ""Japan"", ""description"": ""Sanyo Trading imports and distributes fine chemicals, industrial products and green/energy technology.""}",2026-07-08 15:27:46.031876+00
d2824f91-568f-4a07-8485-9ff1fc8e5f68,"{""city"": ""Stuttgart"", ""state"": ""Baden-Wurttemberg"", ""labels"": [""Other"", ""Germany"", ""Residential""], ""address"": ""Sieglestrasse 33H"", ""country"": ""Germany"", ""description"": ""Elephant Power develops AI-controlled heat pump and home energy management systems.""}",2026-07-08 15:27:46.031876+00
d2959443-0997-483f-bd79-b2fcedb19fb4,"{""city"": ""Kjeller"", ""state"": """", ""labels"": [""Research/Academic"", ""Norway""], ""address"": ""Instituttveien 18"", ""country"": ""Norway"", ""description"": ""IFE is a research institute focused on energy technology, nuclear safety and materials science.""}",2026-07-08 15:27:46.031876+00
d2ca4e7d-3a8b-4ba4-9bef-6f7053f0ae12,"{""city"": ""Shanghai"", ""state"": """", ""labels"": [""Inverter Mfr"", ""China"", ""Battery/Storage""], ""address"": ""No. 3399, Huaning Road, Minhang District"", ""country"": ""China"", ""description"": ""Swatten develops hybrid inverters and battery energy storage systems for residential and C&I applications.""}",2026-07-08 15:27:46.031876+00
d2e14ef4-48f5-4462-b441-fb4fa8d15d07,"{""city"": ""Berlin"", ""state"": """", ""labels"": [""Other"", ""Germany"", ""Grid""], ""address"": """", ""country"": ""Germany"", ""description"": ""Manufactures eco-efficient, SF6-free gas-insulated switchgear for medium-voltage grids.""}",2026-07-08 15:27:51.74966+00
d30f5935-b409-40d8-b4cd-381737050963,"{""city"": """", ""state"": """", ""labels"": [""EPC/Installer"", ""Netherlands"", ""Solar PV""], ""address"": """", ""country"": ""Netherlands"", ""description"": ""Dutch solar organization/installer network for residential and commercial PV.""}",2026-07-08 15:27:51.74966+00
d3771062-c8c7-43ba-9345-20a168e4b261,"{""city"": ""Xuzhou"", ""state"": ""Jiangsu"", ""labels"": [""Other"", ""China""], ""address"": """", ""country"": ""China"", ""description"": ""Manufactures machinery equipment including solar panel production lines.""}",2026-07-08 15:27:51.74966+00
d394069a-f06b-4c91-b463-e7e19248e272,"{""city"": """", ""state"": """", ""labels"": [""EPC/Installer"", ""Spain"", ""Solar PV""], ""address"": """", ""country"": ""Spain"", ""description"": ""Spanish company providing solar PV installation and EPC services.""}",2026-07-08 15:27:51.74966+00
d396ddc3-eb58-4fed-aeb7-9babaf4875d1,"{""city"": ""Hamburg"", ""state"": """", ""labels"": [""Developer/IPP"", ""Germany"", ""Wind""], ""address"": """", ""country"": ""Germany"", ""description"": ""European center of excellence of Envision Energy, global renewable energy technology group.""}",2026-07-08 15:27:51.74966+00
d39d175c-bad7-4fe9-a00f-360f5c264ad3,"{""city"": """", ""state"": """", ""labels"": [""Distributor"", ""Spain""], ""address"": """", ""country"": ""Spain"", ""description"": ""Spanish distributor of electrical and electromechanical equipment.""}",2026-07-08 15:27:51.74966+00
d39f9010-bcc9-4761-ad70-23f523e77c83,"{""city"": """", ""state"": """", ""labels"": [""Battery/Storage"", ""Germany""], ""address"": """", ""country"": ""Germany"", ""description"": ""European arm of a supercapacitor manufacturer for energy storage applications.""}",2026-07-08 15:27:51.74966+00
d3aaecd9-3e8c-465d-a559-63dc38a0a53e,"{""city"": """", ""state"": """", ""labels"": [""Battery/Storage"", ""China""], ""address"": """", ""country"": ""China"", ""description"": ""Foxconn-affiliated new energy technology subsidiary focused on battery and energy products.""}",2026-07-08 15:27:51.74966+00
d3b76e3b-59fb-4c04-b11a-c59b7df66def,"{""city"": ""Hong Kong"", ""state"": """", ""labels"": [""Distributor"", ""China""], ""address"": """", ""country"": ""China"", ""description"": ""Hong Kong-based trading company for energy and lithium battery products.""}",2026-07-08 15:27:51.74966+00
d3d59e67-117b-4180-b2af-baf533ff5229,"{""city"": ""Shanghai"", ""state"": """", ""labels"": [""Battery/Storage"", ""China""], ""address"": """", ""country"": ""China"", ""description"": ""Shanghai-based developer of new energy materials including battery materials.""}",2026-07-08 15:27:51.74966+00
d3d822b7-7b4f-47c6-8eb2-69e7c7190641,"{""city"": """", ""state"": """", ""labels"": [""EV Charging"", ""Poland""], ""address"": """", ""country"": ""Poland"", ""description"": ""Polish company providing electric vehicle charging infrastructure solutions.""}",2026-07-08 15:27:51.74966+00
d3fe7730-f067-41f6-83d2-6ccd051b812c,"{""city"": ""Kirkland"", ""state"": ""Washington"", ""labels"": [""Other"", ""United States""], ""address"": """", ""country"": ""United States"", ""description"": ""US semiconductor company producing power management ICs used in solar and energy applications.""}",2026-07-08 15:27:51.74966+00
d40dfe45-73fa-4ce6-934c-260502cb5317,"{""city"": ""Jiaxing"", ""state"": ""Zhejiang"", ""labels"": [""Cable/BOS"", ""China"", ""Solar PV""], ""address"": """", ""country"": ""China"", ""description"": ""Manufactures encapsulant films and smart materials for solar PV modules.""}",2026-07-08 15:27:51.74966+00
d43f37ef-02f2-4547-9f76-d5d93fee68f4,"{""city"": """", ""state"": """", ""labels"": [""Other"", ""Germany"", ""Grid""], ""address"": """", ""country"": ""Germany"", ""description"": ""German manufacturer of switchgear and switchboard systems.""}",2026-07-08 15:27:51.74966+00
d443383a-d7cc-43cc-8f1b-fbcb9c43b553,"{""city"": ""Grugliasco"", ""state"": ""Piedmont"", ""labels"": [""Other"", ""Italy""], ""address"": """", ""country"": ""Italy"", ""description"": ""Italian industrial automation and robotics company serving multiple manufacturing sectors.""}",2026-07-08 15:27:51.74966+00
d453e41e-1c14-4560-bd70-35670e883a30,"{""city"": """", ""state"": """", ""labels"": [""Cable/BOS"", ""Slovenia""], ""address"": """", ""country"": ""Slovenia"", ""description"": ""Slovenian manufacturer of electrical components including fuses and switches.""}",2026-07-08 15:27:51.74966+00
d46d8916-81c0-483a-b6b1-b762cb377d4c,"{""city"": ""Xiamen"", ""state"": ""Fujian"", ""labels"": [""Cable/BOS"", ""China"", ""Solar PV""], ""address"": """", ""country"": ""China"", ""description"": ""Xiamen-based manufacturer of new materials such as encapsulants for PV modules.""}",2026-07-08 15:27:51.74966+00
d48789e8-6b66-4a58-999d-13a27bd88eea,"{""city"": """", ""state"": """", ""labels"": [""Battery/Storage"", ""Netherlands""], ""address"": """", ""country"": ""Netherlands"", ""description"": ""Dutch company producing modular battery energy storage systems.""}",2026-07-08 15:27:51.74966+00
d4972b50-735c-4a15-80ee-28179dcd573e,"{""city"": """", ""state"": """", ""labels"": [""Cable/BOS"", ""France""], ""address"": """", ""country"": ""France"", ""description"": ""French group manufacturing electrical cables and connectivity solutions.""}",2026-07-08 15:27:51.74966+00
d4b524a3-9f96-46db-8085-131da1a780e3,"{""city"": ""Nanjing"", ""state"": ""Jiangsu"", ""labels"": [""Distributor"", ""China""], ""address"": """", ""country"": ""China"", ""description"": ""Operates Made-in-China.com, a B2B marketplace connecting global buyers with Chinese suppliers.""}",2026-07-08 15:27:51.74966+00
d4bc6829-a8a8-4a9d-be5a-1cbdfaf89dbd,"{""city"": """", ""state"": """", ""labels"": [""Other"", ""Germany"", ""Grid""], ""address"": """", ""country"": ""Germany"", ""description"": ""German company manufacturing and servicing transformers.""}",2026-07-08 15:27:51.74966+00
d4db2742-dba1-4ea9-bb04-c319af6d4fec,"{""city"": """", ""state"": """", ""labels"": [""Cable/BOS"", ""France""], ""address"": """", ""country"": ""France"", ""description"": ""Herholdt Controls, part of Hager Group, makes electrical control and distribution products.""}",2026-07-08 15:27:51.74966+00
d4ec84f8-37a1-4ae5-8585-083139e0aaf5,"{""city"": """", ""state"": """", ""labels"": [""EV Charging"", ""France""], ""address"": """", ""country"": ""France"", ""description"": ""French company offering electric vehicle charging solutions.""}",2026-07-08 15:27:51.74966+00
d501d9aa-f610-4932-a307-ff67b576fcea,"{""city"": ""Hamburg"", ""state"": """", ""labels"": [""Utility"", ""Germany""], ""address"": """", ""country"": ""Germany"", ""description"": ""German green energy supplier providing electricity and smart energy services to consumers.""}",2026-07-08 15:27:51.74966+00
d51eedc6-f080-425c-b2a4-43cac513028b,"{""city"": """", ""state"": """", ""labels"": [""Financing"", ""India""], ""address"": """", ""country"": ""India"", ""description"": ""Indian venture capital firm investing in climate and energy startups.""}",2026-07-08 15:27:51.74966+00
d5490190-3f76-479f-8cc9-f3b52ac22883,"{""city"": """", ""state"": """", ""labels"": [""Battery/Storage"", ""Germany"", ""Solar PV""], ""address"": """", ""country"": ""Germany"", ""description"": ""Develops and supplies battery energy storage systems.""}",2026-07-08 15:28:36.266312+00
d562fe00-c307-4bdb-b7fe-72761938f705,"{""city"": """", ""state"": """", ""labels"": [""Battery/Storage"", ""China"", ""Solar PV""], ""address"": """", ""country"": ""China"", ""description"": ""Manufactures battery storage inverters and energy storage systems.""}",2026-07-08 15:28:36.266312+00
d56d6d79-adcc-47c4-89bb-86101122e189,"{""city"": ""Taizhou"", ""state"": """", ""labels"": [""Cell/Wafer Mfr"", ""China"", ""Solar PV""], ""address"": """", ""country"": ""China"", ""description"": ""Manufactures high-efficiency N-type solar cells and modules.""}",2026-07-08 15:28:36.266312+00
d589ca7c-49ee-49e7-bfbf-c18db18b606c,"{""city"": """", ""state"": """", ""labels"": [""Battery/Storage"", ""Germany"", ""Solar PV""], ""address"": """", ""country"": ""Germany"", ""description"": ""Supplies residential and commercial battery storage systems.""}",2026-07-08 15:28:36.266312+00
d5be5fbb-61dc-4757-975c-4af64fb65672,"{""city"": """", ""state"": """", ""labels"": [""Distributor"", ""Belgium"", ""Solar PV""], ""address"": """", ""country"": ""Belgium"", ""description"": ""Distributes electronic components and solar/PV related products in Europe.""}",2026-07-08 15:28:36.266312+00
d5d1e91a-2885-4259-8d8f-22c86cf99653,"{""city"": """", ""state"": """", ""labels"": [""EPC/Installer"", ""Germany"", ""Solar PV""], ""address"": """", ""country"": ""Germany"", ""description"": ""Provides solar technology installation and engineering services.""}",2026-07-08 15:28:36.266312+00
d60d0f67-8ae2-49d4-80c5-f660833700c8,"{""city"": """", ""state"": """", ""labels"": [""Software"", ""Germany"", ""Solar PV""], ""address"": """", ""country"": ""Germany"", ""description"": ""Provides software solutions for solar and energy management.""}",2026-07-08 15:28:36.266312+00
d61445e7-903c-408a-89e1-7c8e8c286301,"{""city"": """", ""state"": """", ""labels"": [""Testing/Certification"", ""Germany""], ""address"": """", ""country"": ""Germany"", ""description"": ""Manufactures test and measurement instruments including electrical testers.""}",2026-07-08 15:28:36.266312+00
d6258009-6407-40fc-9070-9d46f765f27a,"{""city"": ""Yichun"", ""state"": """", ""labels"": [""Battery/Storage"", ""China""], ""address"": """", ""country"": ""China"", ""description"": ""Manufactures lithium battery energy storage products.""}",2026-07-08 15:28:36.266312+00
d6351da3-ef1d-4c29-b827-b54f25b04ae5,"{""city"": ""Xiamen"", ""state"": """", ""labels"": [""Module Mfr"", ""China"", ""Solar PV""], ""address"": """", ""country"": ""China"", ""description"": ""Manufactures photovoltaic solar modules.""}",2026-07-08 15:28:36.266312+00
d636c373-032f-4217-809d-e9c1beac63c4,"{""city"": """", ""state"": """", ""labels"": [""Battery/Storage"", ""China""], ""address"": """", ""country"": ""China"", ""description"": ""Develops energy storage and battery technology products.""}",2026-07-08 15:28:36.266312+00
d63cfdfc-9a09-4593-ba99-e3a212aed6c1,"{""city"": ""Hefei"", ""state"": """", ""labels"": [""Inverter Mfr"", ""China"", ""Solar PV""], ""address"": """", ""country"": ""China"", ""description"": ""Manufactures solar power inverters and power electronics.""}",2026-07-08 15:28:36.266312+00
d63e9b3b-08da-492c-87b6-add3b3989973,"{""city"": ""Suzhou"", ""state"": """", ""labels"": [""Cell/Wafer Mfr"", ""China"", ""Solar PV""], ""address"": """", ""country"": ""China"", ""description"": ""Supplies photovoltaic cell and module manufacturing equipment.""}",2026-07-08 15:28:36.266312+00
d6512137-866d-404a-abc7-012256e033b6,"{""city"": """", ""state"": """", ""labels"": [""Metering/Monitoring"", ""Germany"", ""Solar PV""], ""address"": """", ""country"": ""Germany"", ""description"": ""Provides monitoring and control software for solar and energy plants.""}",2026-07-08 15:28:36.266312+00
d6542576-0558-4f29-b2a2-28bb99c92515,"{""city"": """", ""state"": """", ""labels"": [""Mounting/Tracker"", ""India"", ""Solar PV""], ""address"": """", ""country"": ""India"", ""description"": ""Engineers and manufactures structural mounting solutions for solar plants.""}",2026-07-08 15:28:36.266312+00
d66da9a5-097a-4b9d-bd31-971620d7da1a,"{""city"": """", ""state"": """", ""labels"": [""Other"", ""United States""], ""address"": """", ""country"": ""United States"", ""description"": ""Supplies sensor and aerosol fire suppression technology, unrelated to core solar manufacturing.""}",2026-07-08 15:28:36.266312+00
d670b652-b229-4a6d-8c35-7e6602323f66,"{""city"": ""Shandong"", ""state"": """", ""labels"": [""Module Mfr"", ""China"", ""Solar PV""], ""address"": """", ""country"": ""China"", ""description"": ""Manufactures photovoltaic solar modules.""}",2026-07-08 15:28:36.266312+00
d69b6b2e-ffdb-4505-a7ec-59530a800dc0,"{""city"": """", ""state"": """", ""labels"": [""EPC/Installer"", ""Germany"", ""Solar PV""], ""address"": """", ""country"": ""Germany"", ""description"": ""Installs and engineers solar energy systems.""}",2026-07-08 15:28:36.266312+00
d69cdd6c-d512-4654-aba2-fcd8ed246360,"{""city"": """", ""state"": """", ""labels"": [""Distributor"", ""Netherlands"", ""Solar PV""], ""address"": """", ""country"": ""Netherlands"", ""description"": ""Distributes and trades renewable energy equipment.""}",2026-07-08 15:28:36.266312+00
d6a1bdf1-053c-409f-9496-e2b5d0a05f24,"{""city"": """", ""state"": ""Zhejiang"", ""labels"": [""Module Mfr"", ""China"", ""Solar PV""], ""address"": """", ""country"": ""China"", ""description"": ""Manufactures photovoltaic solar modules and components.""}",2026-07-08 15:28:36.266312+00
d6a64467-ab91-4d5c-8a0a-03b76b408cf1,"{""city"": ""Herisau"", ""state"": """", ""labels"": [""Cable/BOS"", ""Switzerland""], ""address"": """", ""country"": ""Switzerland"", ""description"": ""Manufactures electrical and fiber-optic connectivity components including for renewable energy.""}",2026-07-08 15:28:36.266312+00
d6bb7e10-c8f0-4083-bb34-8467881c49c9,"{""city"": """", ""state"": """", ""labels"": [""Software"", ""Germany"", ""Solar PV""], ""address"": """", ""country"": ""Germany"", ""description"": ""Provides smart energy and solar management solutions.""}",2026-07-08 15:28:36.266312+00
d6bd0c9b-71e6-4555-9a72-ebe1e8ac7c3c,"{""city"": """", ""state"": """", ""labels"": [""Battery/Storage"", ""Germany""], ""address"": """", ""country"": ""Germany"", ""description"": ""Develops energy storage battery technology products.""}",2026-07-08 15:28:36.266312+00
d6ccdf29-2d2a-4410-aeb6-fb52b4318ccf,"{""city"": """", ""state"": """", ""labels"": [""EPC/Installer"", ""Bulgaria"", ""Residential""], ""address"": """", ""country"": ""Bulgaria"", ""description"": ""Installs residential solar power systems.""}",2026-07-08 15:28:36.266312+00
d6ce3063-8252-4c03-8f3b-8a5f230f6dd9,"{""city"": ""Hunan"", ""state"": """", ""labels"": [""Other"", ""China""], ""address"": """", ""country"": ""China"", ""description"": ""Technology company supplying industrial and energy-related equipment.""}",2026-07-08 15:28:36.266312+00
d6d97cbe-3379-44c7-86e3-5ebf64ca65ca,"{""city"": ""Regensburg"", ""state"": """", ""labels"": [""Other"", ""Germany""], ""address"": """", ""country"": ""Germany"", ""description"": ""Manufactures power and distribution transformers for grid and industrial applications.""}",2026-07-08 15:28:49.467337+00
d6e5ad00-149c-46b1-8568-7d4d58a86781,"{""city"": """", ""state"": """", ""labels"": [""Other"", ""Germany""], ""address"": """", ""country"": ""Germany"", ""description"": ""Provides supply chain and staffing/consulting services for industrial clients including energy sector.""}",2026-07-08 15:28:49.467337+00
d7120841-256f-4738-8927-6bc62d558faf,"{""city"": """", ""state"": """", ""labels"": [""Other"", ""Netherlands""], ""address"": """", ""country"": ""Netherlands"", ""description"": ""Provides warehousing and logistics services, including for solar and energy equipment.""}",2026-07-08 15:28:49.467337+00
d721bdbe-e80d-46d7-916a-a54348afd165,"{""city"": """", ""state"": """", ""labels"": [""Research/Academic"", ""Greece"", ""Solar PV""], ""address"": """", ""country"": ""Greece"", ""description"": ""University nanotechnology laboratory researching nanomaterials for energy applications.""}",2026-07-08 15:28:49.467337+00
d7363e80-0624-4c40-bb83-159384e74917,"{""city"": """", ""state"": """", ""labels"": [""Battery/Storage"", ""Taiwan""], ""address"": """", ""country"": ""Taiwan"", ""description"": ""Manufactures lithium battery cells and energy storage products.""}",2026-07-08 15:28:49.467337+00
d737ec9a-feb0-480f-af89-f5327e6b140b,"{""city"": """", ""state"": """", ""labels"": [""Software"", ""Germany"", ""EV Charging""], ""address"": """", ""country"": ""Germany"", ""description"": ""Provides software platform for EV charging operations and management.""}",2026-07-08 15:28:49.467337+00
d7ad66fa-41d7-4f96-b382-b8910256cb76,"{""city"": """", ""state"": """", ""labels"": [""Other"", ""China"", ""Hydrogen""], ""address"": """", ""country"": ""China"", ""description"": ""Develops hydrogen energy technology and equipment.""}",2026-07-08 15:28:49.467337+00
d7bff64e-9cb6-4ea2-acca-03865327edaf,"{""city"": ""Dresden"", ""state"": """", ""labels"": [""Research/Academic"", ""Germany""], ""address"": """", ""country"": ""Germany"", ""description"": ""Fraunhofer institute researching transport and infrastructure systems including energy grids.""}",2026-07-08 15:28:49.467337+00
d7e92497-20ef-462b-bc2e-908dc88fc2e6,"{""city"": ""Munich"", ""state"": """", ""labels"": [""Testing/Certification"", ""Germany""], ""address"": """", ""country"": ""Germany"", ""description"": ""Provides industrial testing, inspection and certification services including for renewable energy.""}",2026-07-08 15:28:49.467337+00
d8468d59-f92e-42c3-be07-4302ed4e5397,"{""city"": """", ""state"": """", ""labels"": [""Module Mfr"", ""United States"", ""Solar PV""], ""address"": """", ""country"": ""United States"", ""description"": ""Supplies and distributes solar PV modules.""}",2026-07-08 15:28:49.467337+00
d8511aef-a4df-42dc-b3b8-ce9308237e09,"{""city"": """", ""state"": """", ""labels"": [""Other"", ""India""], ""address"": """", ""country"": ""India"", ""description"": ""Manufactures transformers and electrical equipment.""}",2026-07-08 15:28:49.467337+00
d866f5e7-f0fb-45d6-8a73-3f0e2a30fa92,"{""city"": ""Durham"", ""state"": ""North Carolina"", ""labels"": [""Battery/Storage"", ""United States"", ""Utility-scale""], ""address"": """", ""country"": ""United States"", ""description"": ""Provides battery energy storage systems and software for utility-scale projects.""}",2026-07-08 15:28:49.467337+00
d8883857-fb27-4bb9-a7c2-ef9ab30c2104,"{""city"": ""Fremont"", ""state"": ""California"", ""labels"": [""Other"", ""United States""], ""address"": """", ""country"": ""United States"", ""description"": ""Global business process outsourcing and customer experience services company.""}",2026-07-08 15:28:49.467337+00
d8977693-c53f-4b7d-9390-7ab39b9b6859,"{""city"": """", ""state"": """", ""labels"": [""EPC/Installer"", ""France"", ""Solar PV""], ""address"": """", ""country"": ""France"", ""description"": ""Solar energy installation and EPC services provider.""}",2026-07-08 15:28:49.467337+00
d8eff59f-ccc1-441d-8dfd-6f9308065905,"{""city"": """", ""state"": """", ""labels"": [""Mounting/Tracker"", ""Austria"", ""Solar PV""], ""address"": """", ""country"": ""Austria"", ""description"": ""Develops mounting and technology solutions for solar photovoltaic installations.""}",2026-07-08 15:28:49.467337+00
d903da6d-f260-4b6c-973a-ea2cdb753852,"{""city"": """", ""state"": """", ""labels"": [""Mounting/Tracker"", ""Spain"", ""Utility-scale""], ""address"": """", ""country"": ""Spain"", ""description"": ""Spanish subsidiary of FTC Solar, supplying solar tracker systems for utility-scale projects.""}",2026-07-08 15:28:49.467337+00
d9178721-40ed-4943-b020-2c58723d5989,"{""city"": ""Shenzhen"", ""state"": """", ""labels"": [""Battery/Storage"", ""China""], ""address"": """", ""country"": ""China"", ""description"": ""Develops battery and power storage technology.""}",2026-07-08 15:28:49.467337+00
d919c562-f09d-46cd-81c2-7836bc5a8e64,"{""city"": """", ""state"": """", ""labels"": [""Battery/Storage"", ""Germany""], ""address"": """", ""country"": ""Germany"", ""description"": ""Develops battery management systems and energy storage solutions.""}",2026-07-08 15:28:49.467337+00
d91f569a-a068-46a2-b341-b2d71c0b83d0,"{""city"": """", ""state"": ""Thuringia"", ""labels"": [""Association"", ""Germany""], ""address"": """", ""country"": ""Germany"", ""description"": ""Patent management and technology transfer office for Thuringian universities.""}",2026-07-08 15:28:49.467337+00
d9313462-aa6c-4a58-acf5-58d44de4f2d5,"{""city"": ""Lüneburg"", ""state"": """", ""labels"": [""Consultancy"", ""Germany""], ""address"": """", ""country"": ""Germany"", ""description"": ""Engineering consultancy office providing technical planning services.""}",2026-07-08 15:28:49.467337+00
d94e20b3-1074-4d17-8471-c26b544583f7,"{""city"": """", ""state"": """", ""labels"": [""Cable/BOS"", ""Germany""], ""address"": """", ""country"": ""Germany"", ""description"": ""Manufactures screws and fastening systems, including for solar mounting.""}",2026-07-08 15:28:49.467337+00
d97a6c3b-5f3b-45de-bd3b-071fd3558815,"{""city"": """", ""state"": """", ""labels"": [""Cell/Wafer Mfr"", ""China"", ""Solar PV""], ""address"": """", ""country"": ""China"", ""description"": ""Manufactures polysilicon and wafer materials for solar cell production.""}",2026-07-08 15:28:49.467337+00
d9bbae66-7d4e-4015-bd52-58b5062a0208,"{""city"": """", ""state"": """", ""labels"": [""Software"", ""China""], ""address"": """", ""country"": ""China"", ""description"": ""Provides IoT and smart device connectivity platform.""}",2026-07-08 15:28:49.467337+00
d9c73486-29f8-4af2-be37-aa15587b69fe,"{""city"": """", ""state"": """", ""labels"": [""Other"", ""Germany""], ""address"": """", ""country"": ""Germany"", ""description"": ""German branch of a security systems provider offering video surveillance solutions.""}",2026-07-08 15:28:49.467337+00
d9e65b7c-9cb9-46da-8259-a1a1a815d7d1,"{""city"": """", ""state"": """", ""labels"": [""Battery/Storage"", ""China"", ""Solar PV""], ""address"": """", ""country"": ""China"", ""description"": ""Manufactures lithium battery cells and energy storage systems.""}",2026-07-08 15:28:49.467337+00
d9e6ac15-f774-420c-825e-120d8fa0859b,"{""city"": ""Odessa"", ""state"": """", ""labels"": [""Cable/BOS"", ""Russia""], ""address"": """", ""country"": ""Russia"", ""description"": ""Russian manufacturer of power and control cables including PV cabling.""}",2026-07-08 15:29:47.38615+00
da025c0d-1ed0-49ea-ba0f-aa037d7836ba,"{""city"": """", ""state"": ""Zhejiang"", ""labels"": [""Cable/BOS"", ""China""], ""address"": """", ""country"": ""China"", ""description"": ""Chinese manufacturer of electrical appliances and components.""}",2026-07-08 15:29:47.38615+00
da0e9f97-14e0-4e9e-8bef-4f96e97a4758,"{""city"": ""Vienna"", ""state"": """", ""labels"": [""Utility"", ""Austria""], ""address"": """", ""country"": ""Austria"", ""description"": ""Energy services subsidiary of Austrian utility VERBUND serving business customers.""}",2026-07-08 15:29:47.38615+00
da10c243-e035-489c-90b5-92404141e441,"{""city"": ""Munich"", ""state"": ""Bavaria"", ""labels"": [""Distributor"", ""Germany"", ""Solar PV""], ""address"": """", ""country"": ""Germany"", ""description"": ""BayWa r.e. subsidiary distributing solar modules, inverters and BOS components.""}",2026-07-08 15:29:47.38615+00
da1d9feb-07df-440e-a5b5-844627fb9ee5,"{""city"": ""Malaga"", ""state"": """", ""labels"": [""Software""], ""address"": ""Alameda Colon 34"", ""country"": ""Spain"", ""description"": ""AI-powered customer service and support automation platform provider.""}",2026-07-08 15:29:47.38615+00
da4249bd-114c-4f0a-8c47-b2a592872674,"{""city"": """", ""state"": """", ""labels"": [""Battery/Storage"", ""Germany""], ""address"": """", ""country"": ""Germany"", ""description"": ""German distributor of salt-based and other battery storage systems.""}",2026-07-08 15:29:47.38615+00
da84fd8b-e708-438c-8842-66b44fb1ad14,"{""city"": ""Suzhou"", ""state"": ""Jiangsu"", ""labels"": [""Module Mfr"", ""China"", ""Solar PV""], ""address"": """", ""country"": ""China"", ""description"": ""Chinese manufacturer of crystalline silicon solar PV modules.""}",2026-07-08 15:29:47.38615+00
dad6834b-1946-45f1-a5e2-0610bdaad78a,"{""city"": """", ""state"": """", ""labels"": [""Consultancy"", ""Germany""], ""address"": """", ""country"": ""Germany"", ""description"": ""German energy consultancy operating under an agentic energy ecosystem concept (EXAIOS).""}",2026-07-08 15:29:47.38615+00
daf3e564-4f44-437e-a5f0-b966c252ede9,"{""city"": ""Suzhou"", ""state"": ""Jiangsu"", ""labels"": [""Module Mfr"", ""China"", ""Solar PV""], ""address"": """", ""country"": ""China"", ""description"": ""Chinese new-energy company manufacturing solar PV modules.""}",2026-07-08 15:29:47.38615+00
daf5c657-0a8f-45d5-82c8-b4267fc1c9e9,"{""city"": """", ""state"": """", ""labels"": [""Distributor"", ""Germany"", ""Solar PV""], ""address"": """", ""country"": ""Germany"", ""description"": ""German distributor of solar PV components and systems.""}",2026-07-08 15:29:47.38615+00
daf7f8fc-d366-4bc0-9e35-700d1d0586c0,"{""city"": """", ""state"": """", ""labels"": [""Other"", ""Germany"", ""Hydrogen""], ""address"": """", ""country"": ""Germany"", ""description"": ""German company developing hydrogen energy solutions.""}",2026-07-08 15:29:47.38615+00
db2335ee-b4cd-40b0-a9dd-454b65b7d63d,"{""city"": """", ""state"": """", ""labels"": [""Other"", ""Netherlands""], ""address"": """", ""country"": ""Netherlands"", ""description"": ""Dutch glass manufacturer supplying glass products including for solar applications.""}",2026-07-08 15:29:47.38615+00
db29465d-4fc0-4a43-902a-7da6d09354c5,"{""city"": """", ""state"": """", ""labels"": [""Metering/Monitoring"", ""Germany""], ""address"": """", ""country"": ""Germany"", ""description"": ""German electronics/electrical systems firm, likely serving metering or control applications.""}",2026-07-08 15:29:47.38615+00
db3edd67-5b3a-4c57-9385-4ff745118220,"{""city"": ""London"", ""state"": """", ""labels"": [""EV Charging"", ""United Kingdom"", ""Battery/Storage""], ""address"": """", ""country"": ""United Kingdom"", ""description"": ""UK company providing EV charging and power storage solutions under the V.Go brand.""}",2026-07-08 15:29:47.38615+00
db58d8e5-20e0-4079-8887-3b9aea946fd5,"{""city"": ""Nurtingen"", ""state"": ""Baden-Wurttemberg"", ""labels"": [""Battery/Storage"", ""Germany"", ""EV Charging""], ""address"": """", ""country"": ""Germany"", ""description"": ""German manufacturer of battery storage and fast-charging systems.""}",2026-07-08 15:29:47.38615+00
db934754-01b9-430b-ac1d-cbc796e948e0,"{""city"": ""Wuxi"", ""state"": ""Jiangsu"", ""labels"": [""Inverter Mfr"", ""China"", ""Storage""], ""address"": """", ""country"": ""China"", ""description"": ""Chinese manufacturer of hybrid solar inverters and energy storage systems.""}",2026-07-08 15:29:47.38615+00
dba1113c-d6b8-4d3d-ae62-f910320719f7,"{""city"": """", ""state"": """", ""labels"": [""Other"", ""Germany""], ""address"": """", ""country"": ""Germany"", ""description"": ""German insurance broker (Assekuranzmakler) providing coverage including for energy projects.""}",2026-07-08 15:29:47.38615+00
dbbcf3c6-27ca-4e80-874e-fd87a2d94a55,"{""city"": """", ""state"": """", ""labels"": [""EPC/Installer"", ""Spain""], ""address"": """", ""country"": ""Spain"", ""description"": ""Spanish technical solutions and engineering group.""}",2026-07-08 15:29:47.38615+00
dbc04f08-459c-4ac3-bdc8-cff73a187d51,"{""city"": ""Kowloon"", ""state"": """", ""labels"": [""EV Charging"", ""Hong Kong""], ""address"": ""36 Man Yue Street, Hung Hom"", ""country"": ""Hong Kong"", ""description"": ""Hong Kong-based provider of AC and DC EV charging solutions and home backup power products.""}",2026-07-08 15:29:47.38615+00
dbd2cbd3-8f35-4b3f-88b3-639ff5644bdd,"{""city"": """", ""state"": """", ""labels"": [""Software"", ""Germany"", ""Grid""], ""address"": """", ""country"": ""Germany"", ""description"": ""German fintech providing price signals and forecasts for short-term European power markets.""}",2026-07-08 15:29:47.38615+00
dbda1f6c-e588-4f61-b4fa-2b670356284f,"{""city"": """", ""state"": ""Anhui"", ""labels"": [""Mounting/Tracker"", ""China""], ""address"": """", ""country"": ""China"", ""description"": ""Chinese manufacturer of aluminum products including solar mounting frame components.""}",2026-07-08 15:29:47.38615+00
dc148cdd-6995-4e4a-a0cc-91012d1c2491,"{""city"": ""Ningbo"", ""state"": ""Zhejiang"", ""labels"": [""Cable/BOS"", ""China"", ""Solar PV""], ""address"": ""No. 108 West Section of Yinxian Avenue"", ""country"": ""China"", ""description"": ""Chinese manufacturer of solar PV cables, connectors and extension leads.""}",2026-07-08 15:29:47.38615+00
dc4970d3-5169-4b26-ac4e-0d2628d72adf,"{""city"": ""Mulfingen"", ""state"": ""Baden-Wurttemberg"", ""labels"": [""Other"", ""Germany""], ""address"": """", ""country"": ""Germany"", ""description"": ""German manufacturer of fans and motors used in industrial and energy cooling applications.""}",2026-07-08 15:29:47.38615+00
dc518de4-f17c-4e7a-ad4d-581070c87c0a,"{""city"": """", ""state"": """", ""labels"": [""Developer/IPP"", ""Germany"", ""Solar PV""], ""address"": """", ""country"": ""Germany"", ""description"": ""German renewable energy project developer.""}",2026-07-08 15:29:47.38615+00
dc5ffed7-2f1b-4f64-8189-f9a37187dfce,"{""city"": """", ""state"": ""Guangxi"", ""labels"": [""Other"", ""China"", ""Solar PV""], ""address"": """", ""country"": ""China"", ""description"": ""Chinese manufacturer of silicon-based glass products used in solar modules.""}",2026-07-08 15:29:47.38615+00
dc7ad161-22ea-4250-b2c6-6cc2174c356f,"{""city"": """", ""state"": """", ""labels"": [""Other"", ""Germany""], ""address"": """", ""country"": ""Germany"", ""description"": ""German company name suggests solar/energy services; no website available to confirm details.""}",2026-07-08 15:29:49.09263+00
dc7b112c-0d64-4020-9718-05ef07f96fae,"{""city"": """", ""state"": """", ""labels"": [""Cable/BOS"", ""Germany""], ""address"": """", ""country"": ""Germany"", ""description"": ""German supplier of cables and electrical components (Kabeck).""}",2026-07-08 15:29:49.09263+00
dc8b3f4e-440e-4bb0-8f0f-9d5b98f4d425,"{""city"": """", ""state"": """", ""labels"": [""Software"", ""Germany"", ""EV Charging""], ""address"": """", ""country"": ""Germany"", ""description"": ""Develops open-source software for EV charging stations (EVerest/OCPP).""}",2026-07-08 15:29:49.09263+00
dca1571b-b67f-4243-a01e-5985ff9bb7eb,"{""city"": """", ""state"": """", ""labels"": [""Metering/Monitoring"", ""Switzerland""], ""address"": """", ""country"": ""Switzerland"", ""description"": ""Swiss maker of smart electricity meters and monitoring devices.""}",2026-07-08 15:29:49.09263+00
dca9fe27-16a0-439b-bb1a-176271dadf19,"{""city"": """", ""state"": """", ""labels"": [""EPC/Installer"", ""Germany"", ""Solar PV""], ""address"": """", ""country"": ""Germany"", ""description"": ""German EPC contractor building utility-scale solar PV plants.""}",2026-07-08 15:29:49.09263+00
dcae1e5d-6224-478c-9f5d-1801a5e18712,"{""city"": """", ""state"": """", ""labels"": [""Developer/IPP"", ""Germany""], ""address"": """", ""country"": ""Germany"", ""description"": ""German renewable energy project developer.""}",2026-07-08 15:29:49.09263+00
dd0a63ed-ae7d-47d5-ad63-6e76dbc250c0,"{""city"": """", ""state"": """", ""labels"": [""Module Mfr"", ""Germany"", ""Solar PV""], ""address"": """", ""country"": ""Germany"", ""description"": ""German manufacturer of solar PV modules (AE Solar).""}",2026-07-08 15:29:49.09263+00
dd29aec3-e8a1-4aba-b9f7-0193f1e61f78,"{""city"": """", ""state"": """", ""labels"": [""Battery/Storage"", ""China""], ""address"": """", ""country"": ""China"", ""description"": ""Chinese manufacturer of industrial and energy storage batteries.""}",2026-07-08 15:29:49.09263+00
dd3d5e75-c570-4091-bb94-46cbd6cebd06,"{""city"": """", ""state"": """", ""labels"": [""Software"", ""Lithuania"", ""Solar PV""], ""address"": """", ""country"": ""Lithuania"", ""description"": ""Lithuanian company producing solar PV system design software.""}",2026-07-08 15:29:49.09263+00
dd4d6a8a-b70e-4a94-8d20-ca007e91af0b,"{""city"": """", ""state"": """", ""labels"": [""Software"", ""Germany""], ""address"": """", ""country"": ""Germany"", ""description"": ""German energy management and digital platform provider for utilities.""}",2026-07-08 15:29:49.09263+00
dd4e1381-6a92-4c78-a401-b1c398db3da1,"{""city"": """", ""state"": """", ""labels"": [""Association"", ""Ireland"", ""Storage""], ""address"": """", ""country"": ""Ireland"", ""description"": ""Irish industry association representing the energy storage sector.""}",2026-07-08 15:29:49.09263+00
dd577d88-0f1f-4d2f-b4b2-d6195ca447eb,"{""city"": """", ""state"": """", ""labels"": [""Other"", ""Netherlands"", ""EV Charging""], ""address"": """", ""country"": ""Netherlands"", ""description"": ""Netherlands entity of Autel, maker of EV charging equipment.""}",2026-07-08 15:29:49.09263+00
dd8e478a-888a-44ff-91c9-99ab168f5013,"{""city"": """", ""state"": """", ""labels"": [""Battery/Storage"", ""China"", ""Solar PV""], ""address"": """", ""country"": ""China"", ""description"": ""Chinese Haier subsidiary producing solar and energy storage products.""}",2026-07-08 15:29:49.09263+00
dd9256ab-14e5-421e-8953-58f1e4fde69d,"{""city"": """", ""state"": """", ""labels"": [""Battery/Storage"", ""China""], ""address"": """", ""country"": ""China"", ""description"": ""Chinese manufacturer of lithium battery cells for energy storage.""}",2026-07-08 15:29:49.09263+00
ddc077cf-a38d-42fe-82c9-ed135cb77b1e,"{""city"": """", ""state"": """", ""labels"": [""Battery/Storage"", ""Austria""], ""address"": """", ""country"": ""Austria"", ""description"": ""Austrian provider of home battery storage systems.""}",2026-07-08 15:29:49.09263+00
ddc8fc6a-a435-4a44-9408-ba59c50b666a,"{""city"": """", ""state"": """", ""labels"": [""Software"", ""Switzerland"", ""Solar PV""], ""address"": """", ""country"": ""Switzerland"", ""description"": ""Swiss maker of energy management software for solar and storage systems.""}",2026-07-08 15:29:49.09263+00
ddda37b6-0e06-4e20-9b10-c9b6f4b0d555,"{""city"": """", ""state"": """", ""labels"": [""Battery/Storage"", ""China""], ""address"": """", ""country"": ""China"", ""description"": ""Chinese manufacturer of energy storage system batteries.""}",2026-07-08 15:29:49.09263+00
dde2fc2d-789c-4f45-b77c-68ffb46a563c,"{""city"": """", ""state"": """", ""labels"": [""Other"", ""Slovenia"", ""EV Charging""], ""address"": """", ""country"": ""Slovenia"", ""description"": ""Slovenian developer of EV charging management software and hardware.""}",2026-07-08 15:29:49.09263+00
ddf556b0-4024-457c-bab3-f27e54f475e0,"{""city"": """", ""state"": """", ""labels"": [""Cable/BOS"", ""Germany""], ""address"": """", ""country"": ""Germany"", ""description"": ""German manufacturer of switchgear and electrical distribution equipment.""}",2026-07-08 15:29:49.09263+00
de083afa-2054-4fca-a072-761b284aa759,"{""city"": """", ""state"": """", ""labels"": [""Distributor"", ""Netherlands"", ""Solar PV""], ""address"": """", ""country"": ""Netherlands"", ""description"": ""Dutch distributor of solar PV components and supplies.""}",2026-07-08 15:29:49.09263+00
de2453c9-3d26-45bb-95c6-cc2ecb387a22,"{""city"": """", ""state"": """", ""labels"": [""Consultancy"", ""Switzerland"", ""Solar PV""], ""address"": """", ""country"": ""Switzerland"", ""description"": ""Swiss provider of weather and solar irradiance data services.""}",2026-07-08 15:29:49.09263+00
de365c5c-cdc5-4e2f-8c42-44d8f79ef54c,"{""city"": """", ""state"": """", ""labels"": [""Other"", ""Germany""], ""address"": """", ""country"": ""Germany"", ""description"": ""German producer of ceramic pigments including materials for solar cell pastes.""}",2026-07-08 15:29:49.09263+00
de6414a9-3647-4da8-9026-8619a5e2b35e,"{""city"": """", ""state"": """", ""labels"": [""Association"", ""Germany""], ""address"": """", ""country"": ""Germany"", ""description"": ""Bavarian employers association for the metal and electrical industry.""}",2026-07-08 15:29:49.09263+00
de72811f-0d20-4156-80e8-bf70ccaeab06,"{""city"": """", ""state"": """", ""labels"": [""Cable/BOS"", ""China"", ""Grid""], ""address"": """", ""country"": ""China"", ""description"": ""Chinese manufacturer of power transformers.""}",2026-07-08 15:29:49.09263+00
e19fb8b4-779d-4959-bc45-d2b1c983e86f,"{""city"": ""Nantong"", ""state"": """", ""labels"": [""Battery/Storage"", ""China"", ""Storage""], ""address"": """", ""country"": ""China"", ""description"": ""Manufactures lithium-ion battery cells and packs for energy storage and mobile charging.""}",2026-07-08 15:31:02.930763+00
e1c62c80-71f9-4773-a69c-dc149892d9cc,"{""city"": """", ""state"": """", ""labels"": [""Testing/Certification"", ""France""], ""address"": """", ""country"": ""France"", ""description"": ""Provides electronics testing, reliability engineering and certification services.""}",2026-07-08 15:31:02.930763+00
e1f28fcb-ce00-480b-b4eb-c960d46285a2,"{""city"": """", ""state"": """", ""labels"": [""Utility"", ""Germany""], ""address"": """", ""country"": ""Germany"", ""description"": ""German subsidiary of Alpiq, an energy trading and supply utility.""}",2026-07-08 15:31:02.930763+00
e1f60942-6529-439a-a2d8-60a20690a970,"{""city"": ""Aizoain, Navarra"", ""state"": ""Navarra"", ""labels"": [""Metering/Monitoring"", ""Spain"", ""Wind""], ""address"": ""Poligono Industrial Plazaola, Manzana E - Nave 6"", ""country"": ""Spain"", ""description"": ""Designs electronic control devices, sensors and monitoring systems for renewables and industry.""}",2026-07-08 15:31:02.930763+00
e1f700ff-c5f5-4f22-86f9-21fa322e199b,"{""city"": ""Bad Mergentheim"", ""state"": ""Baden-Wurttemberg"", ""labels"": [""Mounting/Tracker"", ""Germany""], ""address"": """", ""country"": ""Germany"", ""description"": ""Wholesaler of stainless steel fasteners including solar mounting hardware.""}",2026-07-08 15:31:02.930763+00
e2120f9b-9c17-4714-8c25-b0a7131235b9,"{""city"": """", ""state"": """", ""labels"": [""Cable/BOS"", ""India""], ""address"": """", ""country"": ""India"", ""description"": ""Manufactures wires and cables, including solar cabling products.""}",2026-07-08 15:31:02.930763+00
e27f6d0b-cd8c-4a5a-9193-0fa80e3c9acc,"{""city"": ""Frederiksberg"", ""state"": """", ""labels"": [""Software"", ""Denmark"", ""EV Charging""], ""address"": ""Nordre Fasanvej 108C, 2. sal"", ""country"": ""Denmark"", ""description"": ""Provides energy management software for commercial EV charging infrastructure.""}",2026-07-08 15:31:02.930763+00
e289d196-e25e-4c6a-a2a8-e9f149ccf31a,"{""city"": ""Wuxi"", ""state"": """", ""labels"": [""Module Mfr"", ""China"", ""Solar PV""], ""address"": """", ""country"": ""China"", ""description"": ""Chinese manufacturer of solar photovoltaic modules.""}",2026-07-08 15:31:02.930763+00
e28dd9a8-d907-4d3a-916c-048a597cad56,"{""city"": """", ""state"": """", ""labels"": [""Other"", ""Germany""], ""address"": """", ""country"": ""Germany"", ""description"": ""International logistics group providing freight and supply chain services.""}",2026-07-08 15:31:02.930763+00
e2b65969-4505-441d-b147-b21ab06faec3,"{""city"": """", ""state"": """", ""labels"": [""Distributor"", ""Germany"", ""Solar PV""], ""address"": """", ""country"": ""Germany"", ""description"": ""B2B distributor of solar panels, inverters, storage and portable power products.""}",2026-07-08 15:31:02.930763+00
e303cdc0-ee97-4950-82b9-432c43b9393e,"{""city"": ""Berlin"", ""state"": """", ""labels"": [""Battery/Storage"", ""Germany""], ""address"": ""Kolonnenstrasse 8"", ""country"": ""Germany"", ""description"": ""Manages battery energy storage projects for PV and wind hybrid parks.""}",2026-07-08 15:31:02.930763+00
e3079105-20c2-4744-808d-0e928e5ed6b9,"{""city"": """", ""state"": """", ""labels"": [""Software"", ""South Korea"", ""Grid""], ""address"": """", ""country"": ""South Korea"", ""description"": ""Provides grid and energy management software solutions.""}",2026-07-08 15:31:02.930763+00
e3088238-0f45-42f9-ba9e-9a62a54b71b0,"{""city"": ""Chengdu"", ""state"": """", ""labels"": [""Other"", ""China""], ""address"": """", ""country"": ""China"", ""description"": ""Chinese environmental protection technology company.""}",2026-07-08 15:31:02.930763+00
e310aea9-dbd7-4949-820e-3a2fc63b3c3c,"{""city"": ""Munich"", ""state"": ""Bavaria"", ""labels"": [""Software"", ""Germany"", ""Grid""], ""address"": """", ""country"": ""Germany"", ""description"": ""Software platform for smart meter gateway networking, grid control and home energy management.""}",2026-07-08 15:31:02.930763+00
e31cbf0e-d4e2-47c9-8d76-22da3a618201,"{""city"": """", ""state"": """", ""labels"": [""EPC/Installer"", ""Germany"", ""Solar PV""], ""address"": """", ""country"": ""Germany"", ""description"": ""German company offering solar installation and energy services.""}",2026-07-08 15:31:02.930763+00
e32cf0b5-5c7c-4a57-ad2d-2ae7978cdd4c,"{""city"": ""Suzhou"", ""state"": """", ""labels"": [""Other"", ""China""], ""address"": """", ""country"": ""China"", ""description"": ""Chinese environmental protection company.""}",2026-07-08 15:31:02.930763+00
e344907f-906a-4f08-bfc9-994fee836d71,"{""city"": """", ""state"": """", ""labels"": [""Module Mfr"", ""China"", ""Solar PV""], ""address"": """", ""country"": ""China"", ""description"": ""Chinese manufacturer of solar photovoltaic modules.""}",2026-07-08 15:31:02.930763+00
e34b3bfe-8f74-4776-97ec-00eed48b4b74,"{""city"": """", ""state"": """", ""labels"": [""Other"", ""Romania""], ""address"": """", ""country"": ""Romania"", ""description"": ""Publisher of an energy industry trade magazine.""}",2026-07-08 15:31:02.930763+00
e3542148-1b44-4107-ac4a-a49b6b8f30ca,"{""city"": """", ""state"": """", ""labels"": [""Software"", ""Germany"", ""Solar PV""], ""address"": """", ""country"": ""Germany"", ""description"": ""Provides PV plant monitoring and performance analysis software.""}",2026-07-08 15:31:02.930763+00
e36ecc5d-2cbd-4678-a2e4-c12340a0bbe0,"{""city"": """", ""state"": """", ""labels"": [""Software"", ""Germany"", ""Storage""], ""address"": """", ""country"": ""Germany"", ""description"": ""Develops AI software for planning, operating and marketing industrial battery storage systems.""}",2026-07-08 15:31:02.930763+00
e3804c00-5224-4e72-a8ab-3ced05bab10f,"{""city"": """", ""state"": """", ""labels"": [""Developer/IPP"", ""Romania"", ""Solar PV""], ""address"": """", ""country"": ""Romania"", ""description"": ""Develops and invests in solar photovoltaic power projects.""}",2026-07-08 15:31:02.930763+00
e393f73d-837e-45ee-b1c1-63da91b3e5ac,"{""city"": ""Sicily"", ""state"": ""Sicily"", ""labels"": [""EPC/Installer"", ""Italy"", ""Solar PV""], ""address"": """", ""country"": ""Italy"", ""description"": ""Italian solar photovoltaic installation company.""}",2026-07-08 15:31:02.930763+00
e3d0d067-a554-4f53-a464-a14c5a7bbaa3,"{""city"": ""Huzhou"", ""state"": """", ""labels"": [""Cable/BOS"", ""China"", ""Solar PV""], ""address"": """", ""country"": ""China"", ""description"": ""Chinese manufacturer of wire and cable products including solar cables.""}",2026-07-08 15:31:02.930763+00
e3ed80de-72ff-4525-8581-2fa301dd2271,"{""city"": """", ""state"": """", ""labels"": [""Distributor"", ""Germany""], ""address"": """", ""country"": ""Germany"", ""description"": ""Distributor of industrial technology and engineering components.""}",2026-07-08 15:31:02.930763+00
e3f1f881-6959-406e-9676-60c1906180b9,"{""city"": ""Neumarkt"", ""state"": ""Bavaria"", ""labels"": [""Cable/BOS"", ""Germany"", ""Grid""], ""address"": """", ""country"": ""Germany"", ""description"": ""Manufactures lightning and surge protection systems for electrical installations.""}",2026-07-08 15:31:02.930763+00
de7ec18d-eb19-459c-ab5a-d4c152f058e0,"{""city"": """", ""state"": """", ""labels"": [""Association"", ""Belgium"", ""Solar PV""], ""address"": """", ""country"": ""Belgium"", ""description"": ""Africa Solar Industry Association, a networking and advocacy body for African solar and storage businesses.""}",2026-07-08 15:31:03.109573+00
de814d21-e62e-46c3-9102-c8671d876cc0,"{""city"": ""Gräfelfing"", ""state"": ""Bavaria"", ""labels"": [""Software"", ""Germany""], ""address"": ""Lochhamer Schlag 11A"", ""country"": ""Germany"", ""description"": ""Platform for applying for German greenhouse gas reduction quota (THG) credits and biomethane services.""}",2026-07-08 15:31:03.109573+00
dea3a49c-292e-4ea1-853b-92acc597d8bf,"{""city"": ""Neuenhof"", ""state"": """", ""labels"": [""Mounting/Tracker"", ""Switzerland"", ""Solar PV""], ""address"": ""Seestrasse 18"", ""country"": ""Switzerland"", ""description"": ""Manufactures prefabricated concrete elements and substructures, including solutions used for solar installations.""}",2026-07-08 15:31:03.109573+00
deaeadde-4e74-465b-b75c-944e7bcf4d01,"{""city"": ""Düsseldorf"", ""state"": """", ""labels"": [""Consultancy"", ""Germany""], ""address"": """", ""country"": ""Germany"", ""description"": ""Patent and law firm providing intellectual property and legal services.""}",2026-07-08 15:31:03.109573+00
def0fc70-d617-46fb-86ac-f4317348b9df,"{""city"": ""Aachen"", ""state"": """", ""labels"": [""Software"", ""Germany"", ""Grid""], ""address"": """", ""country"": ""Germany"", ""description"": ""Provides hydrological and meteorological data management and monitoring software.""}",2026-07-08 15:31:03.109573+00
defad5cd-8703-4978-b3a0-5791893ca2aa,"{""city"": ""Kunshan"", ""state"": ""Jiangsu"", ""labels"": [""Cable/BOS"", ""China""], ""address"": """", ""country"": ""China"", ""description"": ""Manufactures electrical connectors and cable assemblies.""}",2026-07-08 15:31:03.109573+00
df0425e9-4e8c-437b-aa24-0d38d2646f0f,"{""city"": ""Zhuzhou"", ""state"": ""Hunan"", ""labels"": [""Inverter Mfr"", ""China"", ""Wind""], ""address"": """", ""country"": ""China"", ""description"": ""CRRC subsidiary making power electronics and converters for rail and renewable energy applications.""}",2026-07-08 15:31:03.109573+00
df0d319a-cff0-457b-a79f-67007b4b7f3e,"{""city"": """", ""state"": ""Zhejiang"", ""labels"": [""Inverter Mfr"", ""China"", ""Storage""], ""address"": """", ""country"": ""China"", ""description"": ""Manufactures power conversion equipment and energy storage inverters.""}",2026-07-08 15:31:03.109573+00
df2aba91-3ac1-40db-be9a-fe179fe51530,"{""city"": """", ""state"": """", ""labels"": [""Battery/Storage"", ""Turkey""], ""address"": """", ""country"": ""Turkey"", ""description"": ""Manufactures battery technologies for energy storage applications.""}",2026-07-08 15:31:03.109573+00
df3ad1f1-b09d-4287-a680-7d7fd7ed8d17,"{""city"": ""Wipperfürth"", ""state"": """", ""labels"": [""Cable/BOS"", ""Germany"", ""EV Charging""], ""address"": """", ""country"": ""Germany"", ""description"": ""Manufactures fluid and cable connection systems for automotive and EV charging applications.""}",2026-07-08 15:31:03.109573+00
df3ba9b4-62d8-4c47-8533-66cf13a0d465,"{""city"": """", ""state"": """", ""labels"": [""Software"", ""Germany"", ""Grid""], ""address"": """", ""country"": ""Germany"", ""description"": ""Provides digital twin and simulation software for electricity distribution grid operators.""}",2026-07-08 15:31:03.109573+00
df6dc4ce-a1cb-4a0a-9b49-69e1de0b361a,"{""city"": ""Shenzhen"", ""state"": ""Guangdong"", ""labels"": [""Battery/Storage"", ""China""], ""address"": ""6F, Longsheng Commercial Building, Longhua District"", ""country"": ""China"", ""description"": ""Global provider of battery energy storage systems and hybrid inverters for residential, commercial and industrial use.""}",2026-07-08 15:31:03.109573+00
df6dcd59-7243-4f34-b5b7-ef0cc64e4ab5,"{""city"": ""Darmstadt"", ""state"": """", ""labels"": [""Software"", ""Germany"", ""EV Charging""], ""address"": """", ""country"": ""Germany"", ""description"": ""Develops software platform for EV charging hardware and station operations.""}",2026-07-08 15:31:03.109573+00
df8873c0-b69f-41af-8a0c-9d2639c83314,"{""city"": """", ""state"": ""Jiangxi"", ""labels"": [""Battery/Storage"", ""China""], ""address"": """", ""country"": ""China"", ""description"": ""Manufactures batteries and energy storage products.""}",2026-07-08 15:31:03.109573+00
dfcfab59-e06f-43c9-a6ca-1bf56c0bb85b,"{""city"": """", ""state"": """", ""labels"": [""Consultancy"", ""Norway""], ""address"": """", ""country"": ""Norway"", ""description"": ""Norwegian engineering and consultancy firm covering energy, infrastructure and construction projects.""}",2026-07-08 15:31:03.109573+00
dff93bb5-3c20-4a6c-a7fb-8231fa2a34e0,"{""city"": """", ""state"": ""Guangdong"", ""labels"": [""Battery/Storage"", ""China""], ""address"": """", ""country"": ""China"", ""description"": ""Manufactures lithium batteries for energy storage and power applications.""}",2026-07-08 15:31:03.109573+00
e020b666-b028-4bfe-88ce-3d51c261bceb,"{""city"": ""Taizhou"", ""state"": ""Zhejiang"", ""labels"": [""Module Mfr"", ""China"", ""Solar PV""], ""address"": """", ""country"": ""China"", ""description"": ""Manufactures solar PV modules.""}",2026-07-08 15:31:03.109573+00
e0471c6b-6c2e-4950-af8c-cf6d524d9a47,"{""city"": ""Suzhou"", ""state"": ""Jiangsu"", ""labels"": [""Battery/Storage"", ""China""], ""address"": """", ""country"": ""China"", ""description"": ""Manufactures new energy batteries and storage products.""}",2026-07-08 15:31:03.109573+00
e0542828-6648-4a14-befe-8c07f9c387c9,"{""city"": ""Guangzhou"", ""state"": ""Guangdong"", ""labels"": [""Inverter Mfr"", ""China"", ""Solar PV""], ""address"": """", ""country"": ""China"", ""description"": ""SAJ Electric manufactures string inverters and energy storage inverters for residential and C&I solar.""}",2026-07-08 15:31:03.109573+00
e0b88e52-6354-4608-96a0-66326d8502cd,"{""city"": ""Nuremberg"", ""state"": """", ""labels"": [""Cable/BOS"", ""Germany""], ""address"": """", ""country"": ""Germany"", ""description"": ""Manufactures power and solar cables under the LEONI cable brand.""}",2026-07-08 15:31:03.109573+00
e0ca8258-d908-47b4-bce9-5009cbe54538,"{""city"": ""Benfeld"", ""state"": """", ""labels"": [""Inverter Mfr"", ""France"", ""Grid""], ""address"": """", ""country"": ""France"", ""description"": ""Manufactures power conversion equipment including UPS systems, inverters and switchgear.""}",2026-07-08 15:31:03.109573+00
e15a049b-102b-4bbf-89f8-f147f9980cca,"{""city"": """", ""state"": ""Hunan"", ""labels"": [""Battery/Storage"", ""China""], ""address"": """", ""country"": ""China"", ""description"": ""Manufactures digital energy storage systems.""}",2026-07-08 15:31:03.109573+00
e1781cf4-678a-4a8f-bf4e-64c468a6b7ca,"{""city"": ""Wuxi"", ""state"": ""Jiangsu"", ""labels"": [""Battery/Storage"", ""China""], ""address"": """", ""country"": ""China"", ""description"": ""Manufactures power batteries for new energy applications.""}",2026-07-08 15:31:03.109573+00
eddc7477-42c0-4259-9afe-a84df358bb78,"{""city"": """", ""state"": """", ""labels"": [""Metering/Monitoring"", ""China""], ""address"": """", ""country"": ""China"", ""description"": ""Chinese import/export trading company supplying sensors.""}",2026-07-08 15:34:20.440786+00
e1821ede-634f-40ea-ab29-34133a10c779,"{""city"": """", ""state"": """", ""labels"": [""Mounting/Tracker"", ""Italy""], ""address"": """", ""country"": ""Italy"", ""description"": ""Metalworking company producing metal structures and components, including for solar mounting.""}",2026-07-08 15:31:03.109573+00
e18564f6-9b4d-4a42-89be-72ef51e9bdf6,"{""city"": """", ""state"": ""Zhejiang"", ""labels"": [""Cable/BOS"", ""China""], ""address"": """", ""country"": ""China"", ""description"": ""Manufactures electrical connectors and components.""}",2026-07-08 15:31:03.109573+00
e63c7642-99ab-4504-a9d2-12d27ced5e53,"{""city"": """", ""state"": """", ""labels"": [""Software"", ""Norway"", ""EV Charging""], ""address"": """", ""country"": ""Norway"", ""description"": ""Energy operating system software for managing electric vehicle fleets.""}",2026-07-08 15:32:37.869883+00
e63e5b29-d985-4092-8666-44d06572d8a3,"{""city"": """", ""state"": ""Zhejiang"", ""labels"": [""Other"", ""China""], ""address"": """", ""country"": ""China"", ""description"": ""Manufactures automotive/industrial thermal management radiator systems.""}",2026-07-08 15:32:37.869883+00
e64877a3-7544-46c4-9ec7-302058dcd135,"{""city"": ""Mianyang"", ""state"": ""Sichuan"", ""labels"": [""Other"", ""China""], ""address"": """", ""country"": ""China"", ""description"": ""Chinese manufacturer trading on Alibaba, new energy equipment supplier.""}",2026-07-08 15:32:37.869883+00
e6607576-693d-42a5-8fdf-4d2006b14949,"{""city"": ""Darmstadt"", ""state"": ""Hesse"", ""labels"": [""Consultancy"", ""Germany"", ""Solar PV""], ""address"": ""Landgraf-Georg-Strasse 4"", ""country"": ""Germany"", ""description"": ""Investment decision analysis and scenario modeling for PV and battery storage systems.""}",2026-07-08 15:32:37.869883+00
e68509d7-5105-4d8a-af67-76b9a2fc9354,"{""city"": """", ""state"": """", ""labels"": [""Metering/Monitoring"", ""Austria"", ""Solar PV""], ""address"": """", ""country"": ""Austria"", ""description"": ""Develops smart energy management systems to optimize residential PV self-consumption.""}",2026-07-08 15:32:37.869883+00
e6da4d3d-9171-4719-b648-0facbf0f84f2,"{""city"": """", ""state"": """", ""labels"": [""Other"", ""China"", ""Off-grid""], ""address"": """", ""country"": ""China"", ""description"": ""Manufactures rugged consumer electronics including portable power stations and solar panels.""}",2026-07-08 15:32:37.869883+00
e6e57402-a8e4-4def-be9a-6a2129fb4343,"{""city"": ""Madrid"", ""state"": """", ""labels"": [""Software"", ""Spain"", ""Utility-scale""], ""address"": """", ""country"": ""Spain"", ""description"": ""Cloud-based software for designing and engineering utility-scale solar and storage projects.""}",2026-07-08 15:32:37.869883+00
e6eb660d-dc3a-493d-bc76-fbab3d3ce5a5,"{""city"": """", ""state"": """", ""labels"": [""Software"", ""United Kingdom"", ""Solar PV""], ""address"": """", ""country"": ""United Kingdom"", ""description"": ""SaaS platform (Solar Manager Ltd) for solar asset onboarding, maintenance and billing automation.""}",2026-07-08 15:32:37.869883+00
e74373b6-6e3a-4e92-b0da-e61ed4c3f23d,"{""city"": """", ""state"": ""Jiangsu"", ""labels"": [""Other"", ""China""], ""address"": """", ""country"": ""China"", ""description"": ""Jiangsu-based technology manufacturing group.""}",2026-07-08 15:32:37.869883+00
e7501553-daaf-4ce0-8254-fb8e160b2112,"{""city"": ""Koblenz"", ""state"": """", ""labels"": [""Research/Academic"", ""Germany""], ""address"": """", ""country"": ""Germany"", ""description"": ""German university of applied sciences (Hochschule Koblenz).""}",2026-07-08 15:32:37.869883+00
e7584b46-5d6d-486a-a544-bcd892472653,"{""city"": ""Wenzhou"", ""state"": ""Zhejiang"", ""labels"": [""Other"", ""China""], ""address"": """", ""country"": ""China"", ""description"": ""Manufactures industrial mechanical and IoT intelligent locking systems.""}",2026-07-08 15:32:37.869883+00
e75bd2b2-5d11-428c-80a1-e4ce228eb89a,"{""city"": ""Chongqing"", ""state"": """", ""labels"": [""Battery/Storage"", ""China"", ""Grid""], ""address"": """", ""country"": ""China"", ""description"": ""Develops core components and integrated energy storage system products.""}",2026-07-08 15:32:37.869883+00
e79a9c52-36e7-447d-9ef8-81e0922c53ba,"{""city"": ""Munich"", ""state"": ""Bavaria"", ""labels"": [""Mounting/Tracker"", ""Germany"", ""Solar PV""], ""address"": ""Landsberger Strasse 394"", ""country"": ""Germany"", ""description"": ""Manufactures steel structures for solar carports and PV mounting/foundation systems.""}",2026-07-08 15:32:37.869883+00
e7c477d7-30c0-4cdb-bfb0-17f9fa55bae9,"{""city"": """", ""state"": """", ""labels"": [""Other"", ""China""], ""address"": """", ""country"": ""China"", ""description"": ""Provides laser processing and automation equipment for battery and PV manufacturing.""}",2026-07-08 15:32:37.869883+00
e7c67ae3-e609-406d-abc7-5d3f409075a4,"{""city"": """", ""state"": """", ""labels"": [""Testing/Certification"", ""United States"", ""EV Charging""], ""address"": """", ""country"": ""United States"", ""description"": ""Provides test and measurement equipment for EV charging and automotive electronics.""}",2026-07-08 15:32:37.869883+00
e7d0f4b0-b11a-4c8f-b458-2a43206ac7e1,"{""city"": """", ""state"": """", ""labels"": [""Association"", ""Germany"", ""Storage""], ""address"": """", ""country"": ""Germany"", ""description"": ""Joint exhibition booth for the ees energy storage Innovation Hub.""}",2026-07-08 15:32:37.869883+00
e7f1741a-7dee-4ba7-b866-d5a7d0570593,"{""city"": ""Berlin"", ""state"": """", ""labels"": [""Software"", ""Germany""], ""address"": ""Kastanienallee 84"", ""country"": ""Germany"", ""description"": ""Provides energy management software and services for real estate portfolios.""}",2026-07-08 15:32:37.869883+00
e7f3b175-29a1-4c08-b277-e83efc835d64,"{""city"": ""Shenzhen"", ""state"": ""Guangdong"", ""labels"": [""Battery/Storage"", ""China""], ""address"": """", ""country"": ""China"", ""description"": ""Distributes and manufactures lithium battery cells, packs and storage systems.""}",2026-07-08 15:32:37.869883+00
e81def1f-0bd8-4aa3-82bc-b7f3b175a258,"{""city"": ""Xiamen"", ""state"": ""Fujian"", ""labels"": [""Mounting/Tracker"", ""China"", ""Solar PV""], ""address"": ""RM 901, Building 11, Xinglin Bay Operation Center"", ""country"": ""China"", ""description"": ""Develops and manufactures solar mounting systems for residential, commercial and utility applications.""}",2026-07-08 15:32:37.869883+00
e8333209-811c-40f0-850c-8d06275f10a6,"{""city"": ""Milan"", ""state"": """", ""labels"": [""Metering/Monitoring"", ""Italy"", ""Solar PV""], ""address"": ""Viale Toscana 13/B"", ""country"": ""Italy"", ""description"": ""Designs turnkey monitoring and control solutions for renewable energy plants.""}",2026-07-08 15:32:37.869883+00
e8466520-9dfc-4c9d-937c-1d898cdf270d,"{""city"": """", ""state"": """", ""labels"": [""Other"", ""China""], ""address"": """", ""country"": ""China"", ""description"": ""Chinese electronics manufacturer operating under the Sunyooo brand.""}",2026-07-08 15:32:37.869883+00
e879000f-a461-4072-9b3e-35ed9d0cac48,"{""city"": ""Wuxi"", ""state"": ""Jiangsu"", ""labels"": [""Cable/BOS"", ""China""], ""address"": """", ""country"": ""China"", ""description"": ""Manufactures wire and cable products (Xinhongye Wire & Cable).""}",2026-07-08 15:32:37.869883+00
e87bdc87-c7da-4bcf-9d6c-294960cedb93,"{""city"": ""Goerlitz"", ""state"": ""Saxony"", ""labels"": [""Association"", ""Germany""], ""address"": """", ""country"": ""Germany"", ""description"": ""Regional economic development agency for the Goerlitz district (ENO mbH).""}",2026-07-08 15:32:37.869883+00
e886fa32-82dc-407b-a43d-4c028f1c71bc,"{""city"": """", ""state"": """", ""labels"": [""Battery/Storage"", ""Netherlands""], ""address"": """", ""country"": ""Netherlands"", ""description"": ""Provides Lightbee PowerXT branded energy/power products.""}",2026-07-08 15:32:37.869883+00
e894b73d-49a2-44b4-bcac-8f75f97f72d4,"{""city"": """", ""state"": """", ""labels"": [""EV Charging"", ""Switzerland""], ""address"": """", ""country"": ""Switzerland"", ""description"": ""Swiss electromobility company making electric trucks, chargers and battery systems.""}",2026-07-08 15:32:37.869883+00
e3fc52a0-ac7a-4bc5-9867-c9df5b8f01d7,"{""city"": """", ""state"": """", ""labels"": [""Other"", ""Austria""], ""address"": """", ""country"": ""Austria"", ""description"": ""Manufactures electronic temperature and current controllers for industrial applications.""}",2026-07-08 15:32:46.172453+00
e9a154e4-5936-4d84-80a1-5cd50766340f,"{""city"": """", ""state"": ""Zhejiang"", ""labels"": [""Inverter Mfr"", ""China"", ""Solar PV""], ""address"": """", ""country"": ""China"", ""description"": ""Zhejiang-based manufacturer of power electronics/inverters.""}",2026-07-08 15:33:25.070017+00
e41a6d1b-ec13-4145-8025-fb9514f71627,"{""city"": ""Berlin"", ""state"": """", ""labels"": [""Other"", ""Germany""], ""address"": ""Buckower Chaussee 134"", ""country"": ""Germany"", ""description"": ""Provides temporary security services and monitoring/CCTV systems for construction and industrial sites.""}",2026-07-08 15:32:46.172453+00
e41f2a75-ad3c-444b-9643-f8f1d589e484,"{""city"": ""Shanghai"", ""state"": """", ""labels"": [""Other"", ""China"", ""EV Charging""], ""address"": ""No.50 of Maoyuan Road, Fengxian District"", ""country"": ""China"", ""description"": ""Manufactures DC fast charging stations, AC EV chargers, and charging power modules.""}",2026-07-08 15:32:46.172453+00
e443617b-f59d-47bc-a9ab-f744e43f3427,"{""city"": """", ""state"": """", ""labels"": [""Cable/BOS"", ""Turkey""], ""address"": """", ""country"": ""Turkey"", ""description"": ""Manufactures oil and dry-type power transformers including units for solar and wind installations.""}",2026-07-08 15:32:46.172453+00
e448b0ea-eb4d-477f-b218-b447abf8b490,"{""city"": """", ""state"": """", ""labels"": [""Battery/Storage"", ""Canada"", ""Off-grid""], ""address"": """", ""country"": ""Canada"", ""description"": ""Manufactures deep-cycle lead-acid batteries for renewable energy and off-grid applications.""}",2026-07-08 15:32:46.172453+00
e467110d-2415-4e8e-80ce-49a73d0c985f,"{""city"": ""Rezé"", ""state"": ""Loire-Atlantique"", ""labels"": [""Mounting/Tracker"", ""France"", ""Solar PV""], ""address"": ""Rezé"", ""country"": ""France"", ""description"": ""Designs and manufactures mounting systems for PV panels on roofs, canopies and ground installations.""}",2026-07-08 15:32:46.172453+00
e4b5f217-1afb-4f9e-a126-de2cd624bea4,"{""city"": """", ""state"": """", ""labels"": [""Module Mfr"", ""Germany"", ""Solar PV""], ""address"": """", ""country"": ""Germany"", ""description"": ""Manufactures and distributes photovoltaic solar modules.""}",2026-07-08 15:32:46.172453+00
e4bb4978-5af1-4f8b-b1a3-92f247310d1c,"{""city"": ""Shenzhen"", ""state"": ""Guangdong"", ""labels"": [""Module Mfr"", ""China"", ""Off-grid""], ""address"": ""Room 1909E, E-Building, Xinghe World, Longhua"", ""country"": ""China"", ""description"": ""Manufactures portable and flexible solar panels, solar chargers and energy storage batteries.""}",2026-07-08 15:32:46.172453+00
e4bbd1f1-5505-41e3-8fb3-e9dee4243244,"{""city"": """", ""state"": """", ""labels"": [""Battery/Storage"", ""Germany"", ""Residential""], ""address"": """", ""country"": ""Germany"", ""description"": ""Manufactures home battery storage systems for residential solar self-consumption.""}",2026-07-08 15:32:46.172453+00
e4bf8822-6927-42ce-b885-dc289d299931,"{""city"": """", ""state"": """", ""labels"": [""Other"", ""Germany""], ""address"": """", ""country"": ""Germany"", ""description"": ""German company; specific products could not be determined from available data.""}",2026-07-08 15:32:46.172453+00
e4e02247-ac80-4b4b-95ec-e86d190ca334,"{""city"": ""Norderstedt"", ""state"": """", ""labels"": [""Battery/Storage"", ""Germany""], ""address"": ""Robert-Koch-Strasse 19a"", ""country"": ""Germany"", ""description"": ""Develops and delivers battery energy storage systems (BESS) for renewable and industrial applications.""}",2026-07-08 15:32:46.172453+00
e4f310e8-5416-461d-9dc8-1cc1f5257a4d,"{""city"": """", ""state"": """", ""labels"": [""Battery/Storage"", ""Italy"", ""Utility-scale""], ""address"": """", ""country"": ""Italy"", ""description"": ""Develops and delivers energy storage systems for utility-scale and industrial projects.""}",2026-07-08 15:32:46.172453+00
e516bfd5-6909-45ce-99eb-86fa19043fb4,"{""city"": """", ""state"": ""California"", ""labels"": [""Software"", ""United States"", ""Utility-scale""], ""address"": """", ""country"": ""United States"", ""description"": ""Provides digital and automation software for construction and operation of utility-scale solar plants.""}",2026-07-08 15:32:46.172453+00
e525dc9d-7f73-4e47-b0a0-4725b70b05a6,"{""city"": """", ""state"": ""Hauts-de-France"", ""labels"": [""Mounting/Tracker"", ""France""], ""address"": """", ""country"": ""France"", ""description"": ""Manufactures shelving, mezzanines and solar panel support/canopy structures.""}",2026-07-08 15:32:46.172453+00
e561e73f-d474-4021-814c-79556fdd53fd,"{""city"": ""Vila Nova de Gaia"", ""state"": """", ""labels"": [""Cable/BOS"", ""Portugal""], ""address"": ""Rua de Espirito Santo, 4410-420 Arcozelo"", ""country"": ""Portugal"", ""description"": ""Manufactures high, medium and low voltage electrical cables for energy and telecom applications.""}",2026-07-08 15:32:46.172453+00
e5745ee3-8180-41af-ae0f-6a52c084d08a,"{""city"": ""Graz"", ""state"": """", ""labels"": [""Software"", ""Austria"", ""Grid""], ""address"": ""Hangweg 27"", ""country"": ""Austria"", ""description"": ""Provides energy management software optimizing storage, solar self-consumption and peak loads.""}",2026-07-08 15:32:46.172453+00
e57ebe6d-7b48-4e15-809e-fbab2e9b91b3,"{""city"": """", ""state"": """", ""labels"": [""Metering/Monitoring"", ""Netherlands"", ""Solar PV""], ""address"": """", ""country"": ""Netherlands"", ""description"": ""Manufactures pyranometers and solar radiation measurement instruments.""}",2026-07-08 15:32:46.172453+00
e583c1c3-ebb9-4504-bbdf-38ec1e0224b9,"{""city"": """", ""state"": """", ""labels"": [""Other"", """"], ""address"": """", ""country"": """", ""description"": ""No website or email available; unable to determine business details.""}",2026-07-08 15:32:46.172453+00
e585f789-8119-4b65-9c44-37efb52c6b8d,"{""city"": """", ""state"": """", ""labels"": [""Association"", ""Germany"", ""EV Charging""], ""address"": """", ""country"": ""Germany"", ""description"": ""German industry association promoting new/electric mobility.""}",2026-07-08 15:32:46.172453+00
e5de3a2e-41c2-4a65-8078-7077c2b60204,"{""city"": """", ""state"": """", ""labels"": [""Association"", ""Germany""], ""address"": """", ""country"": ""Germany"", ""description"": ""German registered association (e.V.); specific focus not determined from available data.""}",2026-07-08 15:32:46.172453+00
e5e7ad9e-2d8f-4a0b-ab02-cec25d4c6fdf,"{""city"": ""Etxebarri"", ""state"": ""Bizkaia"", ""labels"": [""Mounting/Tracker"", ""Spain"", ""Utility-scale""], ""address"": ""P.I. Leguizamon, C/ Nerbioi 3, Module 1"", ""country"": ""Spain"", ""description"": ""Provides ballasted and floating mounting systems for flat-surface and water-based solar installations.""}",2026-07-08 15:32:46.172453+00
e5e80c63-2489-40a3-aeed-8adc54d77d0b,"{""city"": """", ""state"": """", ""labels"": [""Metering/Monitoring"", ""Germany""], ""address"": """", ""country"": ""Germany"", ""description"": ""Provides smart meter installation and live energy/water data monitoring for real estate.""}",2026-07-08 15:32:46.172453+00
e60626c3-a304-4407-a6dd-8026ec401a93,"{""city"": """", ""state"": """", ""labels"": [""Software"", ""Germany"", ""EV Charging""], ""address"": """", ""country"": ""Germany"", ""description"": ""Provides EV charging management software for station operators including billing and access control.""}",2026-07-08 15:32:46.172453+00
e617518d-709c-4f85-b957-9a40ab4f0c7b,"{""city"": """", ""state"": """", ""labels"": [""Distributor"", ""Germany"", ""Solar PV""], ""address"": """", ""country"": ""Germany"", ""description"": ""Photovoltaic wholesale distributor of solar modules and planning software.""}",2026-07-08 15:32:46.172453+00
e63071a3-5ace-4393-8ff8-582c0897db5c,"{""city"": """", ""state"": """", ""labels"": [""Module Mfr"", ""China"", ""Solar PV""], ""address"": """", ""country"": ""China"", ""description"": ""Manufactures photovoltaic solar modules and provides solar energy solutions globally.""}",2026-07-08 15:32:46.172453+00
e90760d5-1793-4731-980a-027c30062739,"{""city"": ""Freiburg"", ""state"": ""Baden-Württemberg"", ""labels"": [""Research/Academic"", ""Germany"", ""Solar PV""], ""address"": ""Heidenhofstr. 2"", ""country"": ""Germany"", ""description"": ""Fraunhofer Institute for Solar Energy Systems, leading German research institute on PV and renewables.""}",2026-07-08 15:33:25.070017+00
e91a6606-6eac-410e-a5f8-0e9b388facee,"{""city"": ""Ningbo"", ""state"": """", ""labels"": [""Cable/BOS"", ""China""], ""address"": """", ""country"": ""China"", ""description"": ""Chinese manufacturer of electronics components including connectors for solar applications.""}",2026-07-08 15:33:25.070017+00
e98de43e-b424-4120-90f9-4bd3592886e9,"{""city"": """", ""state"": """", ""labels"": [""Mounting/Tracker"", ""Germany"", ""Solar PV""], ""address"": """", ""country"": ""Germany"", ""description"": ""German company offering solar mounting/racking related products.""}",2026-07-08 15:33:25.070017+00
e9b29d41-3648-4229-815a-8952229dce1a,"{""city"": """", ""state"": """", ""labels"": [""Other"", ""Monaco""], ""address"": """", ""country"": ""Monaco"", ""description"": ""Trade fair pavilion organizer for Italian exhibitors, using a Monaco-based exhibition registration form.""}",2026-07-08 15:33:25.070017+00
e9c42962-993b-4b24-ac7b-e0a65711097b,"{""city"": """", ""state"": ""Zhejiang"", ""labels"": [""Module Mfr"", ""China"", ""Solar PV""], ""address"": """", ""country"": ""China"", ""description"": ""Zhejiang-based solar company (Lever Solar) manufacturing PV modules.""}",2026-07-08 15:33:25.070017+00
e9de2830-d740-44ba-809f-eba12f16124e,"{""city"": """", ""state"": """", ""labels"": [""Testing/Certification"", ""Switzerland"", ""Solar PV""], ""address"": """", ""country"": ""Switzerland"", ""description"": ""Swiss maker of solar simulators and cell/module testing equipment.""}",2026-07-08 15:33:25.070017+00
e9e4072e-ac2c-4ee2-bfe7-b63c04fcf71c,"{""city"": """", ""state"": ""Colorado"", ""labels"": [""Mounting/Tracker"", ""United States"", ""Solar PV""], ""address"": """", ""country"": ""United States"", ""description"": ""US manufacturer of metal roofing attachment and mounting solutions used for rooftop solar.""}",2026-07-08 15:33:25.070017+00
e9ec350e-1e54-4d06-b31b-311b956d2735,"{""city"": """", ""state"": """", ""labels"": [""Cable/BOS"", ""Germany""], ""address"": """", ""country"": ""Germany"", ""description"": ""German manufacturer of busbar and electrical connection components.""}",2026-07-08 15:33:25.070017+00
e9f45da0-2f85-44d9-82b4-aa77ed635baf,"{""city"": ""Bazhou"", ""state"": ""Hebei"", ""labels"": [""Mounting/Tracker"", ""China"", ""Solar PV""], ""address"": """", ""country"": ""China"", ""description"": ""Chinese steel manufacturer supplying steel products for solar mounting structures.""}",2026-07-08 15:33:25.070017+00
ea024d67-ce91-4f13-bf9f-58e9d94c8c53,"{""city"": """", ""state"": """", ""labels"": [""EV Charging"", ""Germany""], ""address"": """", ""country"": ""Germany"", ""description"": ""Deutsche Bahn subsidiary charging infrastructure platform (encore) for EV and rail-related energy needs.""}",2026-07-08 15:33:25.070017+00
ea22a5fc-6fac-439d-8ede-61b1e2a30a19,"{""city"": """", ""state"": """", ""labels"": [""Other"", ""Germany"", ""Hydrogen""], ""address"": """", ""country"": ""Germany"", ""description"": ""Manufacturer of fuel cell systems.""}",2026-07-08 15:33:25.070017+00
ea28c076-b47d-4ba9-b550-140c88967827,"{""city"": """", ""state"": """", ""labels"": [""Other"", ""Italy""], ""address"": """", ""country"": ""Italy"", ""description"": ""Italian electromechanical engineering company.""}",2026-07-08 15:33:25.070017+00
ea2c50bf-ee94-416b-9003-aa731c29b0eb,"{""city"": """", ""state"": """", ""labels"": [""Other"", ""Germany""], ""address"": """", ""country"": ""Germany"", ""description"": ""German company; no working website available for further classification.""}",2026-07-08 15:33:25.070017+00
ea4102e6-4c41-49d2-bf95-1501f23c16ed,"{""city"": """", ""state"": """", ""labels"": [""Other"", ""Germany""], ""address"": """", ""country"": ""Germany"", ""description"": ""German engineering/manufacturing company (PWM GmbH & Co. KG).""}",2026-07-08 15:33:25.070017+00
ea4fba59-f4cc-4497-a003-a64edffd6e0f,"{""city"": """", ""state"": """", ""labels"": [""EV Charging"", ""Germany""], ""address"": """", ""country"": ""Germany"", ""description"": ""German company providing e-mobility/EV charging solutions.""}",2026-07-08 15:33:25.070017+00
eabac367-895b-4481-b1b0-4b03a64f310c,"{""city"": """", ""state"": """", ""labels"": [""Other"", ""Poland""], ""address"": """", ""country"": ""Poland"", ""description"": ""Polish manufacturer of heating boilers and biomass heating systems.""}",2026-07-08 15:33:25.070017+00
ead325c9-52f4-4c20-829a-a0e949f04d06,"{""city"": ""Sanhe"", ""state"": ""Hebei"", ""labels"": [""Other"", ""China""], ""address"": """", ""country"": ""China"", ""description"": ""Chinese manufacturer of refrigeration equipment.""}",2026-07-08 15:33:25.070017+00
eaebf58b-eb16-475a-8f3a-ffbdf5ec3289,"{""city"": """", ""state"": """", ""labels"": [""Mounting/Tracker"", ""Italy"", ""Solar PV""], ""address"": """", ""country"": ""Italy"", ""description"": ""Italian manufacturer of solar PV mounting/racking systems.""}",2026-07-08 15:33:25.070017+00
eaf5fa82-e324-40d2-abcb-327107d148d5,"{""city"": ""Ditzingen"", ""state"": ""Baden-Württemberg"", ""labels"": [""Other"", ""Germany""], ""address"": """", ""country"": ""Germany"", ""description"": ""German manufacturer of industrial laser and machine tool systems used in electronics/PV manufacturing.""}",2026-07-08 15:33:25.070017+00
eaf73463-98d2-4b83-b6f0-7298510a06b9,"{""city"": ""Istanbul"", ""state"": """", ""labels"": [""EPC/Installer"", ""Turkey""], ""address"": """", ""country"": ""Turkey"", ""description"": ""Turkish construction and engineering contractor undertaking large infrastructure and energy projects.""}",2026-07-08 15:33:25.070017+00
eafa557e-fa14-47e4-83f7-f3293d10c6c5,"{""city"": """", ""state"": ""Basque Country"", ""labels"": [""Inverter Mfr"", ""Spain"", ""Grid""], ""address"": """", ""country"": ""Spain"", ""description"": ""Spanish manufacturer of power electronics and energy conversion equipment.""}",2026-07-08 15:33:25.070017+00
eb1180f6-6642-4d7f-a340-9b0cf36ad634,"{""city"": """", ""state"": """", ""labels"": [""Inverter Mfr"", ""China"", ""Solar PV""], ""address"": """", ""country"": ""China"", ""description"": ""Chinese renewable energy company manufacturing inverters and power equipment.""}",2026-07-08 15:33:25.070017+00
eb1f3107-6780-4904-bc35-a1f759416597,"{""city"": """", ""state"": """", ""labels"": [""Other"", ""Germany""], ""address"": """", ""country"": ""Germany"", ""description"": ""German design/engineering company (Friedrich Ideenschmiede).""}",2026-07-08 15:33:25.070017+00
eb2be0a7-296b-4606-be83-28e7db2ad3fd,"{""city"": """", ""state"": ""Jiangsu"", ""labels"": [""Module Mfr"", ""China"", ""Solar PV""], ""address"": """", ""country"": ""China"", ""description"": ""Jiangsu-based manufacturer of solar PV modules.""}",2026-07-08 15:33:25.070017+00
eb3d03ea-c586-4bfe-ba83-b7559eaa0bfc,"{""city"": """", ""state"": """", ""labels"": [""Other"", ""Germany"", ""Grid""], ""address"": """", ""country"": ""Germany"", ""description"": ""German manufacturer of KNX building automation and electrical installation devices.""}",2026-07-08 15:33:36.390083+00
eb52e965-2789-4b76-acd0-0607edde62be,"{""city"": """", ""state"": """", ""labels"": [""Consultancy"", ""Germany"", ""Hydrogen""], ""address"": """", ""country"": ""Germany"", ""description"": ""Hydrogen safety engineering consulting firm.""}",2026-07-08 15:33:36.390083+00
eb5e2e59-0c0f-4c8b-8946-b5b1bb32271f,"{""city"": """", ""state"": """", ""labels"": [""Software"", ""Netherlands"", ""EV Charging""], ""address"": """", ""country"": ""Netherlands"", ""description"": ""Dutch smart EV charging and energy management software provider.""}",2026-07-08 15:33:36.390083+00
eb8d7b01-5a09-4b2a-b420-4449e2e74fc5,"{""city"": """", ""state"": """", ""labels"": [""Software"", ""Germany"", ""Grid""], ""address"": """", ""country"": ""Germany"", ""description"": ""German AI-based energy management platform by Rudolf Hörmann GmbH & Co. KG.""}",2026-07-08 15:33:36.390083+00
eb90c6de-7f5c-4be0-872a-fb33c2b484b5,"{""city"": """", ""state"": """", ""labels"": [""Software"", ""Norway"", ""EV Charging""], ""address"": """", ""country"": ""Norway"", ""description"": ""Norwegian energy technology company providing EV charging and energy solutions.""}",2026-07-08 15:33:36.390083+00
ebdb6212-e843-4eb8-aecd-29efdbba591a,"{""city"": """", ""state"": """", ""labels"": [""Mounting/Tracker"", ""Portugal"", ""Solar PV""], ""address"": """", ""country"": ""Portugal"", ""description"": ""Portuguese manufacturer of solar tracking systems.""}",2026-07-08 15:33:36.390083+00
ebf6df61-a88f-47b6-ab69-55705857ac54,"{""city"": ""Shenzhen"", ""state"": """", ""labels"": [""Cable/BOS"", ""China"", ""Solar PV""], ""address"": """", ""country"": ""China"", ""description"": ""Chinese manufacturer of cables and electrical components for solar applications.""}",2026-07-08 15:33:36.390083+00
ec13df5d-b535-4827-976e-ffbfc696a1c3,"{""city"": """", ""state"": """", ""labels"": [""Other"", ""Germany""], ""address"": """", ""country"": ""Germany"", ""description"": ""German technology company in the energy sector.""}",2026-07-08 15:33:36.390083+00
ec152082-855d-4fe3-94dc-6ae59f8230bd,"{""city"": """", ""state"": """", ""labels"": [""EPC/Installer"", ""Spain"", ""Solar PV""], ""address"": """", ""country"": ""Spain"", ""description"": ""Spanish solar EPC and renewable energy project developer.""}",2026-07-08 15:33:36.390083+00
ec80b9f5-8d2e-4f52-981c-63cdb4dcb6c4,"{""city"": """", ""state"": """", ""labels"": [""Other"", ""Spain"", ""EV Charging""], ""address"": """", ""country"": ""Spain"", ""description"": ""Spanish manufacturer of EV charging stations.""}",2026-07-08 15:33:36.390083+00
ec8136f0-db3c-4227-a5b5-17102432c434,"{""city"": """", ""state"": """", ""labels"": [""Battery/Storage"", ""China""], ""address"": """", ""country"": ""China"", ""description"": ""Chinese manufacturer of energy storage system solutions.""}",2026-07-08 15:33:36.390083+00
ecaa7f96-cee5-43c6-bce3-102135ed9270,"{""city"": ""Shanghai"", ""state"": """", ""labels"": [""Battery/Storage"", ""China""], ""address"": """", ""country"": ""China"", ""description"": ""Shanghai-based manufacturer of lithium battery energy storage products.""}",2026-07-08 15:33:36.390083+00
ecabd03a-3754-4de5-9fc5-143284107bc0,"{""city"": """", ""state"": """", ""labels"": [""Module Mfr"", ""Germany"", ""Solar PV""], ""address"": """", ""country"": ""Germany"", ""description"": ""German manufacturer of thin-film CdTe solar modules.""}",2026-07-08 15:33:36.390083+00
ecc4e996-f673-4030-b21d-32ea77a42b86,"{""city"": """", ""state"": """", ""labels"": [""Battery/Storage"", ""Germany""], ""address"": """", ""country"": ""Germany"", ""description"": ""German company offering battery/energy storage related technology.""}",2026-07-08 15:33:36.390083+00
ece41389-f1b0-4c9e-8135-a224206a58ee,"{""city"": """", ""state"": """", ""labels"": [""EPC/Installer"", ""Australia"", ""Solar PV""], ""address"": """", ""country"": ""Australia"", ""description"": ""Australian solar EPC and renewable energy company.""}",2026-07-08 15:33:36.390083+00
ece68a4f-b029-4703-8110-1a2fac441cf4,"{""city"": """", ""state"": """", ""labels"": [""Software"", ""France"", ""EV Charging""], ""address"": """", ""country"": ""France"", ""description"": ""Provider of EV charging and energy management software.""}",2026-07-08 15:33:36.390083+00
ecfc1b78-93fc-41d3-a0c2-88b83cdd4688,"{""city"": """", ""state"": """", ""labels"": [""Other"", ""Germany""], ""address"": """", ""country"": ""Germany"", ""description"": ""German engineering and technology company.""}",2026-07-08 15:33:36.390083+00
ed028145-6e1f-4e9f-9fd1-7616b5de93ca,"{""city"": """", ""state"": """", ""labels"": [""Other"", ""China""], ""address"": """", ""country"": ""China"", ""description"": ""Chinese bio-green energy technology manufacturer.""}",2026-07-08 15:33:36.390083+00
ed0fb03b-d74d-40df-a4ff-be36d3bc2221,"{""city"": """", ""state"": """", ""labels"": [""Cable/BOS"", ""Germany""], ""address"": """", ""country"": ""Germany"", ""description"": ""German manufacturer of cable tools and stripping equipment for electrical installations.""}",2026-07-08 15:33:36.390083+00
ed1f1745-9a53-4af4-92b1-9f1c06b8d9ce,"{""city"": ""Marseille"", ""state"": """", ""labels"": [""Other"", ""France""], ""address"": """", ""country"": ""France"", ""description"": ""Global logistics and freight forwarding company.""}",2026-07-08 15:33:36.390083+00
ed30eb8f-412a-445d-8501-74b7ea2e44dc,"{""city"": """", ""state"": """", ""labels"": [""Other"", ""France"", ""Solar PV""], ""address"": """", ""country"": ""France"", ""description"": ""French company specializing in solar panel recycling technology.""}",2026-07-08 15:33:36.390083+00
ed41eade-93f1-4b4b-966d-4b219c34e4c7,"{""city"": """", ""state"": """", ""labels"": [""Distributor"", ""Switzerland"", ""Solar PV""], ""address"": """", ""country"": ""Switzerland"", ""description"": ""Swiss distributor of solar PV equipment and components.""}",2026-07-08 15:33:36.390083+00
ed4e7a97-e391-40ec-a55a-7902feea4ca0,"{""city"": """", ""state"": """", ""labels"": [""Module Mfr"", ""Taiwan"", ""Solar PV""], ""address"": """", ""country"": ""Taiwan"", ""description"": ""Taiwanese manufacturer of photovoltaic modules.""}",2026-07-08 15:33:36.390083+00
ed57f8a6-bccd-4b04-903a-148ab161301d,"{""city"": ""Augsburg"", ""state"": """", ""labels"": [""Metering/Monitoring"", ""Germany"", ""Solar PV""], ""address"": """", ""country"": ""Germany"", ""description"": ""German provider of PV monitoring and energy management software.""}",2026-07-08 15:33:36.390083+00
ed594a14-8c4c-4c9f-92d6-ff5670641006,"{""city"": """", ""state"": """", ""labels"": [""Battery/Storage"", ""China"", ""Storage"", ""EV Charging""], ""address"": """", ""country"": ""China"", ""description"": ""Chinese manufacturer of lithium-ion battery cells for EV and energy storage.""}",2026-07-08 15:34:20.440786+00
ed6ad380-eb51-4e79-bebe-1bc1d31d0b15,"{""city"": """", ""state"": """", ""labels"": [""Module Mfr"", ""China"", ""Solar PV""], ""address"": """", ""country"": ""China"", ""description"": ""Chinese company producing solar PV modules.""}",2026-07-08 15:34:20.440786+00
ed77da8c-f85e-4353-9038-1aca8e9c7b0a,"{""city"": """", ""state"": """", ""labels"": [""Other"", ""Germany""], ""address"": """", ""country"": ""Germany"", ""description"": ""German subsidiary entity, likely electronics/automotive components supplier.""}",2026-07-08 15:34:20.440786+00
eda2a637-6beb-4b41-8f71-d20d60214c9c,"{""city"": """", ""state"": """", ""labels"": [""Battery/Storage"", ""Germany"", ""Storage""], ""address"": """", ""country"": ""Germany"", ""description"": ""German company operating in the energy flow/storage technology space.""}",2026-07-08 15:34:20.440786+00
edbd2a7a-f2d9-4b5a-84ef-15f4c40d0135,"{""city"": """", ""state"": """", ""labels"": [""Consultancy"", ""United Kingdom"", ""Grid""], ""address"": """", ""country"": ""United Kingdom"", ""description"": ""UK-based energy market research and consultancy firm.""}",2026-07-08 15:34:20.440786+00
edc02991-07b8-469d-959e-7d99f5e2a727,"{""city"": """", ""state"": """", ""labels"": [""Cable/BOS"", ""Taiwan""], ""address"": """", ""country"": ""Taiwan"", ""description"": ""Taiwanese technology company supplying components/connectors.""}",2026-07-08 15:34:20.440786+00
edd4d908-d1da-419c-a4e0-80a3242e1281,"{""city"": """", ""state"": """", ""labels"": [""Mounting/Tracker"", ""United States"", ""Solar PV"", ""Utility-scale""], ""address"": """", ""country"": ""United States"", ""description"": ""Manufacturer of solar tracker systems under the Suntrack brand.""}",2026-07-08 15:34:20.440786+00
ede82491-6024-4b44-b725-294ad4a1a4e3,"{""city"": """", ""state"": """", ""labels"": [""Software"", ""United States"", ""Solar PV""], ""address"": """", ""country"": ""United States"", ""description"": ""Technology company providing AI-based visual monitoring/inspection software.""}",2026-07-08 15:34:20.440786+00
edf8ef14-268b-4c58-ba56-2c28711b1739,"{""city"": """", ""state"": """", ""labels"": [""Battery/Storage"", ""Germany"", ""Storage""], ""address"": """", ""country"": ""Germany"", ""description"": ""German company in the energy storage/battery technology sector.""}",2026-07-08 15:34:20.440786+00
ee188e1b-616f-48b9-8017-f54cc82cb62b,"{""city"": ""Shenzhen"", ""state"": """", ""labels"": [""Other"", ""China"", ""EV Charging""], ""address"": """", ""country"": ""China"", ""description"": ""Shenzhen-based manufacturer of new energy and EV charging equipment.""}",2026-07-08 15:34:20.440786+00
ee190fd2-d4b2-4266-b5ce-9179a9931472,"{""city"": """", ""state"": """", ""labels"": [""Other"", ""Germany"", ""EV Charging""], ""address"": """", ""country"": ""Germany"", ""description"": ""Company operating in the EV/energy technology space.""}",2026-07-08 15:34:20.440786+00
ee19cdf1-8361-496d-be72-167b62eef6ae,"{""city"": ""Suzhou"", ""state"": """", ""labels"": [""Battery/Storage"", ""China""], ""address"": """", ""country"": ""China"", ""description"": ""Chinese company based in Suzhou producing energy storage/power electronics.""}",2026-07-08 15:34:20.440786+00
ee305477-8de5-4dea-9c45-a249ec8ff3fc,"{""city"": """", ""state"": """", ""labels"": [""Inverter Mfr"", ""China"", ""Solar PV"", ""Storage""], ""address"": """", ""country"": ""China"", ""description"": ""FoxESS, Chinese manufacturer of solar inverters and battery storage systems.""}",2026-07-08 15:34:20.440786+00
ee30b954-de94-42bd-bff7-83286145ad76,"{""city"": ""Catania"", ""state"": """", ""labels"": [""Module Mfr"", ""Italy"", ""Solar PV""], ""address"": """", ""country"": ""Italy"", ""description"": ""3Sun, Enel-owned gigafactory manufacturing solar PV modules in Italy.""}",2026-07-08 15:34:20.440786+00
ee51c8ca-7383-4ed5-a42d-e9ad6b482cd0,"{""city"": ""Valencia"", ""state"": """", ""labels"": [""Inverter Mfr"", ""Spain"", ""Solar PV"", ""Utility-scale""], ""address"": """", ""country"": ""Spain"", ""description"": ""Spanish manufacturer of power conversion equipment including solar inverters.""}",2026-07-08 15:34:20.440786+00
ee53f6c0-b4a0-4de3-b68b-8c25803db231,"{""city"": """", ""state"": """", ""labels"": [""Other"", ""Norway"", ""Solar PV""], ""address"": """", ""country"": ""Norway"", ""description"": ""Norwegian developer of floating solar PV technology.""}",2026-07-08 15:34:20.440786+00
ee588e8d-cb4b-4f0a-b3ae-980e388da72a,"{""city"": ""Shenzhen"", ""state"": """", ""labels"": [""Other"", ""China"", ""EV Charging""], ""address"": """", ""country"": ""China"", ""description"": ""Shenzhen-based manufacturer of EV charging equipment.""}",2026-07-08 15:34:20.440786+00
ee5cce72-9d1c-4168-822d-73fc71dbc202,"{""city"": """", ""state"": """", ""labels"": [""Battery/Storage"", ""Germany"", ""Storage""], ""address"": """", ""country"": ""Germany"", ""description"": ""German company operating in the energy storage sector.""}",2026-07-08 15:34:20.440786+00
ee66f6ca-1192-44c8-9ec9-faf961cacee6,"{""city"": ""Tai'an"", ""state"": """", ""labels"": [""Other"", ""China""], ""address"": """", ""country"": ""China"", ""description"": ""Chinese import/export trading company supplying drilling rig machinery.""}",2026-07-08 15:34:20.440786+00
ee6e13cc-7cda-40d8-a202-2851cf1a252f,"{""city"": """", ""state"": """", ""labels"": [""Mounting/Tracker"", ""Romania""], ""address"": """", ""country"": ""Romania"", ""description"": ""Romanian company supplying metal/structural products, possibly mounting hardware.""}",2026-07-08 15:34:20.440786+00
ee89e7ee-4c52-48f4-9b8a-9e3d1e882766,"{""city"": """", ""state"": """", ""labels"": [""Other"", ""Italy""], ""address"": """", ""country"": ""Italy"", ""description"": ""Italian technology company.""}",2026-07-08 15:34:20.440786+00
eec25d8b-62f2-4e56-9dd5-74597a331c78,"{""city"": """", ""state"": """", ""labels"": [""Other"", ""Switzerland""], ""address"": """", ""country"": ""Switzerland"", ""description"": ""Swiss company, Applied Power Systems, supplying power electronics/systems.""}",2026-07-08 15:34:20.440786+00
eecfdaac-e80f-497b-8942-f8e87905d2fb,"{""city"": ""Shenzhen"", ""state"": """", ""labels"": [""Other"", ""China""], ""address"": """", ""country"": ""China"", ""description"": ""Shenzhen-based technology company, BayRobot.""}",2026-07-08 15:34:20.440786+00
eef3058b-ca10-4487-9abe-a75e154016e5,"{""city"": """", ""state"": """", ""labels"": [""Battery/Storage"", ""Germany"", ""Storage""], ""address"": """", ""country"": ""Germany"", ""description"": ""German company, Eternus Technology, operating in energy storage technology.""}",2026-07-08 15:34:20.440786+00
ef04b6f9-0003-493c-906d-e26ed0213b2c,"{""city"": ""Walldorf"", ""state"": """", ""labels"": [""Software"", ""Germany""], ""address"": """", ""country"": ""Germany"", ""description"": ""German subsidiary of SAP, enterprise software and ERP systems.""}",2026-07-08 15:34:27.535905+00
ef08ae85-f383-422b-b385-b6bba7222f88,"{""city"": """", ""state"": ""Jiangsu"", ""labels"": [""Other"", ""China"", ""Grid""], ""address"": """", ""country"": ""China"", ""description"": ""Manufactures power transformers and transformer equipment.""}",2026-07-08 15:34:27.535905+00
ef1f07cc-9c31-4d4a-9938-7f0753648732,"{""city"": """", ""state"": """", ""labels"": [""Battery/Storage"", ""China""], ""address"": """", ""country"": ""China"", ""description"": ""Supplies energy storage systems and related equipment.""}",2026-07-08 15:34:27.535905+00
ef2f0627-a14b-409a-bfc9-64b32f36280a,"{""city"": """", ""state"": """", ""labels"": [""Cable/BOS"", ""Turkey""], ""address"": """", ""country"": ""Turkey"", ""description"": ""Manufactures plastic insulation and chemical products for construction/BOS use.""}",2026-07-08 15:34:27.535905+00
ef4564c4-a008-499d-8b22-9631c3b72b32,"{""city"": """", ""state"": """", ""labels"": [""Mounting/Tracker"", ""Turkey""], ""address"": """", ""country"": ""Turkey"", ""description"": ""Produces sheet metal profiles used in mounting and structural applications.""}",2026-07-08 15:34:27.535905+00
ef45fd21-313c-4327-9ed7-77e4c1e5456c,"{""city"": """", ""state"": """", ""labels"": [""Other"", ""China""], ""address"": """", ""country"": ""China"", ""description"": ""Trade exhibition organizer for industrial and energy sector events.""}",2026-07-08 15:34:27.535905+00
ef49ea03-42a3-4b42-84ed-0e40bfc6c315,"{""city"": """", ""state"": ""Zhejiang"", ""labels"": [""Module Mfr"", ""China"", ""Solar PV""], ""address"": """", ""country"": ""China"", ""description"": ""Manufactures solar PV modules.""}",2026-07-08 15:34:27.535905+00
ef933d24-a6fa-4ea9-aee4-4e25814d47b4,"{""city"": """", ""state"": """", ""labels"": [""Cable/BOS"", ""Taiwan""], ""address"": """", ""country"": ""Taiwan"", ""description"": ""Manufactures electrical terminal blocks and connection components.""}",2026-07-08 15:34:27.535905+00
efa353ab-0c98-4eb7-91b1-4ef9b18d4f2e,"{""city"": """", ""state"": """", ""labels"": [""Metering/Monitoring"", ""Germany"", ""Grid""], ""address"": """", ""country"": ""Germany"", ""description"": ""German unit of Schneider Electric, providing power management and electrical equipment.""}",2026-07-08 15:34:27.535905+00
efabcedc-3a4b-48af-8814-c308d8426da6,"{""city"": """", ""state"": """", ""labels"": [""Battery/Storage"", ""China""], ""address"": """", ""country"": ""China"", ""description"": ""Manufactures portable power stations and electronics.""}",2026-07-08 15:34:27.535905+00
efbfff7b-f7d1-4f9f-89b4-83aee3174cf4,"{""city"": """", ""state"": """", ""labels"": [""Software"", ""United States"", ""Utility-scale""], ""address"": """", ""country"": ""United States"", ""description"": ""Makes robotic total stations for automated construction/solar site layout.""}",2026-07-08 15:34:27.535905+00
efea5a30-61c5-403b-ad9a-5fa957b65b73,"{""city"": ""Waterloo"", ""state"": """", ""labels"": [""Financing"", ""Belgium""], ""address"": """", ""country"": ""Belgium"", ""description"": ""European regional entity of Mastercard payment technology company.""}",2026-07-08 15:34:27.535905+00
efffdcdd-d0ea-4ff2-a0ba-9f813c56231c,"{""city"": ""Wenzhou"", ""state"": ""Zhejiang"", ""labels"": [""Cable/BOS"", ""China""], ""address"": """", ""country"": ""China"", ""description"": ""Manufactures electrical switches and components.""}",2026-07-08 15:34:27.535905+00
f0092540-f62d-47e2-8b2b-f089db48d680,"{""city"": """", ""state"": """", ""labels"": [""Distributor"", ""Germany""], ""address"": """", ""country"": ""Germany"", ""description"": ""German IT products and services distributor.""}",2026-07-08 15:34:27.535905+00
f009f1c5-fc01-4a02-abeb-1d1c19893d80,"{""city"": """", ""state"": """", ""labels"": [""Software"", ""United States"", ""EV Charging""], ""address"": """", ""country"": ""United States"", ""description"": ""Provides AI-based customer support tools for charge point operators.""}",2026-07-08 15:34:27.535905+00
f051d4fa-16bf-463e-a59f-fe0c67e88517,"{""city"": ""Shenzhen"", ""state"": ""Guangdong"", ""labels"": [""Battery/Storage"", ""China""], ""address"": """", ""country"": ""China"", ""description"": ""Manufactures energy storage technology systems.""}",2026-07-08 15:34:27.535905+00
f068fdcb-12d1-48b7-9b28-0bd31dbeedba,"{""city"": ""Ningbo"", ""state"": ""Zhejiang"", ""labels"": [""Metering/Monitoring"", ""China"", ""Solar PV""], ""address"": """", ""country"": ""China"", ""description"": ""Manufactures PV combiner boxes and new energy technical equipment.""}",2026-07-08 15:34:27.535905+00
f07e8369-5cc0-457d-9ee3-f4b721dc67de,"{""city"": """", ""state"": """", ""labels"": [""EPC/Installer"", ""Netherlands"", ""Solar PV""], ""address"": """", ""country"": ""Netherlands"", ""description"": ""European solar EPC and installation services provider.""}",2026-07-08 15:34:27.535905+00
f0a1093c-f6b4-4565-bc33-7b0dc9d189d2,"{""city"": """", ""state"": """", ""labels"": [""Other"", ""Germany"", ""EV Charging""], ""address"": """", ""country"": ""Germany"", ""description"": ""MAHLE subsidiary producing EV charging hardware.""}",2026-07-08 15:34:27.535905+00
f0a4e98b-a5b2-4fb3-89ac-41c0b45aa571,"{""city"": """", ""state"": """", ""labels"": [""Module Mfr"", ""China"", ""Solar PV""], ""address"": """", ""country"": ""China"", ""description"": ""Manufactures solar PV modules.""}",2026-07-08 15:34:27.535905+00
f0abc92d-2d82-4d54-bdf6-034a4640f2cb,"{""city"": """", ""state"": """", ""labels"": [""Distributor"", ""Germany"", ""Solar PV""], ""address"": """", ""country"": ""Germany"", ""description"": ""Distributes solar PV components and system equipment.""}",2026-07-08 15:34:27.535905+00
f0d52239-1e38-4441-91d4-b0e501acbed2,"{""city"": """", ""state"": """", ""labels"": [""Cable/BOS"", ""Switzerland""], ""address"": """", ""country"": ""Switzerland"", ""description"": ""Manufactures cable conduit and protection systems.""}",2026-07-08 15:34:27.535905+00
f114ccd7-e2c1-4691-8d33-bba9869b3cfc,"{""city"": """", ""state"": """", ""labels"": [""Other"", ""Germany""], ""address"": """", ""country"": ""Germany"", ""description"": ""Power engineering and electrical equipment services company.""}",2026-07-08 15:34:27.535905+00
f126eaaf-07eb-4ef8-a9e7-d3d44a802e8b,"{""city"": """", ""state"": """", ""labels"": [""Software"", ""Germany"", ""Solar PV""], ""address"": """", ""country"": ""Germany"", ""description"": ""Provides software solutions for solar/renewable asset operations.""}",2026-07-08 15:34:27.535905+00
f13a0e7d-16b9-41e0-89bc-a1e7eaadf72e,"{""city"": """", ""state"": """", ""labels"": [""Other"", ""Germany"", ""Grid""], ""address"": """", ""country"": ""Germany"", ""description"": ""Builds high-voltage substations (Umspannwerke) for grid infrastructure.""}",2026-07-08 15:34:27.535905+00
f1400d7d-d4bb-45fe-945b-07911b4e249c,"{""city"": ""Pamplona"", ""state"": ""Navarre"", ""labels"": [""Mounting/Tracker"", ""Spain"", ""Solar PV"", ""Utility-scale""], ""address"": """", ""country"": ""Spain"", ""description"": ""Manufactures solar tracker systems for ground-mounted PV plants.""}",2026-07-08 15:35:15.145259+00
f17fd322-b68c-4478-877c-c4eea7160f07,"{""city"": """", ""state"": """", ""labels"": [""Software"", ""France"", ""Solar PV""], ""address"": """", ""country"": ""France"", ""description"": ""Provides PV yield simulation and site assessment software for solar projects.""}",2026-07-08 15:35:15.145259+00
f2087066-76fc-4463-a9ca-ea57a5868e32,"{""city"": """", ""state"": """", ""labels"": [""Other"", ""Netherlands""], ""address"": """", ""country"": ""Netherlands"", ""description"": ""Dutch company in the energy sector; limited public information available.""}",2026-07-08 15:35:15.145259+00
f20feb38-9ee6-4da9-bdb1-b2acf0af0767,"{""city"": """", ""state"": ""Jiangsu"", ""labels"": [""Module Mfr"", ""China"", ""Solar PV""], ""address"": """", ""country"": ""China"", ""description"": ""Manufactures solar photovoltaic modules and related energy equipment.""}",2026-07-08 15:35:15.145259+00
f23bcea4-ee0f-4a30-902a-2648aa4ff07e,"{""city"": """", ""state"": """", ""labels"": [""Module Mfr"", ""Spain"", ""Solar PV""], ""address"": """", ""country"": ""Spain"", ""description"": ""Manufactures solar photovoltaic modules under the Eurener brand.""}",2026-07-08 15:35:15.145259+00
f2446d9a-9ac7-4e37-b114-3ecd5ba7a17b,"{""city"": """", ""state"": """", ""labels"": [""Battery/Storage"", ""Germany"", ""C&I""], ""address"": """", ""country"": ""Germany"", ""description"": ""Develops battery energy storage systems for commercial and industrial applications.""}",2026-07-08 15:35:15.145259+00
f246e2c6-eb9e-4ff5-8ba6-f55c4af52e58,"{""city"": ""Tinley Park"", ""state"": ""Illinois"", ""labels"": [""Cable/BOS"", ""United States""], ""address"": """", ""country"": ""United States"", ""description"": ""Manufactures electrical and network infrastructure products including cable management.""}",2026-07-08 15:35:15.145259+00
f248794f-84f9-46d8-b986-64b6eb008dca,"{""city"": """", ""state"": """", ""labels"": [""Mounting/Tracker"", ""Germany"", ""Solar PV""], ""address"": """", ""country"": ""Germany"", ""description"": ""Manufactures roof and ground mounting systems for solar PV installations.""}",2026-07-08 15:35:15.145259+00
f2597ee0-2858-4893-9cc9-8c6d6905dd11,"{""city"": ""Dongguan"", ""state"": ""Guangdong"", ""labels"": [""Cable/BOS"", ""China"", ""Solar PV""], ""address"": """", ""country"": ""China"", ""description"": ""Manufactures PV connectors, cables and balance-of-system components.""}",2026-07-08 15:35:15.145259+00
f25c32b3-fc36-4e35-b946-06b7038a0ed3,"{""city"": """", ""state"": """", ""labels"": [""Cable/BOS"", ""Turkey"", ""Solar PV""], ""address"": """", ""country"": ""Turkey"", ""description"": ""Manufactures solar cables and connectors for PV systems.""}",2026-07-08 15:35:15.145259+00
f29a4944-531f-442e-953e-f5a9cb4f7472,"{""city"": """", ""state"": """", ""labels"": [""EPC/Installer"", ""Germany"", ""Solar PV""], ""address"": """", ""country"": ""Germany"", ""description"": ""Provides engineering and installation services for solar energy projects.""}",2026-07-08 15:35:15.145259+00
f2a4bbe7-970e-4beb-9924-f09fa85ca40c,"{""city"": """", ""state"": ""Anhui"", ""labels"": [""Battery/Storage"", ""China""], ""address"": """", ""country"": ""China"", ""description"": ""Manufactures lithium battery cells for energy storage and EV applications.""}",2026-07-08 15:35:15.145259+00
f2a9d1bf-4262-4125-8a33-631b979b2e84,"{""city"": """", ""state"": """", ""labels"": [""Software"", ""Belgium"", ""Grid""], ""address"": """", ""country"": ""Belgium"", ""description"": ""Provides energy management and flexibility software platforms for distributed energy assets.""}",2026-07-08 15:35:15.145259+00
f2afd0c6-9beb-492a-a432-f738eada349d,"{""city"": """", ""state"": """", ""labels"": [""EPC/Installer"", ""Germany"", ""Solar PV""], ""address"": """", ""country"": ""Germany"", ""description"": ""Installs and engineers solar PV systems in Germany.""}",2026-07-08 15:35:15.145259+00
f2e5d4d6-9643-4deb-b4df-b3348d8b8770,"{""city"": """", ""state"": """", ""labels"": [""Battery/Storage"", ""China""], ""address"": """", ""country"": ""China"", ""description"": ""Manufactures battery energy storage system (BESS) products.""}",2026-07-08 15:35:15.145259+00
f328ac5f-53aa-405e-9ade-22436bb72df4,"{""city"": """", ""state"": """", ""labels"": [""Module Mfr"", ""Germany"", ""Solar PV""], ""address"": """", ""country"": ""Germany"", ""description"": ""Manufactures photovoltaic-thermal (PVT) hybrid solar collector modules.""}",2026-07-08 15:35:15.145259+00
f32fd103-72c8-4397-b454-13bd21840387,"{""city"": """", ""state"": """", ""labels"": [""Distributor"", ""Netherlands"", ""Solar PV""], ""address"": """", ""country"": ""Netherlands"", ""description"": ""Distributes Konka-branded solar PV modules in Europe.""}",2026-07-08 15:35:15.145259+00
f34dbb11-220d-41b5-b39d-c5f9113cfe34,"{""city"": ""Rimini"", ""state"": """", ""labels"": [""Other"", ""Italy"", ""Utility-scale""], ""address"": """", ""country"": ""Italy"", ""description"": ""Manufactures solar thermal and concentrated solar power collector systems.""}",2026-07-08 15:35:15.145259+00
f3722e32-b4ab-4de6-aa19-7ed1b01ede68,"{""city"": """", ""state"": """", ""labels"": [""Cable/BOS"", ""Spain""], ""address"": """", ""country"": ""Spain"", ""description"": ""Manufactures cable tray and cable management systems for electrical installations.""}",2026-07-08 15:35:15.145259+00
f396b17b-fb21-46ac-b4d2-99f50fc97b83,"{""city"": """", ""state"": """", ""labels"": [""Module Mfr"", ""Slovenia"", ""Solar PV""], ""address"": """", ""country"": ""Slovenia"", ""description"": ""Manufactures monocrystalline and glass-glass solar photovoltaic modules.""}",2026-07-08 15:35:15.145259+00
f3ca214c-0a27-4bcc-a9b0-e0fa23c88ab2,"{""city"": ""Hangzhou"", ""state"": ""Zhejiang"", ""labels"": [""Inverter Mfr"", ""China""], ""address"": """", ""country"": ""China"", ""description"": ""Manufactures electrical equipment including inverters and power electronics.""}",2026-07-08 15:35:15.145259+00
f3e88434-4193-43aa-b57c-dfaaa24e4f78,"{""city"": """", ""state"": """", ""labels"": [""EPC/Installer"", ""Germany""], ""address"": """", ""country"": ""Germany"", ""description"": ""Electrical engineering firm providing installation services including solar systems.""}",2026-07-08 15:35:15.145259+00
f3fe4426-c83f-42eb-b9bf-0bff3c7006fd,"{""city"": """", ""state"": """", ""labels"": [""Metering/Monitoring"", ""Poland""], ""address"": """", ""country"": ""Poland"", ""description"": ""Manufactures electrical automation, metering and smart home control devices.""}",2026-07-08 15:35:15.145259+00
f3ffdea3-bb1b-40c0-9b2f-adb74728bb2a,"{""city"": """", ""state"": """", ""labels"": [""Distributor"", ""Germany"", ""Solar PV""], ""address"": """", ""country"": ""Germany"", ""description"": ""Distributes solar PV components and systems to installer partners in Germany.""}",2026-07-08 15:35:15.145259+00
f41c1d15-dd57-41da-94b3-5a9081b3fc2f,"{""city"": """", ""state"": """", ""labels"": [""Consultancy"", ""Germany"", ""Solar PV""], ""address"": """", ""country"": ""Germany"", ""description"": ""Provides training and certification academy for solar installers and energy professionals.""}",2026-07-08 15:35:15.145259+00
f47ead3b-6321-4b81-bfd8-98e6a7e1fa51,"{""city"": """", ""state"": """", ""labels"": [""Other"", ""Germany"", ""Solar PV""], ""address"": """", ""country"": ""Germany"", ""description"": ""Makes robotic brush systems for cleaning solar panels.""}",2026-07-08 15:35:22.717773+00
f4869124-6af9-43e1-9d04-853f5650d32c,"{""city"": """", ""state"": """", ""labels"": [""Battery/Storage"", ""Italy"", ""Solar PV""], ""address"": """", ""country"": ""Italy"", ""description"": ""Develops portable and integrated energy storage systems.""}",2026-07-08 15:35:22.717773+00
f48937d1-da7e-4aba-8a82-4af2ace2e507,"{""city"": ""Munich"", ""state"": """", ""labels"": [""Other"", ""Germany"", ""EV Charging""], ""address"": """", ""country"": ""Germany"", ""description"": ""German design studio and market entity of EV maker Lucid Motors.""}",2026-07-08 15:35:22.717773+00
f4900066-b844-4c24-825f-19e76398e9b8,"{""city"": """", ""state"": """", ""labels"": [""Other"", ""Estonia"", ""Hydrogen""], ""address"": """", ""country"": ""Estonia"", ""description"": ""Hydrogenera develops hydrogen production and refueling equipment.""}",2026-07-08 15:35:22.717773+00
f4a04e84-bc5b-45d3-8aff-1b53e4afe52b,"{""city"": """", ""state"": """", ""labels"": [""Other"", ""France"", ""Solar PV""], ""address"": """", ""country"": ""France"", ""description"": ""AX Group makes robotic cleaning systems for solar panels.""}",2026-07-08 15:35:22.717773+00
f4a18cc8-fefb-48a0-9e63-855c722418b8,"{""city"": """", ""state"": """", ""labels"": [""Mounting/Tracker"", ""Germany"", ""Solar PV""], ""address"": """", ""country"": ""Germany"", ""description"": ""Manufactures mounting systems for solar PV installations.""}",2026-07-08 15:35:22.717773+00
f4d04888-20d0-435e-82b4-7f7a70a4b2a2,"{""city"": """", ""state"": """", ""labels"": [""Other"", ""Turkey"", ""Solar PV""], ""address"": """", ""country"": ""Turkey"", ""description"": ""Vergo Enerji supplies energy system equipment in Turkey.""}",2026-07-08 15:35:22.717773+00
f4e87771-de35-4b1f-85b9-7cd88cc08b2e,"{""city"": ""Xiamen"", ""state"": """", ""labels"": [""Battery/Storage"", ""China""], ""address"": """", ""country"": ""China"", ""description"": ""Manufactures battery storage racks and energy storage cabinets.""}",2026-07-08 15:35:22.717773+00
f51b7739-d4ec-4f4e-a8b7-bb0538739a57,"{""city"": """", ""state"": ""Vermont"", ""labels"": [""Metering/Monitoring"", ""United States"", ""Wind""], ""address"": """", ""country"": ""United States"", ""description"": ""Manufactures wind and solar resource assessment and monitoring instruments.""}",2026-07-08 15:35:22.717773+00
f5351330-105c-4939-81e4-d931a79672d3,"{""city"": """", ""state"": """", ""labels"": [""Developer/IPP"", ""Spain"", ""Solar PV""], ""address"": """", ""country"": ""Spain"", ""description"": ""Develops and manages renewable energy generation projects.""}",2026-07-08 15:35:22.717773+00
f54e82eb-abcd-4386-806c-024a4e846baa,"{""city"": """", ""state"": """", ""labels"": [""Cable/BOS"", ""United Kingdom""], ""address"": """", ""country"": ""United Kingdom"", ""description"": ""Supplies power and control cables for industrial and energy applications.""}",2026-07-08 15:35:22.717773+00
f553c0b3-8e1f-44ca-93a8-14ae480aa6b0,"{""city"": ""Zhejiang"", ""state"": """", ""labels"": [""Cable/BOS"", ""China""], ""address"": """", ""country"": ""China"", ""description"": ""Manufactures conductor and cable products.""}",2026-07-08 15:35:22.717773+00
f5c4ec71-a762-467b-a496-25712007d368,"{""city"": ""Zhejiang"", ""state"": """", ""labels"": [""Other"", ""China"", ""Off-grid""], ""address"": """", ""country"": ""China"", ""description"": ""Manufactures pumps including solar-powered water pump systems.""}",2026-07-08 15:35:22.717773+00
f5e538bb-6f90-48a1-98b8-72bce474a8a6,"{""city"": """", ""state"": """", ""labels"": [""Testing/Certification"", ""United States"", ""Solar PV""], ""address"": """", ""country"": ""United States"", ""description"": ""Provides testing and certification services for PV modules and components.""}",2026-07-08 15:35:22.717773+00
f615b933-35ad-44e5-b13b-1c74cbcab4d9,"{""city"": """", ""state"": """", ""labels"": [""Other"", ""Italy""], ""address"": """", ""country"": ""Italy"", ""description"": ""Manufactures welding and resistance welding equipment used in module production.""}",2026-07-08 15:35:22.717773+00
f619e767-3d7b-4e57-9434-e2854142e901,"{""city"": """", ""state"": """", ""labels"": [""Inverter Mfr"", ""Italy"", ""Solar PV""], ""address"": """", ""country"": ""Italy"", ""description"": ""Makes solar power optimizers and monitoring devices.""}",2026-07-08 15:35:22.717773+00
f61cab7a-3492-4776-8750-6f866f1d5d73,"{""city"": """", ""state"": """", ""labels"": [""Mounting/Tracker"", ""Italy"", ""Solar PV""], ""address"": """", ""country"": ""Italy"", ""description"": ""Manufactures actuators used in solar tracker systems.""}",2026-07-08 15:35:22.717773+00
f6370d87-5f97-4c3d-a50b-37628a070212,"{""city"": """", ""state"": """", ""labels"": [""Software"", ""Germany""], ""address"": """", ""country"": ""Germany"", ""description"": ""Custom software and electronics development company.""}",2026-07-08 15:35:22.717773+00
f65ef866-e134-4659-b3a8-3d123b17e0b9,"{""city"": """", ""state"": """", ""labels"": [""Battery/Storage"", ""Germany""], ""address"": """", ""country"": ""Germany"", ""description"": ""Supplies lithium battery energy storage products.""}",2026-07-08 15:35:22.717773+00
f6ad671b-5720-425e-895f-2759888fb02a,"{""city"": ""Shenzhen"", ""state"": """", ""labels"": [""Battery/Storage"", ""China""], ""address"": """", ""country"": ""China"", ""description"": ""Manufactures portable power stations and battery energy storage products.""}",2026-07-08 15:35:22.717773+00
f6db7e03-580a-4dff-9b39-e0653fb5992a,"{""city"": ""Jiangxi"", ""state"": """", ""labels"": [""Battery/Storage"", ""China""], ""address"": """", ""country"": ""China"", ""description"": ""New energy company manufacturing lithium battery products.""}",2026-07-08 15:35:22.717773+00
f6de7973-52dd-47e6-bf87-889c8b9456e7,"{""city"": ""Ningbo"", ""state"": """", ""labels"": [""Module Mfr"", ""China"", ""Solar PV""], ""address"": """", ""country"": ""China"", ""description"": ""Manufactures solar photovoltaic modules.""}",2026-07-08 15:35:22.717773+00
f6e32909-60ed-4309-a995-f415f1850c12,"{""city"": ""Zhejiang"", ""state"": """", ""labels"": [""Cable/BOS"", ""China""], ""address"": """", ""country"": ""China"", ""description"": ""Manufactures electrical components and connectors.""}",2026-07-08 15:35:22.717773+00
f6e53ba9-ff3e-49c2-a8f0-2fc912a38cde,"{""city"": """", ""state"": """", ""labels"": [""Mounting/Tracker"", ""China"", ""Solar PV""], ""address"": """", ""country"": ""China"", ""description"": ""3X Motion supplies actuators and motion systems for solar trackers.""}",2026-07-08 15:35:22.717773+00
f6e5bc3f-a1b7-4fa2-9d59-90aa6985cce8,"{""city"": """", ""state"": """", ""labels"": [""Battery/Storage"", ""Sweden""], ""address"": """", ""country"": ""Sweden"", ""description"": ""Develops vanadium redox flow battery energy storage technology.""}",2026-07-08 15:35:22.717773+00
f6f37886-de29-489b-8100-e0a24afdf157,"{""city"": ""Zittau"", ""state"": ""Saxony"", ""labels"": [""Research/Academic"", ""Germany"", ""Solar PV""], ""address"": """", ""country"": ""Germany"", ""description"": ""University research group (Hochschule Zittau/Görlitz) working on DC lab and electrical engineering topics.""}",2026-07-08 15:36:04.318468+00
f71e1916-0158-41eb-9a42-fae360dff9af,"{""city"": ""Münster"", ""state"": ""North Rhine-Westphalia"", ""labels"": [""Other"", ""Germany""], ""address"": """", ""country"": ""Germany"", ""description"": ""Manufacturer of adhesives, sealants and technical chemical products used in industrial applications.""}",2026-07-08 15:36:04.318468+00
f740488d-145d-4b8f-bdb8-1cd88ebd93c5,"{""city"": ""Shenzhen"", ""state"": ""Guangdong"", ""labels"": [""Battery/Storage"", ""China"", ""Residential""], ""address"": """", ""country"": ""China"", ""description"": ""Consumer and residential battery storage brand of Anker, offering solar generators and home ESS.""}",2026-07-08 15:36:04.318468+00
f74d766a-672b-4e5d-858d-7d0325d01a10,"{""city"": ""Yangzhou"", ""state"": ""Jiangsu"", ""labels"": [""Cable/BOS"", ""China""], ""address"": """", ""country"": ""China"", ""description"": ""Manufacturer of electrical wires, cables and connectors for industrial and PV applications.""}",2026-07-08 15:36:04.318468+00
f758ef31-06de-4e2b-afbe-162adfb84d5a,"{""city"": """", ""state"": """", ""labels"": [""Cable/BOS"", ""China""], ""address"": """", ""country"": ""China"", ""description"": ""Manufacturer of electrical connectors and joint products for cabling systems.""}",2026-07-08 15:36:04.318468+00
f75b203c-0fcb-4b85-b61e-75bde2de981f,"{""city"": """", ""state"": """", ""labels"": [""Distributor"", ""Germany"", ""Solar PV""], ""address"": """", ""country"": ""Germany"", ""description"": ""Distributor of solar PV components and system equipment to installers.""}",2026-07-08 15:36:04.318468+00
f76a00c1-a0ea-41cd-b064-d30f208878ea,"{""city"": """", ""state"": """", ""labels"": [""Mounting/Tracker"", ""Spain"", ""Solar PV""], ""address"": """", ""country"": ""Spain"", ""description"": ""Manufacturer of structural mounting systems for ground-mounted solar PV plants.""}",2026-07-08 15:36:04.318468+00
f77002e4-f11d-423b-9d19-0b9ea445ac47,"{""city"": ""Bezons"", ""state"": """", ""labels"": [""Other"", ""France""], ""address"": """", ""country"": ""France"", ""description"": ""Global payments and transaction processing company, not a solar-industry firm.""}",2026-07-08 15:36:04.318468+00
f77b15fd-00b2-480f-b43c-868f35c3f6e5,"{""city"": ""Hambach"", ""state"": ""Grand Est"", ""labels"": [""Module Mfr"", ""France"", ""Solar PV""], ""address"": """", ""country"": ""France"", ""description"": ""Developer of a large-scale photovoltaic module gigafactory project in France.""}",2026-07-08 15:36:04.318468+00
f781a2c5-ac41-4eaa-8535-9ea0947e4912,"{""city"": ""Oslo"", ""state"": """", ""labels"": [""Software"", ""Norway"", ""Solar PV""], ""address"": """", ""country"": ""Norway"", ""description"": ""Software platform for early-stage solar and wind site assessment and layout planning.""}",2026-07-08 15:36:04.318468+00
f785f085-7e4f-4a92-b48d-ed86c50e0168,"{""city"": ""Cologne"", ""state"": ""North Rhine-Westphalia"", ""labels"": [""Mounting/Tracker"", ""Germany"", ""Solar PV""], ""address"": """", ""country"": ""Germany"", ""description"": ""Manufacturer of mounting systems for rooftop and ground-mounted solar PV installations.""}",2026-07-08 15:36:04.318468+00
f7867f5a-cb36-4b6e-95fe-9c217558c616,"{""city"": ""Caesarea"", ""state"": """", ""labels"": [""Module Mfr"", ""Israel"", ""Solar PV""], ""address"": """", ""country"": ""Israel"", ""description"": ""Developer of lightweight, flexible thin-film solar PV modules.""}",2026-07-08 15:36:04.318468+00
f7954a8b-484c-463f-bf54-5cbf052418a7,"{""city"": ""Neuzeug"", ""state"": ""Upper Austria"", ""labels"": [""Metering/Monitoring"", ""Austria"", ""Solar PV""], ""address"": """", ""country"": ""Austria"", ""description"": ""Manufacturer of PV surplus power controllers for water and space heating integration.""}",2026-07-08 15:36:04.318468+00
f7f8c858-22db-4428-897a-8a72caecb658,"{""city"": """", ""state"": """", ""labels"": [""Distributor"", ""Czech Republic"", ""Solar PV""], ""address"": """", ""country"": ""Czech Republic"", ""description"": ""Distributor of solar PV components and system equipment.""}",2026-07-08 15:36:04.318468+00
f811c20f-2834-4c3c-b2a5-2614148d3ba0,"{""city"": """", ""state"": """", ""labels"": [""Battery/Storage"", ""Germany""], ""address"": """", ""country"": ""Germany"", ""description"": ""Developer of solid-state and thermal storage technology solutions.""}",2026-07-08 15:36:04.318468+00
f81998af-6d8d-4755-a636-230f9e9dd735,"{""city"": """", ""state"": """", ""labels"": [""Mounting/Tracker"", ""Germany"", ""Solar PV""], ""address"": """", ""country"": ""Germany"", ""description"": ""Manufacturer of mounting and racking systems for rooftop and facade solar PV.""}",2026-07-08 15:36:04.318468+00
f8221527-4056-4260-84fc-cc3f0ca955b0,"{""city"": """", ""state"": ""Jiangsu"", ""labels"": [""Metering/Monitoring"", ""China""], ""address"": """", ""country"": ""China"", ""description"": ""Manufacturer of industrial automation and metering equipment.""}",2026-07-08 15:36:04.318468+00
f84866c2-90ac-42f3-a26f-60505c16caeb,"{""city"": """", ""state"": """", ""labels"": [""EPC/Installer"", ""Spain"", ""Solar PV""], ""address"": """", ""country"": ""Spain"", ""description"": ""Company offering solar PV installation and related energy services.""}",2026-07-08 15:36:04.318468+00
f85190ba-6691-46de-a696-bc9d96c90a2b,"{""city"": ""Yixing"", ""state"": ""Jiangsu"", ""labels"": [""Module Mfr"", ""China"", ""Solar PV""], ""address"": """", ""country"": ""China"", ""description"": ""Manufacturer of crystalline silicon solar PV modules.""}",2026-07-08 15:36:04.318468+00
f8853c76-3f27-4422-9ae3-b4af1e59568c,"{""city"": ""Shijiazhuang"", ""state"": ""Hebei"", ""labels"": [""Cable/BOS"", ""China""], ""address"": """", ""country"": ""China"", ""description"": ""Manufacturer of electronic components and connectors.""}",2026-07-08 15:36:04.318468+00
f8b5188e-4792-4a15-9f17-1a2978ec6372,"{""city"": ""Fürstenwalde"", ""state"": ""Brandenburg"", ""labels"": [""Utility"", ""Germany"", ""Grid""], ""address"": """", ""country"": ""Germany"", ""description"": ""Regional electricity distribution grid operator providing network connection services.""}",2026-07-08 15:36:04.318468+00
f8b9f348-ab72-49c7-a6d0-ded05e7aa898,"{""city"": """", ""state"": """", ""labels"": [""Cell/Wafer Mfr"", ""United Kingdom"", ""Solar PV""], ""address"": """", ""country"": ""United Kingdom"", ""description"": ""Supplier of solar photovoltaic cells and related technologies.""}",2026-07-08 15:36:04.318468+00
f902e3b9-83e8-4f7c-a7a1-1977ada20a98,"{""city"": """", ""state"": ""Jiangxi"", ""labels"": [""Other"", ""China""], ""address"": """", ""country"": ""China"", ""description"": ""Manufacturer of LED lighting and electronics technology products.""}",2026-07-08 15:36:04.318468+00
f90d664c-e0a4-48cd-9f3a-3f8704b094bb,"{""city"": """", ""state"": """", ""labels"": [""Mounting/Tracker"", ""France"", ""Solar PV""], ""address"": """", ""country"": ""France"", ""description"": ""Manufacturer of solar PV mounting and integration systems for roofs and ground.""}",2026-07-08 15:36:04.318468+00
f9a23539-8aa1-4782-80d7-c8baa4b30bef,"{""city"": ""Nuremberg"", ""state"": ""Bavaria"", ""labels"": [""Consultancy"", ""Germany""], ""address"": """", ""country"": ""Germany"", ""description"": ""International law, tax and audit consultancy firm serving corporate clients.""}",2026-07-08 15:36:04.318468+00
f9c8b5f0-b53c-473a-a2ca-ccf4cfde6a57,"{""city"": ""Hangzhou"", ""state"": """", ""labels"": [""Metering/Monitoring"", ""China"", ""Solar PV""], ""address"": """", ""country"": ""China"", ""description"": ""Manufactures data loggers and monitoring devices for solar power plants.""}",2026-07-08 15:36:17.403677+00
fa000eb1-6854-4154-9221-341d8c754bea,"{""city"": """", ""state"": """", ""labels"": [""Module Mfr"", ""Italy"", ""Solar PV""], ""address"": """", ""country"": ""Italy"", ""description"": ""Manufactures photovoltaic solar panels.""}",2026-07-08 15:36:17.403677+00
fa008504-e094-43cb-a5fa-fa3961c41778,"{""city"": """", ""state"": """", ""labels"": [""Battery/Storage"", ""Spain"", ""Storage""], ""address"": """", ""country"": ""Spain"", ""description"": ""Designs and manufactures lithium battery energy storage systems.""}",2026-07-08 15:36:17.403677+00
fa076677-24bc-4a4f-a309-c2b8104691e9,"{""city"": ""Shenzhen"", ""state"": """", ""labels"": [""Other"", ""China"", ""EV Charging""], ""address"": """", ""country"": ""China"", ""description"": ""Manufactures EV charging equipment and power electronics.""}",2026-07-08 15:36:17.403677+00
fa1f20c5-e272-4363-a63a-c13167c37793,"{""city"": """", ""state"": """", ""labels"": [""Module Mfr"", ""China"", ""Solar PV""], ""address"": """", ""country"": ""China"", ""description"": ""Manufactures photovoltaic solar modules.""}",2026-07-08 15:36:17.403677+00
fa484b56-ead3-4596-85a8-f4c0a69a37e2,"{""city"": """", ""state"": """", ""labels"": [""Cable/BOS"", ""Italy"", ""Grid""], ""address"": """", ""country"": ""Italy"", ""description"": ""Manufactures transformers and electrical equipment for power distribution.""}",2026-07-08 15:36:17.403677+00
fac9ea9a-996a-40a0-b26d-f3e1104ed44e,"{""city"": """", ""state"": """", ""labels"": [""Other"", ""Germany"", ""EV Charging""], ""address"": """", ""country"": ""Germany"", ""description"": ""Provides EV charging infrastructure and e-mobility solutions.""}",2026-07-08 15:36:17.403677+00
facb7d57-6350-411a-96b9-fe15bbd6d835,"{""city"": """", ""state"": """", ""labels"": [""Battery/Storage"", ""China"", ""Storage""], ""address"": """", ""country"": ""China"", ""description"": ""Manufactures lead-acid and lithium batteries for energy storage.""}",2026-07-08 15:36:17.403677+00
fad90c21-5bbf-46ad-981c-338db11d7f23,"{""city"": """", ""state"": """", ""labels"": [""Association"", ""Germany"", ""Solar PV""], ""address"": """", ""country"": ""Germany"", ""description"": ""International non-profit association promoting renewable energy research and advocacy.""}",2026-07-08 15:36:17.403677+00
fb1137d2-5605-46e7-bc1e-a1a0f40d5cf5,"{""city"": """", ""state"": """", ""labels"": [""Battery/Storage"", ""Germany"", ""Storage""], ""address"": """", ""country"": ""Germany"", ""description"": ""Develops CO2-based long-duration energy storage systems.""}",2026-07-08 15:36:17.403677+00
fb1b4c70-3657-48f4-9d50-4b3fe99ade53,"{""city"": ""Shanghai"", ""state"": """", ""labels"": [""Battery/Storage"", ""China"", ""Storage""], ""address"": """", ""country"": ""China"", ""description"": ""Manufactures energy storage systems and battery products.""}",2026-07-08 15:36:17.403677+00
fb38378d-3f3f-4d03-a5ea-43c9379d1b15,"{""city"": """", ""state"": ""Jiangsu"", ""labels"": [""Battery/Storage"", ""China"", ""Utility-scale""], ""address"": """", ""country"": ""China"", ""description"": ""Manufactures integrated energy storage systems for utility-scale applications.""}",2026-07-08 15:36:17.403677+00
fb3fbdcd-0527-44c8-a986-cf1610ea5c7e,"{""city"": """", ""state"": """", ""labels"": [""Consultancy"", ""Germany"", ""Grid""], ""address"": """", ""country"": ""Germany"", ""description"": ""Engineering consultancy providing utility line detection and mapping services.""}",2026-07-08 15:36:17.403677+00
fb663681-c910-480e-a21e-92e140ef131a,"{""city"": """", ""state"": """", ""labels"": [""Cable/BOS"", ""Turkey"", ""Solar PV""], ""address"": """", ""country"": ""Turkey"", ""description"": ""Manufactures solar cables and electrical components.""}",2026-07-08 15:36:17.403677+00
fb957533-b772-4567-97f0-b55c3b22a8c4,"{""city"": """", ""state"": """", ""labels"": [""Battery/Storage"", ""Spain"", ""Storage""], ""address"": """", ""country"": ""Spain"", ""description"": ""Develops battery cell and energy storage technology.""}",2026-07-08 15:36:17.403677+00
fb99e682-3b04-4065-bf6b-c9e893ddd67e,"{""city"": ""Goerlitz"", ""state"": """", ""labels"": [""Association"", ""Germany""], ""address"": """", ""country"": ""Germany"", ""description"": ""Regional economic development agency supporting business investment in Goerlitz, Germany.""}",2026-07-08 15:36:17.403677+00
fbc85ef4-2193-45ae-9213-1e053116cdc6,"{""city"": """", ""state"": """", ""labels"": [""Battery/Storage"", ""Norway"", ""Storage""], ""address"": """", ""country"": ""Norway"", ""description"": ""Develops fire protection and safety products for battery energy storage systems.""}",2026-07-08 15:36:17.403677+00
fbd10e0c-2630-4098-897e-19479e66754d,"{""city"": ""Shanghai"", ""state"": """", ""labels"": [""Software"", ""China"", ""Solar PV""], ""address"": """", ""country"": ""China"", ""description"": ""Provides digital intelligence and monitoring software for solar energy systems.""}",2026-07-08 15:36:17.403677+00
fbd4247a-5ec9-4542-85d5-d4c88d059881,"{""city"": """", ""state"": """", ""labels"": [""Module Mfr"", ""Turkey"", ""Solar PV""], ""address"": """", ""country"": ""Turkey"", ""description"": ""Manufactures and distributes photovoltaic solar panels.""}",2026-07-08 15:36:17.403677+00
fbe6fafa-2a60-4904-bd49-3d35541b7564,"{""city"": """", ""state"": """", ""labels"": [""Other"", ""France"", ""Solar PV""], ""address"": """", ""country"": ""France"", ""description"": ""Provides power electronics and energy solutions.""}",2026-07-08 15:36:17.403677+00
fc151233-bc24-4cb6-8139-33d5f29d8142,"{""city"": """", ""state"": """", ""labels"": [""Cable/BOS"", ""Spain"", ""Solar PV""], ""address"": """", ""country"": ""Spain"", ""description"": ""Manufactures electronic components and combiner boxes for solar installations.""}",2026-07-08 15:36:17.403677+00
fc45c40a-1b02-4a7a-b8de-c935c2fae9fa,"{""city"": """", ""state"": """", ""labels"": [""Other"", ""Germany"", ""Solar PV""], ""address"": """", ""country"": ""Germany"", ""description"": ""Manufactures solar thermal collectors and hot water systems.""}",2026-07-08 15:36:17.403677+00
fc625346-4c23-4fe0-ba8c-4f638efddac0,"{""city"": ""Kolkata"", ""state"": ""West Bengal"", ""labels"": [""Module Mfr"", ""India"", ""Utility-scale""], ""address"": """", ""country"": ""India"", ""description"": ""Manufactures photovoltaic solar modules.""}",2026-07-08 15:36:17.403677+00
fc8939f1-61b7-45bd-895c-a3a70ed40553,"{""city"": """", ""state"": """", ""labels"": [""Testing/Certification"", ""Spain"", ""Solar PV""], ""address"": """", ""country"": ""Spain"", ""description"": ""Provides drone-based inspection and diagnostics services for solar plants.""}",2026-07-08 15:36:17.403677+00
fc976ef3-ad2f-4809-881b-67d149cd894d,"{""city"": ""Stuttgart"", ""state"": """", ""labels"": [""Software"", ""Germany"", ""EV Charging""], ""address"": """", ""country"": ""Germany"", ""description"": ""Develops software and tools for automotive electronics and EV charging systems.""}",2026-07-08 15:36:17.403677+00
fc9a2635-33c8-4014-a3c2-ed70365a3f00,"{""city"": ""Xiamen"", ""state"": """", ""labels"": [""Other"", ""China""], ""address"": """", ""country"": ""China"", ""description"": ""Chinese manufacturer of signage and related energy products.""}",2026-07-08 15:37:00.102144+00
fcb13321-c32c-43d0-9bde-672c8d93dfc1,"{""city"": """", ""state"": """", ""labels"": [""Mounting/Tracker"", ""Germany""], ""address"": """", ""country"": ""Germany"", ""description"": ""German company likely supplying solar mounting/fixing hardware.""}",2026-07-08 15:37:00.102144+00
fccce2f1-efcc-4695-9062-08b126875472,"{""city"": """", ""state"": """", ""labels"": [""Battery/Storage"", ""Italy"", ""Solar PV""], ""address"": """", ""country"": ""Italy"", ""description"": ""Energy storage and PV solutions provider trading as Enexya.""}",2026-07-08 15:37:00.102144+00
fce52c09-145a-4cc7-ab1e-b8ef509173f0,"{""city"": """", ""state"": """", ""labels"": [""Distributor"", ""Germany""], ""address"": """", ""country"": ""Germany"", ""description"": ""German-registered energy products distribution company.""}",2026-07-08 15:37:00.102144+00
fcee64f7-3085-4894-aaa2-6010f241c16f,"{""city"": """", ""state"": """", ""labels"": [""Other"", """"], ""address"": """", ""country"": """", ""description"": ""Company name suggests a coffee/hospitality business, not energy-sector.""}",2026-07-08 15:37:00.102144+00
fcfe20f8-7c33-4f20-b5d6-7c7a6eb82a36,"{""city"": ""Dongguan"", ""state"": ""Guangdong"", ""labels"": [""Cable/BOS"", ""China""], ""address"": """", ""country"": ""China"", ""description"": ""Chinese industrial manufacturer of electrical connectors and components.""}",2026-07-08 15:37:00.102144+00
fd21b718-bdeb-4073-a142-b4ee802c9dc9,"{""city"": """", ""state"": """", ""labels"": [""Mounting/Tracker"", ""Germany"", ""Solar PV""], ""address"": """", ""country"": ""Germany"", ""description"": ""German subsidiary of Desigenia, a solar tracker and mounting systems maker.""}",2026-07-08 15:37:00.102144+00
fd46c8b4-3b54-48ce-945b-92d2c2904e23,"{""city"": """", ""state"": """", ""labels"": [""Battery/Storage"", ""Germany""], ""address"": """", ""country"": ""Germany"", ""description"": ""German company developing battery energy storage systems.""}",2026-07-08 15:37:00.102144+00
fd4f3867-8a57-4fd4-8e58-640db0b1bb9c,"{""city"": """", ""state"": """", ""labels"": [""Mounting/Tracker"", ""Italy"", ""Solar PV""], ""address"": """", ""country"": ""Italy"", ""description"": ""Italian company supplying solar mounting and racking equipment.""}",2026-07-08 15:37:00.102144+00
fd52a015-11f1-43ce-bf98-d0fedeca872f,"{""city"": ""Shenzhen"", ""state"": ""Guangdong"", ""labels"": [""Cable/BOS"", ""China""], ""address"": """", ""country"": ""China"", ""description"": ""Chinese manufacturer of electrical/electronic technology components.""}",2026-07-08 15:37:00.102144+00
fd5843ca-0726-488a-a293-55f06df8a880,"{""city"": ""Oslo"", ""state"": """", ""labels"": [""Consultancy"", ""Norway""], ""address"": """", ""country"": ""Norway"", ""description"": ""Norwegian engineering and consulting firm serving energy and infrastructure sectors.""}",2026-07-08 15:37:00.102144+00
fd6f040e-a719-4067-9e2c-042cde795c5b,"{""city"": """", ""state"": """", ""labels"": [""EPC/Installer"", ""Italy"", ""Solar PV""], ""address"": """", ""country"": ""Italy"", ""description"": ""Italian energy company providing EPC and project services.""}",2026-07-08 15:37:00.102144+00
fd8410f2-4d22-4ed6-8998-5fbeea7028cb,"{""city"": """", ""state"": """", ""labels"": [""EPC/Installer"", ""Italy"", ""Solar PV""], ""address"": """", ""country"": ""Italy"", ""description"": ""Italian company providing EPC services for renewable energy plants.""}",2026-07-08 15:37:00.102144+00
fd9071f8-0aa0-44fb-ae4a-7fe9135c5b64,"{""city"": """", ""state"": """", ""labels"": [""Other"", ""Norway""], ""address"": """", ""country"": ""Norway"", ""description"": ""Norwegian technology company, name suggests directed energy/beam technology.""}",2026-07-08 15:37:00.102144+00
fd99c6da-01b4-49fd-bf7f-063d7a3e5ed9,"{""city"": """", ""state"": """", ""labels"": [""EPC/Installer"", ""Austria"", ""Solar PV""], ""address"": """", ""country"": ""Austria"", ""description"": ""Austrian company providing solar energy solutions and installations.""}",2026-07-08 15:37:00.102144+00
fdf15a4f-988e-4b99-84c9-331fec19f56c,"{""city"": """", ""state"": """", ""labels"": [""Research/Academic"", ""Netherlands""], ""address"": """", ""country"": ""Netherlands"", ""description"": ""Dutch independent research organization (TNO) covering applied science including energy.""}",2026-07-08 15:37:00.102144+00
fdfaaa67-a166-485b-a38a-08b3b7b452d6,"{""city"": """", ""state"": ""Zhejiang"", ""labels"": [""Cable/BOS"", ""China""], ""address"": """", ""country"": ""China"", ""description"": ""Chinese manufacturer of electric fuses and protection components.""}",2026-07-08 15:37:00.102144+00
fe0d1237-043b-4a16-b1db-2319f343030b,"{""city"": ""Suzhou"", ""state"": ""Jiangsu"", ""labels"": [""Battery/Storage"", ""China"", ""Solar PV""], ""address"": """", ""country"": ""China"", ""description"": ""Chinese manufacturer of hybrid inverters and residential energy storage systems.""}",2026-07-08 15:37:00.102144+00
fe2c2ef4-f690-4e84-a96f-36d89b356576,"{""city"": """", ""state"": """", ""labels"": [""Other"", ""Germany"", ""Residential""], ""address"": """", ""country"": ""Germany"", ""description"": ""German maker of solar-powered retractable awnings for residential use.""}",2026-07-08 15:37:00.102144+00
fe30172e-abce-4354-ba2d-91f24da58e85,"{""city"": """", ""state"": """", ""labels"": [""Module Mfr"", ""China""], ""address"": """", ""country"": ""China"", ""description"": ""Chinese manufacturer of solar power modules and related products.""}",2026-07-08 15:37:00.102144+00
fe5a36f5-6029-4ea0-97da-c417500d9be2,"{""city"": ""Stuttgart"", ""state"": ""Baden-Württemberg"", ""labels"": [""Association"", ""Germany""], ""address"": """", ""country"": ""Germany"", ""description"": ""German state economic development agency promoting Baden-Württemberg businesses abroad.""}",2026-07-08 15:37:00.102144+00
fe67f302-6c12-4573-ae64-29ab0731f9d6,"{""city"": """", ""state"": """", ""labels"": [""Metering/Monitoring"", ""Switzerland""], ""address"": """", ""country"": ""Switzerland"", ""description"": ""Swiss company providing energy control and monitoring solutions.""}",2026-07-08 15:37:00.102144+00
fe9e2aa4-0c90-4f37-b71e-f0a59383203d,"{""city"": """", ""state"": """", ""labels"": [""Software"", ""United States"", ""Grid""], ""address"": """", ""country"": ""United States"", ""description"": ""Company providing data and software solutions for the energy sector.""}",2026-07-08 15:37:00.102144+00
fea24c14-95d9-4941-9dba-75aadabf8ea2,"{""city"": ""Brandenburg an der Havel"", ""state"": ""Brandenburg"", ""labels"": [""Cell/Wafer Mfr"", ""Germany"", ""Solar PV""], ""address"": """", ""country"": ""Germany"", ""description"": ""German subsidiary of Oxford PV, developer of perovskite-silicon tandem solar cells.""}",2026-07-08 15:37:00.102144+00
fea9e6bc-a80e-484d-a179-8afd172faebe,"{""city"": """", ""state"": ""Anhui"", ""labels"": [""Battery/Storage"", ""China""], ""address"": """", ""country"": ""China"", ""description"": ""Chinese manufacturer of power source and battery products.""}",2026-07-08 15:37:00.102144+00
feae5299-5dbb-4a72-9061-6675ca3e0a4a,"{""city"": ""Erlangen"", ""state"": ""Bavaria"", ""labels"": [""EV Charging"", ""Germany"", ""Software""], ""address"": ""Wöhrmühle 2"", ""country"": ""Germany"", ""description"": ""Provides energy management software for commercial EV fleet charging, battery, and solar automation.""}",2026-07-08 15:37:05.666963+00
fec106d1-67e6-4134-af03-7c2ab02bfa89,"{""city"": """", ""state"": """", ""labels"": [""Other"", ""Unknown""], ""address"": """", ""country"": ""Unknown"", ""description"": ""Company with no website or public data available; classification inferred from name only.""}",2026-07-08 15:37:05.666963+00
ff323ef2-f2ba-4a58-a9a4-0ce54e5f6644,"{""city"": ""Augsburg"", ""state"": ""Bavaria"", ""labels"": [""Software"", ""Germany"", ""Storage""], ""address"": ""Werner-von-Siemens-Straße 6, Gebäude 9a"", ""country"": ""Germany"", ""description"": ""Provides battery energy storage system management software, data logging, and grid connection services.""}",2026-07-08 15:37:05.666963+00
ff44b8ba-1580-43f6-967a-4a8ce86232c1,"{""city"": ""Hamburg"", ""state"": ""Hamburg"", ""labels"": [""Financing"", ""Germany"", ""Solar PV""], ""address"": ""Friesenweg 2c"", ""country"": ""Germany"", ""description"": ""Consulting and financing firm for photovoltaic and wind energy projects, including M&A and asset management.""}",2026-07-08 15:37:05.666963+00
ff5a7649-8ae4-4872-9054-7fd5b8a9ebde,"{""city"": ""Widnes"", ""state"": """", ""labels"": [""Inverter Mfr"", ""United Kingdom"", ""Storage""], ""address"": ""Unit 8, Total Park, Bennetts Lane, Shell Green"", ""country"": ""United Kingdom"", ""description"": ""Develops hybrid inverters and battery energy storage systems for residential and commercial use.""}",2026-07-08 15:37:05.666963+00
ff67f425-81ea-4584-a407-8507b7a3d076,"{""city"": """", ""state"": """", ""labels"": [""Other"", ""China""], ""address"": """", ""country"": ""China"", ""description"": ""Company with no website; classification inferred from name and gmail contact address only.""}",2026-07-08 15:37:05.666963+00
ffc6c4e6-6afa-4489-b559-d9001261a025,"{""city"": ""Xi'an"", ""state"": ""Shaanxi"", ""labels"": [""EV Charging"", ""China""], ""address"": ""Building 2, Huatian Telecom Industrial Park, No. 38 Tuanjie South Road, High-tech Zone"", ""country"": ""China"", ""description"": ""Manufactures high-power DC EV charging modules, AC chargers, and PCS converters for storage systems.""}",2026-07-08 15:37:05.666963+00
ffe9eefc-9c72-4e09-b361-f7144bace1b8,"{""city"": ""Wuxi"", ""state"": ""Jiangsu"", ""labels"": [""Mounting/Tracker"", ""China"", ""Solar PV""], ""address"": ""5 Lijiang Road, Xinwu District"", ""country"": ""China"", ""description"": ""Manufactures linear actuators and electric cylinders, including solar tracker drive systems.""}",2026-07-08 15:37:05.666963+00
fffd3900-36d4-49f7-91f2-67ef98a59580,"{""city"": ""Eschborn"", ""state"": ""Hesse"", ""labels"": [""Other"", ""Germany""], ""address"": """", ""country"": ""Germany"", ""description"": ""Publishes online B2B trade media portals covering industrial sectors including energy and automation.""}",2026-07-08 15:37:05.666963+00
