id,account_id,name,email,phone,title,status,monday_item_id,created_at,updated_at,company,department,mobile,address,city,state,country,website,birthday,notes,labels,source,google_resource_name,custom,description,company_id,owner_id,enrich_pending,enrich_asked_at
02419cc8-3043-4fe5-861b-e73de93a09a0,,PRODUCTOS CHACHITOS SA DE CV,,whatsapp:+5215519888845,,,,2026-07-08 17:19:58.016264+00,2026-07-08 17:19:58.016264+00,,,,,,,,,,,,whatsapp,,{},,,,f,
5fe282e1-aaa3-423e-9827-ce49fe5f4a4d,,Ablewise LLC,info@ablewise.com,+861056390000,,,,2026-07-08 13:55:29.902442+00,2026-07-08 17:26:51.657509+00,Ablewise LLC,,,,,,United States,https://www.ablewise.com,,,"{Other,""United States""}",google,,{},"Online classifieds and business marketplace platform, not solar-specific.",,,f,
1500fd36-5be0-4231-a903-4571616a6fc3,,Grace Solar,sales@gracesolar.com,+86-592-3671838 +86-19859290068,,,,2026-07-08 13:56:12.59272+00,2026-07-08 15:37:37.303214+00,Grace Solar,,,,,,China,https://www.gracesolar.com,,,"{""Module Mfr"",China,""Solar PV""}",google,,{},Chinese manufacturer of solar PV modules.,,,f,
c7c36cc9-0126-40e2-9399-b8cbd2c5a669,,UNIV ANAHUAC DE CANCUN S C,,whatsapp:+41789349500,,,,2026-07-08 15:29:39.624776+00,2026-07-08 15:38:38.327422+00,,,,,,,,,,,"{Other,Unknown}",whatsapp,,{},Solar/energy industry contact; details not auto-classified.,,,f,
d9178721-40ed-4943-b020-2c58723d5989,,Shenzhen Ltd.,,+86 0755-23576245,,,,2026-07-08 13:57:03.844702+00,2026-07-08 15:37:37.303214+00,"Shenzhen DeepPower Technology Energy Co., Ltd.",,,,Shenzhen,,China,,,,"{Battery/Storage,China}",google,,{},Develops battery and power storage technology.,,,f,
00a82aee-c461-4700-a79f-7f642f084dd1,,Solenergi AS,prosjekt@fusen.no,+4740038736,,,,2026-07-08 13:57:12.577837+00,2026-07-08 15:37:37.303214+00,Solenergi FUSen AS,,,,,,Norway,https://www.fusen.no,,,"{EPC/Installer,Norway,""Solar PV""}",google,,{},Norwegian solar energy installation company.,,,f,
001aaaa5-c641-4294-9174-d0b70c8b1b53,,dSPACE KG,info@dspace.de,+49525116380,,,,2026-07-08 13:55:54.987925+00,2026-07-08 15:37:37.303214+00,dSPACE Group SE &amp; Co. KG,,,,Paderborn,,Germany,https://www.dspace.com,,,"{Software,Germany}",google,,{},Develops simulation and validation software/hardware for embedded systems including e-mobility.,,,f,
001c2246-23f2-4045-9e3a-81694d71e758,,DF SA,export@dfelectric.es,+34 934 750864,,,,2026-07-08 13:55:52.941671+00,2026-07-08 15:37:37.303214+00,DF ELECTRIC SA,,,,,,Spain,http://www.dfelectric.es,,,"{Cable/BOS,Spain}",google,,{},Spanish manufacturer of electrical equipment and components.,,,f,
002f30a0-9dd1-40fd-a56d-81dee80b59bb,,Kempower,info@kempower.com,+358290021900,,,,2026-07-08 13:56:31.449052+00,2026-07-08 15:37:37.303214+00,Kempower,,,,Lahti,,Finland,https://www.kempower.com/,,,"{Other,Finland,""EV Charging""}",google,,{},Finnish manufacturer of DC fast chargers for electric vehicles.,,,f,
005eca1a-899f-49f2-b3d6-e198ced199ce,,Jiangyin Ltd,sales@cnyoju.com,+86 138 6163 9539,,,,2026-07-08 13:56:29.135633+00,2026-07-08 15:37:37.303214+00,"Jiangyin Youju Machinery Equipment Co.,Ltd",,,,Jiangyin,Jiangsu,China,https://www.cnyoju.com,,,"{Other,China}",google,,{},"Chinese manufacturer of machinery equipment, including solar production equipment.",,,f,
0070288a-bc89-483b-b8cd-b9e12996b6a6,,Stercom GmbH,info@stercom.de,+49 8020 339960,,,,2026-07-08 13:57:15.652656+00,2026-07-08 15:37:37.303214+00,Stercom Power Solutions GmbH,,,,,,Germany,https://www.stercom.de,,,"{Other,Germany}",google,,{},German manufacturer of power supplies and power electronics.,,,f,
0081cecf-7557-40f4-add3-c247fe635801,,EWS GmbH,office@ews-energy.com,+43774420141,,,,2026-07-08 13:56:06.155804+00,2026-07-08 15:37:37.303214+00,EWS EPC GmbH,,,,,,Germany,https://www.ews-energy.com,,,"{EPC/Installer,Germany,""Solar PV""}",google,,{},"German engineering, procurement and construction company for energy projects.",,,f,
008974ac-3fb3-41de-8ec0-9a51fc66f429,,ADITES GmbH,vertrieb@adites.de,+4916094942623,,,,2026-07-08 13:55:30.729908+00,2026-07-08 15:37:37.303214+00,ADITES Hanse GmbH,,,,,,Germany,https://www.photovoltaik-hanse.de,,,"{EPC/Installer,Germany,""Solar PV""}",google,,{},German photovoltaic installation company.,,,f,
00edd620-a19d-46c8-a52f-c9e723376ba0,,PUBLIC UKRAINE,office@aseu.org.ua,+380380937822033,,,,2026-07-08 13:56:52.679964+00,2026-07-08 15:37:37.303214+00,PUBLIC UNION SOLAR ENERGY ASSOCIATION OF UKRAINE,,,,,,Ukraine,https://aseu.org.ua/,,,"{Association,Ukraine,""Solar PV""}",google,,{},Ukrainian public association promoting solar energy.,,,f,
0105e55b-eca6-48e8-9519-8270ea9a10a6,,Jiangxi Ltd,,,,,,2026-07-08 13:56:28.564994+00,2026-07-08 15:37:37.303214+00,"Jiangxi Gongtu New Energy Co., Ltd",,,,,Jiangxi,China,https://gtsolar.en.alibaba.com,,,"{Distributor,China,""Solar PV""}",google,,{},Chinese trading company selling solar products via Alibaba.,,,f,
01381943-2f35-4318-9af2-a1a1896bba8a,,CNBM LTD.,cnbmzj@cnhdi.com.cn,+86-0571-85067588,,,,2026-07-08 13:55:48.658882+00,2026-07-08 15:37:37.303214+00,"CNBM ZHEJIANG MATERIAL CO., LTD.",,,,,Zhejiang,China,,,,"{Other,China}",google,,{},"Chinese building material company, part of CNBM group.",,,f,
0156771d-bde3-45aa-b041-1f0e04c5c703,,ACBEL INC.,emma_hung@acbel.com,+88626217672,,,,2026-07-08 13:55:30.117166+00,2026-07-08 15:37:37.303214+00,ACBEL POLYTECH INC.,,,,,,Taiwan,https://www.acbel.com.tw/en,,,"{Other,Taiwan}",google,,{},Taiwanese manufacturer of power supplies and power electronics.,,,f,
0156cf84-34fb-4f29-a8d8-edb4fb18dccb,,AIT GmbH,office@ait.ac.at,,,,,2026-07-08 13:55:31.98229+00,2026-07-08 15:37:37.303214+00,AIT Austrian Institute of Technology GmbH,,,,Vienna,,Austria,https://www.ait.ac.at,,,"{Research/Academic,Austria}",google,,{},Austrian applied research institute working on energy and technology topics.,,,f,
0170b3ed-002b-498a-acf0-0b4660c8eb3c,,EVS GmbH,info@evs-hydrogen.de,+49 85939388520,,,,2026-07-08 13:56:05.97641+00,2026-07-08 15:37:37.303214+00,EVS Hydrogen GmbH,,,,,,Germany,https://www.evs-hydrogen.de,,,"{Other,Germany,Hydrogen}",google,,{},German company focused on hydrogen technology solutions.,,,f,
0179c68f-6fa8-4a90-a866-f204d56caa8f,,Tridens,ales.pristovnik@tridenstechnology.com,+386 31 627 462,,,,2026-07-08 13:57:24.117418+00,2026-07-08 15:37:37.303214+00,Tridens,,,,,,Slovenia,https://tridenstechnology.com/ev-charge/,,,"{Software,Slovenia,""EV Charging""}",google,,{},Slovenian provider of EV charging software and management systems.,,,f,
017e2d1c-1215-43f8-838a-a380adfe3b6d,,HERING GmbH,dana.mueller@hering-sanikonzept.de,+492736484,,,,2026-07-08 13:56:18.640535+00,2026-07-08 15:37:37.303214+00,HERING Sanikonzept GmbH,,,,,,Germany,https://www.heringinternational.com/de/produkte-leistungen/oeffentliche-wc-anlagen/,,,"{Other,Germany}",google,,{},"German company providing public restroom/sanitary facility solutions, tangential to energy sector.",,,f,
017f9493-9c4e-4d58-a37b-c30c6c8c91e5,,SUNKEAN LTD.,sales@sunkean.com,+86 0510 81083036,,,,2026-07-08 13:57:17.00103+00,2026-07-08 15:37:37.303214+00,"SUNKEAN CABLE CO., LTD.",,,,,,China,https://www.sunkean.com,,,"{Cable/BOS,China,""Solar PV""}",google,,{},Chinese manufacturer of solar and photovoltaic cables.,,,f,
0182fbe9-21cb-452d-a0be-1f6c00af41ab,,Trade E,,+49 761 38813700,,,,2026-07-08 13:57:23.499212+00,2026-07-08 15:37:37.303214+00,Trade Press Booth The smarter E,,,,Munich,,Germany,,,,"{Other,Germany}",google,,{},Trade press booth contact associated with The smarter E energy trade fair.,,,f,
01a3d4ea-09a4-4aa1-86a6-d0a1311ab6e6,,Hunan Ltd,info@rikasensor.com,+86-731-85518380,,,,2026-07-08 13:56:21.749543+00,2026-07-08 15:37:37.303214+00,"Hunan Rika Electronic Tech Co.,Ltd",,,,,Hunan,China,https://www.rikasensor.com,,,"{Metering/Monitoring,China}",google,,{},Chinese manufacturer of sensors and weather monitoring stations.,,,f,
01a5aeba-71f5-47c3-90c9-b1fce5e04a14,,XIAMEN LTD,,,,,,2026-07-08 13:57:34.507742+00,2026-07-08 15:37:37.303214+00,"XIAMEN E-STAR ENERGY CO.,LTD",,,,Xiamen,Fujian,China,https://www.estarenergy.com,,,"{""Module Mfr"",China,""Solar PV""}",google,,{},Chinese solar energy company producing PV modules and related products.,,,f,
01a9d5d9-f6cd-4cf9-8205-3440e1fb0797,,Voltfang GmbH,marketing@voltfang.de,+49 241 5570 3935,,,,2026-07-08 13:57:29.660705+00,2026-07-08 15:37:37.303214+00,Voltfang GmbH,,,,,,Germany,https://www.voltfang.de,,,"{Battery/Storage,Germany}",google,,{},German company producing second-life battery energy storage systems.,,,f,
01b76af7-fd64-48d3-94b7-9eb39a06932c,,Energet ）,official@energetsolar.com,+8613672181100,,,,2026-07-08 13:56:00.302301+00,2026-07-08 15:37:37.303214+00,"Energet Solar（Tianjin Yizhao International Trade Co.,Ltd.）",,,,Tianjin,,China,https://www.energetsolar.com,,,"{Distributor,China,""Solar PV""}",google,,{},Chinese trading company exporting solar energy products.,,,f,
01b8322d-74f8-4f7f-ad18-44cbda4dd9dc,,PEM University,p.cacciotti@pem.rwth-aachen.de,+491741746479,,,,2026-07-08 13:56:48.652462+00,2026-07-08 15:37:37.303214+00,PEM der RWTH Aachen University,,,,Aachen,,Germany,https://www.pem.rwth-aachen.de,,,"{Research/Academic,Germany,""EV Charging""}",google,,{},Research institute at RWTH Aachen University focused on production engineering for e-mobility.,,,f,
01ccb76a-c2b9-4fd2-826c-8a9261489796,,ATMOCE,sandra.valverde@atmoce.com,+34678175322,,,,2026-07-08 13:55:36.853557+00,2026-07-08 15:37:37.303214+00,ATMOCE,,,,,,Spain,https://www.atmoce.com,,,"{Other,Spain}",google,,{},Spanish company operating in the energy technology sector.,,,f,
01f11eb7-2d33-4ea5-b251-d6b826375e35,,Powerway Energy,info@pvpowerway.com,(86)757-8259 6536,,,,2026-07-08 13:56:51.4977+00,2026-07-08 15:37:37.303214+00,Powerway Renewable Energy s.r.o.,,,,,,Czech Republic,https://www.pvpowerway.com,,,"{Mounting/Tracker,""Czech Republic"",""Solar PV""}",google,,{},"Manufacturer of solar mounting and tracking systems, Czech branch.",,,f,
01f44c76-5630-4823-b4fa-c3c65f5b1ea2,,SHENZHEN LTD.,,+86 0755-23041426,,,,2026-07-08 13:57:06.868619+00,2026-07-08 15:37:37.303214+00,"SHENZHEN UNIT TECHNOLOGY Co, LTD.",,,,Shenzhen,Guangdong,China,https://www.szunit.com,,,"{Other,China,""Solar PV""}",google,,{},Shenzhen-based technology company; product line not fully specified from available sources.,,,f,
020e7dce-48e4-4963-939d-f404d4631fd5,,Guangdong Ltd.,sales@sunbanges.com,+8675523779109,,,,2026-07-08 13:56:14.576618+00,2026-07-08 15:37:37.303214+00,"Guangdong Sunbang Technology Co., Ltd.",,,,,Guangdong,China,https://sunbanges.com,,,"{""Module Mfr"",China,""Solar PV""}",google,,{},Guangdong-based solar technology company supplying PV products.,,,f,
02187665-2257-420e-bdb2-93442e64a500,,CLEANL GmbH,,,,,,2026-07-08 13:55:48.079855+00,2026-07-08 15:37:37.303214+00,CLEANL germany GmbH,,,,,,Germany,https://www.cleanl.de,,,"{Other,Germany,""Solar PV""}",google,,{},"German company, name suggests solar panel cleaning products or services.",,,f,
02471d59-b17b-44fe-b451-4a4e8e6b0276,,R&amp;S Holding,info@the-rsgroup.com,+41619763466,,,,2026-07-08 13:56:54.819534+00,2026-07-08 15:37:37.303214+00,R&amp;S International Holding,,,,,,Germany,https://the-rsgroup.com/,,,"{Other,Germany}",google,,{},International holding company; sector not confirmed from available sources.,,,f,
024b17cf-8656-4806-b877-507269d54089,,Avacon GmbH,,,,,,2026-07-08 13:55:37.365057+00,2026-07-08 15:37:37.303214+00,Avacon Netz GmbH,,,,,,Germany,https://www.avacon-netz.de/netzdienstleistungen,,,"{Utility,Germany,Grid}",google,,{},German electricity distribution network operator offering grid services.,,,f,
025e693d-04fd-40b1-9844-6f7cfc8be17a,,Weidon Ltd.,li.qing@weidonsys.com,+8613636316614,,,,2026-07-08 13:57:31.39466+00,2026-07-08 15:37:37.303214+00,Weidon Systems Technology Ltd.,,,,,,China,https://weidonsys.com,,,"{Other,China}",google,,{},Chinese systems technology company; specific product line not confirmed.,,,f,
026d5b86-5b1b-4c43-bff1-7a81d5647c38,,Solar Media,sm.infosolarmedia@informa.com,,,,,2026-07-08 13:57:10.766796+00,2026-07-08 15:37:37.303214+00,Solar Media,,,,,,United Kingdom,https://www.solarmedia.co.uk,,,"{Consultancy,""United Kingdom"",""Solar PV""}",google,,{},"UK-based solar industry media, events and market intelligence provider.",,,f,
0270a848-4b73-497a-97a9-5788ba244a9d,,MAHLE KG,thermalsystems@mahle.com,+4971541330,,,,2026-07-08 13:56:37.335609+00,2026-07-08 15:37:37.303214+00,MAHLE Industrial Thermal Systems GmbH &amp; Co. KG,,,,,,Germany,https://www.mahle.com,,,"{Other,Germany}",google,,{},German industrial subsidiary of MAHLE producing thermal management systems.,,,f,
027a750c-e5e4-4bdc-acc0-4913f666bd0f,,Emerson,elena.rebiere@emerson.com,+33643630060,,,,2026-07-08 13:55:59.251249+00,2026-07-08 15:37:37.303214+00,Emerson,,,,,,United States,https://www.emerson.com/en-us,,,"{Other,""United States"",Grid}",google,,{},US-based global industrial technology and automation conglomerate.,,,f,
02a0b832-adb6-4ff4-a904-8d0bcf5ceeda,,GreenPocket GmbH,marketing@greenpocket.de,+49 221 3550950,,,,2026-07-08 13:56:13.141469+00,2026-07-08 15:37:37.303214+00,GreenPocket GmbH,,,,Cologne,,Germany,https://www.greenpocket.de,,,"{Software,Germany,Grid}",google,,{},German energy software company providing smart metering and grid data solutions.,,,f,
02d1c2b2-e5b3-4e2d-bb62-4fa8a25f0b09,,voestalpine GmbH,info.krems@voestalpine.com,+43 503 0414-0,,,,2026-07-08 13:57:28.860692+00,2026-07-08 15:37:37.303214+00,voestalpine Krems GmbH,,,,Krems,,Austria,https://www.voestalpine.com/krems,,,"{Mounting/Tracker,Austria}",google,,{},"Austrian voestalpine subsidiary producing steel products, incl. mounting components.",,,f,
02d6139d-c02f-44a2-994e-f8f39b953d49,,KASKA s.r.o.,info@kaska.eu,+420383134231,,,,2026-07-08 13:56:31.130177+00,2026-07-08 15:37:37.303214+00,KASKA s.r.o.,,,,,,Slovakia,https://www.kaska.eu,,,"{Other,Slovakia}",google,,{},Slovak s.r.o. company; specific sector not confirmed from available sources.,,,f,
02e8e10e-4837-40e4-bc20-2ef2c330d05e,,Next GmbH,berschauer@next-kraftwerke.de,+49 (0) 221 82 00 85-0,,,,2026-07-08 13:56:42.826391+00,2026-07-08 15:37:37.303214+00,Next Kraftwerke GmbH,,,,Cologne,,Germany,https://www.next-kraftwerke.de,,,"{Utility,Germany,Grid}",google,,{},German virtual power plant operator aggregating and trading renewable generation.,,,f,
030d7929-e943-4797-ad2f-13e44425abc4,,Dach GmbH,info@dachfuerdach.de,+49 304 2430352,,,,2026-07-08 13:55:51.188612+00,2026-07-08 15:37:37.303214+00,Dach für Dach GmbH,,,,,,Germany,https://dachfuerdach.de/,,,"{EPC/Installer,Germany,Residential}",google,,{},German roofing company offering roof renovation including solar installation.,,,f,
0310563b-c463-43fe-a046-7de60dfb1873,,Sunbeam BV,info@sunbeam.solar,+31 (0)88 09 09 900,,,,2026-07-08 13:57:16.355593+00,2026-07-08 15:37:37.303214+00,Sunbeam BV,,,,,,Netherlands,https://www.sunbeam.solar,,,"{Distributor,Netherlands,""Solar PV""}",google,,{},Dutch BV company distributing solar products.,,,f,
031ed659-f8d8-4a54-a5ba-bfdc34b89c75,,Bundesverband Energiewirtschaft,mail@bne-online.de,+49 30 4005480,,,,2026-07-08 13:55:44.041899+00,2026-07-08 15:37:37.303214+00,Bundesverband Neue Energiewirtschaft e.V.,,,,Berlin,,Germany,https://www.bne-online.de,,,"{Association,Germany}",google,,{},German federal association representing the new/renewable energy industry.,,,f,
031f9396-3bb1-4caf-b279-9ced44669e57,,Weinzierl GmbH,info@weinzierl.de,+498677916360,,,,2026-07-08 13:57:31.441641+00,2026-07-08 15:37:37.303214+00,Weinzierl Engineering GmbH,,,,,,Germany,https://www.weinzierl.de,,,"{Metering/Monitoring,Germany,Grid}",google,,{},German engineering firm developing KNX and building automation monitoring hardware.,,,f,
0329e10f-0e97-49e1-91bf-da61a7f35aef,,Jiangsu Ltd,energy@essis.cc,+8651386818188,,,,2026-07-08 13:56:26.949961+00,2026-07-08 15:37:37.303214+00,"Jiangsu Essis New Energy Technology Co., Ltd",,,,,Jiangsu,China,https://www.essis.cc,,,"{Battery/Storage,China,""Solar PV""}",google,,{},"Jiangsu-based new energy technology company, likely energy storage products.",,,f,
034506f1-248f-4a34-834e-159e95e52b6e,,Hydrogen Networking,,+49 761 38813700,,,,2026-07-08 13:56:22.254814+00,2026-07-08 15:37:37.303214+00,Hydrogen Networking,,,,,,United Kingdom,,,,"{Association,""United Kingdom"",Hydrogen}",google,,{},Hydrogen sector networking organization; no website available to confirm details.,,,f,
0384ed7b-fb64-42a9-949b-0c3ff3182cef,,Qualysoft Technology,erika.brestenska@qualysoft.com,+421911181195,,,,2026-07-08 13:56:54.291714+00,2026-07-08 15:37:37.303214+00,"Qualysoft Information Technology, s.r.o.",,,,,,Slovakia,https://www.qualysoft.com,,,"{Software,Slovakia}",google,,{},Slovak information technology services and software company.,,,f,
039c15f6-5d75-44ef-920a-52ff099baa3c,,Bemis Elektrik,trade@bemis.com.tr,+905427737294,,,,2026-07-08 13:55:41.109825+00,2026-07-08 15:37:37.303214+00,Bemis Teknik Elektrik A.S.,,,,,,Turkey,https://www.bemis.com.tr,,,"{Cable/BOS,Turkey}",google,,{},Turkish electrical equipment company (Teknik Elektrik) supplying trade/industrial products.,,,f,
03d0eeef-4cfd-43bf-a89b-79b6af1a4cdc,,GREINER GmbH,info@greiner.eu,+49635149070,,,,2026-07-08 13:56:13.278894+00,2026-07-08 15:37:37.303214+00,GREINER Schaltanlagen GmbH,,,,,,Germany,https://www.greiner.eu,,,"{Cable/BOS,Germany,Grid}",google,,{},German manufacturer of switchgear (Schaltanlagen) for electrical distribution.,,,f,
03e09f42-2bdf-4ae3-9ffb-a5f194801dae,,HUBEI LTD.,coco.yao@ctwell.net,+8675584690493,,,,2026-07-08 13:56:20.865629+00,2026-07-08 15:37:37.303214+00,"HUBEI CTWELL ELECTRONICS CO.,LTD.",,,,,Hubei,China,https://www.ctwell.net,,,"{""Inverter Mfr"",China,""Solar PV""}",google,,{},"Hubei-based electronics manufacturer, likely producing power/inverter electronics.",,,f,
03e520bf-2e4f-4d33-8f33-11825bb96d17,,Shenzhen Ltd.,3278260566@qq.com,+8613380326547,,,,2026-07-08 13:56:14.094299+00,2026-07-08 15:37:37.303214+00,"Shenzhen Washi Energy Co., Ltd.",,,,Shenzhen,Guangdong,China,https://www.wattcycle.com/,,,"{Battery/Storage,China,""Solar PV""}",google,,{},Shenzhen-based energy company (Wattcycle) producing battery storage products.,,,f,
03e63c9b-99e7-44af-8e0b-caf33e0c1e3e,,Huizhou Ltd,,,,,,2026-07-08 13:56:21.467703+00,2026-07-08 15:37:37.303214+00,"Huizhou Ultimate Intelligence Technology Co., Ltd",,,,Huizhou,Guangdong,China,https://www.u-energie.de,,,"{Battery/Storage,China,""Solar PV""}",google,,{},Huizhou-based intelligence technology company (U-Energie) producing energy storage products.,,,f,
05e6b1e0-f90f-42ce-b7de-b43a1f04d967,,TÜV Rheinland,genau.richtig@tuv.com,+49 221 8060,,,,2026-07-08 13:57:25.241577+00,2026-07-08 15:37:37.303214+00,TÜV Rheinland,,,,Cologne,,Germany,,,,"{Testing/Certification,Germany}",google,,{},"Global testing, inspection and certification body serving solar and industrial sectors.",,,f,
05f1b99a-9664-4802-8c04-0c819a086317,,Smart Lab,info@smartenergylab.com,+351912000266,,,,2026-07-08 13:57:09.306134+00,2026-07-08 15:37:37.303214+00,Smart Energy Lab,,,,,,Germany,https://www.smartenergylab.com,,,"{Software,Germany,Grid}",google,,{},Energy technology company developing smart energy management software solutions.,,,f,
06142e3e-9f21-473c-821c-2f57748da72c,,Topband GmbH,xuninghong@topband.com.cn,+8615752785175,,,,2026-07-08 13:57:23.15644+00,2026-07-08 15:37:37.303214+00,Topband Germany GmbH,,,,,,Germany,https://www.topband.com/en,,,"{Battery/Storage,Germany}",google,,{},German subsidiary of Chinese manufacturer producing batteries and BMS components.,,,f,
0635bfb1-1183-4448-9521-2e50ffb9c1dd,,Lyric GmbH,jiefei.shi@lyric-automation.de,+491757583643,,,,2026-07-08 13:56:36.793601+00,2026-07-08 15:37:37.303214+00,Lyric Automation Germany GmbH,,,,,,Germany,https://en.lyric-robot.com/,,,"{Other,Germany}",google,,{},"German subsidiary developing automation and robotics, including solar panel cleaning robots.",,,f,
066aa92f-ef35-4b75-897c-801d215ee4b8,,inexogy KG,info@inexogy.com,+4924153809410,,,,2026-07-08 13:56:23.687844+00,2026-07-08 15:37:37.303214+00,inexogy smart metering GmbH &amp; Co. KG,,,,,,Germany,https://www.inexogy.com/,,,"{Metering/Monitoring,Germany}",google,,{},Provides smart metering solutions for energy consumption monitoring.,,,f,
0680c194-c941-43be-9092-45b9e405f46f,,DNV,info@dnv.com,+49 40 361490,,,,2026-07-08 13:55:53.779902+00,2026-07-08 15:37:37.303214+00,DNV,,,,Hovik,,Norway,https://www.dnv.com,,,"{Testing/Certification,Norway}",google,,{},Global assurance and risk management provider offering certification for energy projects.,,,f,
0685e595-87f1-42ba-93ed-70d0e9d43205,,STABL GmbH,info@stabl.com,+49 89 21536326,,,,2026-07-08 13:57:15.000439+00,2026-07-08 15:37:37.303214+00,STABL Energy GmbH,,,,Munich,,Germany,https://www.stabl.com,,,"{Battery/Storage,Germany}",google,,{},Develops modular battery storage systems and software for grid applications.,,,f,
06b07a07-b238-44bd-8979-bd6395a1c8f2,,Krinner GmbH,a.harlander@krinner.com,+4915146620144,,,,2026-07-08 13:56:33.261144+00,2026-07-08 15:37:37.303214+00,Krinner Carport GmbH,,,,,,Germany,https://www.krinner-solar.com,,,"{Mounting/Tracker,Germany}",google,,{},Manufactures ground screw foundations and solar carport mounting systems.,,,f,
07069d7e-d90e-4b91-9c6c-acc9e660cd85,,HUBEI LTD,amy@lab-tester.com,0724-8889001,,,,2026-07-08 13:56:20.912284+00,2026-07-08 15:37:37.303214+00,"HUBEI HONGTU INSTRUMENTI CO.,LTD",,,,,Hubei,China,https://www.hototest.cn,,,"{Testing/Certification,China}",google,,{},Manufactures testing and measurement instruments for laboratories.,,,f,
070e3023-c937-4c67-b927-ef94070bcdef,,Harting KG,de@harting.com,+49 571 8896 0,,,,2026-07-08 13:56:17.206304+00,2026-07-08 15:37:37.303214+00,Harting Deutschland GmbH &amp; Co. KG,,,,Espelkamp,,Germany,https://www.harting.com,,,"{Cable/BOS,Germany}",google,,{},"Manufactures electrical connectors, cabling and interconnection technology.",,,f,
07310044-9b1b-406a-b8d6-d6e636fb2a72,,AQVA GmbH,mail@aqva.de,+4935837969658,,,,2026-07-08 13:55:35.417759+00,2026-07-08 15:37:37.303214+00,AQVA Synergy GmbH,,,,,,Germany,https://www.aqva.de,,,"{Other,Germany}",google,,{},German engineering and technology services company.,,,f,
0732ea3d-6069-4c20-8f57-0d0435bc296d,,CBoom GmbH,info@cboom.de,,,,,2026-07-08 13:55:45.494156+00,2026-07-08 15:37:37.303214+00,CBoom International GmbH,,,,,,Germany,https://www.cboom.de,,,"{Other,Germany}",google,,{},German trading and distribution company serving energy-related industries.,,,f,
07794422-a5a7-4a16-bf74-052831004974,,WSM GmbH,info@wsm.eu,+492291860,,,,2026-07-08 13:57:33.442398+00,2026-07-08 15:37:37.303214+00,WSM – Walter Solbach Metallbau GmbH,,,,,,Germany,https://www.wsm.eu/de/,,,"{Mounting/Tracker,Germany}",google,,{},Metal fabrication company producing mounting structures and metalwork.,,,f,
078685c0-4341-47c0-b3c4-257cec93a93c,,Yingkou Ltd.,marketing@jinchenmachine.com,+86 417-6682375,,,,2026-07-08 13:57:36.732969+00,2026-07-08 15:37:37.303214+00,"Yingkou Jinchen Machinery Co., Ltd.",,,,Yingkou,Liaoning,China,https://www.jinchencorp.com,,,"{Other,China}",google,,{},Manufactures industrial machinery and equipment.,,,f,
07aa0f7a-8f4d-4dcd-bbc2-b5162ccf18dd,,SunSpec Alliance,erin@sunspec.org,+15302048172,,,,2026-07-08 13:57:17.503592+00,2026-07-08 15:37:37.303214+00,SunSpec Alliance,,,,,California,United States,https://www.sunspec.org,,,"{Association,""United States"",""Solar PV""}",google,,{},Nonprofit alliance developing open standards for distributed energy interoperability.,,,f,
07b978c5-1fff-4298-86db-26a0ef82a87e,,WI GmbH,info@wi-energy.de,+49 651 9998860,,,,2026-07-08 13:57:32.247828+00,2026-07-08 15:37:37.303214+00,WI Energy GmbH,,,,,,Germany,https://www.wi-energy.de,,,"{EPC/Installer,Germany,""Solar PV""}",google,,{},German energy company providing solar installation and energy services.,,,f,
07dd935c-f306-4be3-8fcb-6747cd356a20,,TONGWEI LTD.,sales@tongwei.com,+86-28-60707985,,,,2026-07-08 13:57:22.966715+00,2026-07-08 15:37:37.303214+00,"TONGWEI SOLAR (YANCHENG) CO., LTD.",,,,Yancheng,Jiangsu,China,https://en.tongwei.cn/,,,"{""Cell/Wafer Mfr"",China,""Solar PV""}",google,,{},"Major Chinese producer of solar cells, polysilicon and wafers.",,,f,
07f83416-cca4-42a4-af82-542e5eab61d2,,IGEN Ltd.,xuwen.guan@igen-tech.com,+86 510 68005664,,,,2026-07-08 13:56:23.011182+00,2026-07-08 15:37:37.303214+00,"IGEN Tech Co., Ltd.",,,,,,China,https://www.indevolt.com,,,"{Battery/Storage,China}",google,,{},Manufactures portable power stations and battery energy storage products.,,,f,
07f89d45-1527-4477-bc61-1ad024f5595f,,FLEXOO GmbH,sales@flexoo.de,+4962215419101,,,,2026-07-08 13:56:07.854707+00,2026-07-08 15:37:37.303214+00,FLEXOO GmbH,,,,,,Germany,https://flexoo.com,,,"{Software,Germany,Grid}",google,,{},German company offering software for energy flexibility and demand-side management.,,,f,
081db0d7-727a-4d7c-9f26-87397a455489,,encentive,contact@encentive.de,+494943215393874,,,,2026-07-08 13:56:00.058215+00,2026-07-08 15:37:37.303214+00,encentive,,,,,,Germany,https://www.encentive.de,,,"{Software,Germany,Grid}",google,,{},Develops software platform for energy management and optimization.,,,f,
082f7000-ffdc-4b83-8a36-f757b2fe5bf0,,NingBo Ltd,duval@kmforward.com,+86-13676763906,,,,2026-07-08 13:56:43.779787+00,2026-07-08 15:37:37.303214+00,"NingBo KMF Auto Parts Co., Ltd",,,,Ningbo,Zhejiang,China,https://www.kmf-ev.com,,,"{Other,China,""EV Charging""}",google,,{},Manufactures auto parts and components including for electric vehicles.,,,f,
0839c53e-f5b9-4691-87ec-5c63da9db506,,Zhejiang Ltd,betty@wzdamper.com,15167644053,,,,2026-07-08 13:57:39.565419+00,2026-07-08 15:37:37.303214+00,"Zhejiang Wenzhong New Energy Co.,Ltd",,,,,Zhejiang,China,https://www.wzdamper.com,,,"{Mounting/Tracker,China}",google,,{},Manufactures dampers and components used in solar tracker mounting systems.,,,f,
083b695a-51ed-480a-8a51-9779e0d25d9a,,WENZHOU LTD.,onesto@onestoelectric.com,86 577 86760616,,,,2026-07-08 13:57:31.747532+00,2026-07-08 15:37:37.303214+00,"WENZHOU ONKAK IMPEX CO.,LTD.",,,,Wenzhou,Zhejiang,China,https://www.onesto.cn,,,"{Cable/BOS,China}",google,,{},Manufactures electrical components and connectors for solar and industrial use.,,,f,
0842e944-5ddb-4b47-87e0-124c21a632fa,,KBE GmbH,info@kbe-elektrotechnik.com,+49 30 25208100,,,,2026-07-08 13:56:31.306356+00,2026-07-08 15:37:37.303214+00,KBE Elektrotechnik GmbH,,,,,,Germany,https://www.kbe-elektrotechnik.com,,,"{Cable/BOS,Germany}",google,,{},German manufacturer of electrical engineering and cabling products.,,,f,
084ff799-7ecc-4e90-923e-cfb6b6d7bfba,,Sitetracker,eargentiero@sitetracker.com,+447760967335,,,,2026-07-08 13:57:08.846886+00,2026-07-08 15:37:37.303214+00,Sitetracker,,,,Sunnyvale,California,United States,https://www.sitetracker.com,,,"{Software,""United States"",Utility-scale}",google,,{},Provides software for managing telecom and energy infrastructure deployment projects.,,,f,
03f6bc92-b456-4b79-95e2-e04717e9aa39,,Thrace Group,hrs@thraceplastics.gr,+30 2109875042,,,,2026-07-08 13:57:22.050294+00,2026-07-08 15:37:37.303214+00,Thrace Group,,,,Xanthi,,Greece,https://www.thracegroup.com,,,"{Cable/BOS,Greece,""Solar PV""}",google,,{},Greek industrial group producing geosynthetics and cable/EVA materials used in solar farms.,,,f,
04040a76-f244-41ce-8ca0-f78a6e1b83cf,,minimum GmbH,info@minimum.energy,+4915170007176,,,,2026-07-08 13:56:39.701888+00,2026-07-08 15:37:37.303214+00,minimum energy GmbH,,,,,,Germany,https://minimum.energy,,,"{EPC/Installer,Germany,C&I}",google,,{},German company offering energy solutions including solar PV installation and consulting.,,,f,
04096d14-b723-4eca-acff-60bb06b5f5e4,,Power2Drive Booth,thesmartere@fwtm.de,+49 761 3881880,,,,2026-07-08 13:56:50.986252+00,2026-07-08 15:37:37.303214+00,ees Forum incl. Trade Press Booth,,,,Freiburg,,Germany,,,,"{Association,Germany}",google,,{},Trade fair/forum organizer for energy storage exhibitions and press events.,,,f,
04173dd4-8904-4ae0-a3e8-1477e0890bee,,Hydra srl,info@hydrahammer.it,+39 051 6908660,,,,2026-07-08 13:56:22.073655+00,2026-07-08 15:37:37.303214+00,Hydra srl,,,,,,Italy,https://www.hydrahammer.eu,,,"{Mounting/Tracker,Italy,Utility-scale}",google,,{},Italian manufacturer of pile-driving hammers and equipment for solar mounting foundations.,,,f,
041980f7-5872-4372-a535-b69f824590d1,,MINOVATOOL GmbH,langcheng@minovatool.com,+8613861078275,,,,2026-07-08 13:56:39.737531+00,2026-07-08 15:37:37.303214+00,MINOVATOOL GmbH,,,,,,Germany,https://www.minovafastening.com,,,"{Mounting/Tracker,Germany}",google,,{},Manufacturer of fastening tools and hardware used in solar mounting systems.,,,f,
0422f353-2233-4e34-adb5-ea4c56b5e7c6,,Gustav GmbH,florian.remy@emerson.com,+4921919070,,,,2026-07-08 13:56:15.795216+00,2026-07-08 15:37:37.303214+00,Gustav Klauke GmbH,,,,Remscheid,,Germany,https://www.klauke.com,,,"{Cable/BOS,Germany}",google,,{},Emerson-owned German manufacturer of crimping tools and cable lugs used in electrical/solar installs.,,,f,
0445f19f-0c85-4f26-b311-4fb970269a81,,enakronIC,info@enakronic.eu,+302106545313,,,,2026-07-08 13:55:59.544213+00,2026-07-08 15:37:37.303214+00,enakronIC,,,,,,Germany,https://enakronic.eu/,,,"{Software,Germany,""Solar PV""}",google,,{},Energy technology company providing monitoring or IoT solutions for renewable energy systems.,,,f,
045418c4-2370-4947-8a01-90f9325d49d3,,Mogli UG,hello@getmogli.com,,,,,2026-07-08 13:56:40.570706+00,2026-07-08 15:37:37.303214+00,Mogli Innovation UG (haftungsbeschränkt),,,,,,Germany,https://www.getmogli.com,,,"{Software,Germany,""EV Charging""}",google,,{},German startup building software/hardware for smart home energy and EV charging management.,,,f,
04583c7c-21c5-4262-be46-78d8db891d9d,,Chongqing Ltd.,,023-41666739,,,,2026-07-08 13:55:47.598454+00,2026-07-08 15:37:37.303214+00,"Chongqing Pingchuang Institute of Semiconductors Co., Ltd.",,,,Chongqing,,China,,,,"{Research/Academic,China}",google,,{},"Chinese semiconductor research institute, likely involved in solar cell/wafer R&D.",,,f,
045ba3e0-c8aa-44e1-850b-c2e4ab919b31,,DHYBRID GmbH,m.thurner@dhybrid.energy,+49 89 899481112,,,,2026-07-08 13:55:53.128978+00,2026-07-08 15:37:37.303214+00,DHYBRID Power Systems GmbH,,,,Munich,,Germany,http://www.dhybrid.energy,,,"{Battery/Storage,Germany,Off-grid}",google,,{},"German manufacturer of hybrid power and microgrid systems combining storage, solar and diesel.",,,f,
047d4a40-9745-44e5-bcc7-d3e74e793749,,Siemens Energy,marina.voronina@siemens-energy.com,,,,,2026-07-08 13:57:08.137306+00,2026-07-08 15:37:37.303214+00,Siemens Energy,,,,Munich,,Germany,https://www.siemens-energy.com/global/en/home/products-services/product-offerings/transformers.html,,,"{Other,Germany,Grid}",google,,{},Global energy technology company producing power transformers and grid equipment.,,,f,
048bd1d9-c859-4924-a77b-7e541c22a0d1,,eco-invention ag,d.meyer@eco-invention.ch,+41784803914,,,,2026-07-08 13:55:56.404939+00,2026-07-08 15:37:37.303214+00,eco-invention ag,,,,,,Switzerland,https://www.eco-invention.ch,,,"{Mounting/Tracker,Switzerland}",google,,{},Swiss company producing solar carport and mounting structures.,,,f,
04a78bc2-aacc-4c0f-9d7d-eb4a8a2af5bd,,State Ltd.,sprixin@sprixin.com,+86 8345 8100,,,,2026-07-08 13:57:15.389864+00,2026-07-08 15:37:37.303214+00,"State Power Rixin Technology Co., Ltd.",,,,,,China,https://www.sprixin.com,,,"{Other,China,Grid}",google,,{},"Chinese power technology company, likely affiliated with State Grid, producing electrical equipment.",,,f,
04b82094-6887-4525-849f-2a9feab9df13,,Opoura,opoura@opoura.com,+454596419200,,,,2026-07-08 13:56:46.848733+00,2026-07-08 15:37:37.303214+00,Opoura,,,,,,Belgium,https://opoura.com/,,,"{Software,Belgium}",google,,{},"Small technology company, likely offering energy software or consulting services.",,,f,
04d6afaa-73e9-499f-b8f4-a7c29d33d076,,Envertech Ltd.,info@envertec.com,+86 021 6858 0086,,,,2026-07-08 13:56:02.914392+00,2026-07-08 15:37:37.303214+00,Envertech (Shanghai) Corporation Ltd.,,,,Shanghai,,China,https://www.envertec.com,,,"{""Inverter Mfr"",China,Residential}",google,,{},Shanghai-based manufacturer of microinverters for residential solar PV systems.,,,f,
04f8e621-d7a5-462d-965e-b71740f8f812,,Bals KG,info@bals.com,+49 2723 7710,,,,2026-07-08 13:55:38.503196+00,2026-07-08 15:37:37.303214+00,Bals Elektrotechnik GmbH &amp; Co. KG,,,,Kirchhundem,,Germany,https://www.bals.com,,,"{Cable/BOS,Germany}",google,,{},German manufacturer of connectors and cable accessories for solar and electrical installations.,,,f,
05011bed-79ee-4418-a35a-92ca8a0dbfdd,,TSM SOLUTIONS,elena.serban@tsm-synergy.com,+40756893194,,,,2026-07-08 13:57:24.811273+00,2026-07-08 15:37:37.303214+00,TSM SYNERGY SOLUTIONS S.R.L.,,,,,,Romania,https://www.tsm-synergy.com/,,,"{Distributor,Romania,""Solar PV""}",google,,{},Romanian company distributing solar modules and renewable energy equipment.,,,f,
050327eb-6224-478d-b802-1311eece92ca,,ABB,,,,,,2026-07-08 13:55:29.753113+00,2026-07-08 15:37:37.303214+00,ABB,,,,Zurich,,Switzerland,https://www.abb.com/global/en/areas/renewable-power,,,"{""Inverter Mfr"",Switzerland,Utility-scale}",google,,{},Global industrial technology company producing inverters and power equipment for renewable power.,,,f,
053ab1e2-307a-4eed-a1b8-56e11dc765ac,,USE GmbH,sebastian.buehrdel@use-my-energy.de,+4935835075145,,,,2026-07-08 13:57:26.654663+00,2026-07-08 15:37:37.303214+00,USE MY ENERGY GmbH,,,,,,Germany,https://www.use-my-energy.de,,,"{Software,Germany,Residential}",google,,{},German company offering software/services for residential solar and storage energy management.,,,f,
0547b9ac-f597-459c-a9b5-074c54ef705b,,FAMATEL,info@famatel.com,+34 938277133,,,,2026-07-08 13:56:06.644438+00,2026-07-08 15:37:37.303214+00,FAMATEL,,,,,,Portugal,https://www.famatel.com,,,"{Cable/BOS,Portugal}",google,,{},Portuguese manufacturer of electrical switchgear and cable accessories.,,,f,
056161fa-eb17-42e8-8889-fe4a26e8463c,,Zählerfreunde GmbH,kontakt@zaehlerfreunde.com,,,,,2026-07-08 13:57:37.173732+00,2026-07-08 15:37:37.303214+00,Zählerfreunde GmbH,,,,,,Germany,https://www.zaehlerfreunde.de,,,"{Metering/Monitoring,Germany}",google,,{},German company specializing in electricity meters and metering services.,,,f,
056eb1ef-cbac-43e6-96f3-ba33e376630e,,RENON Technology,marketing@renon-eu.com,+31642855525,,,,2026-07-08 13:56:56.559354+00,2026-07-08 15:37:37.303214+00,RENON Power Technology B.V.,,,,,,Netherlands,https://www.renonpower.com,,,"{Battery/Storage,Netherlands}",google,,{},Battery energy storage system manufacturer with European operations based in the Netherlands.,,,f,
05721ff3-72bd-48e9-8b21-4c956e67b1d9,,Shanghai Ltd.,info@zoeess.com,+86 21 5296 5907,,,,2026-07-08 13:57:03.231517+00,2026-07-08 15:37:37.303214+00,"Shanghai ZOE Energy Storage Technology Co.,Ltd.",,,,Shanghai,,China,https://www.zoeess.com/en,,,"{Battery/Storage,China,Utility-scale}",google,,{},Shanghai-based manufacturer of energy storage systems and battery technology.,,,f,
05886d1d-f908-4d76-96b3-9af5aae9d064,,Union Grid,j.chovanec@uniongrid.cz,,,,,2026-07-08 13:57:26.199351+00,2026-07-08 15:37:37.303214+00,Union Grid s.r.o.,,,,,,Czech Republic,https://www.carbounion.cz/union-grid,,,"{Distributor,""Czech Republic"",Grid}",google,,{},"Czech company, part of Carbounion group, active in grid and EV charging infrastructure.",,,f,
05d33837-cb4b-49d6-b657-8ae800736269,,Xiamen Ltd,exp@9sunsolar.com,,,,,2026-07-08 13:57:34.402766+00,2026-07-08 15:37:37.303214+00,"Xiamen 9Sun Solar Technology Co.,Ltd",,,,Xiamen,,China,https://www.9sunsolar.net,,,"{Mounting/Tracker,China}",google,,{},Xiamen-based manufacturer of solar mounting and technology accessories.,,,f,
085216fb-63fb-4bb6-8aa8-6be152c23499,,Airmajor ltd.,pd@airmajor.co.kr,+821071667353,,,,2026-07-08 13:55:31.777972+00,2026-07-08 15:37:37.303214+00,"Airmajor co., ltd.",,,,,,South Korea,https://www.airmajor.co.kr,,,"{Other,""South Korea""}",google,,{},"Korean manufacturer, likely industrial/cooling equipment supplier serving energy sector clients.",,,f,
08914e47-b3a2-412f-873b-3694fe490375,,PV Solutions,mignoto@pvhardware.com,+34697175651,,,,2026-07-08 13:56:52.869705+00,2026-07-08 15:37:37.303214+00,"PV Hardware Solutions, S.L",,,,,,Spain,https://pvhardware.com/,,,"{Mounting/Tracker,Spain,""Solar PV"",Utility-scale}",google,,{},Manufactures solar tracker and fixed-tilt mounting structures for utility-scale PV plants.,,,f,
08a66a10-92b9-46c8-b14f-82a6fe76ea17,,PCENERSYS Ltd.,sales@pcenersys.com,+8615766242511,,,,2026-07-08 13:56:48.287609+00,2026-07-08 15:37:37.303214+00,"PCENERSYS (Shenzhen) Co., Ltd.",,,,Shenzhen,Guangdong,China,https://www.pcenersys.com,,,"{Battery/Storage,China}",google,,{},Chinese manufacturer of energy storage systems and power conversion equipment.,,,f,
08be1c31-2847-42cf-b29a-a6650fcde472,,JOVYATLAS GmbH,sales@jovyatlas.de,+495893940,,,,2026-07-08 13:56:29.995976+00,2026-07-08 15:37:37.303214+00,JOVYATLAS GmbH,,,,,,Germany,https://www.jovyatlas.de,,,"{""Inverter Mfr"",Germany}",google,,{},"German manufacturer of power electronics including rectifiers, chargers, and inverters.",,,f,
08cecc2b-0d2e-4012-8192-d218dcfa9042,,Shenzhen Ltd,sales@sungoldsolar.cn,86-755-29685821-881,,,,2026-07-08 13:57:06.725096+00,2026-07-08 15:37:37.303214+00,"Shenzhen Sungold Solar Co.,Ltd",,,,Shenzhen,Guangdong,China,https://www.sungoldsolar.com,,,"{""Module Mfr"",China,""Solar PV""}",google,,{},Chinese manufacturer of solar photovoltaic modules.,,,f,
08e7831b-843c-498b-908f-0c76f5a85d62,,Hongho Limited,sales@honghotec.com,+86 13699899101,,,,2026-07-08 13:56:19.885524+00,2026-07-08 15:37:37.303214+00,Hongho Technology Limited,,,,,,China,https://www.honghotec.com,,,"{Cable/BOS,China}",google,,{},Chinese supplier of solar balance-of-system components and accessories.,,,f,
09243af3-afc5-41b6-becc-d4d2d9d95db0,,Solaxess SA,c.ackermann@solaxess.ch,+41327272828,,,,2026-07-08 13:57:12.379222+00,2026-07-08 15:37:37.303214+00,Solaxess SA,,,,Neuchatel,,Switzerland,https://www.solaxess.ch,,,"{""Module Mfr"",Switzerland,""Solar PV""}",google,,{},Swiss developer of colored solar glass technology for building-integrated photovoltaics.,,,f,
09527f69-dcfc-442b-9b3d-678a902801c6,,BAB GmbH,sales@bab-distribution.de,+49573 29814100,,,,2026-07-08 13:55:38.221712+00,2026-07-08 15:37:37.303214+00,BAB Distribution GmbH,,,,,,Germany,https://www.bab-greenvision.de/,,,"{Distributor,Germany,""Solar PV""}",google,,{},German distributor of solar and green energy products.,,,f,
095d0b87-c7fb-4183-8008-360bc4178dbf,,Schleswig-Holstein GmbH,netzdienstleistungen@sh-netz.com,+49 4106-6 29-93 60,,,,2026-07-08 13:57:00.724897+00,2026-07-08 15:37:37.303214+00,Schleswig-Holstein Netz GmbH,,,,,Schleswig-Holstein,Germany,https://www.sh-netz.com,,,"{Utility,Germany,Grid}",google,,{},"Regional electricity distribution grid operator in Schleswig-Holstein, Germany.",,,f,
097aa71c-59d9-4e06-a0c7-d55acc7cd553,,ERL Sirketi,zeynep.alemdar@erl.com.tr,+905426120733,,,,2026-07-08 13:56:03.542211+00,2026-07-08 15:37:37.303214+00,ERL Teknik Enerji Anonim Sirketi,,,,,,Turkey,https://www.erl.com.tr,,,"{EPC/Installer,Turkey}",google,,{},Turkish energy engineering and technical services company.,,,f,
09a5dc73-84a6-4f48-8620-9c0982e5673f,,Onsite Sales,,+49 761 38813700,,,,2026-07-08 13:56:46.580715+00,2026-07-08 15:37:37.303214+00,Onsite Sales,,,,,,Unknown,,,,"{Other,Unknown}",google,,{},No website or public information available to determine business activity.,,,f,
09c155d9-4c36-4ef9-908f-138607fd165b,,Big Energy,info@bigassbattery.com,+31850658060,,,,2026-07-08 13:55:41.966453+00,2026-07-08 15:37:37.303214+00,Big Ass Battery B.V. &amp; Smart Ass Energy B.V.,,,,,,Netherlands,https://www.bigassbattery.com,,,"{Battery/Storage,Netherlands}",google,,{},Dutch company offering battery energy storage and smart energy solutions.,,,f,
09c2e984-c158-40b0-87e3-71ca2d6bfb54,,HGESS,info@hgess.eu,+31622927710,,,,2026-07-08 13:56:19.055862+00,2026-07-08 15:37:37.303214+00,HGESS,,,,,,Netherlands,https://www.hgess.eu,,,"{Battery/Storage,Netherlands}",google,,{},Energy storage systems provider operating under the .eu domain.,,,f,
09cc3fa0-ce8d-40e6-9858-ba997c987e1f,,AIP KG,kirill.kreutzer@aip-automotive.de,+49837424098150,,,,2026-07-08 13:55:31.729757+00,2026-07-08 15:37:37.303214+00,AIP GmbH &amp; co. KG,,,,,,Germany,https://www.aip-automotive.de,,,"{Other,Germany}",google,,{},German automotive and battery engineering company.,,,f,
09fe6efd-4834-455d-97fe-7827e9818fb7,,Enyroof GmbH,enyroof@rabensteiner.eu,+39472272900,,,,2026-07-08 13:56:03.1547+00,2026-07-08 15:37:37.303214+00,Enyroof by Rabensteiner GmbH,,,,,,Austria,https://www.enyroof.com,,,"{""Module Mfr"",Austria,Residential}",google,,{},Austrian provider of building-integrated photovoltaic roofing systems.,,,f,
0a1fd43f-8671-42e7-b691-e70eff786ebb,,Areg Inc.,info@areg.ai,+37491537493,,,,2026-07-08 13:55:35.958868+00,2026-07-08 15:37:37.303214+00,Areg Technologies Inc.,,,,,,United States,https://areg.ai/,,,"{Software,""United States""}",google,,{},"AI-focused technology company, domain suggests software/analytics offering.",,,f,
0a4fee15-5632-4d03-a6a2-7a70aec2b5a2,,Solsta SAS,info@solsta.co,+5717868524,,,,2026-07-08 13:57:13.511175+00,2026-07-08 15:37:37.303214+00,Solsta SAS,,,,,,France,https://www.solsta.co,,,"{Developer/IPP,France,""Solar PV""}",google,,{},French solar energy project development company (SAS entity).,,,f,
0a52db14-8290-4a8e-81c7-68e960029775,,WALTHER-WERKE GmbH,mail@walther-werke.de,+4963514750,,,,2026-07-08 13:57:30.521183+00,2026-07-08 15:37:37.303214+00,WALTHER-WERKE Ferdinand Walther GmbH,,,,,,Germany,https://www.walther-werke.de,,,"{Cable/BOS,Germany,""EV Charging""}",google,,{},German manufacturer of electrical connectors and charging technology.,,,f,
0a7f83f3-3fa0-4020-a158-2744cdb8233f,,HANGZHOU LTD,sales@hzguheng.com,+86 0571-81023228,,,,2026-07-08 13:56:16.705975+00,2026-07-08 15:37:37.303214+00,"HANGZHOU GUHENG ENERGY TECHNOLOGY CO., LTD",,,,Hangzhou,Zhejiang,China,https://www.hzguheng.com,,,"{Battery/Storage,China}",google,,{},"Chinese energy technology manufacturer, likely producing storage or power equipment.",,,f,
0ad7cc07-7c5b-4a76-9b3a-b0c8e5595826,,KWpeak GmbH,achim.benderoth@kwpeak.de,+49 566 54064897,,,,2026-07-08 13:56:33.564819+00,2026-07-08 15:37:37.303214+00,KWpeak Solutions GmbH,,,,,,Germany,,,,"{Consultancy,Germany,""Solar PV""}",google,,{},German solar energy consulting and solutions company.,,,f,
0aee44d1-3ac9-49e8-b9cd-1d62483b4653,,Manterra Limited,clive@manterra.co.uk,+447711423548,,,,2026-07-08 13:56:37.621701+00,2026-07-08 15:37:37.303214+00,Manterra Limited (OZZIES),,,,,,United Kingdom,https://www.manterra.co.uk,,,"{Distributor,""United Kingdom""}",google,,{},UK-based distributor operating under the OZZIES brand.,,,f,
73899dc7-e0de-4dc0-b871-fb0b7fea69b3,,Kingspan,,+33184166717,,,,2026-07-08 13:56:31.908509+00,2026-07-08 15:37:37.303214+00,Kingspan,,,,,,Ireland,,,,"{Other,Ireland}",google,,{},"Kingspan, building materials and insulated panel manufacturer with renewable energy products.",,,f,
0b112eff-6001-4001-89b5-7ff028859ffe,,Anhui Ltd,karis@chna.group,+ 86 137 8897 6293,,,,2026-07-08 13:55:34.136917+00,2026-07-08 15:37:37.303214+00,"Anhui QNAS Energy Technology Co., Ltd",,,,,Anhui,China,https://www.qnnykj.com,,,"{Battery/Storage,China}",google,,{},Chinese energy technology manufacturer of storage or PV related products.,,,f,
0b2309e9-9f8c-4c1c-b043-f1c8486eb12f,,Xiamen Ltd,info@xmkseng.com,+86 0592-5795673,,,,2026-07-08 13:57:35.48836+00,2026-07-08 15:37:37.303214+00,"Xiamen Kseng Metal Tech. Co., Ltd",,,,Xiamen,Fujian,China,https://www.ksengsolar.com,,,"{Mounting/Tracker,China}",google,,{},Chinese manufacturer of metal racking and mounting components for solar installations.,,,f,
0b4ec85a-b64e-4e46-8bcc-bcc81d0bfbb1,,Sungrow,ev-sales@sungrowpower.com,+4915165011803,,,,2026-07-08 13:57:16.816506+00,2026-07-08 15:37:37.303214+00,Sungrow,,,,Hefei,Anhui,China,https://www.sungrowpower.com/eu/en,,,"{""Inverter Mfr"",China,""Solar PV"",Storage}",google,,{},Major Chinese manufacturer of solar inverters and energy storage systems.,,,f,
0b551325-4954-48b5-a9db-26019f9ec398,,BirdBlocker BV,info@birdblocker.com,+31174725725,,,,2026-07-08 13:55:42.217379+00,2026-07-08 15:37:37.303214+00,BirdBlocker BV,,,,,,Netherlands,https://www.birdblocker.com,,,"{Cable/BOS,Netherlands,""Solar PV""}",google,,{},Dutch supplier of bird protection accessories for solar panel installations.,,,f,
0b55274a-fecf-4ddb-b361-e29d821ea3d3,,Kocaer Ticaret,marketing@kocaersteel.com,+90 232 6251860,,,,2026-07-08 13:56:32.582269+00,2026-07-08 15:37:37.303214+00,Kocaer Celik Sanayi Ve Ticaret A.S.,,,,,,Turkey,https://www.kocaersteel.com,,,"{Mounting/Tracker,Turkey}",google,,{},Turkish steel manufacturer producing high-strength profiles used in construction and energy structures.,,,f,
0b6112ea-a439-487b-ae78-58733df96333,,Hochschule Furtwangen,info@hs-furtwangen.de,+49746115020,,,,2026-07-08 13:56:19.504373+00,2026-07-08 15:37:37.303214+00,Hochschule Furtwangen,,,,Furtwangen,Baden-Wurttemberg,Germany,https://www.hs-furtwangen.de,,,"{Research/Academic,Germany}",google,,{},German university of applied sciences (Hochschule Furtwangen) with engineering and energy programs.,,,f,
0b6d65d5-02c6-4b30-b540-ab511a49d8e2,,Shenzhen Ltd.,info@sofarsolar.com,+86-755-26526757,,,,2026-07-08 13:57:06.512721+00,2026-07-08 15:37:37.303214+00,"Shenzhen SOFARSOLAR Co., Ltd.",,,,Shenzhen,Guangdong,China,https://www.sofarsolar.com,,,"{""Inverter Mfr"",China,""Solar PV""}",google,,{},Shenzhen-based manufacturer of grid-tied string inverters and hybrid inverters for residential and C&I solar.,,,f,
0b9e5a73-3353-44a8-83e0-1bc094b140b7,,CENTRII,p.tafelska@centrii.com,+447850034500,,,,2026-07-08 13:55:46.001094+00,2026-07-08 15:37:37.303214+00,CENTRII,,,245 Hammersmith Road,London,,United Kingdom,https://www.centrii.com,,,"{Software,""United Kingdom"",Grid}",google,,{},"OT cybersecurity platform for energy infrastructure, connecting cyber risk to financial exposure for operators.",,,f,
0b9f18b7-5316-4a77-87ed-f7fa26ead420,,HENRICHSEN4easy GmbH,info@henrichsen4easy.de,+49 9421 510 250,,,,2026-07-08 13:56:18.487296+00,2026-07-08 15:37:37.303214+00,HENRICHSEN4easy GmbH,,,,,,Germany,https://www.henrichsen4easy.de,,,"{Software,Germany}",google,,{},German document management and process automation software vendor serving utilities and renewable energy clients.,,,f,
0bb613fc-85e6-495a-abdb-7e2e6064306d,,GUANGDONG LTD,,,,,,2026-07-08 13:56:14.139101+00,2026-07-08 15:37:37.303214+00,"GUANGDONG FFD POWER TEC CO.,LTD",,,,,Guangdong,China,https://www.ffdpower.com,,,"{""Inverter Mfr"",China}",google,,{},Guangdong-based power technology company; classified from company name and domain (site inaccessible).,,,f,
0bb771cf-355f-4cb5-8471-7555ca644f7b,,HENAN LTD.,wenzhongjz@qq.com,18602186745,,,,2026-07-08 13:56:18.307092+00,2026-07-08 15:37:37.303214+00,"HENAN WENZHONG SHOCK ABSORBER CO., LTD.",,,,,Henan,China,https://www.wenzhongdamper.com,,,"{Mounting/Tracker,China,""Solar PV""}",google,,{},"Chinese manufacturer of solar dampers, plastic bearings and plastic mountings for tracker systems.",,,f,
0bc63030-239f-4ebd-a386-fc9708939e9f,,Pionierkraft GmbH,info@pionierkraft.de,+498954800011,,,,2026-07-08 13:56:49.53756+00,2026-07-08 15:37:37.303214+00,Pionierkraft GmbH,,,,,,Germany,https://pionierkraft.de,,,"{Software,Germany,Storage}",google,,{},German virtual power plant and energy management software provider (Pionierkraft).,,,f,
0bfa6144-815b-46de-a302-8c7fe45d2e4f,,OSDA SOLAR,sales@osdasol.com,+86 400-1009967,,,,2026-07-08 13:56:47.254956+00,2026-07-08 15:37:37.303214+00,OSDA SOLAR,,,,,,China,https://www.osdasol.com,,,"{""Module Mfr"",China,""Solar PV""}",google,,{},Chinese manufacturer of photovoltaic solar modules (OSDA Solar).,,,f,
0c0c43fa-1ad1-4989-a7ee-17be161da092,,SolarPlus Software,hello@solarplus.co,+61 485 976 871,,,,2026-07-08 13:57:11.95366+00,2026-07-08 15:37:37.303214+00,SolarPlus Design Software,,,,,,Australia,https://www.solarplus.co,,,"{Software,Australia,Residential}",google,,{},"Solar design software with integrated CRM, proposal generation and battery modeling tools.",,,f,
0c0c99c3-a069-46e7-b0e9-afae731811d0,,Lansitec Ltd.,contact@lansitec.com,+862583358776,,,,2026-07-08 13:56:34.191524+00,2026-07-08 15:37:37.303214+00,"Lansitec Technology Co., Ltd.",,,,,,China,https://www.lansitec.com/,,,"{Metering/Monitoring,China}",google,,{},Chinese IoT and LoRaWAN sensor technology provider (Lansitec) used for monitoring applications.,,,f,
0c16bcaf-d57f-4665-9e4d-1fa23e7fdcb5,,TI-LANE LTD,,86-755-27536596,,,,2026-07-08 13:57:22.143238+00,2026-07-08 15:37:37.303214+00,"TI-LANE PRECISION ELECTRONIC CO.,LTD",,,,,,China,https://www.ti-lane.com,,,"{Cable/BOS,China}",google,,{},Chinese precision electronic connector manufacturer (TI-LANE) serving industrial and PV applications.,,,f,
0c4698ec-852e-423b-83b0-bcf1e44b47a7,,ELEGRP,liangxj@elegrp.com,+8618551197168,,,,2026-07-08 13:55:58.235091+00,2026-07-08 15:37:37.303214+00,ELEGRP,,,,,,China,https://www.elegrp.com,,,"{Cable/BOS,China}",google,,{},"Chinese manufacturer of electrical wiring devices, connectors and switches (ELEGRP).",,,f,
0c822f39-fe30-4080-81a8-bd289bfa1369,,ADEX AD,sales@adexenergy.com,+359 24 235 245,,,,2026-07-08 13:55:30.641273+00,2026-07-08 15:37:37.303214+00,ADEX Energy AD,,,,,,Bulgaria,https://www.adexenergy.com,,,"{Software,Bulgaria,Grid}",google,,{},"Energy management SaaS platform offering forecasting, IoT monitoring, billing and trading modules.",,,f,
0cc051c4-e744-459b-9bbe-35f1fb9f466e,,Shenzhen Ltd.,info@widenedge.com,+8675527300219,,,,2026-07-08 13:57:06.465221+00,2026-07-08 15:37:37.303214+00,"Shenzhen Smarten Electric Co., Ltd.",,,,Shenzhen,Guangdong,China,https://www.widenedge.com,,,"{""Inverter Mfr"",China,Storage}",google,,{},Shenzhen-based microgrid and energy storage power conversion equipment maker using SiC technology.,,,f,
0cfaad04-c6a7-48f8-8c49-a103090aa8f8,,Littelfuse,tbush@littelfuse.com,+1 773 6280744,,,,2026-07-08 13:56:36.020634+00,2026-07-08 15:37:37.303214+00,Littelfuse,,,,Chicago,Illinois,United States,https://www.littelfuse.com,,,"{Cable/BOS,""United States""}",google,,{},US manufacturer of fuses and circuit protection components used across electronics and energy systems.,,,f,
0d154026-2e7e-407c-aa55-9e2d09eb90a2,,Roxtec AB,info@roxtec.com,+46455366700,,,,2026-07-08 13:56:58.409277+00,2026-07-08 15:37:37.303214+00,Roxtec International AB,,,,Karlskrona,,Sweden,https://www.roxtec.com,,,"{Cable/BOS,Sweden}",google,,{},Swedish manufacturer of cable and pipe sealing solutions used in industrial and energy installations.,,,f,
0d31aa3e-880c-4dbe-9ae9-31995ff6ee81,,United Sirketi,info@unitedsolar.com.tr,+90 342 3608222,,,,2026-07-08 13:57:26.322975+00,2026-07-08 15:37:37.303214+00,United Solar Enerji Sanayi ve Ticaret Limited Sirketi,,,,,,Turkey,https://www.unitedsolar.com.tr,,,"{""Module Mfr"",Turkey,""Solar PV""}",google,,{},Turkish solar company (United Solar) engaged in PV module supply and installation.,,,f,
0f61e498-99ac-419d-b069-0dc2f18c3cc8,,Baks Sielski,adam.polomski@baks.com.pl,+48 227 108217,,,,2026-07-08 13:55:38.45412+00,2026-07-08 15:37:37.303214+00,Baks Kazimierz Sielski,,,,,,Poland,https://www.baks.com.pl,,,"{Mounting/Tracker,Poland}",google,,{},Polish manufacturer of steel racking and mounting structures.,,,f,
0d4e3c79-3b89-4b0d-b7b0-911d9838b835,,Changzhou Ltd.,xt@hy-pv.com,0519-82565558,,,,2026-07-08 13:55:46.745122+00,2026-07-08 15:37:37.303214+00,"Changzhou Huayao Photovoltaic Technology Co., Ltd.",,,"Gongnong Road (East), Yangguang Avenue (North), Ruyi Industrial Park, Shaerqin Town",Hohhot,Inner Mongolia,China,https://www.hy-pv.com,,,"{""Module Mfr"",China,""Solar PV""}",google,,{},Chinese manufacturer of photovoltaic solar modules with a 20GW production facility in Inner Mongolia.,,,f,
0d567f29-ba2b-45e4-bb1c-9174915e59e6,,Megasol AG,info@megasol.ch,+41629199090,,,,2026-07-08 13:56:38.472244+00,2026-07-08 15:37:37.303214+00,Megasol Energie AG,,,,,,Switzerland,https://megasol.ch,,,"{""Module Mfr"",Switzerland,""Solar PV""}",google,,{},Swiss manufacturer of photovoltaic solar modules (Megasol Energie).,,,f,
0d753c55-73a2-462e-a7f5-dae943afa78b,,Start-Up Area,,+49 761 38813700,,,,2026-07-08 13:57:15.295799+00,2026-07-08 15:37:37.303214+00,Start-Up Area,,,,,,Germany,,,,{Other},google,,{},Event exhibition category placeholder (Start-Up Area); no company website available.,,,f,
0d927b32-94ab-41d4-af61-bd8cc095a793,,Foshan Ltd.,sales@eaglerise.com,+867968992968,,,,2026-07-08 13:56:08.512358+00,2026-07-08 15:37:37.303214+00,"Foshan Eaglerise Power Science &amp; Technology (Shunde) Co., Ltd.",,,,Foshan,Guangdong,China,https://www.eaglerise.com,,,"{""Inverter Mfr"",China}",google,,{},Foshan-based manufacturer of power electronics including inverters and transformers (Eaglerise).,,,f,
0d95dc5a-ba1f-44bd-b8d8-70de15b39613,,Taizhou Ltd.,info@visionpowertech.com,+86 523-87551788,,,,2026-07-08 13:57:19.682947+00,2026-07-08 15:37:37.303214+00,"Taizhou Vision Power Technology Development Co.,Ltd.",,,,Taizhou,,China,https://www.visionpowertech.com,,,"{Cable/BOS,China}",google,,{},Chinese power technology company; classified from company name and domain (site certificate expired).,,,f,
0d98e786-b1fd-4faf-9792-78e1f723d387,,UmweltBank AG,hallo@umweltbank.de,+4991153082020,,,,2026-07-08 13:57:25.926356+00,2026-07-08 15:37:37.303214+00,UmweltBank AG,,,,Nuremberg,Bavaria,Germany,https://www.umweltbank.de,,,"{Financing,Germany}",google,,{},German bank specializing in financing environmental and renewable energy projects (UmweltBank).,,,f,
0d9f1d4b-87b0-45ee-b3d3-7450f0324eb7,,BayWa GmbH,energieprojekte@baywa-re.com,+498938393252,,,,2026-07-08 13:55:40.008058+00,2026-07-08 15:37:37.303214+00,BayWa r.e. Energieprojekte GmbH,,,,Munich,Bavaria,Germany,https://www.baywa-re.de/de,,,"{Developer/IPP,Germany,Utility-scale}",google,,{},German renewable energy project developer (BayWa r.e.) planning and building solar and wind projects.,,,f,
0d9f4362-ead1-4920-83f7-a9d782bd4ab5,,Technische Energieforschungsinstitut,info@tu-ilmenau.de,+493677693799,,,,2026-07-08 13:57:20.587249+00,2026-07-08 15:37:37.303214+00,Technische Universität Ilmenau/ Thüringer Energieforschungsinstitut,,,,Ilmenau,Thuringia,Germany,https://www.tu-ilmenau.de/thefi,,,"{Research/Academic,Germany,""Solar PV""}",google,,{},University research institute for energy technology at TU Ilmenau.,,,f,
0dcd8dab-14b1-418b-95f1-ce0d6b07a081,,Zhejiang Ltd.,info@chisolar.cn,+86-576-81108652,,,,2026-07-08 13:57:38.359677+00,2026-07-08 15:37:37.303214+00,"Zhejiang Chisolar Co.,Ltd.",,,,,Zhejiang,China,https://www.chisolar.com,,,"{""Module Mfr"",China,""Solar PV""}",google,,{},Chinese manufacturer of solar PV modules.,,,f,
0df3f6c5-1d33-4fb2-802d-15b22787d4ca,,Frisomat NV,info@frisomat.com,+3233533399,,,,2026-07-08 13:56:09.179945+00,2026-07-08 15:37:37.303214+00,Frisomat NV,,,,Waarschoot,,Belgium,https://www.frisomat.com,,,"{Mounting/Tracker,Belgium}",google,,{},"Manufacturer of prefabricated steel buildings, including solar-ready roofs.",,,f,
0e31907a-0dbb-4ba9-96c3-563c48741480,,Fichtner KG,info@fichtner.de,+49 711 89950,,,,2026-07-08 13:56:07.270682+00,2026-07-08 15:37:37.303214+00,Fichtner GmbH &amp; Co. KG,,,,Stuttgart,Baden-Wurttemberg,Germany,https://www.fichtner.de,,,"{Consultancy,Germany,Grid}",google,,{},"Engineering and consultancy firm for energy, water and infrastructure projects.",,,f,
0e3216b8-970d-47f4-889b-67d9449403e8,,Anhui LTD.,joseph_lai@djnlcd.com,+865523973888,,,,2026-07-08 13:55:33.983774+00,2026-07-08 15:37:37.303214+00,"Anhui DJN OPTRONICS TECHNOLOGY CO., LTD.",,,,,Anhui,China,https://en.djnlcd.com/,,,"{Other,China,""Solar PV""}",google,,{},Chinese manufacturer of optronics/LCD and glass components used in electronics and solar applications.,,,f,
0e38b795-c572-40c0-a2e1-00564d6c9364,,Jiangsu Ltd,,,,,,2026-07-08 13:56:28.056149+00,2026-07-08 15:37:37.303214+00,"Jiangsu Vigorous Metal Tech. Co., Ltd",,,,,Jiangsu,China,https://VigorousMetal.cn,,,"{Mounting/Tracker,China}",google,,{},Chinese manufacturer of metal components for solar mounting structures.,,,f,
0e4648fc-be14-42f2-abdf-bddf6c8f8169,,Center Research,sekretariat@cae-zerocarbon.de,+49 931 705640,,,,2026-07-08 13:55:45.951816+00,2026-07-08 15:37:37.303214+00,Center for Applied Energy Research e.V.,,,,,,Germany,https://www.cae-zerocarbon.de,,,"{Research/Academic,Germany}",google,,{},German association for applied energy and zero-carbon research.,,,f,
0e7aab38-bf7a-4a97-ac0e-10bcf7f0bcc6,,Floox Chargers,info@flooxpower.com,+34932228282,,,,2026-07-08 13:56:07.943129+00,2026-07-08 15:37:37.303214+00,Floox Chargers S.L.,,,,,,Spain,https://www.flooxpower.com,,,"{Other,Spain,""EV Charging""}",google,,{},Spanish manufacturer of electric vehicle charging equipment.,,,f,
0e7f623b-cd3c-4ea4-be9c-a8ef6884dc23,,Energy Saxony,info@energy-saxony.net,+4935127589450,,,,2026-07-08 13:56:00.962361+00,2026-07-08 15:37:37.303214+00,Energy Saxony e.V.,,,,Dresden,Saxony,Germany,https://www.energy-saxony.net,,,"{Association,Germany}",google,,{},Saxon regional energy industry association promoting clean energy technologies.,,,f,
0e94d408-c509-4b3c-b375-e48c4d83376c,,Shanghai Ltd.,sabrina.zhang@nenghui.com,+86-21-50896255,,,,2026-07-08 13:57:02.674329+00,2026-07-08 15:37:37.303214+00,"Shanghai Nenghui Technology Co., Ltd.",,,,Shanghai,,China,https://www.nenghui.com,,,"{Battery/Storage,China}",google,,{},Chinese technology company producing energy storage related equipment.,,,f,
0eab19fe-67be-4a85-9f08-b8398e2ef7a6,,Jiangxi Ltd,,19817131847,,,,2026-07-08 13:56:28.728744+00,2026-07-08 15:37:37.303214+00,"Jiangxi Lisiner Energy Storage Technology Co., Ltd",,,,,Jiangxi,China,https://www.lisiner.com/en,,,"{Battery/Storage,China}",google,,{},Chinese manufacturer of energy storage technology.,,,f,
0ed24f6c-f2c3-47dd-8e3d-4d4f05a82967,,smart green,,,,,,2026-07-08 13:57:09.353585+00,2026-07-08 15:37:37.303214+00,smart green,,,,,,Germany,,,,"{Other,Germany}",google,,{},Company name suggests green energy services; no website available to verify.,,,f,
0ee9a98c-d74d-43a3-ae1c-816462751e2a,,Shenzhen LTD,luowenhan@rjcne.com,+86 0755 27693384,,,,2026-07-08 13:57:06.075231+00,2026-07-08 15:37:37.303214+00,"Shenzhen RJC Industrial CO., LTD",,,,Shenzhen,Guangdong,China,https://www.rjcne.com,,,"{Cable/BOS,China}",google,,{},"Chinese industrial manufacturer, likely producing cable/connector components.",,,f,
0eeca505-bce9-4393-b678-0152a420c167,,CAGDAS GLASS,ediz.arhan@cagdascam.com.tr,+905345756800,,,,2026-07-08 13:55:44.742678+00,2026-07-08 15:37:37.303214+00,CAGDAS GLASS,,,,,,Turkey,https://www.cagdascam.com/,,,"{Other,Turkey,""Solar PV""}",google,,{},"Turkish glass manufacturer, likely supplying glass for solar and construction industries.",,,f,
0efc52a1-7fa4-4789-aba6-5005a5d45040,,Theben AG,info@theben.de,+49 74746920,,,,2026-07-08 13:57:22.003897+00,2026-07-08 15:37:37.303214+00,Theben AG,,,,Haigerloch,Baden-Wurttemberg,Germany,https://www.theben.de,,,"{Metering/Monitoring,Germany}",google,,{},"German manufacturer of building automation, time switches and energy management devices.",,,f,
0f273957-b6c8-424b-a27b-0c3ca9c8f21d,,Sol-Expert group,info@sol-expert-group.de,+497502941150,,,,2026-07-08 13:57:10.4949+00,2026-07-08 15:37:37.303214+00,Sol-Expert group,,,,,,Germany,https://www.sol-expert-group.de,,,"{EPC/Installer,Germany,""Solar PV""}",google,,{},"German solar training, engineering and consulting group.",,,f,
0f46d103-455f-4674-b02b-69b1ab5f0007,,PNG Ltd.,info@pnsolarpv.com,,,,,2026-07-08 13:56:50.325536+00,2026-07-08 15:37:37.303214+00,"PNG Solar Co., Ltd.",,,,,,China,https://www.pnsolarpv.com,,,"{""Module Mfr"",China,""Solar PV""}",google,,{},Chinese manufacturer of solar PV modules.,,,f,
0f7120bc-c8f3-4e98-bdd1-9e75a8daaf42,,TCSN Ltd,helen@tcsnpower.com,,,,,2026-07-08 13:57:20.052391+00,2026-07-08 15:37:37.303214+00,"TCSN Power Technology (Shenzhen) Co.,Ltd",,,,Shenzhen,Guangdong,China,https://www.tcsnpower.com,,,"{""Inverter Mfr"",China,""Solar PV""}",google,,{},Chinese power technology company producing power electronics equipment.,,,f,
0f77aaff-2080-4fc7-841c-7108899f7669,,Enyroof,info@rabensteiner.eu,+39472272900,,,,2026-07-08 13:56:03.104873+00,2026-07-08 15:37:37.303214+00,Enyroof,,,,,,Austria,https://www.enyroof.com,,,"{Mounting/Tracker,Austria,""Solar PV""}",google,,{},Austrian company producing solar roof mounting systems.,,,f,
0f8a2b5a-8649-44d9-a588-9a07eca5568a,,Azur srl,commerciale@azurenergia.com,+39 055 8960120,,,,2026-07-08 13:55:37.977359+00,2026-07-08 15:37:37.303214+00,Azur Energia srl,,,,,,Italy,https://www.azurenergia.com,,,"{EPC/Installer,Italy,""Solar PV""}",google,,{},Italian solar energy installation and EPC company.,,,f,
0f9b5bc9-3203-4282-8022-12af04d05b76,,NR LTD.,zhangdaox@nrec.com,+8618651826303,,,,2026-07-08 13:56:44.756365+00,2026-07-08 15:37:37.303214+00,"NR ELECTRIC CO.,LTD.",,,,Nanjing,Jiangsu,China,https://www.nrec.com,,,"{Other,China,Grid}",google,,{},"Chinese manufacturer of power system protection, automation and grid equipment.",,,f,
0fd541bd-5d9a-4f52-b992-319b39cd09e6,,ASDRO GmbH,info@asdro.de,+4920172028417,,,,2026-07-08 13:55:36.298524+00,2026-07-08 15:37:37.303214+00,ASDRO GmbH,,,,,,Germany,https://asdro.de/,,,"{Other,Germany,""EV Charging""}",google,,{},"German company, likely providing energy/EV charging related solutions.",,,f,
0fd948b2-16be-438d-a63c-98a3bb93a136,,Ladezon GmbH,info@ladezon.de,+4917630590525,,,,2026-07-08 13:56:33.82895+00,2026-07-08 15:37:37.303214+00,Ladezon GmbH,,,,,,Germany,https://www.ladezon.de,,,"{Other,Germany,""EV Charging""}",google,,{},German company providing EV charging infrastructure solutions.,,,f,
0ff1d342-4b4b-4fbe-b40a-a8505fffb674,,Jiangsu LTD.,weiwenzhi@seemorcool.com,+86 151 6245 9823,,,,2026-07-08 13:56:27.861124+00,2026-07-08 15:37:37.303214+00,Jiangsu Seemor Temperature Control System Co. LTD.,,,,,Jiangsu,China,https://en.seemorcool.com,,,"{Cable/BOS,China}",google,,{},"Chinese manufacturer of temperature control systems, likely for battery/BOS applications.",,,f,
0ff23982-bbfa-4a27-9c97-d111a9418728,,LINKCHARGING LIMITED,hello@linkcharging.com,+8618852813822,,,,2026-07-08 13:56:35.888508+00,2026-07-08 15:37:37.303214+00,LINKCHARGING TECHNOLOGY COMPANY LIMITED,,,,,,China,https://www.lctc-group.com,,,"{Other,China,""EV Charging""}",google,,{},Manufactures EV charging equipment and related technology.,,,f,
1002522b-351f-40b1-88a4-2796972c7f3c,,BESEN LIMITED,info@besen-group.com,+86-25-86623210,,,,2026-07-08 13:55:41.580643+00,2026-07-08 15:37:37.303214+00,BESEN INTERNATIONAL GROUP LIMITED,,,,,,China,https://www.besen-group.com,,,"{Cable/BOS,China,""Solar PV""}",google,,{},"Manufactures PV cables, connectors and wiring components for solar installations.",,,f,
1052ba62-bcd2-44b8-abfd-df50f4318c8f,,JIANGXI LTD,linus@v-gantech.com,+86 0793-5510692,,,,2026-07-08 13:56:28.995714+00,2026-07-08 15:37:37.303214+00,"JIANGXI WAN NIAN XIN MICRO-ELECTRONICS CO.,LTD",,,,Jiangxi,,China,,,,"{Other,China}",google,,{},Micro-electronics manufacturer supplying electronic components.,,,f,
1067a327-3fb2-48db-a0bb-65066ec5525c,,CyberGrid GmbH,office@cyber-grid.com,+431481262611,,,,2026-07-08 13:55:51.097912+00,2026-07-08 15:37:37.303214+00,CyberGrid GmbH,,,,,,Austria,https://www.cyber-grid.com,,,"{Software,Austria,Grid}",google,,{},Provides virtual power plant and grid optimization software.,,,f,
1080791d-b386-4d75-bd08-84f1bd6a08ad,,IDEEMATEC GmbH,info@ideematec.de,+49 9936 9510900,,,,2026-07-08 13:56:22.819912+00,2026-07-08 15:37:37.303214+00,IDEEMATEC Deutschland GmbH,,,,,,Germany,https://www.ideematec.com,,,"{Mounting/Tracker,Germany,""Solar PV""}",google,,{},Manufactures mounting systems for ground-mount and rooftop solar installations.,,,f,
1094b529-d1b5-4a4f-91e9-381c2228b51a,,Huawei Power,,,,,,2026-07-08 13:56:20.674772+00,2026-07-08 15:37:37.303214+00,Huawei Digital Power,,,,Shenzhen,,China,,,,"{""Inverter Mfr"",China,""Solar PV""}",google,,{},Manufactures solar inverters and digital power electronics.,,,f,
10a7c89a-c4ca-4d91-98b0-3aee9e270a22,,ARRAY Technologies,,+1 505 8817567,,,,2026-07-08 13:55:36.154068+00,2026-07-08 15:37:37.303214+00,ARRAY Technologies,,,,Albuquerque,New Mexico,United States,https://www.arraytechinc.com,,,"{Mounting/Tracker,""United States"",Utility-scale}",google,,{},Manufactures solar tracker systems for utility-scale projects.,,,f,
10dd3ded-ab04-4812-8277-39ae55e19299,,Powiser Inc,sales@ipowiser.com,+115014499040,,,,2026-07-08 13:56:51.534166+00,2026-07-08 15:37:37.303214+00,Powiser Inc,,,,,,China,https://www.ipowiser.com,,,"{""Inverter Mfr"",China}",google,,{},Manufactures power inverter products.,,,f,
11311dfd-c0f5-469b-9859-aa88f01458d3,,Esysunhome GmbH,marketing@esysunhome.com,+498932602733,,,,2026-07-08 13:56:03.925423+00,2026-07-08 15:37:37.303214+00,Esysunhome New Energy Technology GmbH,,,,,,Germany,https://www.esysunhome.com/,,,"{Battery/Storage,Germany,Residential}",google,,{},Provides home energy storage systems.,,,f,
1141958a-efd6-44c3-99f8-b74e40345555,,Shenzhen Ltd.,sales@cyclenbatt.com,+86-755-89550077,,,,2026-07-08 13:57:03.793786+00,2026-07-08 15:37:37.303214+00,"Shenzhen Cyclen Technology Co.,Ltd.",,,,Shenzhen,,China,https://www.lifepo4batteryrv.com,,,"{Battery/Storage,China}",google,,{},Manufactures LiFePO4 battery packs including for RV applications.,,,f,
1153fa38-c278-4324-aa32-4a93f62bcc7d,,Apar Ltd,kaustubh.janave@apar.com,+919920958611,,,,2026-07-08 13:55:35.077934+00,2026-07-08 15:37:37.303214+00,Apar Industries Ltd,,,,,,India,https://www.apar.com,,,"{Cable/BOS,India}",google,,{},"Manufactures cables, conductors and transformers including for renewable projects.",,,f,
116aed39-e7fb-492e-8d04-0f2be3f785c3,,Hedgehog BV,erik@hedgehogapplications.nl,+31650658416,,,,2026-07-08 13:56:17.809477+00,2026-07-08 15:37:37.303214+00,Hedgehog Apllications BV,,,,,,Netherlands,https://www.hedgehogapplications.nl/en/,,,"{Software,Netherlands}",google,,{},"Provides application solutions, likely for energy monitoring or management.",,,f,
118a0382-89ee-4486-954d-9e7e24172a1e,,SINBON Ltd.,sylvialv@sinbon.com,+8615950107102,,,,2026-07-08 13:57:08.552441+00,2026-07-08 15:37:37.303214+00,"SINBON Electronics Co., Ltd.",,,,,,Taiwan,https://www.sinbon.com/,,,"{Cable/BOS,Taiwan}",google,,{},Manufactures cables and connectors for electronic and energy applications.,,,f,
120738cb-54f1-48b2-a807-bf3bdac09e42,,iie KG,info@iie-gmbh.de,+4915141875595,,,,2026-07-08 13:56:23.054396+00,2026-07-08 15:37:37.303214+00,iie GmbH &amp; Co.KG,,,,,,Germany,https://www.iie-gmbh.de,,,"{Other,Germany}",google,,{},German company supplying equipment or services in the energy sector.,,,f,
1213059a-a17d-4d42-84e4-d7981844f9df,,Guangdong Ltd,sales@g-techpower.com,86-755-86701536,,,,2026-07-08 13:56:14.28939+00,2026-07-08 15:37:37.303214+00,Guangdong Lanke New energy Co.Ltd,,,,Guangdong,,China,https://www.g-techbattery.com/,,,"{Battery/Storage,China}",google,,{},Manufactures lithium battery products for energy storage.,,,f,
12172cbc-94c1-4efa-9024-bd144febd8a2,,ASKOMA AG,info@askoma.com,+41 62 9587080,,,,2026-07-08 13:55:36.389436+00,2026-07-08 15:37:37.303214+00,ASKOMA AG,,,,,,Switzerland,https://www.askoma.com,,,"{Mounting/Tracker,Switzerland,""Solar PV""}",google,,{},Manufactures solar mounting and roofing systems.,,,f,
121ff15f-ed01-4647-8a7f-31e6d2d377a8,,TectoPower AB,info@tectopower.se,+46721892412,,,,2026-07-08 13:57:20.857417+00,2026-07-08 15:37:37.303214+00,TectoPower AB,,,,,,Sweden,https://tectopower.se,,,"{Other,Sweden,""EV Charging""}",google,,{},"Swedish company providing power electronics, likely for EV charging.",,,f,
122a683d-4b87-484a-9759-f3e2d90d6f52,,Wendeware AG,info@wendeware.com,+49 631 31604442,,,,2026-07-08 13:57:31.542447+00,2026-07-08 15:37:37.303214+00,Wendeware AG,,,,,,Germany,https://www.wendeware.com,,,"{Software,Germany,Grid}",google,,{},Provides energy management and grid software solutions.,,,f,
b5edd2f1-069e-4769-9029-b5ee08c88d0d,,Enico Oy,tiina.karppinen@enico.fi,+358401287745,,,,2026-07-08 13:56:02.320654+00,2026-07-08 15:37:37.303214+00,Enico Oy,,,,,,Finland,https://enico.fi,,,"{Other,Finland}",google,,{},Finnish electrical/energy technology company.,,,f,
122d5fe6-7b4d-4f03-9edb-2394102b96c8,,Shenzhen Ltd.,ac@anchengne.com,+860755-892100,,,,2026-07-08 13:57:03.607945+00,2026-07-08 15:37:37.303214+00,"Shenzhen Ancheng New Energy Co., Ltd.",,,,Shenzhen,,China,https://www.anchengne.com/,,,"{Battery/Storage,China}",google,,{},Manufactures new energy battery products.,,,f,
1234372c-3c41-4cdb-96ea-f3637a2ce4f5,,H2 GmbH,info@h2powercell.de,+492557929930,,,,2026-07-08 13:56:15.973305+00,2026-07-08 15:37:37.303214+00,H2 Powercell GmbH,,,,,,Germany,https://www.h2powercell.de,,,"{Other,Germany,Hydrogen}",google,,{},German company developing hydrogen fuel cell power solutions.,,,f,
1270d625-392d-4610-b825-30e6701cea13,,Shenzhen Ltd,sales@glorysolar.com,+86 755-28454456,,,,2026-07-08 13:57:04.771165+00,2026-07-08 15:37:37.303214+00,"Shenzhen Glory Industries Co.,Ltd",,,,Shenzhen,,China,https://www.glorysolar.com/en,,,"{""Module Mfr"",China,""Solar PV""}",google,,{},Manufactures solar PV modules.,,,f,
128b6173-faf6-4c7d-8cdc-6562e2481466,,Huizhou Ltd.,info_ess@desay.com,+86-0752- 2629810,,,,2026-07-08 13:56:21.238362+00,2026-07-08 15:37:37.303214+00,"Huizhou Desay Battery Co.,Ltd.",,,,Huizhou,,China,https://www.desayest.com,,,"{Battery/Storage,China}",google,,{},Manufactures energy storage system batteries.,,,f,
128dc833-d55f-48e4-8e42-6e8e6a8395c4,,Shenzhen Ltd.,dingshuo@szdstb.com,+8619924580556,,,,2026-07-08 13:57:03.986539+00,2026-07-08 15:37:37.303214+00,"Shenzhen DSTB Tec Co., Ltd.",,,,Shenzhen,,China,https://www.szdstb.com,,,"{Other,China}",google,,{},Chinese technology company supplying electronic or energy equipment.,,,f,
12b1cdf2-d0f7-4fb3-bdf1-6291d592eaae,,Strong Energy,info_de@strong-energy.eu,0800 7788 787,,,,2026-07-08 13:57:15.934951+00,2026-07-08 15:37:37.303214+00,Strong Energy (Strong Digital GmbH),,,,,,Germany,https://www.Strong-Energy.eu,,,"{Other,Germany}",google,,{},German energy company operating as Strong Digital GmbH.,,,f,
12d8dd92-f3df-4545-8ce1-01116ecaadfc,,WENZHOU LTD.,sabrina@huajiagroup.com,+8657762763216,,,,2026-07-08 13:57:31.698445+00,2026-07-08 15:37:37.303214+00,"WENZHOU HUAJIA ELECTRICAL EQUIPMENT CO., LTD.",,,,Wenzhou,,China,https://www.vecaselectric.com,,,"{Cable/BOS,China}",google,,{},Manufactures electrical equipment including cables and connectors.,,,f,
12e84b8d-1bd6-4e87-a3ab-40de2ff6b988,,Solen Ticaret,export@solenkablo.com,+90 212 2387563,,,,2026-07-08 13:57:12.52853+00,2026-07-08 15:37:37.303214+00,Solen Kablo Sanayi Ve Ticaret A.S.,,,,,,Turkey,https://www.solenkablo.com,,,"{Cable/BOS,Turkey}",google,,{},Turkish manufacturer of power and industrial cables including solar cable.,,,f,
131459dc-c290-46ce-b7ef-195a6356a24f,,GSG GmbH,exhibition26@gsg-ug.de,+493305681878,,,,2026-07-08 13:56:13.770279+00,2026-07-08 15:37:37.303214+00,GSG UrbanGuard GmbH,,,,,,Germany,,,,"{Other,Germany}",google,,{},German firm associated with UrbanGuard security/exhibition services; unclear solar focus.,,,f,
132256f0-9a7e-40b2-a7d3-bc90877fdd90,,cleverwatt GmbH,info@cleverwatt.energy,+49 151 46436033,,,,2026-07-08 13:55:48.417364+00,2026-07-08 15:37:37.303214+00,cleverwatt GmbH,,,,,,Germany,https://www.cleverwatt.energy,,,"{EPC/Installer,Germany,""Solar PV""}",google,,{},German energy company offering solar and storage installation solutions.,,,f,
13468218-543f-49d8-af0c-2c5e8bb577c8,,Raycap GmbH,info@raycap.de,+49 89 360895800,,,,2026-07-08 13:56:55.21742+00,2026-07-08 15:37:37.303214+00,Raycap GmbH,,,,,,Germany,https://www.raycap.de,,,"{Cable/BOS,Germany}",google,,{},Manufactures surge protection and DC combiner devices for solar and industrial systems.,,,f,
1354d71d-dde5-4986-909d-79a7e1b2f2fc,,ElevenEs Subotica,marton.pap@elevenes.com,+36703722699,,,,2026-07-08 13:55:58.471793+00,2026-07-08 15:37:37.303214+00,ElevenEs doo Subotica,,,,Subotica,,Serbia,https://elevenes.com/,,,"{Battery/Storage,Serbia}",google,,{},Serbian manufacturer of lithium iron phosphate battery cells.,,,f,
1378cb9e-d559-4603-b251-d4429b51841e,,TRICERA GmbH,info@tricera.energy,+49 151 16203864,,,,2026-07-08 13:57:24.075673+00,2026-07-08 15:37:37.303214+00,TRICERA energy GmbH,,,,,,Germany,https://www.tricera.energy,,,"{Developer/IPP,Germany}",google,,{},German renewable energy project developer and trading company.,,,f,
13888d4f-3b29-46e7-a739-dde4ab38be04,,Golfstrom GmbH,kontakt@golfstrom.energy,+498969311380,,,,2026-07-08 13:56:12.176012+00,2026-07-08 15:37:37.303214+00,Golfstrom Energy GmbH,,,,,,Germany,https://www.golfstrom.energy.com,,,"{Developer/IPP,Germany}",google,,{},German renewable energy company developing and operating clean energy projects.,,,f,
138b52af-a113-4fe3-ad74-aa3b183848dc,,Levtech SRL,levi@levtech.ro,+40758576007,,,,2026-07-08 13:56:35.369812+00,2026-07-08 15:37:37.303214+00,Levtech Service &amp; Production SRL,,,,,,Romania,https://www.levtech.ro,,,"{Other,Romania}",google,,{},Romanian service and production company operating in the energy sector.,,,f,
138da4fb-4f38-4d3d-8734-6e9d1297866d,,Iskraemeco eMobility,mehad.osama@elsewedy.com,+201065124534,,,,2026-07-08 13:55:58.81066+00,2026-07-08 15:37:37.303214+00,Iskraemeco eMobility,,,,Kranj,,Slovenia,https://www.iskraemeco-emobility.com/,,,"{Metering/Monitoring,Slovenia,""EV Charging""}",google,,{},Provides smart metering and eMobility charging infrastructure solutions.,,,f,
13ac5e29-d12f-454f-9a1b-e39db1ed44e6,,Aurora GmbH,sales@aurorasolar.com,,,,,2026-07-08 13:55:36.948436+00,2026-07-08 15:37:37.303214+00,Aurora Solar Germany GmbH,,,,,,Germany,https://www.aurorasolar.com/de,,,"{Software,Germany,""Solar PV""}",google,,{},"German subsidiary of Aurora Solar, provider of solar design and sales software.",,,f,
13b9683c-899e-476b-8f5b-c77e8e51232a,,BayWa GmbH,solardistribution@baywa-re.com,+49 7071 7540-0,,,,2026-07-08 13:55:40.206287+00,2026-07-08 15:37:37.303214+00,BayWa r.e. Solar Trade Holding GmbH,,,,Munich,Bavaria,Germany,https://www.baywa-re.com/en/solar-distribution,,,"{Distributor,Germany,""Solar PV""}",google,,{},BayWa r.e. holding entity for solar product distribution.,,,f,
13c05540-e72a-42c1-af75-c919770dc62f,,Blue Current,,,,,,2026-07-08 13:55:42.628866+00,2026-07-08 15:37:37.303214+00,Blue Current,,,,,California,United States,,,,"{Battery/Storage,""United States""}",google,,{},US developer of solid-state battery technology.,,,f,
13c0bda1-4b7b-4035-8672-6cea0ebefc32,,QUZHOU LTD,lod@lodshock.com,+86 0570-4062800,,,,2026-07-08 13:56:54.516365+00,2026-07-08 15:37:37.303214+00,"QUZHOU LONGDING AUTO PARTS  CO.,LTD",,,,Quzhou,,China,https://www.lodshock.com,,,"{Other,China}",google,,{},Chinese manufacturer of auto parts and shock absorbers.,,,f,
143e024a-8b09-4537-a229-e58d3417662a,,ees Create,socialmedia@solarpromotion.com,,,,,2026-07-08 13:55:57.224655+00,2026-07-08 15:37:37.303214+00,ees Connect &amp; Create,,,,Pforzheim,,Germany,,,,"{Association,Germany,""Solar PV""}",google,,{},ees Connect & Create is a solar/storage exhibition initiative by Solar Promotion GmbH.,,,f,
1445c994-5eb9-4f6a-96f5-c871e24c41b6,,Driivz,contactus@driivz.com,+44800418780,,,,2026-07-08 13:55:54.849502+00,2026-07-08 15:37:37.303214+00,Driivz,,,,,,Israel,https://driivz.com,,,"{Software,Israel,""EV Charging""}",google,,{},Provides EV charging network management software.,,,f,
145a2fdb-11a7-4e9c-b62b-57902b4bb62e,,Iris Steam-A,vishwa@steam-a.com,+447403456793,,,,2026-07-08 13:56:25.522451+00,2026-07-08 15:37:37.303214+00,Iris by Steam-A,,,,,,India,https://steam-a.com/,,,"{Other,India}",google,,{},"Steam-A product line, unclear specific energy focus.",,,f,
148f771e-e35e-4d28-b0ce-7ba2472bbd74,,Vector Renewables,info@vectorenewables.com,,,,,2026-07-08 13:57:27.662816+00,2026-07-08 15:37:37.303214+00,Vector Renewables,,,,Madrid,,Spain,https://www.vectorenewables.com/en,,,"{Consultancy,Spain,""Solar PV""}",google,,{},Spanish renewable energy engineering and consultancy firm.,,,f,
14ed6cff-5b37-4b62-9843-a2bfb4845254,,Fluence,joanna.spirodek@fluenceenergy.com,+491728662155,,,,2026-07-08 13:56:08.040169+00,2026-07-08 15:37:37.303214+00,Fluence,,,,Arlington,Virginia,United States,https://fluenceenergy.com/,,,"{Battery/Storage,""United States"",Utility-scale}",google,,{},US manufacturer of grid-scale energy storage systems and software.,,,f,
14fc08f2-33e6-4817-b719-a09279a7c92c,,Sicon Ltd,scu@scupower.com,+86-400-612-9189,,,,2026-07-08 13:57:07.994393+00,2026-07-08 15:37:37.303214+00,"Sicon Chat Union Electric Co., Ltd",,,,,,China,https://www.scupower.com,,,"{""Inverter Mfr"",China}",google,,{},Chinese manufacturer of power electronics including inverters and UPS systems.,,,f,
15057bf9-abff-483a-bfa4-b3f129e4ba59,,UNFIELD Inc.,kato@unfieldlab.com,+818043002148,,,,2026-07-08 13:57:26.008572+00,2026-07-08 15:37:37.303214+00,UNFIELD LAB Inc.,,,,,,Japan,https://unfieldlab.com,,,"{Other,Japan}",google,,{},"Japanese technology company, specific energy product focus unclear.",,,f,
150f1837-3c59-40fe-8478-998c4117ff52,,E-M-C-direct KG,info@emc-direct.de,+49 (0) 2369 98469-0,,,,2026-07-08 13:55:55.462025+00,2026-07-08 15:37:37.303214+00,E-M-C-direct GmbH &amp; Co. KG,,,,,,Germany,https://www.emc-direct.de,,,"{Distributor,Germany}",google,,{},German distributor of EMC and electrical components.,,,f,
15117ab0-bf08-489b-b99a-6f3daf9792a9,,ShenZhen Ltd.,taoxiaoyi4@gmail.com,+86 0755-29879778,,,,2026-07-08 13:57:04.691847+00,2026-07-08 15:37:37.303214+00,"ShenZhen Friend Mechanical and Electrical Technology Co., Ltd.",,,,Shenzhen,,China,https://www.friendcooling.com,,,"{Cable/BOS,China}",google,,{},Chinese manufacturer of mechanical and electrical cooling equipment for energy systems.,,,f,
151dd228-76d8-4ce6-bf43-4c6dd7fbb378,,EGN TEKNOLOJI,info@egnpower.com,+905308702602,,,,2026-07-08 13:55:57.554632+00,2026-07-08 15:37:37.303214+00,EGN POWER MUHENDISLIK VE TEKNOLOJI A.S.,,,,,,Turkey,https://www.egnpower.com,,,"{EPC/Installer,Turkey}",google,,{},Turkish power engineering and technology company.,,,f,
152247dc-f9e6-40b4-aae0-6b11d00f0fa6,,Hengdian Ltd.,solar@dmegc.com.cn,+86-579-86588826,,,,2026-07-08 13:56:18.357552+00,2026-07-08 15:37:37.303214+00,"Hengdian Group DMEGC Magnetics Co., Ltd. (DMEGC Solar)",,,,Dongyang,Zhejiang,China,https://www.dmegcsolar.com,,,"{""Module Mfr"",China,""Solar PV""}",google,,{},"DMEGC Solar, division of Hengdian Group, manufactures solar PV modules.",,,f,
1531b9a7-82a4-4a45-8530-0ff9a1eb3c8c,,FEIG GmbH,info@feig.de,+49 6471 31090,,,,2026-07-08 13:56:06.956788+00,2026-07-08 15:37:37.303214+00,FEIG ELECTRONIC GmbH,,,,Weilburg,,Germany,https://www.feig.de,,,"{Metering/Monitoring,Germany,""EV Charging""}",google,,{},"Manufactures RFID, payment and metering/identification electronics including EV charging components.",,,f,
15643ef9-8907-421f-9d16-06fa98042a4f,,enjoyelec B.V.,yao.hu@enjoyelec.net,0512-87810000,,,,2026-07-08 13:56:02.417739+00,2026-07-08 15:37:37.303214+00,enjoyelec B.V.,,,,,,Netherlands,https://www.enjoyelec.net,,,"{Battery/Storage,Netherlands}",google,,{},Supplies energy storage and battery products.,,,f,
1596c566-bc65-40e8-97e6-52303bd791dc,,Hubbell,ewitkowski@hubbell.com,+14143730413,,,,2026-07-08 13:56:20.820148+00,2026-07-08 15:37:37.303214+00,Hubbell,,,,,,United States,https://www.hubbell.com/gleasonreel/en,,,"{Cable/BOS,""United States""}",google,,{},Hubbell Gleason Reel division makes industrial cable and hose reels for electrical applications.,,,f,
159d2fb4-cee8-4ac7-aacd-89c3c4931f6a,,ADLER GmbH,info@adlerelektro.de,+4934207973636,,,,2026-07-08 13:55:30.914888+00,2026-07-08 15:37:37.303214+00,ADLER Elektrotechnik Leipzig GmbH,,,,Leipzig,,Germany,https://www.adlerelectric.com,,,"{EPC/Installer,Germany}",google,,{},Electrical engineering and installation contractor based in Leipzig.,,,f,
15abc448-6b85-410d-b11d-a87a0ab0324a,,varista GmbH,info@varista.de,+49 8377 929409030,,,,2026-07-08 13:57:27.299499+00,2026-07-08 15:37:37.303214+00,varista GmbH,,,,,,Germany,https://www.varista.de,,,"{Software,Germany}",google,,{},Provides energy management and monitoring software.,,,f,
15e88185-9b88-4f70-997f-ef68ec98013e,,Blueray GmbH,backoffice@blueray-services.de,+49 30 92 10 545 80,,,,2026-07-08 13:55:42.774515+00,2026-07-08 15:37:37.303214+00,Blueray Services GmbH,,,,,,Germany,https://www.inverterservicegroup.com/,,,"{EPC/Installer,Germany,""Solar PV""}",google,,{},Offers inverter service and repair for solar PV systems.,,,f,
16093ef4-0dec-40e6-b8a7-f09987f93038,,NRGkick - DiniTech GmbH,office@nrgkick.com,,,,,2026-07-08 13:56:45.183426+00,2026-07-08 15:37:37.303214+00,NRGkick - DiniTech GmbH,,,,,,Austria,https://www.nrgkick.com,,,"{Other,Austria,""EV Charging""}",google,,{},DiniTech GmbH brand NRGkick manufactures mobile EV charging cables.,,,f,
16458757-9088-46c6-ba12-c68e05c1ae06,,MOS. GmbH,info@mos25.de,+4915209774384,,,,2026-07-08 13:56:40.978708+00,2026-07-08 15:37:37.303214+00,MOS.25 GmbH,,,,,,Germany,https://www.mos25.de,,,"{EPC/Installer,Germany}",google,,{},German energy services company.,,,f,
1653d659-0591-4a7f-b289-0fceaeac7fd7,,Fischer Kft.,,,,,,2026-07-08 13:56:07.509675+00,2026-07-08 15:37:37.303214+00,Fischer &amp; Consorten Kft.,,,,,,Hungary,,,,"{Other,Hungary}",google,,{},"Hungarian company, no website available for classification.",,,f,
16568f45-0c81-4fc0-bdc6-4a2b455c673d,,Shenzhen Ltd.,sales@gsl-energy.com,+86 0755 84515360,,,,2026-07-08 13:57:04.936978+00,2026-07-08 15:37:37.303214+00,"Shenzhen GSL Energy Co., Ltd.",,,,Shenzhen,,China,https://www.gsl-energy.com/,,,"{Battery/Storage,China}",google,,{},Manufactures lithium battery energy storage systems.,,,f,
1674506f-de81-4434-b867-d7aeeba6fc0c,,EVTEC AG,sales@evtec.ch,+4141412608838,,,,2026-07-08 13:56:06.020872+00,2026-07-08 15:37:37.303214+00,EVTEC AG,,,,,,Switzerland,https://www.evtec.ch,,,"{Other,Switzerland,""EV Charging""}",google,,{},Develops and manufactures EV charging hardware and systems.,,,f,
168b37ec-657b-4f58-b599-5f84a3dd4ac4,,WEAT GmbH,office@weat.de,+49 21 19057100,,,,2026-07-08 13:57:30.995878+00,2026-07-08 15:37:37.303214+00,WEAT Electronic Datenservice GmbH,,,,,,Germany,https://www.weat.de,,,"{Software,Germany}",google,,{},Provides IT data services and software for craft and technical businesses.,,,f,
1692cb9a-b502-417d-9495-9e32713b4de6,,Enact Solar,customer.success@enact-systems.com,+1(855) 503-6228,,,,2026-07-08 13:55:59.501124+00,2026-07-08 15:37:37.303214+00,Enact Solar,,,,,,United States,https://enact.solar,,,"{Software,""United States"",""Solar PV""}",google,,{},Enact Systems provides a software platform for solar sales and design.,,,f,
16a12701-9021-4ad2-a44b-f57887f1e0b4,,TIANJIN LTD,xgytrade@163.com,+862288265681,,,,2026-07-08 13:57:22.289795+00,2026-07-08 15:37:37.303214+00,"TIANJIN XINGUIYUAN INTERNATIONAL TRADE CO.,LTD",,,,Tianjin,,China,https://ys-steel.com/,,,"{Distributor,China}",google,,{},Trading company dealing in steel and related industrial products.,,,f,
16a75a45-5597-4b1c-ba2b-02a1d79137b0,,Road B.V.,marketing@road.io,+31850185243,,,,2026-07-08 13:56:57.739793+00,2026-07-08 15:37:37.303214+00,Road B.V.,,,,,,Netherlands,https://www.road.io,,,"{Software,Netherlands,""EV Charging""}",google,,{},Provides an EV charging software and data platform.,,,f,
16c75900-65f3-499a-b843-79fb8f4846c1,,Dickow KG,info@dickow.de,+4986386020,,,,2026-07-08 13:55:53.176694+00,2026-07-08 15:37:37.303214+00,Dickow Pumpen GmbH &amp; Co. KG,,,,,,Germany,https://dickow.de/index.php/de/,,,"{Other,Germany}",google,,{},Manufactures industrial pumps.,,,f,
16d742ef-8292-4a06-a972-c62c23d341ef,,SMT Enerji,kurumsaliletisim@smtenerji.com,05367467733,,,,2026-07-08 13:57:10.321768+00,2026-07-08 15:37:37.303214+00,SMT Enerji,,,,,,Turkey,https://smtenerji.com/,,,"{EPC/Installer,Turkey,""Solar PV""}",google,,{},Turkish energy company involved in solar project engineering and installation.,,,f,
16e22962-38f2-4b85-9cfb-9d0d02e54be3,,Avalon ST,markus.hoeffgen@avalon.solar,+41325603716,,,,2026-07-08 13:55:37.410387+00,2026-07-08 15:37:37.303214+00,Avalon ST,,,,,,Germany,https://www.avalon.solar,,,"{EPC/Installer,Germany,""Solar PV""}",google,,{},Solar energy company offering PV installation services.,,,f,
16f62a8f-d3ad-4c68-8acb-3a4924d71833,,City Ltd.,info@citynewenergy.com,0352-5197433,,,,2026-07-08 13:55:47.926809+00,2026-07-08 15:37:37.303214+00,"City Energy Corporation of China Co.,Ltd.",,,,,,China,https://www.cityenergy.com.cn/,,,"{Developer/IPP,China}",google,,{},Chinese energy company involved in new energy project development.,,,f,
219a69ef-2923-44c5-a384-a4424d7482de,,Joint Hydrogen,,+49 761 38813700,,,,2026-07-08 13:56:29.618383+00,2026-07-08 15:37:37.303214+00,Joint Booth Hydrogen,,,,,,Unknown,,,,"{Other,Unknown,Hydrogen}",google,,{},Joint exhibition booth entity related to hydrogen sector; no further details available.,,,f,
1712f15f-acfb-43a9-9dc4-636a04ae72a4,,Solarverband e.,info@sev-bayern.de,+49 151 1060 8572,,,,2026-07-08 13:57:12.151681+00,2026-07-08 15:37:37.303214+00,Solarverband Bayern e. V.,,,,Bavaria,Bavaria,Germany,https://www.sev-bayern.de,,,"{Association,Germany,""Solar PV""}",google,,{},Bavarian solar industry association representing regional solar businesses.,,,f,
1781b46f-1656-4665-88aa-b0d5729d6f6b,,Mitteldeutsche mbH,netzdienstleistungen@mitnetz-strom.de,,,,,2026-07-08 13:56:39.828465+00,2026-07-08 15:37:37.303214+00,Mitteldeutsche Netzgesellschaft Strom mbH,,,,,,Germany,https://www.mitnetz-strom.de/netzdienstleistungen,,,"{Utility,Germany,Grid}",google,,{},Regional electricity grid operator providing network services in central Germany.,,,f,
1785011e-b0b9-4483-9c5e-88b88b6523e6,,Batterlution Ltd,info@batterlution.com,+86 75523174870,,,,2026-07-08 13:55:38.89815+00,2026-07-08 15:37:37.303214+00,Batterlution Ltd,,,,,,United Kingdom,https://www.batterlution.com,,,"{Consultancy,""United Kingdom"",Storage}",google,,{},Provides consultancy on battery technology and energy storage.,,,f,
178cb41a-a62a-42ef-8d16-790bde08ffee,,Shenzhen Ltd,sales@enjoypowers.com,+86 755 36382939,,,,2026-07-08 13:57:04.191812+00,2026-07-08 15:37:37.303214+00,"Shenzhen Enjoy Technology Co., Ltd",,,,Shenzhen,,China,https://enjoypowers.com,,,"{Battery/Storage,China}",google,,{},Manufactures power storage and battery energy products.,,,f,
17d27ac7-6a26-4c09-8e9e-3e45fc31ee45,,Tianjin Ltd.,luna@jchxsolar.com,+86 15302050272,,,,2026-07-08 13:57:22.240331+00,2026-07-08 15:37:37.303214+00,"Tianjin Jucai Huixin industry and Trade Co.,Ltd.",,,,Tianjin,,China,https://www.jchxsolar.com,,,"{Distributor,China,""Solar PV""}",google,,{},Trading company dealing in solar PV products and equipment.,,,f,
17d5dcc0-f3c5-425c-b172-bb405febefba,,Fraunhofer IWU,info@iwu.fraunhofer.de,+4937153971370,,,,2026-07-08 13:56:08.859355+00,2026-07-08 15:37:37.303214+00,Fraunhofer Institut für Werkzeugmaschinen und Umformtechnik IWU,,,,Chemnitz,,Germany,https://www.iwu.fraunhofer.de,,,"{Research/Academic,Germany}",google,,{},Fraunhofer institute for machine tools and forming technology research.,,,f,
17ed985e-e961-4116-9286-8a3e6a8dc5ec,,hesotec GmbH,electrify@hesotec.de,+49 (0) 2064 60105-60,,,,2026-07-08 13:56:18.776319+00,2026-07-08 15:37:37.303214+00,hesotec electrify GmbH,,,,,,Germany,https://electrify.hesotec.de,,,"{Metering/Monitoring,Germany,""EV Charging""}",google,,{},Provides energy metering and EV charging management solutions.,,,f,
17f8c80c-1020-4735-8308-06fa81367de3,,Transcene Corporation,transcene@transcene.com.tw,+88666233293,,,,2026-07-08 13:57:23.608115+00,2026-07-08 15:37:37.303214+00,Transcene Corporation,,,,,,Taiwan,https://www.transcene.com.tw/en_US,,,"{Cable/BOS,Taiwan,""Solar PV""}",google,,{},Manufactures solar connectors and cable assemblies for PV systems.,,,f,
18080dd7-868e-4639-bf6f-a5debe968e55,,Sanrun Ltd.,majiwei1010@126.com,+8615227582222,,,,2026-07-08 13:57:00.177973+00,2026-07-08 15:37:37.303214+00,"Sanrun Green Energy (Hebei) Technology Co., Ltd.",,,,,Hebei,China,https://sanrunenergy.com,,,"{""Module Mfr"",China,""Solar PV""}",google,,{},"Manufactures solar photovoltaic modules in Hebei, China.",,,f,
18431bf8-a23e-4eb4-935b-bd914b0b11fb,,Far Limited,fepv@fefacade.com,,,,,2026-07-08 13:56:06.781137+00,2026-07-08 15:37:37.303214+00,Far East Green Energy Technology (GUANG DONG) Company Limited,,,,,Guangdong,China,https://www.febipv.com/,,,"{""Module Mfr"",China,""Solar PV""}",google,,{},"Makes BIPV facade and solar module products in Guangdong, China.",,,f,
18459c10-85b7-4786-833c-e8e8dff3ff43,,Einklang Energy,info@einklang-energy.de,+49 157 774 072 74,,,,2026-07-08 13:55:57.605977+00,2026-07-08 15:37:37.303214+00,Einklang Energy,,,,,,Germany,https://www.einklang.energy/,,,"{EPC/Installer,Germany,Residential}",google,,{},Installs residential solar PV and energy systems in Germany.,,,f,
184dcf7c-aa1b-42b2-9fdb-82384e292400,,Gireve,felix.muhl@gireve.com,+33 6 27 24 91 71,,,,2026-07-08 13:56:11.401358+00,2026-07-08 15:37:37.303214+00,Gireve,,,,,,France,https://www.gireve.com,,,"{Software,France,""EV Charging""}",google,,{},Operates an EV charging roaming and interoperability platform.,,,f,
1852bcdd-b8d8-4c39-835a-29833afb5272,,Radiant Equipment,,,,,,2026-07-08 13:56:54.923821+00,2026-07-08 15:37:37.303214+00,Radiant PV Equipment,,,,,,China,https://www.radiantpvsolar.com,,,"{Other,China,""Solar PV""}",google,,{},Supplies PV manufacturing equipment for solar cell and module production.,,,f,
18c55c5e-2de7-4a0d-9914-63fc92faa57a,,KEBA GmbH,keba@keba.com,+43 732 70900,,,,2026-07-08 13:56:31.349718+00,2026-07-08 15:37:37.303214+00,KEBA Energy Automation GmbH,,,,,,Austria,https://www.keba.com,,,"{Other,Austria,""EV Charging""}",google,,{},Manufactures EV charging stations and energy automation hardware.,,,f,
18ef2f17-d495-4813-b281-89d149f77f13,,Solar GmbH,marketing@solar-fabrik.de,+49609320770,,,,2026-07-08 13:57:10.587685+00,2026-07-08 15:37:37.303214+00,Solar Fabrik GmbH,,,,,,Germany,https://www.solar-fabrik.de,,,"{""Module Mfr"",Germany,""Solar PV""}",google,,{},Manufactures solar photovoltaic modules in Germany.,,,f,
191ac27a-eae2-441d-8a51-e123448bd256,,gridX,info@gridx.ai,+4924141259710,,,,2026-07-08 13:56:13.58677+00,2026-07-08 15:37:37.303214+00,gridX,,,,,,Germany,https://www.gridx.ai,,,"{Software,Germany,Grid}",google,,{},Provides software platform for energy management and grid flexibility.,,,f,
19c17e10-c950-4af9-a729-b1d8ef05aa88,,GOLD INC.,marketing@top-bms.com,+8657188883356,,,,2026-07-08 13:56:11.949114+00,2026-07-08 15:37:37.303214+00,GOLD ELECTRONIC EQUIPMENT INC.,,,,,,Taiwan,https://www.top-bms.com,,,"{Battery/Storage,Taiwan}",google,,{},Manufactures battery management systems (BMS) for storage applications.,,,f,
19d1d93d-42d7-4b29-bf04-73efa69bc86a,,CharIN - Charging Initiative,iohanna.vater@charin.global,+4915114334791,,,,2026-07-08 13:55:47.102265+00,2026-07-08 15:37:37.303214+00,CharIN - Charging Interface Initiative e.V.,,,,,,Germany,https://www.charin.global/,,,"{Association,Germany,""EV Charging""}",google,,{},Industry association promoting the Combined Charging System standard for EVs.,,,f,
19de923d-5b57-4a5c-89b8-0fafb6ce6a88,,Effizency S.A.,info@effizency.com,+351351935048372,,,,2026-07-08 13:55:57.458698+00,2026-07-08 15:37:37.303214+00,Effizency S.A.,,,,,,Portugal,https://effizency.com/,,,"{Consultancy,Portugal,""Solar PV""}",google,,{},Provides energy efficiency and solar consultancy services.,,,f,
19dfa2f1-8eb8-457c-84b1-f4e010477c95,,Solplanet AISWEI,sales.de@solplanet.net,+4922177268388,,,,2026-07-08 13:55:31.921998+00,2026-07-08 15:37:37.303214+00,Solplanet by AISWEI,,,,,,China,https://www.solplanet.net,,,"{""Inverter Mfr"",China,""Solar PV""}",google,,{},Manufactures solar inverters under the Solplanet brand by AISWEI.,,,f,
19e3948d-05cb-4a94-af79-6e3ad3251401,,AMFISOL BV,info@amfisol.eu,+32479810362,,,,2026-07-08 13:55:33.172201+00,2026-07-08 15:37:37.303214+00,AMFISOL BV,,,,,,Netherlands,https://www.amfisol.eu,,,"{EPC/Installer,Netherlands,""Solar PV""}",google,,{},Installs solar PV systems for residential and commercial clients in the Netherlands.,,,f,
eb3b5faa-f2b0-46cc-a01c-36967f39eeca,,Deyle GmbH,info@deyletech.com,+49 6196 6409919,,,,2026-07-08 13:55:52.894384+00,2026-07-08 15:37:37.303214+00,Deyle Technik GmbH,,,,,,Germany,https://www.DeyleTech.de,,,"{Other,Germany}",google,,{},German technical engineering/electronics company.,,,f,
1a1b8b44-b52f-4457-9671-cc64b2fb1495,,Sinovoltaics,insights@sinovoltaics.com,+85228684588,,,,2026-07-08 13:57:08.694218+00,2026-07-08 15:37:37.303214+00,Sinovoltaics,,,,,,Hong Kong,https://www.sinovoltaics.com,,,"{Testing/Certification,""Hong Kong"",""Solar PV""}",google,,{},Provides quality assurance and inspection services for solar PV supply chains.,,,f,
1a4b177e-6d71-429e-a363-dfb2016d4b20,,PVX. AI,rukiye@pvx.ai,+905320538515,,,,2026-07-08 13:56:53.322884+00,2026-07-08 15:37:37.303214+00,PVX.AI,,,,,,Netherlands,https://pvx.ai,,,"{Software,Netherlands,""Solar PV""}",google,,{},Provides AI-driven solar asset performance and monitoring software.,,,f,
1cd68cd2-81e8-4a8a-8049-ef5cacb94681,,SMA AG,info@sma.de,+49 561 95220,,,,2026-07-08 13:57:09.266619+00,2026-07-08 15:37:37.303214+00,SMA Solar Technology AG,,,,Niestetal,Hesse,Germany,https://www.sma.de,,,"{""Inverter Mfr"",Germany,""Solar PV""}",google,,{},Major German manufacturer of solar inverters.,,,f,
1a9d1698-d664-4e7a-b482-d546b3798d91,,Wilson Ltd,marketing@wilsonpowersolutions.co.uk,+447394 565501,,,,2026-07-08 13:57:32.438118+00,2026-07-08 15:37:37.303214+00,Wilson Power Solutions Ltd,,,,,,United Kingdom,https://www.wilsonpowersolutions.co.uk,,,"{Other,""United Kingdom"",Grid}",google,,{},Manufactures power transformers and substation equipment.,,,f,
1abfb7ca-eeb7-47cc-a894-5d368e63eb68,,SHENZHEN LTD,weston@swpbattery.com,+8675527765586,,,,2026-07-08 13:57:06.238222+00,2026-07-08 15:37:37.303214+00,"SHENZHEN SHINE WELL POWER TECHNOLOGY CO.,LTD",,,,Shenzhen,Guangdong,China,https://www.swpbattery.com,,,"{Battery/Storage,China}",google,,{},Manufactures lithium battery packs and storage systems.,,,f,
1ac6ee27-7935-4ecc-b170-72ded25eaaef,,EnexYa,xiangyf@sinocat.com.cn,,,,,2026-07-08 13:56:02.129116+00,2026-07-08 15:37:37.303214+00,EnexYa,,,,,,China,https://www.sinocat.com.cn/,,,"{Other,China}",google,,{},Manufactures catalyst and environmental products; energy sector supplier.,,,f,
1b1274dd-545d-4219-817e-288b61d15dce,,Solis,europesales@solisinverters.com,+86 574 65804299,,,,2026-07-08 13:57:13.085178+00,2026-07-08 15:37:37.303214+00,Solis,,,,,,China,https://www.solisinverters.com,,,"{""Inverter Mfr"",China,""Solar PV""}",google,,{},Manufactures solar string inverters for residential and commercial use.,,,f,
1b2e124d-8141-49a6-b806-945c14f0c65a,,FILOform GmbH,kontakt@filoform.com,+49774192250,,,,2026-07-08 13:56:07.404181+00,2026-07-08 15:37:37.303214+00,FILOform GmbH,,,,,,Germany,https://www.filoform.de,,,"{Cable/BOS,Germany,""Solar PV""}",google,,{},Produces cable jointing and sealing compounds for solar and cable systems.,,,f,
1b5bf5f9-50e4-479c-8264-98cdc14e92aa,,Ankara Solar,info@ankarasolar.com.tr,+905532463939,,,,2026-07-08 13:55:34.694216+00,2026-07-08 15:37:37.303214+00,Ankara Solar,,,,,,Turkey,https://www.ankarasolar.com.tr,,,"{Distributor,Turkey,""Solar PV""}",google,,{},Distributes and installs solar PV equipment in Turkey.,,,f,
1b88d401-b04d-4ef5-9d91-1a933d56a0c2,,BEKSAN TIC.,emrebekki@bekkigroup.com,+902662811005,,,,2026-07-08 13:55:41.015933+00,2026-07-08 15:37:37.303214+00,BEKSAN CIVI TEL MAK. IML. SAN. TIC. A.S.,,,,,,Turkey,https://www.beksan.com,,,"{Mounting/Tracker,Turkey}",google,,{},"Manufactures wire, bolts, and fasteners including for solar mounting structures.",,,f,
1b8f6e2a-48b5-46a7-bbe7-bfa3afb2e7c7,,Jiangsu Ltd.,may.zhu@gnetek.com,+86 400 777 1331,,,,2026-07-08 13:56:27.128147+00,2026-07-08 15:37:37.303214+00,"Jiangsu GNE New Energy Technology Co., Ltd.",,,,,Jiangsu,China,https://www.gnetek.com,,,"{Battery/Storage,China,""Solar PV""}",google,,{},"Manufactures new energy storage and battery products in Jiangsu, China.",,,f,
1baf8b5a-25d3-432b-98a1-a24ca6e569ac,,Amosolar Ltd,,8617795787726,,,,2026-07-08 13:55:33.329635+00,2026-07-08 15:37:37.303214+00,"Amosolar Co., Ltd",,,,,,China,https://www.amosolarpv.com/,,,"{""Module Mfr"",China,""Solar PV""}",google,,{},Manufactures solar photovoltaic modules.,,,f,
1bb258ab-dd07-4c0b-8708-031018af5d7c,,FEAG Group,info@feag.de,+499119564560,,,,2026-07-08 13:56:06.912864+00,2026-07-08 15:37:37.303214+00,FEAG Group,,,,,,Germany,https://www.feag.de/,,,"{EPC/Installer,Germany}",google,,{},German group offering electrical and solar installation services.,,,f,
1bda58a4-914e-43af-8c09-3ef2d889ad5b,,PVA AG,marketing@pvatepla.com,+4964168690476,,,,2026-07-08 13:56:53.097934+00,2026-07-08 15:37:37.303214+00,PVA TePla AG,,,,Wettenberg,Hesse,Germany,https://www.pvatepla.com,,,"{Other,Germany}",google,,{},Manufactures vacuum and process equipment used in semiconductor and solar wafer production.,,,f,
1bf93e9b-27c9-4379-8015-c1115b68dc52,,Hive Power,info@hivepower.tech,+39 000 000 0000,,,,2026-07-08 13:56:19.456577+00,2026-07-08 15:37:37.303214+00,Hive Power,,,,,,Switzerland,https://www.hivepower.tech,,,"{Software,Switzerland,Grid}",google,,{},Provides virtual power plant and energy management software.,,,f,
1bfd2afc-d292-414a-81c6-07aef724ddea,,Tigo Inc.,sales@tigoenergy.com,+1 408 4020802,,,,2026-07-08 13:57:22.432836+00,2026-07-08 15:37:37.303214+00,"Tigo Energy, Inc.",,,,Campbell,California,United States,https://www.tigoenergy.com,,,"{""Inverter Mfr"",""United States"",""Solar PV""}",google,,{},Makes module-level power electronics and monitoring for solar PV systems.,,,f,
1c100778-a3bb-4949-b2c9-3b640fd6e960,,Bauer GmbH,info@bauer-solar.de,+49 673 7808160,,,,2026-07-08 13:55:39.034902+00,2026-07-08 15:37:37.303214+00,Bauer Solar GmbH,,,,,,Germany,https://bauer-solar.de,,,"{EPC/Installer,Germany,Residential}",google,,{},German solar installation company.,,,f,
1c1549d9-a07c-48f2-8bae-225a2e29bc12,,Huawei Ltd,eu_inverter_support@huawei.com,+80033666666 0040312241236,,,,2026-07-08 13:56:20.716494+00,2026-07-08 15:37:37.303214+00,"Huawei Technologies Co., Ltd",,,,Shenzhen,,China,https://solar.huawei.com/de/,,,"{""Inverter Mfr"",China,""Solar PV""}",google,,{},Global technology company manufacturing solar inverters and energy systems.,,,f,
1c2123d2-b065-40c4-accd-dfa2a05eb76d,,PQ GmbH,info@pq-plus.de,+499133606400,,,,2026-07-08 13:56:51.592236+00,2026-07-08 15:37:37.303214+00,PQ Plus GmbH,,,,,,Germany,https://www.pq-plus.de,,,"{Metering/Monitoring,Germany,Grid}",google,,{},Manufactures power quality measurement and monitoring devices.,,,f,
1c3e81d7-9bf1-4537-8e43-c4e65a39e52e,,Shanghai Ltd.,katty.liu@zonzsin.com,+86 021-67881308,,,,2026-07-08 13:57:03.278281+00,2026-07-08 15:37:37.303214+00,"Shanghai Zonzsin Intelligent Equipment Co., Ltd.",,,,Shanghai,,China,https://www.zonzsin.com,,,"{Other,China}",google,,{},Manufactures intelligent equipment for solar production lines.,,,f,
1c5ef0eb-46e6-4d08-89ec-81630c145aa9,,Voltmasters BV,info@voltmasters.be,+3251796272,,,,2026-07-08 13:57:29.746129+00,2026-07-08 15:37:37.303214+00,Voltmasters BV,,,,,,Belgium,https://voltmasters.io,,,"{EPC/Installer,Belgium,""Solar PV""}",google,,{},Belgian solar installation and EPC company.,,,f,
1c6e6a84-d432-45a8-8d8f-2d146f3f4227,,Shenzhen Ltd.,brand@sz-manst.com,86-0755-89369630,,,,2026-07-08 13:57:05.555517+00,2026-07-08 15:37:37.303214+00,"Shenzhen Manst Optoelectronics Technology Co., Ltd.",,,,Shenzhen,,China,https://www.manst.com/,,,"{Cable/BOS,China}",google,,{},Manufactures optoelectronic connectors and cable components.,,,f,
1c7380c5-abad-4131-a639-ae72ecf84ad3,,Replanet Energy,kevin.prattico@replanet.it,+39800857803,,,,2026-07-08 13:56:56.82253+00,2026-07-08 15:37:37.303214+00,Replanet Energy S.r.l.,,,,,,Italy,https://www.replanet.it,,,"{EPC/Installer,Italy,""Solar PV""}",google,,{},Italian renewable energy EPC company.,,,f,
1ca4dd7b-c2e5-4466-99a9-fb8d49d6ade8,,SHENZHEN LTD.,sales@ainegy.com,+86 0769-89333635,,,,2026-07-08 13:57:03.561674+00,2026-07-08 15:37:37.303214+00,"SHENZHEN AINEGY TECHNOLOGY CO., LTD.",,,,Shenzhen,,China,https://www.ainegy.com,,,"{Battery/Storage,China}",google,,{},Manufactures energy storage and power electronics products.,,,f,
1ca67019-1db0-4ef4-b568-44631b5b30e6,,SmartHelio,solar@smarthelio.com,,,,,2026-07-08 13:57:10.104181+00,2026-07-08 15:37:37.303214+00,SmartHelio,,,,,,Switzerland,https://smarthelio.com,,,"{Software,Switzerland,""Solar PV""}",google,,{},Provides AI-based solar asset performance monitoring software.,,,f,
1ca6fb88-c41d-4b03-9d83-9d1f208f4e2e,,ENGIE GmbH,info-deutschland@engie.com,+49 221 469050,,,,2026-07-08 13:56:02.233201+00,2026-07-08 15:37:37.303214+00,ENGIE Energy Management Solutions GmbH,,,,,,Germany,https://engie-sem.com/,,,"{Utility,Germany,Grid}",google,,{},German energy management and utility solutions subsidiary of ENGIE.,,,f,
1cb2614f-e55e-4eee-a6e9-08935da3d0e0,,Renvolt,,+351935990051,,,,2026-07-08 13:56:56.74395+00,2026-07-08 15:37:37.303214+00,Renvolt,,,,,,Portugal,https://www.renvolt.energy,,,"{Developer/IPP,Portugal,""Solar PV""}",google,,{},Renewable energy project developer.,,,f,
1cc001d3-345b-462c-bc74-7881c8c7a4c4,,Chauvin GmbH,info@chauvin-arnoux.de,+49 7851 99260,,,,2026-07-08 13:55:47.15213+00,2026-07-08 15:37:37.303214+00,Chauvin Arnoux GmbH,,,,,,Germany,https://www.chauvin-arnoux.de,,,"{Metering/Monitoring,Germany}",google,,{},"German subsidiary of Chauvin Arnoux, manufacturing electrical measurement instruments.",,,f,
1cd2c9ea-ae77-4797-b46f-d79a7ededdde,,ONEPOLE AS,dejan@onepole.no,+4746749980,,,,2026-07-08 13:56:46.433139+00,2026-07-08 15:37:37.303214+00,ONEPOLE AS,,,,,,Norway,https://www.onepole.no,,,"{Software,Norway,""Solar PV""}",google,,{},Norwegian company offering solar monitoring and management solutions.,,,f,
1cfe74ef-bf92-4e02-a93b-e0dd3534438e,,Gustav KG,info@hensel-electric.de,+4927236090,,,,2026-07-08 13:56:15.743351+00,2026-07-08 15:37:37.303214+00,Gustav Hensel GmbH &amp; Co. KG,,,,,,Germany,https://www.hensel-electric.de,,,"{Cable/BOS,Germany}",google,,{},German manufacturer of electrical distribution and enclosure systems.,,,f,
1d18d412-46c2-4207-ba78-4a701cc15b40,,Dagong Ltd.,info@dagonghuiyao.cn,,,,,2026-07-08 13:55:51.281806+00,2026-07-08 15:37:37.303214+00,"Dagong Huiyao Intelligent Technology Luoyang Co., Ltd.",,,,Luoyang,,China,https://www.hybatterypack.com,,,"{Battery/Storage,China}",google,,{},Manufactures battery packs for energy storage applications.,,,f,
1d2cedcf-3d20-482a-88d3-341f2bc5f682,,FrigorTec GmbH,assistenz@frigortec.com,+497520914820,,,,2026-07-08 13:56:09.139066+00,2026-07-08 15:37:37.303214+00,FrigorTec GmbH,,,,,,Germany,https://www.frigortec.com,,,"{Other,Germany}",google,,{},German manufacturer of cooling and thermal management systems for electronics.,,,f,
1d5f66b8-1cfa-4f34-8f78-c84d392c1cb7,,Rittal KG,info@rittal.de,+49 2772 5050,,,,2026-07-08 13:56:57.60052+00,2026-07-08 15:37:37.303214+00,Rittal GmbH &amp; Co. KG,,,,Herborn,Hesse,Germany,http://www.rittal.de,,,"{Cable/BOS,Germany}",google,,{},German manufacturer of enclosures and electrical infrastructure components.,,,f,
1d79b91a-810e-46d8-a7aa-8cf8784a298c,,Wuxi Ltd,wy@srtsolar.com,15961695888,,,,2026-07-08 13:57:33.926117+00,2026-07-08 15:37:37.303214+00,"Wuxi Tianyun New Energy Technology Co., Ltd",,,,Wuxi,,China,https://wxtyec.com,,,"{Mounting/Tracker,China,""Solar PV""}",google,,{},Chinese manufacturer of solar racking and tracker systems.,,,f,
1d79e20a-0b42-4bce-b62d-7cc95d5d3d1b,,CSI Ltd.,,,,,,2026-07-08 13:55:50.778107+00,2026-07-08 15:37:37.303214+00,"CSI Solar Co., Ltd.",,,,Suzhou,,China,https://www.csisolar.com,,,"{""Module Mfr"",China,""Solar PV""}",google,,{},"Manufactures solar photovoltaic modules, subsidiary of Canadian Solar.",,,f,
1fcda9d5-d2d3-4268-973f-8940829d73cd,,OXO SISTEMLERI,purchasing@oxotracker.com,+905441045801,,,,2026-07-08 13:56:47.744568+00,2026-07-08 15:37:37.303214+00,OXO TRACKER ENERJI SISTEMLERI A.S.,,,,,,Turkey,https://www.oxotracker.com/,,,"{Mounting/Tracker,Turkey,""Solar PV"",Utility-scale}",google,,{},Manufactures solar tracker systems for utility-scale PV plants.,,,f,
1fd9327e-41b2-4cf3-9048-cb996af620ca,,Easee ASA,,+47 91998591,,,,2026-07-08 13:55:55.982264+00,2026-07-08 15:37:37.303214+00,Easee ASA,,,,,,Norway,https://www.easee.com,,,"{Other,Norway,""EV Charging""}",google,,{},Makes smart EV charging and electrical safety products.,,,f,
1fe7fb91-3e27-408a-8cb2-e57c5ecd201d,,CJR Renewables,ana.silva@cjr-renewables.com,+351913407164,,,,2026-07-08 13:55:48.030952+00,2026-07-08 15:37:37.303214+00,CJR Renewables,,,,,,Spain,https://www.cjr-renewables.com,,,"{EPC/Installer,Spain,""Solar PV""}",google,,{},EPC contractor for wind and solar renewable energy projects.,,,f,
200c71f2-dd68-42e3-951e-1fd22157b9ee,,iFIX voestalpine,ifix@voestalpine.com,+49 7171 972 400,,,,2026-07-08 13:56:22.968106+00,2026-07-08 15:37:37.303214+00,iFIX by voestalpine,,,,,,Austria,https://www.voestalpine.com/ifix,,,"{Mounting/Tracker,Austria,""Solar PV""}",google,,{},Voestalpine brand offering rail fastening systems used in solar mounting.,,,f,
2012011f-fb47-48e5-a453-9f0524b27821,,BEIJING LTD.,info@epever.com,86-10-82894896,,,,2026-07-08 13:55:40.740107+00,2026-07-08 15:37:37.303214+00,"BEIJING EPSOLAR TECHNOLOGY CO., LTD.",,,,Beijing,,China,https://www.epever.com,,,"{""Inverter Mfr"",China,""Solar PV"",Off-grid}",google,,{},Manufactures solar charge controllers and off-grid inverters.,,,f,
202712be-a967-4bae-a15d-5052251beb36,,Telison Ribbon）,telison@telison.com,+86 029 88339571,,,,2026-07-08 13:57:21.044749+00,2026-07-08 15:37:37.303214+00,Telison New Materials（PV Ribbon）,,,,,Jiangsu,China,https://www.telisonglobal.com,,,"{Cable/BOS,China,""Solar PV""}",google,,{},Manufactures PV ribbon and interconnect materials for solar modules.,,,f,
2073f48b-d4bf-4946-b5dc-e73968c8a0e9,,ENS GmbH,r.wegner@ens-group.de,+49 3302 866770,,,,2026-07-08 13:56:02.58766+00,2026-07-08 15:37:37.303214+00,ENS European Network Services GmbH,,,,,,Germany,https://www.ens-group.eu,,,"{Consultancy,Germany,Grid}",google,,{},Provides engineering and network services for grid infrastructure.,,,f,
207c24d2-b0a9-4e36-806c-f1db9f70bebe,,ECOFACTOR,oksana.bandrovska@gmail.com,+380668569766,,,,2026-07-08 13:55:56.509335+00,2026-07-08 15:37:37.303214+00,ECOFACTOR,,,,,,Ukraine,https://ecofactortech.com/en/,,,"{EPC/Installer,Ukraine,""Solar PV""}",google,,{},Solar energy technology and installation company.,,,f,
2086edd4-ef8c-4b7e-b9f2-2dd6b3c24984,,thyssenkrupp AG,,+49 (0)203 52-0,,,,2026-07-08 13:57:22.095833+00,2026-07-08 15:37:37.303214+00,thyssenkrupp Steel Europe AG,,,,,,Germany,https://www.thyssenkrupp-steel.com,,,"{Other,Germany}",google,,{},Steel manufacturer supplying materials used in solar mounting structures.,,,f,
20941913-fa69-494c-bc5d-69a0666a40da,,LEONHARD KG,surface-decoration@kurz.de,+4991171740,,,,2026-07-08 13:56:34.843247+00,2026-07-08 15:37:37.303214+00,LEONHARD KURZ Stiftung &amp; Co. KG,,,,,,Germany,https://www.kurz-automotive.com/loesungen/energy-technologies,,,"{Other,Germany}",google,,{},Surface decoration and coating technology supplier for energy applications.,,,f,
20ebe101-ee65-42d0-ad1a-c24eb46aa318,,Blindleister,info@blindleister.de,+4915739302499,,,,2026-07-08 13:55:42.497355+00,2026-07-08 15:37:37.303214+00,Blindleister,,,,,,Germany,https://www.blindleister.de,,,"{Software,Germany,""Solar PV""}",google,,{},Provides software tools for solar installer sales and planning.,,,f,
20f79a0d-6a37-4945-9929-646a9fe4d443,,DENS Power,info@dens.one,+31852736022,,,,2026-07-08 13:55:52.630654+00,2026-07-08 15:37:37.303214+00,DENS Portable Power B.V.,,,,,,Netherlands,https://www.dens.one,,,"{Battery/Storage,Netherlands,Hydrogen}",google,,{},Develops portable power systems using hydrogen fuel cells.,,,f,
20fe5c49-6463-4ed2-8742-16fc2c4a3349,,TSG KG,yvonne.eichelmann@tsg-solutions.com,+4989374064723,,,,2026-07-08 13:57:24.76625+00,2026-07-08 15:37:37.303214+00,TSG Deutschland GmbH &amp; Co. KG,,,,,,Germany,https://www.tsg-solutions.com/de,,,"{Cable/BOS,Germany,""Solar PV""}",google,,{},Supplies balance-of-system components and cable solutions for solar.,,,f,
213374fc-190f-4457-bf83-6131c5194dee,,SunHelp Energy,m.okula@sunhelp.pl,+48570000691,,,,2026-07-08 13:57:16.954145+00,2026-07-08 15:37:37.303214+00,SunHelp Energy,,,,,,Poland,https://www.sunhelp.pl/,,,"{EPC/Installer,Poland,""Solar PV"",Residential}",google,,{},Installs residential and commercial solar PV systems.,,,f,
2148c41b-aa03-403e-b39b-3a6a8eae3321,,Encavis GmbH,,,,,,2026-07-08 13:56:00.012533+00,2026-07-08 15:37:37.303214+00,Encavis GmbH,,,,,,Germany,https://www.encavis.com,,,"{Developer/IPP,Germany,Utility-scale}",google,,{},Develops and operates solar and wind power plants as an independent producer.,,,f,
21764276-163a-4b8f-ade9-976100c70bb4,,HT Italia,export@htitalia.it,+39 0546 621002,,,,2026-07-08 13:56:20.52347+00,2026-07-08 15:37:37.303214+00,HT Italia S.r.l.,,,,,,Italy,https://www.ht-instruments.com,,,"{Testing/Certification,Italy}",google,,{},Manufactures electrical testing and measurement instruments.,,,f,
217ace6b-1107-4a05-bf17-ba03d0bad2cf,,SERAPP Ltd.,info@seraphim-application.com,+86-519-68763055,,,,2026-07-08 13:57:01.742304+00,2026-07-08 15:37:37.303214+00,"SERAPP Technology (Jiangsu) Co., Ltd.",,,,,Jiangsu,China,https://www.seraphim-application.com,,,"{""Module Mfr"",China,""Solar PV""}",google,,{},Seraphim brand providing BIPV and solar module application solutions.,,,f,
218f8692-d020-46cc-aaf0-8fa12c9f08c6,,BAB GmbH,info@bab-tec.de,+4923147642530,,,,2026-07-08 13:55:38.277529+00,2026-07-08 15:37:37.303214+00,BAB TECHNOLOGIE GmbH,,,,,,Germany,https://bab-technologie.com,,,"{Metering/Monitoring,Germany}",google,,{},Provides building automation and monitoring hardware/software.,,,f,
21971318-0b98-4918-ada7-65a1235e89cc,,Toming Energy,tomislav@toming.energy,+385912242232,,,,2026-07-08 13:57:22.915325+00,2026-07-08 15:37:37.303214+00,Toming Renewable Energy d.o.o.,,,,,,Bosnia and Herzegovina,https://toming.ba/,,,"{EPC/Installer,""Bosnia and Herzegovina"",""Solar PV""}",google,,{},Installs renewable energy systems including solar PV.,,,f,
21bbe7cb-cdec-48c5-9a8d-4647ba15571d,,CS GmbH,maximilian.giese@sonnenstromfabrik.com,+49 384 13049390,,,,2026-07-08 13:55:50.638132+00,2026-07-08 15:37:37.303214+00,CS Wismar GmbH,,,,Wismar,,Germany,https://www.sonnenstromfabrik.com,,,"{""Module Mfr"",Germany,""Solar PV""}",google,,{},Produces solar cells and modules under the Sonnenstromfabrik brand.,,,f,
21ce5a92-6d1a-4a63-b910-e8d620d6443e,,2B automation,info@2b-automation.com,+38551565500,,,,2026-07-08 13:55:29.07825+00,2026-07-08 15:37:37.303214+00,2B automation d.o.o.,,,,,,Slovenia,https://www.2b-bess.com/,,,"{Battery/Storage,Slovenia}",google,,{},Provides automation and integration for battery energy storage systems.,,,f,
21e1866b-86a9-4147-8923-56d66fa76495,,CIPAL,contact@cipal-dz.com,+213 770 88 53 09,,,,2026-07-08 13:55:47.785147+00,2026-07-08 15:37:37.303214+00,CIPAL,,,,,,Algeria,https://www.cipal-dz.com,,,"{Other,Algeria}",google,,{},Algerian company operating in industrial/technical distribution.,,,f,
22003756-a740-4954-bd07-ff228cbd2f05,,Turchi Daniele,info@turchi.pr.it,+393403274734,,,,2026-07-08 13:57:25.102529+00,2026-07-08 15:37:37.303214+00,Turchi Daniele S.r.l.,,,,,,Italy,https://www.turchi.pr.it/,,,"{Other,Italy}",google,,{},"Italian manufacturing company, sector not fully determined.",,,f,
220a0ce8-90a8-48a3-9c8b-36c7c005e001,,TUNCMATIK SIRKETI,export@tuncmatik.com,+902163145151,,,,2026-07-08 13:57:25.000145+00,2026-07-08 15:37:37.303214+00,TUNCMATIK ELEKTRIK MALZEMELERI SANAYI VE TICARET ANONIM SIRKETI,,,,,,Turkey,https://tuncmatik.com/,,,"{""Inverter Mfr"",Turkey}",google,,{},Manufactures UPS systems and inverters for power electronics.,,,f,
22227f82-0c0b-413b-b50d-c9b9156158ea,,Power Ltd.,sales@powerstone-tec.com,+86-592-5927399,,,,2026-07-08 13:56:50.905131+00,2026-07-08 15:37:37.303214+00,"Power Stone (Xiamen) Technology Co., Ltd.",,,,Xiamen,Fujian,China,https://www.powerstone-tec.com/,,,"{""Inverter Mfr"",China,""Solar PV""}",google,,{},"Manufactures power electronics including inverters and power supply products in Xiamen, China.",,,f,
22231d20-f82e-4323-bd1d-2848be775eb7,,WALDEVAR,office@waldevar.com,+40765463836,,,,2026-07-08 13:57:30.428314+00,2026-07-08 15:37:37.303214+00,WALDEVAR,,,"Pipera 1B Boulevard, Cubic Center, 11th floor",Voluntari,,Romania,https://www.waldevar.com,,,"{EPC/Installer,Romania,""Solar PV"",Utility-scale}",google,,{},"EPC contractor for large-scale solar parks including floating PV, plus O&M services.",,,f,
2233b9e7-80ac-4704-a855-aba16506f0a1,,Solcellekraft AS,,,,,,2026-07-08 13:57:12.425884+00,2026-07-08 15:37:37.303214+00,Solcellekraft AS,,,,,,Norway,,,,"{EPC/Installer,Norway,""Solar PV""}",google,,{},Norwegian solar installer/EPC (name translates to 'solar cell power').,,,f,
22471e70-514f-4b4a-840f-15a5aabef8cc,,United Ltd.,sales@urecorp.com,+88635780011,,,,2026-07-08 13:57:26.281463+00,2026-07-08 15:37:37.303214+00,"United Renewable Energy Co., Ltd.",,,,,,Taiwan,https://www.urecorp.com,,,"{""Module Mfr"",Taiwan,""Solar PV""}",google,,{},Taiwanese manufacturer of high-efficiency solar PV modules and cells.,,,f,
2263e1aa-e186-4f8a-91f9-f373d41fd19b,,Benning KG,info@benning.de,+49 2871 93 0,,,,2026-07-08 13:55:41.30068+00,2026-07-08 15:37:37.303214+00,Benning Elektrotechnik und Elektronik GmbH &amp; Co. KG,,,,Bocholt,North Rhine-Westphalia,Germany,https://www.benning.de,,,"{""Inverter Mfr"",Germany,""Solar PV""}",google,,{},German manufacturer of power electronics including battery chargers and inverters.,,,f,
2265e3d1-492c-4375-bec4-2c3778843125,,SHENZHEN LIMITED,,+8675588609397,,,,2026-07-08 13:57:06.952421+00,2026-07-08 15:37:37.303214+00,SHENZHEN UZ ENERGY LIMITED,,,,Shenzhen,Guangdong,China,,,,"{Battery/Storage,China,Storage}",google,,{},Shenzhen-based supplier of energy storage battery products.,,,f,
227dd9ef-c0a0-4a30-9224-8aac3a4ca04b,,Zhejiang Ltd.,sav@sav-digital.com,+86 576 8817 7988,,,,2026-07-08 13:57:39.383534+00,2026-07-08 15:37:37.303214+00,"Zhejiang Sav Digital Energy  Technology Co., Ltd.",,,,,Zhejiang,China,https://www.sav-digitalpower.com,,,"{""Inverter Mfr"",China,Storage}",google,,{},Zhejiang manufacturer of digital power and energy storage inverter equipment.,,,f,
22b66acb-214f-40f8-9d38-c2293e0c70cf,,Carlo GmbH,info@gavazzi.de,+49 6151 81000,,,,2026-07-08 13:55:45.397683+00,2026-07-08 15:37:37.303214+00,Carlo Gavazzi GmbH,,,,,,Germany,https://www.gavazzi.de,,,"{Metering/Monitoring,Germany,""Solar PV""}",google,,{},"German unit of Carlo Gavazzi, maker of energy meters and monitoring/control components.",,,f,
22bc43bc-f56f-426c-bc9e-beacd1e65a54,,Elum Energy,contact@elum-energy.com,+33 1 84256947,,,,2026-07-08 13:55:58.957265+00,2026-07-08 15:37:37.303214+00,Elum Energy,,,,,,France,https://www.elum-energy.com,,,"{Software,France,Storage}",google,,{},Provides energy management software for battery storage and microgrid systems.,,,f,
22c8c263-ae8c-4c17-9e4e-10dae9beac90,,INSYS GmbH,info@insys-icom.de,+49 941 586920,,,,2026-07-08 13:56:24.506833+00,2026-07-08 15:37:37.303214+00,INSYS icom GmbH,,,,Regensburg,Bavaria,Germany,https://www.insys-icom.com,,,"{Metering/Monitoring,Germany,Grid}",google,,{},German maker of industrial routers and remote monitoring/telemetry devices used in energy systems.,,,f,
22f6c0ce-06e3-43d9-8dc9-5d1b80152c3b,,Sun Ballast,marketing@sunballast.com,+39 0522 960926,,,,2026-07-08 13:57:16.163353+00,2026-07-08 15:37:37.303214+00,Sun Ballast,,,"Via Danubio, 8",Reggio Emilia,Emilia-Romagna,Italy,https://www.sunballast.com/,,,"{Mounting/Tracker,Italy,""Solar PV""}",google,,{},Manufactures ballasted mounting structures for flat-roof photovoltaic installations.,,,f,
2322e489-a7fe-4356-a253-59b5ab2485c5,,EEPro KG,office@eepro.energy,+494035015000,,,,2026-07-08 13:55:57.175415+00,2026-07-08 15:37:37.303214+00,EEPro Operations GmbH &amp; Co. KG,,,,,,Germany,https://www.eepro.energy,,,"{EPC/Installer,Germany,""Solar PV""}",google,,{},German energy services company operating in the solar PV sector.,,,f,
23418133-8dbe-4b35-947c-9b1904f88643,,Sunday AS,,,,,,2026-07-08 13:57:16.582172+00,2026-07-08 15:37:37.303214+00,Sunday Power AS,,,,,,Norway,https://www.sundaypower.no,,,"{EPC/Installer,Norway,Residential}",google,,{},Norwegian company offering solar power installation services.,,,f,
235aa289-2fd8-4bf3-99c8-66352c7dd3a8,,Global Limited,info@globalsolarcouncil.org,,,,,2026-07-08 13:56:11.581254+00,2026-07-08 15:37:37.303214+00,Global Solar Council UK Limited,,,,London,,United Kingdom,https://www.globalsolarcouncil.org,,,"{Association,""United Kingdom"",""Solar PV""}",google,,{},"UK-registered arm of the Global Solar Council, an international solar industry association.",,,f,
235b56ab-92cc-46ed-ac43-8f79e337daef,,Guangdong ，LTD.,1092369059@qq.com,+86 18929904920,,,,2026-07-08 13:56:14.526664+00,2026-07-08 15:37:37.303214+00,Guangdong Nre Technology Co.，LTD.,,,,Foshan,Guangdong,China,https://http：//www.fsnre.com,,,"{Cable/BOS,China,""Solar PV""}",google,,{},Guangdong-based supplier of new energy equipment and balance-of-system components.,,,f,
23771b73-04e0-45d5-b2d3-3cf19d89aedb,,Huizhou Ltd.,,+86 0752-3528 620,,,,2026-07-08 13:56:21.371523+00,2026-07-08 15:37:37.303214+00,"Huizhou Singamas Energy Equipment Co., Ltd.",,,,Huizhou,Guangdong,China,https://www.hsclgd.com/html/ch/index.htm,,,"{Battery/Storage,China,Storage}",google,,{},Huizhou manufacturer of energy equipment including containerized storage systems.,,,f,
23bfbf3a-231f-4023-80b2-ecfdb3484671,,LumenHaus GmbH,jessica.chen@lumenhaus.com,+4915125744444,,,,2026-07-08 13:56:36.475568+00,2026-07-08 15:37:37.303214+00,LumenHaus GmbH,,,,,,Germany,https://www.lumenhaus.de,,,"{EPC/Installer,Germany,Residential}",google,,{},German company offering residential solar installation and home energy solutions.,,,f,
23c398a9-5652-490b-961e-a7571a5f1adb,,Solvis d.o.o.,jasmina.novak@solvis.hr,+385914200888,,,,2026-07-08 13:57:13.93913+00,2026-07-08 15:37:37.303214+00,Solvis d.o.o.,,,,,,Croatia,https://www.solvis.hr,,,"{Distributor,Croatia,""Solar PV""}",google,,{},Croatian distributor/installer of solar energy equipment.,,,f,
264d4f26-f697-4946-acef-ff00b733a5ac,,Scatec ASA,post@scatec.com,+4748085500,,,,2026-07-08 13:57:00.466301+00,2026-07-08 15:37:37.303214+00,Scatec ASA,,,,Oslo,,Norway,https://www.scatec.com,,,"{Developer/IPP,Norway,Utility-scale}",google,,{},Norwegian independent power producer developing solar and renewable energy plants.,,,f,
23c7b4fb-ad98-4f5f-bf3d-05eab1b99cdc,,VON GmbH,sales@vonardenne.com,+49 351 2637300,,,,2026-07-08 13:57:29.888081+00,2026-07-08 15:37:37.303214+00,VON ARDENNE GmbH,,,,Dresden,Saxony,Germany,https://www.vonardenne.com,,,"{""Cell/Wafer Mfr"",Germany,""Solar PV""}",google,,{},German maker of vacuum coating equipment used in solar cell and thin-film manufacturing.,,,f,
23d18df6-ee0e-4414-ad04-dd7c48ec4996,,LEF srl,,,,,,2026-07-08 13:56:34.619903+00,2026-07-08 15:37:37.303214+00,LEF srl,,,Viale Ludovico Ariosto 478,Sesto Fiorentino,Florence,Italy,https://www.lefgroup.com,,,"{Other,Italy}",google,,{},"Italian technology group serving electrical distribution, smart city and industrial power sectors.",,,f,
23d76319-bc63-4aca-ba57-f7793c4320e8,,HUAXIA LIMITED,penny@huaxiavent.com,+8676088508849,,,,2026-07-08 13:56:20.765144+00,2026-07-08 15:37:37.303214+00,HUAXIA NEW ENERGY LIMITED,,,"Building A3, Pujing Industrial Park, No. 17 Shabian Road, Torch Development Zone",Zhongshan,Guangdong,China,https://www.huaxiavent.com,,,"{Other,China,Storage}",google,,{},Manufactures ventilation and protection equipment for outdoor energy assets including storage and PV inverters.,,,f,
23f751dc-0b00-48ba-8558-0cf5b8772556,,Günder,onur@gunder.org.tr,+90 312 4181887,,,,2026-07-08 13:56:15.65092+00,2026-07-08 15:37:37.303214+00,Günder,,,,Ankara,,Turkey,https://www.gunder.org.tr,,,"{Association,Turkey,""Solar PV""}",google,,{},"GUNDER, the Turkish Solar Energy Industry Association.",,,f,
241131c5-4473-4211-9c94-36bf692c833a,,Winkelmann k.,marta.dominiak@winkelmann-construction.com,,,,,2026-07-08 13:57:32.601831+00,2026-07-08 15:37:37.303214+00,Winkelmann Foundation Screw PL Sp. z.o.o. Sp. k.,,,,,,Poland,https://www.winkelmann-construction.com,,,"{Mounting/Tracker,Poland,""Solar PV""}",google,,{},Polish maker of ground screw foundation systems used for solar mounting structures.,,,f,
24307bb0-2d6e-41a7-b23f-80b21f81400a,,node. GmbH,info@node.energy,+49 69 99999380,,,,2026-07-08 13:56:44.189083+00,2026-07-08 15:37:37.303214+00,node.energy GmbH,,,,Cologne,North Rhine-Westphalia,Germany,https://www.node.energy,,,"{Software,Germany,Grid}",google,,{},German provider of energy management and digital metering software.,,,f,
248060dd-308c-4dec-9924-b5be636ef0d0,,NextHeat GmbH,info@nextheat.de,,,,,2026-07-08 13:56:42.966159+00,2026-07-08 15:37:37.303214+00,NextHeat GmbH,,,,,,Germany,https://nextheat.de,,,"{Other,Germany}",google,,{},German company offering heat and energy technology solutions.,,,f,
1da64253-a00f-4e78-8832-42c6c6b06606,,REPT Ltd.,market@reptbattero.com,+86-0577-86865888,,,,2026-07-08 13:56:57.006717+00,2026-07-08 15:37:37.303214+00,"REPT BATTERO Energy Co., Ltd.",,,,,Zhejiang,China,https://www.reptbattero.com/,,,"{Battery/Storage,China,Storage}",google,,{},"Manufactures lithium-ion battery cells, packs and BMS for EVs and energy storage.",,,f,
1dafbc70-a081-4354-9d44-3ef514e50dd7,,next GmbH,,,,,,2026-07-08 13:56:42.875575+00,2026-07-08 15:37:37.303214+00,next mounting GmbH,,,,,,Germany,,,,"{Mounting/Tracker,Germany,""Solar PV""}",google,,{},German mounting systems provider for solar installations (no website on file).,,,f,
1de9c373-e277-44d8-83a7-f01042931001,,ERG LLC,energysales@erg.cn,,,,,2026-07-08 13:56:03.457632+00,2026-07-08 15:37:37.303214+00,ERG Energy LLC,,,"No. 2, Yongxing Road, Hairun Street, Sanmen County",Sanmen,Zhejiang,China,https://www.ergenergy.net,,,"{Battery/Storage,China,Storage}",google,,{},Develops vanadium redox flow battery stacks and energy storage systems.,,,f,
1dff7c12-5032-4fbb-9d48-a7466bfb1eda,,Contec GmbH,info@contec-de.com,+49 721 59793560,,,,2026-07-08 13:55:50.066389+00,2026-07-08 15:37:37.303214+00,Contec Deutschland GmbH,,,Noerdliche Uferstrasse 4-6,Karlsruhe,,Germany,https://www.contec-de.com,,,"{Other,Germany}",google,,{},"Makes flat roof, green roof and water management systems, including energy-focused green roofs.",,,f,
1e102b3b-797c-4e0a-a565-00ebff2b240e,,PVFARM,roberta@pvfarm.io,+447746356250,,,,2026-07-08 13:56:53.143792+00,2026-07-08 15:37:37.303214+00,PVFARM,,,"20411 SW Birch Street, Suite 200",Newport Beach,California,United States,https://pvfarm.io,,,"{Software,""United States"",""Solar PV"",Utility-scale}",google,,{},Provides design and layout software for utility-scale solar PV projects.,,,f,
1e10bf78-88cc-4170-a613-fe6976d283d0,,Pauselli s.r.l.,info@pauselligroup.com,+39 075 8540025,,,,2026-07-08 13:56:48.195521+00,2026-07-08 15:37:37.303214+00,Pauselli s.r.l.,,,"Via Antonio Mearelli, Zona Artigianale Cinquemiglia",Citta di Castello,Perugia,Italy,https://www.pauselligroup.com,,,"{Mounting/Tracker,Italy,""Solar PV""}",google,,{},Manufactures pile driver machines used to install solar panel mounting posts.,,,f,
1e1155e2-3b38-41be-9940-23f97f178f19,,FIER Unico,matteo.cattaneo@fiergroup.com,+39306480034,,,,2026-07-08 13:56:07.314075+00,2026-07-08 15:37:37.303214+00,FIER S.p.A a Socio Unico,,,"Via Cremona, 123",Manerbio,Brescia,Italy,https://WWW.TORRISOLARE.IT,,,"{""Module Mfr"",Italy,""Solar PV""}",google,,{},"Manufactures photovoltaic solar panels made in Italy, plus inverters and storage.",,,f,
1e1d1aac-e686-4a75-9511-999e66088df1,,Matari GmbH,hinz@matari-solar.de,+491717457675,,,,2026-07-08 13:56:37.95462+00,2026-07-08 15:37:37.303214+00,Matari GmbH,,,Carl-Backhaus-Str. 5,Ahrensburg,Schleswig-Holstein,Germany,https://www.matari.de,,,"{EPC/Installer,Germany,""Solar PV"",Residential}",google,,{},Regional solar PV and heat pump installer serving northern Germany.,,,f,
1e22bbf7-d63c-4fe7-8eee-18bdcf4af1e8,,RENA GmbH,info@rena.com,+49 7723 93130,,,,2026-07-08 13:56:56.344394+00,2026-07-08 15:37:37.303214+00,RENA Technologies GmbH,,,Hoehenweg 1,Guetenbach,,Germany,https://www.rena.com,,,"{Testing/Certification,Germany,""Solar PV""}",google,,{},Makes wet chemical processing equipment for semiconductor and solar cell manufacturing.,,,f,
1e23ffd3-cc99-491e-b82d-73211fc5865d,,AlSWEl Ltd.,,+8651188131666,,,,2026-07-08 13:55:32.83907+00,2026-07-08 15:37:37.303214+00,"AlSWEl New Energy Technology (Yangzhong) Co.,Ltd.",,,"No. 18, Alley 600, Nanchezhan Road, Huangpu District",Shanghai,,China,https://www.solplanet.net,,,"{""Inverter Mfr"",China,""Solar PV"",Storage}",google,,{},"Smart energy solutions provider making solar inverters, hybrid storage and EV chargers under Solplanet brand.",,,f,
1e86039f-a820-428a-839f-1ee36424c9e0,,Gentner Photovoltaik,service@gentner.de,+49 711 636720,,,,2026-07-08 13:56:11.14276+00,2026-07-08 15:37:37.303214+00,"Photovoltaik, Gentner Energy Media GmbH",,,,,,Germany,https://www.photovoltaik.eu,,,"{Association,Germany,""Solar PV""}",google,,{},"German trade publisher covering the photovoltaic industry (site unreachable, classified from domain).",,,f,
1e86581f-6b30-4f68-a02e-95ba608a40b0,,AG LTD,,+86-0514-89388918,,,,2026-07-08 13:55:31.379083+00,2026-07-08 15:37:37.303214+00,"AG ELECTRICAL TECHNOLOGY CO., LTD",,,"KeyanErlu, Yizheng",Yangzhou,Jiangsu,China,https://www.ag-elec.com,,,"{Cable/BOS,China,""EV Charging""}",google,,{},"Manufactures EV charging cables, sockets, portable chargers and adapters.",,,f,
1e9ff4c8-4109-4502-9f82-65032be3dfd3,,Guangdong Ltd.,sales@evaisun.com,86-769-8281-6073,,,,2026-07-08 13:56:13.875711+00,2026-07-08 15:37:37.303214+00,"Guangdong AiPower New Energy Technology  Co.,Ltd.",,,,,Guangdong,China,https://www.evaisun.com,,,"{Battery/Storage,China,""EV Charging""}",google,,{},"Manufactures EV chargers and lithium batteries for residential, commercial and industrial use.",,,f,
1ebfaecd-a342-4bff-adaa-eea15b5f0b0c,,Dynamic Industry,khs1221@dynamicindustry.kr,+82636364623,,,,2026-07-08 13:55:55.275009+00,2026-07-08 15:37:37.303214+00,Dynamic Industry,,,,,,South Korea,https://dynamicindustry.kr,,,"{Other,""South Korea""}",google,,{},South Korean industrial company (site blocked; classified from domain and name).,,,f,
1ec2b0f5-b9af-4756-8ce1-7f2f6cd0c072,,Hangzhou Ltd,sales@gerchamp.com,+8657187967915,,,,2026-07-08 13:56:16.749864+00,2026-07-08 15:37:37.303214+00,"Hangzhou Huasu Technology Co., Ltd",,,,,,China,https://www.gerchamp.com,,,"{Battery/Storage,China,Storage}",google,,{},"Delivers nickel-zinc battery cabinets and BMS for data centers, telecom and utilities.",,,f,
1ec55b12-50c5-4834-a4dc-103204b54055,,Renewables AG,info@renac.de,+49 30 587087000,,,,2026-07-08 13:56:56.422826+00,2026-07-08 15:37:37.303214+00,Renewables Academy (RENAC) AG,,,Schoenhauser Allee 10-11,Berlin,,Germany,https://www.renac.de,,,"{Research/Academic,Germany,""Solar PV""}",google,,{},"Renewables Academy providing training in renewable energy, energy efficiency and green finance.",,,f,
1ee6cf10-0bd0-4ba1-8e60-51ca8353faf7,,Verosoft,marketing@verosoftdesign.com,+114504195559,,,,2026-07-08 13:57:27.935477+00,2026-07-08 15:37:37.303214+00,Verosoft,,,,,,Canada,https://www.verosoftdesign.com,,,"{Software,Canada}",google,,{},Develops AI-powered enterprise asset management and CMMS software (TAG Mobi EAM).,,,f,
1eeb651e-fc02-42bd-876e-f56a3ade754c,,Shanghai Ltd.,sales@kukacable.com,+86-021-37110083,,,,2026-07-08 13:57:02.534008+00,2026-07-08 15:37:37.303214+00,"Shanghai Kuka Special Cable Co., Ltd.",,,"Building 15, No. 9655, Tingwei Highway, Tinglin Town, Jinshan District",Shanghai,,China,https://www.kukacable.com,,,"{Cable/BOS,China,""Solar PV""}",google,,{},"Manufactures solar cables, PV connectors and industrial cables.",,,f,
1ef8844c-8c7b-43ad-a530-447417fb0845,,Sitemark,,,,,,2026-07-08 13:57:08.793539+00,2026-07-08 15:37:37.303214+00,Sitemark,,,,,,Belgium,https://www.sitemark.com,,,"{Software,Belgium,""Solar PV""}",google,,{},Digital platform for automating inspections and asset management of renewable energy projects.,,,f,
1f243907-5209-4ed8-8359-8d7de08f5d1d,,EAS Energiesystemtechnik,info@eas-schneider.de,,,,,2026-07-08 13:55:55.936153+00,2026-07-08 15:37:37.303214+00,EAS Energiesystemtechnik,,,,Meissen,,Germany,https://www.eas-schneider.de/,,,"{Metering/Monitoring,Germany}",google,,{},"Manufactures switchboards, custom electrical constructions and industrial services.",,,f,
1f4c7680-2449-41da-9c26-3868c729e1bd,,Tata GmbH,scw.sales@tatasteeleurope.com,+496122707090,,,,2026-07-08 13:57:19.876853+00,2026-07-08 15:37:37.303214+00,Tata Steel Hille &amp; Müller GmbH,,,,,,Germany,https://www.tatasteelplating.com,,,"{Cable/BOS,Germany,""Solar PV""}",google,,{},Produces steel plating/coating materials including for solar cell applications.,,,f,
1f5b0ab1-c3db-4c92-8250-9363e2973cb2,,Technagon GmbH,office@technagon.de,+49 8555 5170000,,,,2026-07-08 13:57:20.443426+00,2026-07-08 15:37:37.303214+00,Technagon GmbH,,,Brunnwiesen 38,Grafenau,,Germany,http://www.technagon.de,,,"{Metering/Monitoring,Germany,""EV Charging""}",google,,{},Develops calibration-compliant EV charging stations and wallboxes made in Germany.,,,f,
1f6c8ed6-448b-43cf-b647-bde8b6229463,,Nanjing Ltd,info@elecrest.energy,,,,,2026-07-08 13:56:41.835891+00,2026-07-08 15:37:37.303214+00,"Nanjing Jingyi Power New Energy Co., Ltd",,,De Werf 11,The Hague,,Netherlands,https://elecrest.energy/,,,"{Metering/Monitoring,Netherlands,""EV Charging""}",google,,{},Manufactures DC fast chargers for electric vehicles under the HIMA series.,,,f,
1f73e16c-f023-4be9-8352-b2db9e420204,,Bamboo SL,contact@bambooenergy.tech,+34 661988490,,,,2026-07-08 13:55:38.552833+00,2026-07-08 15:37:37.303214+00,Bamboo Energy Platform SL,,,"Carrer de la Llacuna, 162, P2, Sant Marti",Barcelona,,Spain,https://www.bambooenergy.tech/en,,,"{Software,Spain,Grid}",google,,{},SaaS platform aggregating and managing distributed flexibility resources for utilities and energy communities.,,,f,
1fa241cf-a291-4432-bbfe-81e355a2e989,,Ariadna Grid,info@ariadnagrid.com,+ 34 946 559 270,,,,2026-07-08 13:55:36.060438+00,2026-07-08 15:37:37.303214+00,Ariadna Grid,,,"Parque Empresarial Boroa, 2B-1",Amorebieta-Etxano,Bizkaia,Spain,https://www.ariadnagrid.com,,,"{Software,Spain,Grid}",google,,{},Technology partner providing software and analytics for electricity distribution system operators.,,,f,
24c85182-cd9f-499a-b9b0-b5c6d3b17ef1,,Solar GmbH,info@solarsolutions.ag,,,,,2026-07-08 13:57:10.959583+00,2026-07-08 15:37:37.303214+00,Solar Solutions GmbH,,,,,,Germany,https://www.aeg-solar.com,,,"{Distributor,Germany,""Solar PV""}",google,,{},German solar company distributing AEG-branded PV modules and equipment.,,,f,
2528b1b0-9fda-4469-84f8-78b46db824d2,,SOLAR ENERGIES,megan@mgsolar.cn,+34687528308,,,,2026-07-08 13:57:10.86003+00,2026-07-08 15:37:37.303214+00,MG SOLAR RENEWABLES ENERGIES S.L.,,,,,,Spain,https://www.mgsolarracking.com,,,"{Mounting/Tracker,Spain,""Solar PV""}",google,,{},Spanish company producing solar racking and mounting systems.,,,f,
25543f35-3440-418c-b4c5-c5f8a12bd8f4,,CR-Tools,info@cr-tools.de,+498956824642,,,,2026-07-08 13:55:50.442358+00,2026-07-08 15:37:37.303214+00,CR-Tools,,,,,,Germany,https://www.cr-tools.de,,,"{Testing/Certification,Germany}",google,,{},"German supplier of tools and equipment, likely for PV installation or testing.",,,f,
25544341-bd9e-4bf9-8f4f-81a52c14cbf6,,AUTO INDUSTRIES,vineet@iautovolt.com,+919818360604,,,,2026-07-08 13:55:37.203469+00,2026-07-08 15:37:37.303214+00,AUTO VOLT INDUSTRIES,,,,,,India,,,,"{Other,India}",google,,{},Indian company operating in the electrical/energy equipment sector.,,,f,
25603099-9a6a-4df3-a55e-b60a644bb7ae,,Fronius GmbH,contact@fronius.com,+43 7242 2410,,,,2026-07-08 13:56:09.388014+00,2026-07-08 15:37:37.303214+00,Fronius International GmbH,,,,Pettenbach,Upper Austria,Austria,https://www.fronius.com,,,"{""Inverter Mfr"",Austria,""Solar PV""}",google,,{},Austrian manufacturer of solar inverters and energy storage systems.,,,f,
257710da-e551-4cfa-aefa-3bb87fae2c25,,AIRTEAM GmbH,info@airteam.ai,+49493037580830,,,,2026-07-08 13:55:31.825378+00,2026-07-08 15:37:37.303214+00,AIRTEAM Aerial Intelligence GmbH,,,,,,Germany,https://www.airteam.ai/,,,"{Testing/Certification,Germany,""Solar PV""}",google,,{},German firm providing aerial drone inspection and analytics for solar assets.,,,f,
258e89a3-ca99-4ce6-be20-0de313c8e089,,Shenzhen Ltd.,lei.pi@ptl-global.com,+4917634333168,,,,2026-07-08 13:57:05.909432+00,2026-07-08 15:37:37.303214+00,"Shenzhen Precise Testing Technology Co., Ltd.",,,,Shenzhen,Guangdong,China,https://www.ptl-global.com,,,"{Testing/Certification,China,""Solar PV""}",google,,{},Chinese company providing precision testing technology for PV and electronics.,,,f,
259760aa-84f3-427f-baa1-dcf7a999e989,,Suzhou Ltd,,+86 0512-69387511,,,,2026-07-08 13:57:18.657349+00,2026-07-08 15:37:37.303214+00,"Suzhou Weihua Intelligent Equipment Co., Ltd",,,,Suzhou,Jiangsu,China,,,,"{Other,China}",google,,{},Chinese manufacturer of intelligent industrial equipment based in Suzhou.,,,f,
25c3715c-e330-4e5b-a23c-0a63fe43de7d,,PLANET Technology,mkt@planet.com.tw,+886222199518,,,,2026-07-08 13:56:50.132841+00,2026-07-08 15:37:37.303214+00,PLANET Technology,,,,,,Taiwan,https://www.planet.com.tw/en,,,"{Metering/Monitoring,Taiwan}",google,,{},Taiwanese manufacturer of networking and IoT communication equipment.,,,f,
25ffb7e0-692f-4466-a645-dba3672a2ca1,,Sunpura,sales@novgen-ess.com,0755-27210648,,,,2026-07-08 13:57:17.362435+00,2026-07-08 15:37:37.303214+00,Sunpura,,,,,,China,https://www.sunpuraenergy.com,,,"{Battery/Storage,China,Storage}",google,,{},Chinese company producing energy storage systems under the Sunpura brand.,,,f,
261eddbf-92d8-4bb8-ba5e-64d060431b09,,Start-up Stage,,+49 761 38813700,,,,2026-07-08 13:57:15.341082+00,2026-07-08 15:37:37.303214+00,Start-up Stage,,,,,,Germany,,,,"{Other,""""}",google,,{},Insufficient data to classify; no website or additional company details available.,,,f,
2640e096-c53a-4b34-873f-baa8146a3f5e,,Robotic d.o.o.,robotic.hr@gmail.com,+385953551169,,,,2026-07-08 13:56:57.82041+00,2026-07-08 15:37:37.303214+00,Robotic d.o.o.,,,,,,Croatia,https://www.r-charger.com,,,"{Other,Croatia,""EV Charging""}",google,,{},Croatian company producing EV charging robotics/equipment under R-Charger brand.,,,f,
26465ba1-5ad5-40ba-8496-21db2edd1641,,Hangzhou Ltd.,sales@firstpvm.com,+86 571 63812086,,,,2026-07-08 13:56:16.567222+00,2026-07-08 15:37:37.303214+00,"Hangzhou First Applied Material Co., Ltd.",,,,Hangzhou,Zhejiang,China,https://www.firstpvm.com,,,"{Cable/BOS,China,""Solar PV""}",google,,{},Chinese manufacturer of PV encapsulant films and applied materials.,,,f,
2a581541-c0ab-4a93-a796-3d3216d541a0,,Aevy,hi@aevy.io,+4746532638,,,,2026-07-08 13:55:31.20986+00,2026-07-08 15:37:37.303214+00,Aevy,,,,,,Germany,https://aevy.io,,,"{Software,Germany}",google,,{},Technology startup offering digital/software products.,,,f,
264e8067-9ca7-4751-8bcc-51aa72ec8179,,China Ltd.,zhangyuefeng@cee-group.cn,+862169998292,,,,2026-07-08 13:55:47.460594+00,2026-07-08 15:37:37.303214+00,"China Electrical Equipment Group Co., Ltd.",,,,,,China,https://www.cee-group.cn/,,,"{Other,China,Grid}",google,,{},Chinese electrical equipment group manufacturing power and grid equipment.,,,f,
26594550-6794-44f3-8395-55003f2a3dcb,,Evalan,,,,,,2026-07-08 13:56:05.254213+00,2026-07-08 15:37:37.303214+00,Evalan,,,,,,Netherlands,,,,"{Metering/Monitoring,Netherlands,""Solar PV""}",google,,{},Dutch company providing solar PV monitoring and data logging solutions.,,,f,
2680fbd1-7e37-4665-9359-eb2c85863fa9,,GWSOLAR CORPORATION,zhao_guihua@gwsolar.com,+81 34363 9792,,,,2026-07-08 13:56:15.83934+00,2026-07-08 15:37:37.303214+00,GWSOLAR CORPORATION,,,,,,China,https://www.gwsolar-store.com,,,"{Distributor,China,""Solar PV""}",google,,{},Chinese online store distributing solar panels and equipment.,,,f,
268deaab-0635-4197-b0c2-6a0e2c63e53e,,Schaltbau GmbH,contact@schaltbau.de,+49 89 930050,,,,2026-07-08 13:57:00.586791+00,2026-07-08 15:37:37.303214+00,Schaltbau GmbH,,,,Munich,Bavaria,Germany,https://www.schaltbau.com,,,"{Cable/BOS,Germany}",google,,{},"German manufacturer of electrical switching, connection and safety components.",,,f,
26b0e6f6-aae7-4a4d-93e2-7983d190cdd3,,TAB D.D.,info@tab.si,+38628702300,,,,2026-07-08 13:57:19.198362+00,2026-07-08 15:37:37.303214+00,TAB D.D.,,,,Mezica,,Slovenia,https://www.tab.si,,,"{Battery/Storage,Slovenia}",google,,{},Slovenian manufacturer of lead-acid and industrial batteries.,,,f,
26c3c2e2-3fd5-4560-99b3-11d5b73f7154,,Shenzhen Ltd.,,,,,,2026-07-08 13:57:05.867296+00,2026-07-08 15:37:37.303214+00,"Shenzhen Pecron Technology Co., Ltd.",,,,Shenzhen,Guangdong,China,https://www.pecron.cn,,,"{Battery/Storage,China}",google,,{},Chinese manufacturer of portable power stations and battery products.,,,f,
26d61309-13ac-4797-bb9b-1f6855c304ea,,J&amp;J GmbH,bontschew@gmx.de,+49 172 3622603,,,,2026-07-08 13:56:26.30002+00,2026-07-08 15:37:37.303214+00,J&amp;J Power GmbH,,,,,,Germany,https://www.jj-power.de,,,"{EPC/Installer,Germany,""Solar PV""}",google,,{},German small business providing power/solar installation services.,,,f,
26d7f6d0-6086-4c9d-a5f4-dc14f138310a,,Omza Taahhüt,akif.ozyurt@omza.com.tr,+905335233351,,,,2026-07-08 13:56:46.386533+00,2026-07-08 15:37:37.303214+00,Omza Özer Teknik Taahhüt,,,,,,Turkey,https://www.omzaozer.com,,,"{EPC/Installer,Turkey,""Solar PV""}",google,,{},Turkish contracting firm providing technical installation and engineering services.,,,f,
26e63aab-f4bf-4338-9d7b-8ad7262c32af,,Kastler-Energy FlexCo,service@bleifrei-boost.com,+436644021337,,,,2026-07-08 13:56:31.177147+00,2026-07-08 15:37:37.303214+00,Kastler-Energy FlexCo,,,,,,Austria,https://www.bleifrei-boost.com,,,"{Battery/Storage,Austria}",google,,{},Austrian company producing lead-free battery boosting/charging products.,,,f,
26f43c9f-8134-450a-9cdf-0ea105752014,,LONGi Ltd.,europe@longi.com,029-86686225,,,,2026-07-08 13:56:36.204429+00,2026-07-08 15:37:37.303214+00,"LONGi Solar Technology Co., Ltd.",,,,Xi'an,Shaanxi,China,https://www.longi.com/en/,,,"{""Module Mfr"",China,""Solar PV""}",google,,{},Major Chinese manufacturer of monocrystalline solar modules and cells.,,,f,
2713b6d9-21aa-4bd2-89de-0cbd85cbeeaf,,ZHEJIANG LLC,estellahuang@soutya.com,+86-0577-62053322,,,,2026-07-08 13:57:39.433063+00,2026-07-08 15:37:37.303214+00,ZHEJIANG SOUTYA NEW ENERGY LLC,,,,,Zhejiang,China,https://www.soutya.com,,,"{Battery/Storage,China,""Solar PV""}",google,,{},Chinese new energy company producing solar and storage related products.,,,f,
2952c0da-e82e-4f15-9d01-b6920d9729df,,Tinkerforge GmbH,sales@tinkerforge.com,+4952078973000,,,,2026-07-08 13:57:22.533084+00,2026-07-08 15:37:37.303214+00,Tinkerforge GmbH,,,,Muggensturm,,Germany,https://www.tinkerforge.com,,,"{Metering/Monitoring,Germany,Grid}",google,,{},Makes modular electronic building blocks and IoT/sensor systems.,,,f,
295311c9-ec2f-4a03-9890-bbcf04ebb2a1,,JIANGSU LTD.,marketing@solargiga.com,+86-515-86565777,,,,2026-07-08 13:56:28.339714+00,2026-07-08 15:37:37.303214+00,"JIANGSU YUEYANG PHOTOVOLTAIC TECHNOLOGY CO., LTD.",,,,,,China,https://en.solargiga.com,,,"{""Cell/Wafer Mfr"",China,""Solar PV""}",google,,{},Manufactures monocrystalline silicon wafers and photovoltaic modules.,,,f,
29975525-f9cd-4c9b-863e-6d5409ef1ef8,,Hefei LTD,overseas@huaz-tec.com,+864001108685,,,,2026-07-08 13:56:17.910396+00,2026-07-08 15:37:37.303214+00,"Hefei Huazhi Energy Technology Co., LTD",,,,Hefei,,China,https://www.hzess.com/,,,"{Battery/Storage,China,""Solar PV""}",google,,{},Develops energy storage systems and battery products.,,,f,
29989d22-80b9-42fd-af13-525880fcc905,,SMA GmbH,altenso@sma.de,+4956195220,,,,2026-07-08 13:57:09.219468+00,2026-07-08 15:37:37.303214+00,SMA Altenso GmbH,,,,Kassel,Hesse,Germany,https://www.sma-altenso.com/,,,"{""Inverter Mfr"",Germany,Grid}",google,,{},SMA subsidiary providing medium-voltage power stations and grid connection equipment.,,,f,
29af361b-8f01-46f6-aeff-213360fc6395,,Shenzhen Ltd.,vate@vilva-test.com,+8675529768581 +8675527927879,,,,2026-07-08 13:57:06.986834+00,2026-07-08 15:37:37.303214+00,"Shenzhen VILVA Electronic Co., Ltd.",,,,Shenzhen,,China,https://www.loadbanks-sz.com/www.vilva-test.com,,,"{Testing/Certification,China}",google,,{},Manufactures load banks and electronic testing equipment.,,,f,
29bc08b8-e6e0-42ec-aced-ae39791e8132,,Delixi Ltd.,info@dxtlexp.com,+86-571-88031782,,,,2026-07-08 13:55:52.392958+00,2026-07-08 15:37:37.303214+00,"Delixi New Energy Technology (HANGZHOU) Co., Ltd.",,,,Hangzhou,,China,https://www.dxtlexp.com/,,,"{Distributor,China,""Solar PV""}",google,,{},Supplies electrical and new energy equipment including PV related products.,,,f,
29c97029-94a6-4df2-a7b3-a1d263cf5728,,ARGOS GmbH,,+491714147793,,,,2026-07-08 13:55:36.011606+00,2026-07-08 15:37:37.303214+00,ARGOS Renewable Intelligence GmbH,,,,,,Germany,https://www.argos-ri.com,,,"{Software,Germany,Grid}",google,,{},Provides renewable energy data intelligence and analytics software.,,,f,
29d7cd47-dda6-4af2-9f5a-cfec7cf1ebe6,,Waaree Ltd.,,+91 22 66444444,,,,2026-07-08 13:57:30.275521+00,2026-07-08 15:37:37.303214+00,Waaree Energies Ltd.,,,,Mumbai,,India,https://www.waaree.com,,,"{""Module Mfr"",India,""Solar PV""}",google,,{},Manufactures solar photovoltaic modules and cells.,,,f,
2a0cf464-7991-43a5-8a7b-e104d5b53c4c,,Kang Sheng,jingxin@jing-xin.com.tw,+88663566355,,,,2026-07-08 13:56:26.215603+00,2026-07-08 15:37:37.303214+00,Kang Sheng,,,,,,Taiwan,https://j-xin-solar.com/,,,"{""Module Mfr"",Taiwan,""Solar PV""}",google,,{},Manufactures solar photovoltaic modules.,,,f,
2a21533b-ca89-4142-b5c2-9bae299ca701,,WT GmbH,vertrieb@wt-energiespeicher.de,,,,,2026-07-08 13:57:33.534647+00,2026-07-08 15:37:37.303214+00,WT Energiespeicher GmbH,,,,,,Germany,https://www.wt-energiespeicher.de,,,"{Battery/Storage,Germany,Residential}",google,,{},Sells and distributes home battery energy storage systems.,,,f,
2a40edaa-6ec5-4929-8e2a-ce09eb0ac8e1,,M10 GmbH,info@m10solar.com,+49 761 7675400,,,,2026-07-08 13:56:37.007705+00,2026-07-08 15:37:37.303214+00,M10 Solar Equipment GmbH,,,,,,Germany,https://www.m10solar.com,,,"{Other,Germany,""Solar PV""}",google,,{},Manufactures solar module production equipment such as stringers.,,,f,
2a425f6f-9afc-438d-b982-a191365a7fe5,,Jiangsu Ltd,alex@yuanlvpv.com,+86-510-81691666,,,,2026-07-08 13:56:26.806907+00,2026-07-08 15:37:37.303214+00,"Jiangsu Alliance Solar Co.,Ltd",,,,,,China,https://www.cn-alliancesolar.com,,,"{""Module Mfr"",China,""Solar PV""}",google,,{},Manufactures solar photovoltaic modules.,,,f,
2a46d457-aac1-4d89-b70e-c676ef255b65,,BYD Storage,essmarketing@fdbatt.com,+86-755-89888888,,,,2026-07-08 13:55:44.182409+00,2026-07-08 15:37:37.303214+00,BYD Energy Storage,,,,Shenzhen,,China,https://www.bydenergy.com,,,"{Battery/Storage,China,Utility-scale}",google,,{},BYD division producing lithium battery energy storage systems.,,,f,
2a4c7012-c6e9-4c34-b691-c13db02159e8,,ENGIE GmbH,erneuerbare@engie.com,+49 30 9158100,,,,2026-07-08 13:56:02.185062+00,2026-07-08 15:37:37.303214+00,ENGIE Deutschland Erneuerbare GmbH,,,,,,Germany,https://www.engie-deutschland.de,,,"{Developer/IPP,Germany,""Solar PV""}",google,,{},ENGIE subsidiary developing renewable energy projects in Germany.,,,f,
2a868652-61c9-468a-abaf-6240aaa9f2e0,,Jusung Ltd,eddie.cho@jusung.com,+82 3 17607053,,,,2026-07-08 13:56:30.50247+00,2026-07-08 15:37:37.303214+00,"Jusung Engineering Co.,Ltd",,,,,,South Korea,https://www.jusung.com,,,"{Other,""South Korea"",""Solar PV""}",google,,{},Manufactures semiconductor and solar cell production equipment.,,,f,
2acdd08b-314c-4039-8838-6d28b8ac1f72,,coneva GmbH,info@coneva.com,+49 89 210 195 70,,,,2026-07-08 13:55:49.816534+00,2026-07-08 15:37:37.303214+00,coneva GmbH,,,,,,Germany,https://www.coneva.com,,,"{Software,Germany,Grid}",google,,{},Provides energy management and optimization software.,,,f,
2ad92201-5c2b-4616-bb46-5cc45f420e9c,,ElaadNL,,,,,,2026-07-08 13:55:57.89188+00,2026-07-08 15:37:37.303214+00,ElaadNL,,,,,,Netherlands,,,,"{Research/Academic,Netherlands,""EV Charging""}",google,,{},Dutch knowledge and innovation center for electric vehicle charging infrastructure.,,,f,
2ae78138-8afb-4e8d-b58f-5ddaa99250f1,,Sempergreen,info@sempergreen.com,+31 343 539 699,,,,2026-07-08 13:57:01.370099+00,2026-07-08 15:37:37.303214+00,Sempergreen,,,,,,Netherlands,https://www.sempergreen.com,,,"{Other,Netherlands}",google,,{},"Supplies green roof and vegetation systems, including for solar installations.",,,f,
2af79b05-1bde-4f1e-87e3-59240e58cd12,,SKYRAY,contact@skyrayengineering.com,+33977719009,,,,2026-07-08 13:57:09.028063+00,2026-07-08 15:37:37.303214+00,SKYRAY,,,,,,China,https://www.skyrayengineering.com,,,"{EPC/Installer,China,""Solar PV""}",google,,{},Provides solar EPC engineering and construction services.,,,f,
2b14fa92-e90c-417f-b359-a58d8e4afc99,,LAIDU TERMINALS,,+86 020-31136727,,,,2026-07-08 13:56:33.921888+00,2026-07-08 15:37:37.303214+00,LAIDU TERMINALS,,,,,,China,,,,"{Cable/BOS,China}",google,,{},Supplies electrical terminal and connector products.,,,f,
2b17427e-1823-4aba-b490-a9cdb29e84c4,,Otter GmbH,hello@otter-energy-trading.de,+4989200052450,,,,2026-07-08 13:56:47.522532+00,2026-07-08 15:37:37.303214+00,Otter Energy Trading GmbH,,,,,,Germany,https://otter-energy-trading.com/,,,"{Other,Germany,Grid}",google,,{},Energy trading company operating in German power markets.,,,f,
2b3bcbfd-9aaa-4be5-9f2f-0609dc52f322,,Nexxtlab,sales@nexxtlab.com,+352 671 014 008,,,,2026-07-08 13:56:43.100734+00,2026-07-08 15:37:37.303214+00,Nexxtlab,,,,,,South Korea,https://www.nexxtlab.com,,,"{Battery/Storage,""South Korea""}",google,,{},Develops battery and energy storage related technology.,,,f,
2b5b5847-2280-4210-9c31-ac8293aa2ec6,,PROFI GmbH,office@profigroup.at,+43 5522 84110,,,,2026-07-08 13:56:51.982428+00,2026-07-08 15:37:37.303214+00,PROFI Group Holding GmbH,,,,,,Austria,https://www.profigroup.at,,,"{Other,Austria}",google,,{},Holding group operating in construction and technical services.,,,f,
2b69f4a7-af00-4911-b43e-54e596c61b2b,,XIAMEN LTD,solar@emperysolar.com,+865925903050,,,,2026-07-08 13:57:34.922466+00,2026-07-08 15:37:37.303214+00,"XIAMEN EMPERY SOLAR TECHNOLOGY CO., LTD",,,,Xiamen,,China,https://www.emperysolar.com/,,,"{""Module Mfr"",China,""Solar PV""}",google,,{},Manufactures solar photovoltaic modules.,,,f,
2724d7ce-203c-42d7-bb97-bbda161b2b89,,Xiamen Ltd,zhuang777@rinengsolar.com,+86-592-5597729,,,,2026-07-08 13:57:35.731394+00,2026-07-08 15:37:37.303214+00,"Xiamen Rineng Solar Energy Technology Co.,Ltd",,,,Xiamen,Fujian,China,https://www.rinengsolar.com,,,"{""Module Mfr"",China,""Solar PV""}",google,,{},Chinese manufacturer of solar photovoltaic modules and related equipment.,,,f,
272525bb-43e5-49bc-8559-57286abe8776,,GS GmbH,info@gs-yuasa.de,+49 2151 8209500,,,,2026-07-08 13:56:13.675508+00,2026-07-08 15:37:37.303214+00,GS Yuasa Battery Germany GmbH,,,,,,Germany,https://www.yuasa.de,,,"{Battery/Storage,Germany,Storage}",google,,{},German subsidiary of GS Yuasa supplying industrial and standby batteries.,,,f,
273461c2-527f-420f-92b0-a5a3fd6112a9,,Shenzhen Ltd.,,,,,,2026-07-08 13:57:06.321133+00,2026-07-08 15:37:37.303214+00,"Shenzhen Sinvo Automation Co., Ltd.",,,"No. 32 Shagang East Road, Harbor Town",Zhongshan,Guangdong,China,https://en.sinvo.cn,,,"{Testing/Certification,China,Storage}",google,,{},Manufactures automated assembly equipment for EV and ESS battery production lines.,,,f,
274864be-63f4-4714-8cb0-c3420c1db7aa,,GoodWe GmbH,sales.emea@goodwe.com,+4989780728941,,,,2026-07-08 13:56:12.302534+00,2026-07-08 15:37:37.303214+00,GoodWe Europe GmbH,,,,:::,,Germany,https://emea.goodwe.com/,,,"{""Inverter Mfr"",Germany,""Solar PV""}",google,,{},"European sales arm of GoodWe, manufacturer of solar string and hybrid inverters.",,,f,
275dc70b-b26f-4e73-97de-430b00829105,,Kare Profil,adnan@kareprofil.com.tr,+905303821322,,,,2026-07-08 13:56:31.045907+00,2026-07-08 15:37:37.303214+00,Kare Solar Profil A.S.,,,,,,Turkey,https://www.kareprofil.com.tr,,,"{Mounting/Tracker,Turkey,""Solar PV""}",google,,{},Turkish manufacturer of aluminum profiles and mounting systems for solar installations.,,,f,
278b262c-5313-48e5-9813-a6a35d3f817b,,Wirtschaftsförderung GmbH,laura.fricke@wfbb.de,+49 331 73061316,,,,2026-07-08 13:57:32.796706+00,2026-07-08 15:37:37.303214+00,Wirtschaftsförderung Land Brandenburg GmbH (WFBB),,,,,Brandenburg,Germany,https://www.wfbb.de,,,"{Association,Germany}",google,,{},Economic development agency for the German state of Brandenburg.,,,f,
278d69bb-4db5-47bd-a081-89086cc3d2fd,,Osmose Europe,uk_sales@osmose.com,+4401484 860575,,,,2026-07-08 13:56:47.301805+00,2026-07-08 15:37:37.303214+00,Osmose Europe,,,,,,France,https://www.osmose.com/europe,,,"{Other,France,Grid}",google,,{},Provides infrastructure maintenance products including wood pole restoration for utilities.,,,f,
27949333-f65a-4367-b6b7-8b95ac960f3d,,Shenzhen Ltd.,,0755-23405402,,,,2026-07-08 13:57:06.914742+00,2026-07-08 15:37:37.303214+00,"Shenzhen UUGreenPower Co., Ltd.",,,,Shenzhen,Guangdong,China,https://www.uugreenpower.com,,,"{""EV Charging"",China}",google,,{},Chinese manufacturer of EV charging modules including DC fast charging and V2G systems.,,,f,
27ddac3d-3cc7-489b-bd69-8870b8c12f85,,AVS KG,info@avs-roemer.de,+4985524076300,,,,2026-07-08 13:55:37.647081+00,2026-07-08 15:37:37.303214+00,AVS Römer GmbH &amp; Co. KG,,,Reismühle 3,Grafenau,Bavaria,Germany,https://www.avs-roemer.de/de/,,,"{Cable/BOS,Germany}",google,,{},"Manufactures custom valves, fittings and sensors for fluid technology applications.",,,f,
27eda5ee-ea1e-4bd3-84d6-e1beb3d7216f,,SEG GmbH,info@segelectronics.de,+4921521450,,,,2026-07-08 13:57:01.233033+00,2026-07-08 15:37:37.303214+00,SEG Electronics GmbH,,,,,,Germany,https://www.segelectronics.de/,,,"{Metering/Monitoring,Germany,Grid}",google,,{},Manufactures protection relays and control systems for power generation and distribution.,,,f,
27ee354c-e445-431a-b803-810064777fed,,Zhejiang Ltd,jmthy@nbjiaming.com,,,,,2026-07-08 13:57:38.966215+00,2026-07-08 15:37:37.303214+00,"Zhejiang Jiaming Tianheyuan Photovoltaic Technology Co., Ltd (JMTHY)",,,,Ningbo,Zhejiang,China,https://www.nbjiaming.com,,,"{""Module Mfr"",China,""Solar PV""}",google,,{},Chinese manufacturer of photovoltaic modules and related solar technology.,,,f,
27fb17d1-3533-4631-ad77-5853f0809460,,Energy3000 GmbH,office@energy3000.com,+43720993000196,,,,2026-07-08 13:56:01.325787+00,2026-07-08 15:37:37.303214+00,Energy3000 solar GmbH,,,,,,Austria,https://www.energy3000.com,,,"{Distributor,Austria,""Solar PV""}",google,,{},"Austrian distributor of solar PV modules, inverters and storage components.",,,f,
282414af-fb88-415e-80c4-f115a89b3eb9,,Laborelec,research.laborelec@engie.com,+3223820211,,,,2026-07-08 13:56:33.695237+00,2026-07-08 15:37:37.303214+00,Laborelec,,,,,,Belgium,https://www.laborelec.com,,,"{Research/Academic,Belgium,Grid}",google,,{},Research laboratory of Engie focused on electrical and energy technologies.,,,f,
284aa78c-e5ee-45d9-a9d9-83521b8ef599,,Intec Sirketi,info@in-tecenergy.com,+903122855786,,,,2026-07-08 13:56:24.553532+00,2026-07-08 15:37:37.303214+00,Intec Enerji Cözümleri Insaat Ticaret Anonim Sirketi,,,,,,Turkey,https://www.in-tecenergy.com,,,"{EPC/Installer,Turkey,""Solar PV""}",google,,{},Turkish energy solutions and engineering company for renewable energy projects.,,,f,
284c092f-addc-4070-ab07-631a185061bd,,Jiangyin Ltd,info@sunslew.com,86-0510-86608662,,,,2026-07-08 13:56:29.090541+00,2026-07-08 15:37:37.303214+00,"Jiangyin Sunslew Machinery Equipment Co.,Ltd",,,,Jiangyin,Jiangsu,China,https://www.sunslew.com,,,"{Mounting/Tracker,China,""Solar PV""}",google,,{},Chinese manufacturer of machinery equipment used in solar mounting and tracker production.,,,f,
28823b0f-4586-4f1a-b18e-e79b0223eb59,,Shenzhen Ltd.,mengyaozou@yunt-power.com,+86 0755-23592426,,,,2026-07-08 13:57:07.385269+00,2026-07-08 15:37:37.303214+00,"Shenzhen Yunt Digital Power Co., Ltd.",,,,Shenzhen,Guangdong,China,https://www.yuntpower.com,,,"{""Inverter Mfr"",China,Storage}",google,,{},Chinese manufacturer of digital power and energy storage inverter equipment.,,,f,
288c78f7-0bcf-4c0b-ac08-9116082d01f6,,DILO GmbH,info@dilo.eu,+4983333020,,,,2026-07-08 13:55:53.455387+00,2026-07-08 15:37:37.303214+00,DILO Armaturen und Anlagen GmbH,,,Frundsbergstrasse 36,Babenhausen,Bavaria,Germany,https://dilo.eu/de,,,"{Other,Germany,Grid}",google,,{},Manufactures equipment for emission-free handling of industrial gases including SF6 alternatives.,,,f,
288cafa4-1e41-45e4-b85d-198cd2fde47e,,Jetion Ltd.,marketing@jetion.com.cn,+8651086687300,,,,2026-07-08 13:56:26.720468+00,2026-07-08 15:37:37.303214+00,"Jetion Solar (China) Co., Ltd.",,,,,,China,https://www.jetionsolar.com,,,"{""Module Mfr"",China,""Solar PV""}",google,,{},Chinese manufacturer of solar photovoltaic modules.,,,f,
28cffde8-b526-42a9-9e73-408996c6f0f0,,TMC Transformers,t.inzaghi@tmctransformers.com,+39 03311262011,,,,2026-07-08 13:57:22.58271+00,2026-07-08 15:37:37.303214+00,TMC Transformers S.p.A.,,,Viale dell'Industria 65,Busto Arsizio,,Italy,https://www.tmctransformers.com,,,"{Other,Italy,Grid}",google,,{},Manufactures medium and low voltage dry-type transformers and reactors.,,,f,
28dee894-aead-4719-b14d-3aae11820a94,,ELMI GmbH,info@elmipower.de,+49 6034 4026 085,,,,2026-07-08 13:55:58.7179+00,2026-07-08 15:37:37.303214+00,ELMI Power GmbH,,,Marie-Curie-Straße 2,Niddatal,Hesse,Germany,https://www.elmipower.de,,,"{""EV Charging"",Germany}",google,,{},Manufactures battery-supported fast-charging hubs for EVs with minimal grid connection needs.,,,f,
2904b119-5f53-45d2-a37d-a1c51025caae,,SHENZHEN LTD.,sales@megarevo.com.cn,+86-0755-21380136,,,,2026-07-08 13:57:05.638218+00,2026-07-08 15:37:37.303214+00,"SHENZHEN MEGAREVO TECHNOLOGY CO., LTD.",,,,Shenzhen,Guangdong,China,https://www.megarevo.com,,,"{""Inverter Mfr"",China,Storage}",google,,{},Chinese manufacturer of energy storage inverters and power conversion systems.,,,f,
29173364-f74b-4068-8d1e-baac4bfc2c88,,Naturel Tic.,mahmut.kara@naturelenerji.com.tr,+905324199006,,,,2026-07-08 13:56:42.103924+00,2026-07-08 15:37:37.303214+00,Naturel Yenilenebilir Enerji Tic. A.S.,,,,,,Turkey,https://www.naturelenerji.com.tr,,,"{EPC/Installer,Turkey,""Solar PV""}",google,,{},Turkish renewable energy company developing and installing solar projects.,,,f,
292cdc23-398c-422c-a7c2-5edd6453f288,,WSTECH GmbH,m.musial@wstech.com,+494614301220,,,,2026-07-08 13:57:33.48465+00,2026-07-08 15:37:37.303214+00,WSTECH GmbH,,,,Flensburg,,Germany,https://www.wstech.com/,,,"{""Inverter Mfr"",Germany,""Solar PV""}",google,,{},Manufactures MW-range central inverters and medium voltage power electronics for renewables.,,,f,
292e666e-320c-4ea5-acaa-59b603759822,,Bundesministerium Entwicklung,poststelle@bmz.bund.de,+49 30 185350,,,,2026-07-08 13:55:43.998098+00,2026-07-08 15:37:37.303214+00,Bundesministerium für wirtschaftliche Zusammenarbeit und Entwicklung (BMZ),,,,,,Germany,https://www.bmz.de,,,"{Association,Germany}",google,,{},German federal ministry for economic cooperation and development.,,,f,
293ff69a-ef9b-4a5a-a097-31c9aa08412d,,Quantified Labs,yongsheng.khoo@qe-labs.com,+6584480096,,,,2026-07-08 13:56:54.327935+00,2026-07-08 15:37:37.303214+00,Quantified Energy Labs,,,,,,Singapore,https://quantified-energy.com,,,"{Testing/Certification,Singapore,""Solar PV""}",google,,{},Provides drone-based electroluminescence mapping and AI analytics for solar plant inspection.,,,f,
2b840d54-4377-4906-aa54-d3cbf3977264,,Dongguan Ltd,sales13@genixgreen.com,+86 0769 85544410,,,,2026-07-08 13:55:54.375885+00,2026-07-08 15:37:37.303214+00,"Dongguan ZWAYN New Energy Co., Ltd",,,,Dongguan,Guangdong,China,https://www.genixgreen.com,,,"{""Module Mfr"",China,""Solar PV""}",google,,{},Chinese manufacturer of solar PV modules trading as Genix Green.,,,f,
2b98253a-842e-4cb6-8299-06b69fb22327,,Milk GmbH,richard.wolny@milkthesun.com,+4991147768935,,,,2026-07-08 13:56:39.521436+00,2026-07-08 15:37:37.303214+00,Milk the Sun GmbH,,,,Berlin,,Germany,https://milkthesun.com,,,"{Software,Germany,""Solar PV""}",google,,{},Operates an online trading platform/marketplace for solar assets and PV plants.,,,f,
2bb3c425-eb9d-4a95-8fcc-d823662220b1,,WISKA GmbH,contact@wiska.de,+49 419 15080,,,,2026-07-08 13:57:32.945321+00,2026-07-08 15:37:37.303214+00,WISKA Hoppmann GmbH,,,,Kaltenkirchen,,Germany,https://www.wiska.com,,,"{Cable/BOS,Germany}",google,,{},Manufactures cable glands and electrical enclosure systems.,,,f,
2bb942ec-b849-4c95-b51a-c794308b74d8,,PVolution GmbH,info@pvolution.de,+49 89 244109560,,,,2026-07-08 13:56:53.189784+00,2026-07-08 15:37:37.303214+00,PVolution GmbH,,,,,,Germany,https://www.pvolution.de,,,"{EPC/Installer,Germany,""Solar PV""}",google,,{},German EPC/installer of solar photovoltaic systems.,,,f,
2c1b6f02-b065-42b0-8352-fd0d2067efba,,Syneco GmbH,info@syneco.net,+49 89 38197 4415,,,,2026-07-08 13:57:18.983905+00,2026-07-08 15:37:37.303214+00,Syneco Trading GmbH,,,,,,Germany,https://www.syneco.net,,,"{Distributor,Germany}",google,,{},Trading company distributing energy and electronics components.,,,f,
2c69e999-004d-481d-abe8-26667622aacf,,EKO Europe,sales-eu@eko-instruments.com,+31 70 3050117,,,,2026-07-08 13:55:57.699611+00,2026-07-08 15:37:37.303214+00,EKO Instruments Europe B.V.,,,,,,Netherlands,https://www.eko-instruments.com/eu,,,"{Metering/Monitoring,Netherlands,""Solar PV""}",google,,{},"European arm of EKO Instruments, maker of pyranometers and solar measurement instruments.",,,f,
2c88c169-e2e8-4bc9-8111-8a08a728745a,,voestalpine nv,sadef.receptie@voestalpine.com,+32 51 261211,,,,2026-07-08 13:57:28.902019+00,2026-07-08 15:37:37.303214+00,voestalpine Sadef nv,,,,Deerlijk,,Belgium,https://www.voestalpine.com/sadef,,,"{Mounting/Tracker,Belgium,""Solar PV""}",google,,{},Steel profile manufacturer (voestalpine Sadef) supplying solar mounting structure components.,,,f,
2ca0b8cd-b96c-4929-83e8-6fccc8ecb5a3,,chargebyte GmbH,info@chargebyte.com,+49 341 21541900,,,,2026-07-08 13:55:46.924946+00,2026-07-08 15:37:37.303214+00,chargebyte GmbH,,,,Ansbach,,Germany,https://www.chargebyte.com,,,"{Other,Germany,""EV Charging""}",google,,{},Manufactures EV charging control electronics and components.,,,f,
2cb61924-eba3-48ea-86f8-0f463872ddc2,,Volex,tom.garcia@volex.com,+44 (0) 1256 442570,,,,2026-07-08 13:57:29.040872+00,2026-07-08 15:37:37.303214+00,Volex,,,,,,United Kingdom,,,,"{Cable/BOS,""United Kingdom""}",google,,{},"Manufactures power cords, cables and connectors including for energy applications.",,,f,
2cd30116-5388-4aeb-89e6-f5ba6bc186c2,,KSI Solar,info@ksi.solar,+39 03211513218,,,,2026-07-08 13:56:33.351336+00,2026-07-08 15:37:37.303214+00,KSI Solar s.r.l,,,,,,Italy,https://www.ksi.solar,,,"{EPC/Installer,Italy,""Solar PV""}",google,,{},Italian company providing solar PV installation and EPC services.,,,f,
2ce79147-d8d9-4d87-bee0-305a0e06beda,,EPC Oy,fi.sales@epcpower.com,+358 50 5490746,,,,2026-07-08 13:56:03.280581+00,2026-07-08 15:37:37.303214+00,EPC Power Oy,,,,,,Finland,https://www.epcpower.com,,,"{EPC/Installer,Finland,""Solar PV""}",google,,{},Finnish EPC company delivering solar power plant projects.,,,f,
2cee16b7-49b4-4ac8-9232-a71b0c373352,,PV AS,,,,,,2026-07-08 13:56:53.054851+00,2026-07-08 15:37:37.303214+00,PV Solar AS,,,,,,Norway,,,,"{EPC/Installer,Norway,""Solar PV""}",google,,{},"Norwegian solar company; classified from name and country suffix only, no site available.",,,f,
2cf66e48-9bdc-4010-9319-e8a2057106ce,,BERG GmbH,info@kabeltragsysteme.de,+49521164610,,,,2026-07-08 13:55:41.395141+00,2026-07-08 15:37:37.303214+00,BERG Kabeltragsysteme GmbH,,,,,,Germany,https://www.kabeltragsysteme.de,,,"{Cable/BOS,Germany}",google,,{},Manufactures cable tray and cable management systems.,,,f,
2d3108d3-4f15-4ece-9330-0b6028f800ed,,Hanersun Ltd,sales@hanersun.com,+86 25 5279 1766,,,,2026-07-08 13:56:16.413385+00,2026-07-08 15:37:37.303214+00,"Hanersun Energy Co., Ltd",,,,,,China,https://www.hanersun.com,,,"{""Module Mfr"",China,""Solar PV""}",google,,{},Chinese manufacturer of solar photovoltaic modules.,,,f,
2d547cfd-9819-4387-9900-fc03209c9f9e,,Yieh Ltd.,c187@yiehphui.com.tw,+88676117181,,,,2026-07-08 13:57:36.58972+00,2026-07-08 15:37:37.303214+00,"Yieh Phui Enterprise Co., Ltd.",,,,,,Taiwan,https://www.yiehphui.com.tw,,,"{Mounting/Tracker,Taiwan}",google,,{},Taiwanese steel/metal sheet manufacturer supplying materials for solar racking.,,,f,
2d54db63-1024-4d68-9fd5-726d7e8b1502,,Soltec,elena.cano@soltec.com,+34 681 137289,,,,2026-07-08 13:57:13.567936+00,2026-07-08 15:37:37.303214+00,Soltec,,,,Murcia,,Spain,https://www.soltec.com,,,"{Mounting/Tracker,Spain,Utility-scale}",google,,{},Spanish manufacturer of single-axis solar trackers for utility-scale PV plants.,,,f,
2d813e3b-567a-4356-9dd9-ddc45f034d27,,Udenco B.V.,nick.kohler@udenco.com,+491799596153,,,,2026-07-08 13:57:25.734927+00,2026-07-08 15:37:37.303214+00,Udenco B.V.,,,,,,Netherlands,https://www.udenco.com,,,"{Mounting/Tracker,Netherlands,""Solar PV""}",google,,{},Dutch supplier of solar mounting and racking systems.,,,f,
2db3fb54-3712-4bc8-97bb-a3c3c5bfda1c,,Stucke stuckeGROUP,mail@stuckegroup.de,+49402274680,,,,2026-07-08 13:57:16.03017+00,2026-07-08 15:37:37.303214+00,Stucke Elektronik GmbH Head Office of stuckeGROUP,,,,,,Germany,https://www.stuckegroup.com,,,"{Metering/Monitoring,Germany}",google,,{},German electronics manufacturer (stuckeGROUP) producing monitoring and control devices.,,,f,
2dbe1aca-e59b-4f74-8847-faecb3d4adf6,,Murge Ltd.,sales@murge-electric.com,+86 577 57577217,,,,2026-07-08 13:56:41.341502+00,2026-07-08 15:37:37.303214+00,"Murge Electric Co., Ltd.",,,,,,China,https://www.murge-electric.com,,,"{Cable/BOS,China}",google,,{},Chinese manufacturer of electrical connectors and cable components.,,,f,
2dcb2f78-d5f5-4db4-abe1-97571a517902,,Shenzhen Ltd.,marketing@lianming-power.com,+86-755-29972791,,,,2026-07-08 13:57:06.817186+00,2026-07-08 15:37:37.303214+00,"Shenzhen Union Power Supply Co., Ltd.",,,,Shenzhen,Guangdong,China,https://en.lianming-power.com/,,,"{""Inverter Mfr"",China}",google,,{},Chinese manufacturer of power supply and inverter products (Lianming Power).,,,f,
2dd3e8a4-dcf7-4cb9-889e-2e9eb2031f7d,,AVERON GmbH,info@averon.de,03752119810,,,,2026-07-08 13:55:37.55064+00,2026-07-08 15:37:37.303214+00,AVERON Technologies GmbH,,,,,,Germany,https://averon.de,,,"{Other,Germany,""EV Charging""}",google,,{},German technology company providing EV charging solutions.,,,f,
2de329b5-4dde-4b4a-9304-2457d2c3c193,,Greenflash GmbH,info@greenflash.de,+492016950680,,,,2026-07-08 13:56:13.010234+00,2026-07-08 15:37:37.303214+00,Greenflash GmbH,,,,,,Germany,https://greenflash.de/,,,"{EPC/Installer,Germany,""Solar PV""}",google,,{},German provider of solar PV installation services.,,,f,
2de37fca-4b32-4cf9-bfab-a35a34354128,,Profloating B.V.,info@profloating.com,+31 174 715 800,,,,2026-07-08 13:56:52.12099+00,2026-07-08 15:37:37.303214+00,Profloating B.V.,,,,,,Netherlands,https://www.profloating.com,,,"{Mounting/Tracker,Netherlands,Utility-scale}",google,,{},Dutch manufacturer of floating solar mounting systems.,,,f,
2dfb8854-f733-45b1-a2a0-efe7ddfa3e46,,Teraloop Oy,info@teraloop.com,+358 50 454 8635,,,,2026-07-08 13:57:21.395863+00,2026-07-08 15:37:37.303214+00,Teraloop Oy,,,,,,Finland,https://www.teraloop.com,,,"{Battery/Storage,Finland}",google,,{},Finnish company developing flywheel-based energy storage technology.,,,f,
2e2ce645-e026-4d23-bc71-f644ccfd7cff,,AXITEC KG,energy@axitecsolar.com,+49703162885188,,,,2026-07-08 13:55:37.83394+00,2026-07-08 15:37:37.303214+00,AXITEC Energy GmbH &amp; Co. KG,,,,Böblingen,,Germany,https://www.axitecsolar.com,,,"{""Module Mfr"",Germany,""Solar PV""}",google,,{},German manufacturer of solar photovoltaic modules under the AXITEC brand.,,,f,
2e2d420d-c734-43af-af50-f00ad3b5cbdb,,terahash. GmbH,office@terahash.space,+4917643341411,,,,2026-07-08 13:57:21.329905+00,2026-07-08 15:37:37.303214+00,terahash.energy GmbH,,,,,,Germany,https://terahash.space,,,"{Other,Germany}",google,,{},Energy-sector company; specific activity unclear from available data.,,,f,
2e3478a8-ee47-4154-a8cd-515e82678634,,PHOENIX KG,info@phoenixcontact.de,+49 5235 312000,,,,2026-07-08 13:56:49.23203+00,2026-07-08 15:37:37.303214+00,PHOENIX CONTACT GmbH &amp; Co. KG,,,,Blomberg,North Rhine-Westphalia,Germany,https://www.phoenixcontact.de,,,"{Cable/BOS,Germany,Grid}",google,,{},"Manufactures industrial connectors, terminal blocks and electronics for automation and energy applications.",,,f,
2e4f1f93-486c-437c-908c-3a0b5f8e0595,,OneTouch Inc.,one-th@daum.net,+82313574366,,,,2026-07-08 13:56:46.527903+00,2026-07-08 15:37:37.303214+00,OneTouch Inc.,,,,,,South Korea,https://www.onetouch.kr,,,"{Other,""South Korea""}",google,,{},South Korean company; specific product line unclear from available data.,,,f,
2e5b220b-4758-4cce-bbb4-ea8f650f9b1b,,Guangdong Ltd,sales01@cenwellpower.com,+867522299951,,,,2026-07-08 13:56:14.053035+00,2026-07-08 15:37:37.303214+00,"Guangdong Cenwell Technology Co., Ltd",,,,,Guangdong,China,https://cenwellpower.com,,,"{""Inverter Mfr"",China,""Solar PV""}",google,,{},Chinese manufacturer of power electronics including solar inverters and related equipment.,,,f,
2e6be7d5-c5a8-4d06-ad48-2397c7fd3f5f,,BaxEnergy Italia,info@baxenergy.com,+342 364 1461,,,,2026-07-08 13:55:39.120511+00,2026-07-08 15:37:37.303214+00,BaxEnergy Italia s.r.l.,,,,,,Italy,https://www.baxenergy.com,,,"{Software,Italy,Grid}",google,,{},Provides software platforms for renewable energy asset management and grid operations.,,,f,
2e764784-fece-4314-9afb-c9bd0f64756a,,q-bility GmbH,info@q-bility.com,,,,,2026-07-08 13:56:53.496425+00,2026-07-08 15:37:37.303214+00,q-bility GmbH,,,,,,Germany,https://q-bility.com,,,"{Consultancy,Germany}",google,,{},German consultancy/services company; specific focus unclear from available data.,,,f,
2edefd3b-19b7-484d-ab01-b6ea58562c38,,Cubenergy GmbH,huangjiewen@cubenergy.com,,,,,2026-07-08 13:55:50.87438+00,2026-07-08 15:37:37.303214+00,Cubenergy GmbH,,,,,,Germany,,,,"{Other,Germany}",google,,{},Energy-sector company registered in Germany; specific activity unclear from available data.,,,f,
2eeeb5df-00d7-47db-b27a-4a5fd7203cd3,,Nefino GmbH,,+4951154688500,,,,2026-07-08 13:56:42.243128+00,2026-07-08 15:37:37.303214+00,Nefino GmbH,,,,,,Germany,https://www.nefino.de/,,,"{Software,Germany,""Solar PV""}",google,,{},Digital platform providing site data and analysis for renewable energy project development.,,,f,
2ef48c4b-6db9-4cd4-bc7a-0f388900443c,,SOLIDA,,,,,,2026-07-08 13:57:12.80838+00,2026-07-08 15:37:37.303214+00,SOLIDA,,,,,,Spain,https://solida.com.es,,,"{EPC/Installer,Spain,""Solar PV""}",google,,{},Spanish company involved in solar PV installation or distribution.,,,f,
2f1c6ddb-acda-443b-b366-89d5aea4b598,,FGH GmbH,info@fgh-ma.de,+49 241 997857250,,,,2026-07-08 13:56:07.095517+00,2026-07-08 15:37:37.303214+00,FGH GmbH,,,,,,Germany,https://www.fgh-ma.de,,,"{Testing/Certification,Germany,Grid}",google,,{},German engineering/testing institute for electrical grid and power equipment.,,,f,
2f47f652-0631-40a0-aaa0-6ae08e15f3e5,,enson z,info@enson.pl,,,,,2026-07-08 13:56:02.636354+00,2026-07-08 15:37:37.303214+00,enson sp. z o.o.,,,,,,Poland,https://www.enson.pl,,,"{EPC/Installer,Poland,""Solar PV""}",google,,{},Polish company operating in the solar installation or energy services sector.,,,f,
2f48c909-b2d1-4940-90aa-141653043053,,Chongwei LTD,info@chongweiglobal.com,+8618500338832,,,,2026-07-08 13:55:47.645528+00,2026-07-08 15:37:37.303214+00,"Chongwei Global(Shanghai) Technology Co., LTD",,,,Shanghai,,China,https://www.chongweiglobal.com,,,"{Distributor,China}",google,,{},Shanghai-based technology trading/distribution company.,,,f,
2f59dcc9-2584-4e6e-b9ca-3feeb57ed6da,,sun. store,marketing@sun.store,+48661976038,,,,2026-07-08 13:57:16.256988+00,2026-07-08 15:37:37.303214+00,sun.store S.A.,,,,,,Poland,https://sun.store,,,"{Distributor,Poland,""Solar PV""}",google,,{},Online marketplace/distributor for solar PV equipment.,,,f,
2f5c5933-98f6-4e1c-b0bc-61ffbfd05b65,,Paralos PC,info@paralosenergy.gr,+302106836100,,,,2026-07-08 13:56:47.929329+00,2026-07-08 15:37:37.303214+00,Paralos Energy PC,,,,,,Greece,https://www.paralosenergy.gr,,,"{EPC/Installer,Greece,""Solar PV""}",google,,{},Greek company providing solar energy installation or engineering services.,,,f,
2f65ae01-797b-4421-8469-417ad43520db,,SOLARWATT GmbH,info@solarwatt.com,+49 351 88950,,,,2026-07-08 13:57:12.244226+00,2026-07-08 15:37:37.303214+00,SOLARWATT GmbH,,,,Dresden,Saxony,Germany,https://www.solarwatt.de,,,"{""Module Mfr"",Germany,Storage}",google,,{},German manufacturer of solar PV modules and home battery storage systems.,,,f,
2f6c9efa-2f50-4b6c-996d-373dadc31e2c,,Weidmüller KG,weidmueller@weidmueller.de,+49523114280,,,,2026-07-08 13:57:31.345453+00,2026-07-08 15:37:37.303214+00,Weidmüller Interface GmbH &amp; Co. KG,,,,Detmold,North Rhine-Westphalia,Germany,https://www.weidmueller.de/de/index.jsp,,,"{Cable/BOS,Germany,Grid}",google,,{},German manufacturer of electrical connection and interface technology for industrial and energy applications.,,,f,
2f7234fb-fbfe-4401-a9e8-11e051df6aa7,,WUXI LTD,wendy@bipv-solutions.com,,,,,2026-07-08 13:57:34.111746+00,2026-07-08 15:37:37.303214+00,"WUXI ZEVO NEW ENERGY TECH CO.,LTD",,,,Wuxi,Jiangsu,China,https://www.zevo-bipv.com,,,"{""Module Mfr"",China,""Solar PV""}",google,,{},Chinese manufacturer of building-integrated photovoltaic (BIPV) modules.,,,f,
2fb4b741-d12f-4c37-a8b9-5d1cd46bd1a8,,Gotion Ltd.,,,,,,2026-07-08 13:56:12.502421+00,2026-07-08 15:37:37.303214+00,"Gotion High-tech Co., Ltd.",,,,,Anhui,China,https://www.gotion.com.cn,,,"{Battery/Storage,China}",google,,{},Chinese manufacturer of lithium batteries for EV and energy storage applications.,,,f,
2fc70eca-81b2-4ce7-bf42-033a582f7702,,Sto KGaA,infoservice@sto.com,+497744571338,,,,2026-07-08 13:57:15.849671+00,2026-07-08 15:37:37.303214+00,Sto SE &amp; Co. KGaA,,,,Stühlingen,Baden-Württemberg,Germany,https://www.sto.de,,,"{Other,Germany}",google,,{},"German building materials manufacturer producing facade, insulation and coating systems.",,,f,
2fd3fe7f-6f0f-46ce-82a5-29cea93bbe47,,Changzhou Ltd,jinfang@shichuang.cc,+8651967181990,,,,2026-07-08 13:55:46.833951+00,2026-07-08 15:37:37.303214+00,Changzhou Shichuang Energy Co.Ltd,,,,Changzhou,Jiangsu,China,https://www.shichuang.cc/,,,"{Other,China}",google,,{},Chinese energy technology company; specific product line unclear from available data.,,,f,
2fd6e168-248f-47a4-91fe-7e68e11bd767,,ÖkoFEN GmbH,electric@oekofen.com,,,,,2026-07-08 13:56:46.15365+00,2026-07-08 15:37:37.303214+00,ÖkoFEN electric GmbH,,,,,,Austria,https://electric.oekofen.com,,,"{Other,Austria}",google,,{},"Austrian company offering electric heating and heat pump solutions, part of ÖkoFEN group.",,,f,
2fd86653-c8a9-480b-b843-2c1ca3c84097,,BayWa GmbH,data.services@baywa-re.com,+49893839320,,,,2026-07-08 13:55:39.952973+00,2026-07-08 15:37:37.303214+00,BayWa r.e. Data Services GmbH,,,,Munich,Bavaria,Germany,https://www.baywa-re.de,,,"{Software,Germany,""Solar PV""}",google,,{},Data services division of BayWa r.e. providing renewable energy asset and monitoring data.,,,f,
2fe330dc-49e6-444d-9804-b7357dd57b9b,,Viridi GmbH,info@viridire.com,+49 7132 369 69600,,,,2026-07-08 13:57:28.636413+00,2026-07-08 15:37:37.303214+00,Viridi RE GmbH,,,,,,Germany,https://viridire.com/de,,,"{Developer/IPP,Germany,""Solar PV""}",google,,{},German renewable energy project developer.,,,f,
2ffd7f20-7fdd-4d2e-a27d-ae74a8e29ae8,,Shenzhen Ltd,sales@desunpv.com,+86 29191169,,,,2026-07-08 13:57:03.886825+00,2026-07-08 15:37:37.303214+00,"Shenzhen Desun Energy Technology Co., Ltd",,,,Shenzhen,Guangdong,China,https://www.desunpv.com,,,"{Cable/BOS,China,""Solar PV""}",google,,{},Chinese manufacturer of solar PV cables and connectors.,,,f,
30397307-a0f7-4195-97a3-c59df2cd0632,,Green Tools,,,,,,2026-07-08 13:56:12.636921+00,2026-07-08 15:37:37.303214+00,Green Energy Tools,,,,,,Germany,https://green-energy-tools.de/,,,"{Other,Germany}",google,,{},German company providing tools or equipment for the green energy sector.,,,f,
303db531-45a4-47b5-ace4-42c47a9464f5,,ZHEJIANG LTD.,sales@ensunchina.com,+86-573-87898856,,,,2026-07-08 13:57:39.016139+00,2026-07-08 15:37:37.303214+00,"ZHEJIANG KESUN NEW ENERGY CO.,LTD.",,,,,,China,https://kesunsolar.com/,,,"{""Module Mfr"",China,""Solar PV""}",google,,{},Chinese manufacturer of solar PV modules.,,,f,
3083e8fb-3a70-428c-a058-51fe47c28b6b,,V-Marc Limited,nilesh.chiplunkar@v-marc.in,+918679001339,,,,2026-07-08 13:57:26.843214+00,2026-07-08 15:37:37.303214+00,V-Marc India Limited,,,,,,India,https://www.v-marc.com,,,"{""Module Mfr"",India,""Solar PV""}",google,,{},Indian manufacturer of solar PV modules.,,,f,
30ad31ab-4d2b-4abc-bafe-8a908e3088bc,,CWF GmbH,info@cwf-gmbh.de,+49 7940 931160,,,,2026-07-08 13:55:51.055315+00,2026-07-08 15:37:37.303214+00,CWF GmbH,,,,,,Germany,https://www.cwf-gmbh.de,,,"{Other,Germany}",google,,{},"German industrial/technical company, sector unclear from domain.",,,f,
30d5e0a9-b8d7-4896-a4fa-29eb6598a99c,,Imefy SL,rchacon@imefy.com,+34610795917,,,,2026-07-08 13:56:23.143406+00,2026-07-08 15:37:37.303214+00,Imefy SL,,,,,,Spain,https://www.imefy.com,,,"{""Inverter Mfr"",Spain,""EV Charging""}",google,,{},Spanish manufacturer of power electronics including EV chargers.,,,f,
30d60045-2ae3-4a3b-8b98-b88f783be599,,Schill KG,info@schill.de,+497115788070,,,,2026-07-08 13:57:00.685051+00,2026-07-08 15:37:37.303214+00,Schill GmbH &amp; Co. KG,,,,,,Germany,https://schill.de,,,"{Other,Germany}",google,,{},"German manufacturing company, sector unclear from domain.",,,f,
30e467fd-9ecd-4c0d-b1fe-a404bc80a5e5,,Zhangjiagang Ltd,international@uchen.com.cn,+86 512 58439269,,,,2026-07-08 13:57:37.802594+00,2026-07-08 15:37:37.303214+00,"Zhangjiagang UCHEN New Energy Technology  Co.,Ltd",,,,Zhangjiagang,,China,https://www.uchen.com.cn,,,"{Cable/BOS,China,""Solar PV""}",google,,{},"Chinese new energy technology company, BOS components.",,,f,
3118878f-2cfc-4396-8e7c-fa5b10d94275,,Y&amp;M Ltd,hunk@ymlogistics.net,021-51098379,,,,2026-07-08 13:57:36.164288+00,2026-07-08 15:37:37.303214+00,"Y&amp;M Logistics Technology Co.,Ltd",,,,,,China,https://www.yundida.com/,,,"{Other,China}",google,,{},Chinese logistics technology company.,,,f,
312168fb-3d6d-45ce-85a6-d05494396b89,,CHIKO SOLAR,chiko@chikolar.com,+86-21-59972267,,,,2026-07-08 13:55:47.376087+00,2026-07-08 15:37:37.303214+00,CHIKO SOLAR,,,,,,Taiwan,https://www.chikolar.com,,,"{""Module Mfr"",Taiwan,""Solar PV""}",google,,{},Taiwanese manufacturer of solar PV modules.,,,f,
312812f0-1d47-45aa-b470-809801c979d1,,EnBW AG,solarenergie@enbw.com,+49 711 289 89990,,,,2026-07-08 13:55:59.595528+00,2026-07-08 15:37:37.303214+00,EnBW Energie Baden-Württemberg AG,,,,Karlsruhe,,Germany,https://enbw.com/solarenergie,,,"{Utility,Germany,""Solar PV""}",google,,{},German regional utility with solar energy business unit.,,,f,
312a4980-0290-41b4-9af4-1da3ac7f97b0,,Mondas GmbH,info@mondas-iot.de,+497612160890,,,,2026-07-08 13:56:40.66096+00,2026-07-08 15:37:37.303214+00,Mondas GmbH,,,,,,Germany,https://www.mondas-iot.de,,,"{Metering/Monitoring,Germany,""Solar PV""}",google,,{},German IoT-based monitoring solutions provider.,,,f,
312b73f6-7e21-42c7-bf71-32a9ec1992b9,,EFEN GmbH,efen@efen.com,+49 6129 460,,,,2026-07-08 13:55:57.37053+00,2026-07-08 15:37:37.303214+00,EFEN GmbH,,,,,,Germany,https://www.efen.com,,,"{Cable/BOS,Germany,""Solar PV""}",google,,{},German manufacturer of fuses and electrical protection components.,,,f,
313c77ca-203f-44cd-aab1-0f11cb1ff81d,,3S AG,info@3s-solar.swiss,+41 33 224 25 00,,,,2026-07-08 13:55:29.341665+00,2026-07-08 15:37:37.303214+00,3S Swiss Solar Solutions AG,,,,,,Switzerland,https://www.3s-solar.swiss/,,,"{""Module Mfr"",Switzerland,""Solar PV""}",google,,{},Swiss manufacturer of building-integrated PV modules.,,,f,
313e12ed-55e0-4a9f-82e9-5cd54b0304e9,,Tokuyama GmbH,tokuyama@tokuyama.de,+4921115879880,,,,2026-07-08 13:57:22.81688+00,2026-07-08 15:37:37.303214+00,Tokuyama Europe GmbH,,,,,,Germany,,,,"{""Cell/Wafer Mfr"",Germany,""Solar PV""}",google,,{},European subsidiary of Japanese polysilicon manufacturer Tokuyama.,,,f,
315325fa-1ced-440c-af1e-08059e4acd62,,P. SERVICE,matteo.innocenti@pmservicesrl.it,+39 055 8323587,,,,2026-07-08 13:56:47.786221+00,2026-07-08 15:37:37.303214+00,P.M. SERVICE s.p.a.,,,,,,Italy,https://www.pmservicesrl.it,,,"{EPC/Installer,Italy}",google,,{},"Italian engineering/service company, sector unclear from domain.",,,f,
315f00c6-b136-4ad5-a461-04d4e0661f5c,,CONTACT ITALIA,a.quattromini@contactitalia.it,+390803141265,,,,2026-07-08 13:55:50.015203+00,2026-07-08 15:37:37.303214+00,CONTACT ITALIA S.p.A.,,,,,,Italy,https://contactitalia.it/,,,"{Cable/BOS,Italy}",google,,{},Italian electrical/cable components company.,,,f,
3169c122-1298-449f-824b-aba273909303,,Elinta UAB,marketing@elintacharge.com,+37062077835,,,,2026-07-08 13:55:58.622658+00,2026-07-08 15:37:37.303214+00,"Elinta Charge, UAB",,,,,,Lithuania,https://www.elintacharge.com,,,"{Other,Lithuania,""EV Charging""}",google,,{},Lithuanian manufacturer of EV charging equipment.,,,f,
31787bb0-ce6c-4ce1-b93a-2540480ab15f,,Goldensolar GmbH,q.wang@janergy.de,+4922249199098,,,,2026-07-08 13:56:12.080863+00,2026-07-08 15:37:37.303214+00,Goldensolar GmbH/ Janergy GmbH,,,,,,Germany,https://www.goldensolar.de,,,"{Distributor,Germany,""Solar PV""}",google,,{},Germany-based distributor/trader of solar PV modules.,,,f,
31a556aa-53d0-4caf-8157-afe6f4e84f66,,Victorian Government,kaushalya.george@global.vic.gov.au,+61437671114,,,,2026-07-08 13:57:28.33619+00,2026-07-08 15:37:37.303214+00,Victorian Government,,,,,Victoria,Australia,https://global.vic.gov.au/,,,"{Other,Australia}",google,,{},Australian state government trade/investment office.,,,f,
31ba2329-2a7c-40d5-b19a-549dbecd5b17,,Gantner GmbH,office@gantner-environment.com,+49 37754 3351-0,,,,2026-07-08 13:56:10.35934+00,2026-07-08 15:37:37.303214+00,Gantner Instruments Environment Solutions GmbH,,,,,,Austria,https://www.gantner-environment.com,,,"{Metering/Monitoring,Austria}",google,,{},Austrian provider of environmental and energy monitoring instruments.,,,f,
31c5cc6a-0874-4147-aff9-9f44ccc5541d,,k3i GmbH,kontakt@k3i-beratung.de,+493042434344,,,,2026-07-08 13:56:30.728685+00,2026-07-08 15:37:37.303214+00,k3i GmbH,,,,,,Germany,https://k3i-beratung.de/,,,"{Consultancy,Germany}",google,,{},German business/technical consultancy.,,,f,
31e249db-e5ed-4b58-9af2-6db5fad57bdc,,Sonnenkraft GmbH,angelika.pirolt@sonnenkraft.com,+43 4212 45010,,,,2026-07-08 13:57:14.127392+00,2026-07-08 15:37:37.303214+00,Sonnenkraft GmbH,,,,,,Austria,https://www.sonnenkraft.com,,,"{Distributor,Austria,""Solar PV""}",google,,{},Austrian company distributing solar thermal and PV systems.,,,f,
3207d029-b49a-4dfd-9574-2fd69a33c8cb,,ostermeier GmbH,info@ohs.energy,+49 8444 92490-0,,,,2026-07-08 13:56:47.396139+00,2026-07-08 15:37:37.303214+00,ostermeier H2ydrogen Solutions GmbH,,,,,,Germany,https://www.ohs.energy,,,"{Other,Germany,Hydrogen}",google,,{},German hydrogen energy solutions provider.,,,f,
32276f41-af7c-4942-a881-985566a5a9d1,,FM GmbH,info@fm-solar.de,+4972608499914,,,,2026-07-08 13:56:08.090368+00,2026-07-08 15:37:37.303214+00,FM Solar GmbH,,,,,,Germany,https://www.fm-solar.de,,,"{EPC/Installer,Germany,""Solar PV""}",google,,{},German solar PV installation company.,,,f,
324ac670-5e0b-4459-9f28-ec20ab1fd829,,FWTM KG,,+49 761 38813700,,,,2026-07-08 13:56:10.06699+00,2026-07-08 15:37:37.303214+00,FWTM Freiburg Wirtschaft Touristik und Messe GmbH &amp; Co. KG,,,,Freiburg,,Germany,,,,"{Association,Germany}",google,,{},"Freiburg regional economic development, tourism and trade fair organization.",,,f,
328321ee-39d7-4600-a06c-5d3160833a5d,,BAS Group,bas@bas.pol.pl,+48523636300,,,,2026-07-08 13:55:38.701661+00,2026-07-08 15:37:37.303214+00,BAS Group,,,,,,Poland,https://www.bas.pol.pl/,,,"{Other,Poland}",google,,{},"Polish industrial group, sector unclear from domain.",,,f,
32b8d117-31b5-4ef0-9dac-7c41b4576ce4,,Novagrid AG,info@novagrid.ch,+41565355346,,,,2026-07-08 13:56:44.511766+00,2026-07-08 15:37:37.303214+00,Novagrid AG,,,,,,Switzerland,https://www.novagrid.ch/,,,"{Software,Switzerland,Grid}",google,,{},Swiss smart-grid/energy software company.,,,f,
32dee473-fc4c-4d2a-acdb-6d4bc7bc094c,,Remor SA,g.bojdys@remor.pl,+48 606 727 037,,,,2026-07-08 13:56:56.297049+00,2026-07-08 15:37:37.303214+00,Remor Solar Polska SA,,,,,,Poland,https://www.remorsolar.com,,,"{""Module Mfr"",Poland,""Solar PV""}",google,,{},Polish solar module manufacturer/distributor.,,,f,
330654d3-c619-42dd-8c37-eb192c28c14e,,RINA,info@rina.org,+391031691,,,,2026-07-08 13:56:57.512786+00,2026-07-08 15:37:37.303214+00,RINA,,,,Genoa,,Italy,https://www.rina.org,,,"{Testing/Certification,Italy}",google,,{},"RINA is an international classification, inspection and certification body.",,,f,
3308dbc5-6c81-4613-ab53-2976a925175d,,CCV Fiserv,marketing.de@ccv.eu,+49 8752 8640,,,,2026-07-08 13:55:45.543364+00,2026-07-08 15:37:37.303214+00,CCV &amp; Telecash from Fiserv,,,,,,Germany,https://www.ccv.eu/en/industries/large-enterprise/ev-charging,,,"{Other,Germany,""EV Charging""}",google,,{},Fiserv/CCV provides payment terminal solutions for EV charging operators.,,,f,
334400ee-6149-41d1-a6f0-7c39ca090a84,,ELECTRA L.L.C.,gent.gashi@electra-ks.com,+36206170322,,,,2026-07-08 13:55:57.989294+00,2026-07-08 15:37:37.303214+00,ELECTRA L.L.C.,,,,,,Kosovo,https://www.electra-ks.com,,,"{EPC/Installer,Kosovo,""Solar PV""}",google,,{},Kosovo-based solar EPC/installation company.,,,f,
33499ffc-2006-4408-913b-17bc18064dee,,Robert GmbH,buerkle@buerkle-gmbh.de,+497441580,,,,2026-07-08 13:56:57.778399+00,2026-07-08 15:37:37.303214+00,Robert BÜRKLE GmbH,,,,Freudenstadt,,Germany,https://www.burkle.tech,,,"{Other,Germany,""Solar PV""}",google,,{},Robert Bürkle GmbH makes laminating presses and equipment for solar module production.,,,f,
334e6171-191c-4094-a602-afb1f7150ed4,,STS Group,office@stsgroup.hu,+36705768036,,,,2026-07-08 13:57:15.978526+00,2026-07-08 15:37:37.303214+00,STS Group,,,,,,Hungary,https://stsgroup.hu,,,"{EPC/Installer,Hungary}",google,,{},Hungarian energy/technical services group.,,,f,
33b2fca6-fbf7-4d39-945d-0cca4fde5d5a,,iNOVAT Solutions,info@inovat.com.tr,+90 (850) 441 14 13,,,,2026-07-08 13:56:24.203314+00,2026-07-08 15:37:37.303214+00,iNOVAT Energy Storage Solutions,,,,,,Turkey,https://www.inovat.com.tr/en/home/,,,"{Battery/Storage,Turkey}",google,,{},Turkish energy storage solutions provider.,,,f,
33b3084b-1e5f-4366-b3a7-a2ebb71c87dc,,Hefei Ltd,lasun64@lasun.cn,+86-551-62573928,,,,2026-07-08 13:56:17.966891+00,2026-07-08 15:37:37.303214+00,"Hefei Lasun Communication Co.,Ltd",,,,Hefei,,China,https://www.lasun.net.cn/,,,"{Metering/Monitoring,China}",google,,{},Chinese manufacturer of communication and monitoring devices for energy systems.,,,f,
33c29825-b364-4281-82d6-bd328b3d7071,,Xiamen Ltd,kiya@egretsolar.com,0592 5677606,,,,2026-07-08 13:57:34.875725+00,2026-07-08 15:37:37.303214+00,"Xiamen Egret Solar New Energy Technology Co., Ltd",,,,Xiamen,,China,https://www.egretsolars.com,,,"{""Module Mfr"",China,""Solar PV""}",google,,{},Chinese solar module manufacturer.,,,f,
33d4b53d-e34c-4706-b82e-11db77d72c0e,,Jiangxi Ltd,james@ruihuaevcharger.com,+86 15875766473,,,,2026-07-08 13:56:28.903623+00,2026-07-08 15:37:37.303214+00,"Jiangxi Ruihua Intelligent Technology Co.,Ltd",,,,,Jiangxi,China,https://www.ruihuaevcharger.com,,,"{Other,China,""EV Charging""}",google,,{},Chinese manufacturer of EV chargers.,,,f,
33d7d396-513a-4883-b75c-94d45da5d1f5,,Fractal EMS,info@fractalems.com,+15123668132,,,,2026-07-08 13:56:08.721135+00,2026-07-08 15:37:37.303214+00,Fractal EMS,,,8656 W Hwy 71 Bldg F Ste 100,Austin,Texas,United States,http://www.fractalems.com,,,"{Software,""United States"",Storage}",google,,{},Provides turnkey energy storage control/management software and hardware for BESS.,,,f,
33eb4df5-e2f2-406d-8395-8e9fd799044c,,Shenzhen Ltd.,,,,,,2026-07-08 13:57:05.595787+00,2026-07-08 15:37:37.303214+00,"Shenzhen Masspoint Energy Technology Co., Ltd.",,,,Shenzhen,,China,https://www.masspointenergy.com/,,,"{Battery/Storage,China}",google,,{},Chinese energy storage/BMS technology company.,,,f,
33ff74ce-57ff-441f-ae29-16d540b5cfca,,Hellonext,info@hellonext.world,+351930571077,,,,2026-07-08 13:56:18.205529+00,2026-07-08 15:37:37.303214+00,Hellonext,,,,Povoa do Lanhoso,,Portugal,https://hellonext.world,,,"{Other,Portugal,""EV Charging""}",google,,{},"Provides EV charging, battery storage and hydrogen mobility infrastructure.",,,f,
34160c02-ef7a-4988-acee-de993fefbe95,,Xi’an Ltd,maxinlu@jd-energy.com.cn,029-84845916,,,,2026-07-08 13:57:34.259466+00,2026-07-08 15:37:37.303214+00,"Xi’an JDEnergy Co., Ltd",,,,Xi'an,,China,https://www.jdenergy.com,,,"{Battery/Storage,China}",google,,{},Chinese energy storage/battery technology company.,,,f,
344619b6-af31-4a76-914e-def6445f17cc,,Hengyang Ltd.,cici@ritarpower.com,+86-755-33981668,,,,2026-07-08 13:56:18.439077+00,2026-07-08 15:37:37.303214+00,"Hengyang Ritar Power Co., Ltd.",,,,Hengyang,,China,https://www.ritarpower.com,,,"{Battery/Storage,China}",google,,{},Chinese manufacturer of lead-acid and lithium batteries for power applications.,,,f,
34934cc1-011e-484f-8347-aeb671383259,,Valmont Solar,stefania.cartechini@valmont.com,+393453601284,,,,2026-07-08 13:57:27.126814+00,2026-07-08 15:37:37.303214+00,Valmont Solar,,,,Omaha,Nebraska,United States,https://www.valmontsolar.com,,,"{Mounting/Tracker,""United States"",Utility-scale}",google,,{},Valmont Solar manufactures solar trackers and mounting structures.,,,f,
349d910b-1243-44ae-bbee-dc375e4196c1,,Jiangxi Ltd.,fcys@fcysly.com,,,,,2026-07-08 13:56:29.041557+00,2026-07-08 15:37:37.303214+00,"Jiangxi Yasen New Material Technology Co., Ltd.",,,,,Jiangxi,China,,,,"{Other,China}",google,,{},Chinese new-material technology manufacturer for energy applications.,,,f,
34cae0d4-27cd-4649-9d93-157aa2120eb6,,WeCo SRL,chiara.vichi@wecobatteries.com,+393271814532,,,,2026-07-08 13:57:31.097018+00,2026-07-08 15:37:37.303214+00,WeCo SRL,,,,,,Italy,https://www.wecobatteries.com,,,"{Battery/Storage,Italy}",google,,{},Italian manufacturer of lithium battery energy storage systems.,,,f,
3511af56-bfa3-4740-ad6a-3c7f6500c3cc,,DISMAPLAST EUROPA,dismaplast.eu@gmail.com,+34600079010,,,,2026-07-08 13:55:53.684941+00,2026-07-08 15:37:37.303214+00,"DISMAPLAST EUROPA, S.L.",,,,,,Spain,,,,"{Cable/BOS,Spain}",google,,{},Spanish supplier of plastic/BOS components.,,,f,
352a1c58-2d64-41af-85f8-b92eab047ccd,,Vrinda Ltd.,sameer.sharma@vnt.in,+918860005917,,,,2026-07-08 13:57:30.128993+00,2026-07-08 15:37:37.303214+00,Vrinda Nanotechnologies Pvt. Ltd.,,,,,,India,https://www.vnt.in,,,"{Other,India}",google,,{},Indian nanotechnology company producing coatings/materials.,,,f,
352e5402-2cf5-4a11-a868-3edd70d0ea57,,Adaptive GmbH,kontakt@adaptive-balancing.de,+49 6157 911 9294,,,,2026-07-08 13:55:30.593032+00,2026-07-08 15:37:37.303214+00,Adaptive Balancing Power GmbH,,,,,,Germany,https://www.adaptive-balancing.de,,,"{Battery/Storage,Germany,Grid}",google,,{},German maker of flywheel-based grid balancing/storage systems.,,,f,
3533497e-6ed5-4aab-9d39-d4c57f02ab72,,SmartFlower GmbH,info.eu@smartflowersolar.com,+1 617 918 7000,,,,2026-07-08 13:57:10.005863+00,2026-07-08 15:37:37.303214+00,SmartFlower Solar GmbH,,,,,,Austria,https://www.smartflower.com,,,"{Mounting/Tracker,Austria,Residential}",google,,{},Austrian maker of the smartflower integrated tracking solar system.,,,f,
354a18ab-f0c0-472e-b4fb-3e1321b72060,,CADE DE INGENIERIA,cade@cadesoluciones.com,+34967190172,,,,2026-07-08 13:55:44.414987+00,2026-07-08 15:37:37.303214+00,"CADE SOLUCIONES DE INGENIERIA, S.L.",,,,,,Spain,https://www.cadeengineering.com,,,"{Consultancy,Spain}",google,,{},Spanish engineering consultancy/EPC firm.,,,f,
354d4338-fc02-41f9-a9a3-b59d67739cf2,,Anhui Ltd.,info@udantech.com,+86 0551-65577522,,,,2026-07-08 13:55:34.504342+00,2026-07-08 15:37:37.303214+00,"Anhui UDAN Technology Co., Ltd.",,,,,Anhui,China,https://www.udantech.com,,,"{Other,China}",google,,{},Chinese technology company producing materials/components for energy sector.,,,f,
35563bde-6f43-41ab-8ad8-da4e30332e2b,,Qujing Ltd.,sales1@jxlongzheng.com,+8618082785229,,,,2026-07-08 13:56:54.46955+00,2026-07-08 15:37:37.303214+00,"Qujing Huanju New Material Technology Co., Ltd.",,,,Qujing,Yunnan,China,https://www.qjhjxcl.com/,,,"{Cable/BOS,China}",google,,{},Manufactures new encapsulant/backsheet materials for solar module production.,,,f,
35aef883-69a4-4328-980e-d41a51a8f225,,Bayern GmbH,info@bayern-international.de,+49 89 6605660,,,,2026-07-08 13:55:39.357116+00,2026-07-08 15:37:37.303214+00,Bayern International GmbH,,,,Munich,Bavaria,Germany,https://www.bayern-international.de,,,"{Consultancy,Germany}",google,,{},Bavarian trade promotion agency supporting international business and investment.,,,f,
35b5f180-d2a8-4e52-9510-0e02a97e02f2,,RSBP o.,rsbp@rsbp.cz,+420 596 252 193,,,,2026-07-08 13:56:58.59422+00,2026-07-08 15:37:37.303214+00,RSBP spol. s r. o.,,,,,,Czech Republic,https://www.rsbp.cz,,,"{Consultancy,""Czech Republic""}",google,,{},Czech engineering and consulting firm active in energy sector projects.,,,f,
35b915d0-b70f-4dc4-9a93-88fe0788eefb,,STIF  - VIGILEX ENERGY,sales@vigilexenergy.com,+33241721680,,,,2026-07-08 13:57:15.797645+00,2026-07-08 15:37:37.303214+00,STIF  - VIGILEX ENERGY,,,,,,France,https://www.vigilexenergy.com,,,"{Metering/Monitoring,France,""Solar PV""}",google,,{},Provides remote surveillance and monitoring systems for solar plants.,,,f,
35c7cd31-638f-4a32-a7ba-7d636a32ae66,,Ammonit GmbH,info@ammonit.com,+49 30 60031880,,,,2026-07-08 13:55:33.283127+00,2026-07-08 15:37:37.303214+00,Ammonit Measurement GmbH,,,,Berlin,,Germany,https://www.ammonit.com,,,"{Metering/Monitoring,Germany,Wind}",google,,{},Manufactures measurement instruments for wind and solar resource assessment.,,,f,
35ca34de-d987-42b9-8666-108dab4f2319,,SUZHOU LTD,info@niuera.cn,+86 0512-68303879,,,,2026-07-08 13:57:18.496429+00,2026-07-08 15:37:37.303214+00,"SUZHOU NIUERA ENERGY CO., LTD",,,,Suzhou,Jiangsu,China,https://niueraenergy.com/,,,"{Battery/Storage,China}",google,,{},Chinese manufacturer of energy storage battery systems.,,,f,
35cfcb6d-bf99-455d-9792-f5a4ef558588,,CET Inc.,zhongyongling@cet-electric.com,+8675583423089,,,,2026-07-08 13:55:46.291151+00,2026-07-08 15:37:37.303214+00,CET Electric Technology Inc.,,,,,,China,https://www.cet-global.com,,,"{Metering/Monitoring,China,Grid}",google,,{},Provides electric power monitoring and protection equipment for grid applications.,,,f,
35db66a6-0c06-4246-b5da-dcd3c0965723,,KERAFOL KG,info@kerafol.com,+49964588300,,,,2026-07-08 13:56:31.527156+00,2026-07-08 15:37:37.303214+00,KERAFOL Keramische Folien GmbH &amp; Co. KG,,,,Eschenbach,Bavaria,Germany,https://www.kerafol.com,,,"{Cable/BOS,Germany,""Solar PV""}",google,,{},Manufactures ceramic films and materials used in electronics and solar components.,,,f,
35dcdc72-279b-43be-8a2a-711b1c684e5a,,Alfen B.V.,info@alfen.com,+3136 549 3400,,,,2026-07-08 13:55:32.411478+00,2026-07-08 15:37:37.303214+00,Alfen B.V.,,,,Almere,,Netherlands,https://www.alfen.com,,,"{Battery/Storage,Netherlands,""EV Charging""}",google,,{},Dutch manufacturer of EV charging equipment and energy storage systems.,,,f,
35fa3e0b-889e-4fa8-b69a-19b7b5c26077,,KNX Association,heinz.lux@knx.org,+32 2 7758590,,,,2026-07-08 13:56:32.540929+00,2026-07-08 15:37:37.303214+00,KNX Association,,,,Brussels,,Belgium,https://www.knx.org,,,"{Association,Belgium}",google,,{},International association maintaining the KNX home and building automation standard.,,,f,
36179b26-eb49-4eed-b595-b98f8051dcdf,,Sablono GmbH,office@sablono.com,+4930609807440,,,,2026-07-08 13:56:59.285132+00,2026-07-08 15:37:37.303214+00,Sablono GmbH,,,,Berlin,,Germany,https://www.sablono.com,,,"{Software,Germany}",google,,{},Develops construction and project management software for large infrastructure projects.,,,f,
3623c647-87a2-4488-af06-c60a7c295a60,,elexon GmbH,sales@elexon-charging.com,+49 (0) 241 894363-0,,,,2026-07-08 13:55:58.572461+00,2026-07-08 15:37:37.303214+00,elexon GmbH,,,,,,Germany,https://www.elexon-charging.com,,,"{Other,Germany,""EV Charging""}",google,,{},Manufactures EV charging station hardware and infrastructure.,,,f,
362e19fa-41c0-4a5e-a18d-3db51b2a47b1,,TTN Ltd.,sales01@ttnergy.com,+86-577-88260280,,,,2026-07-08 13:57:24.90673+00,2026-07-08 15:37:37.303214+00,"TTN New Energy Technology (Wenzhou) Co., Ltd.",,,,Wenzhou,Zhejiang,China,https://www.ttnergy.com,,,"{Cable/BOS,China,""Solar PV""}",google,,{},Chinese manufacturer of solar cables and balance-of-system components.,,,f,
59cc74d5-ce5c-4fb0-bd99-d0cedf29b992,,evCAPS GmbH,helmut.muehlbauer@evcaps.de,+4915118644040,,,,2026-07-08 13:56:05.396404+00,2026-07-08 15:37:37.303214+00,evCAPS GmbH,,,,,,Germany,,,,"{""EV Charging"",Germany}",google,,{},German company involved in EV charging capacity/infrastructure solutions.,,,f,
363673e3-5018-438b-b6c8-e3438c09343f,,LCP Delta,energy@lcp.com,+44 131 388 0930,,,,2026-07-08 13:56:34.453914+00,2026-07-08 15:37:37.303214+00,LCP Delta,,,,London,,United Kingdom,https://www.lcp.com/en/energy-transition,,,"{Consultancy,""United Kingdom""}",google,,{},Energy consultancy providing analytics and advisory for the energy transition.,,,f,
363f4cd7-cd49-4d4b-af1e-798c53e1c8c2,,Mercedes-Benz GmbH,energy-sales@mercedes-benz.com,035783737196,,,,2026-07-08 13:56:38.785758+00,2026-07-08 15:37:37.303214+00,Mercedes-Benz Energy GmbH,,,,Kamenz,Saxony,Germany,https://mercedes-benz-energy.com,,,"{Battery/Storage,Germany,Residential}",google,,{},Mercedes-Benz subsidiary producing home battery energy storage systems.,,,f,
36494384-b6eb-47a7-a3a2-036534071cba,,Kodnyx UG,,,,,,2026-07-08 13:56:32.623531+00,2026-07-08 15:37:37.303214+00,Kodnyx UG (haftungsbeschränkt),,,,,,Germany,,,,"{Other,Germany}",google,,{},German company; no website available to determine specific activity.,,,f,
36565f95-6d17-46f7-8924-87eb93d9050f,,Capalo Oy,tarja.strahlman@capaloai.com,+358 45 8478344,,,,2026-07-08 13:55:45.158391+00,2026-07-08 15:37:37.303214+00,Capalo AI Oy,,,,,,Finland,https://www.capaloai.com,,,"{Software,Finland}",google,,{},Provides AI-based software solutions for the energy industry.,,,f,
3669eafc-c696-4e78-ac14-cac25f31fc43,,Erneuerbare GmbH,astrid.dose@eehh.de,+494069457312,,,,2026-07-08 13:56:03.590143+00,2026-07-08 15:37:37.303214+00,Erneuerbare Energien Hamburg Clusteragentur GmbH,,,,Hamburg,,Germany,https://www.erneuerbare-energien-hamburg.de/de/,,,"{Association,Germany}",google,,{},Hamburg renewable energy cluster agency supporting regional industry networking.,,,f,
366f0b7f-3c3e-4307-9072-7e84d2885824,,Greenbuddies,zuzana@greenbuddies.eu,+420 736 644 444,,,,2026-07-08 13:56:12.924236+00,2026-07-08 15:37:37.303214+00,Greenbuddies,,,,,,Slovakia,https://www.greenbuddies.eu,,,"{EPC/Installer,Slovakia,""Solar PV""}",google,,{},Provides solar PV installation and green energy services.,,,f,
36c17088-6a26-42a2-80e4-7115b402ce94,,Zentrum BW,info@zsw-bw.de,+49 711 78 700,,,,2026-07-08 13:57:37.470151+00,2026-07-08 15:37:37.303214+00,Zentrum für Sonnenenergie- und Wasserstoff-Forschung BW (ZSW),,,,Stuttgart,Baden-Württemberg,Germany,https://www.zsw-bw.de/,,,"{Research/Academic,Germany,Hydrogen}",google,,{},German research institute for solar energy and hydrogen research.,,,f,
3700e23d-4f11-4cbf-be1f-1a78993e6b5a,,Zentrum Bayern,info@h2.bayern,+49911530299236,,,,2026-07-08 13:57:37.522348+00,2026-07-08 15:37:37.303214+00,Zentrum Wasserstoff.Bayern (H2.B),,,,,Bavaria,Germany,https://www.h2.bayern,,,"{Association,Germany,Hydrogen}",google,,{},Bavarian state agency promoting hydrogen technology development.,,,f,
370e5bc1-50fd-44fc-ab9e-3d93818e4894,,ORMAZABAL,meb@ormazabal.com,,,,,2026-07-08 13:56:47.165175+00,2026-07-08 15:37:37.303214+00,ORMAZABAL,,,,Bilbao,,Spain,https://www.ormazabal.com,,,"{Other,Spain,Grid}",google,,{},Manufactures medium-voltage switchgear and grid equipment.,,,f,
37276163-183a-4ab0-907a-214deec8be68,,Sun. Limited,ariana.zhang@sunking-tech.com,010-56301025,,,,2026-07-08 13:57:16.209205+00,2026-07-08 15:37:37.303214+00,Sun.King Technology Group Limited,,,,,,China,https://www.sunking-tech.com,,,"{""Module Mfr"",China,""Solar PV""}",google,,{},Chinese manufacturer of solar energy technology products.,,,f,
37580b44-f89f-4164-a56d-01bee65f979e,,Phono Ltd.,info@phonosolar.com,+86 25 5863 8000,,,,2026-07-08 13:56:49.281532+00,2026-07-08 15:37:37.303214+00,"Phono Solar Technology Co., Ltd.",,,,Nanjing,Jiangsu,China,https://www.phonosolar.com,,,"{""Module Mfr"",China,""Solar PV""}",google,,{},Manufactures crystalline silicon photovoltaic solar modules.,,,f,
375bfd97-7e39-43ca-af9b-01e7abd7cb21,,QLEEN KG,supthut@lewi.de,+49 3981 48850,,,,2026-07-08 13:56:54.113876+00,2026-07-08 15:37:37.303214+00,QLEEN by Lehmann KG,,,,,,Germany,https://www.lehmann-kg.de,,,"{Other,Germany}",google,,{},German manufacturer offering shading and building product solutions.,,,f,
376b83ab-78ac-4ad7-90f0-62999365b130,,TurbineCrew Ltd.,ceo@turbinecrew.co.kr,+821025564465,,,,2026-07-08 13:57:25.052367+00,2026-07-08 15:37:37.303214+00,"TurbineCrew Co., Ltd.",,,,,,South Korea,https://turbinecrew.co.kr,,,"{EPC/Installer,""South Korea"",Wind}",google,,{},Provides turbine crew and technical services for wind installations.,,,f,
3796e5e7-864d-4038-b5ce-fcd6a07df9a1,,B GmbH,info@bksolarezukunft.de,+49 5241 7082110,,,,2026-07-08 13:55:38.02787+00,2026-07-08 15:37:37.303214+00,B &amp; K Solare Zukunft GmbH,,,,,,Germany,https://www.bksolarezukunft.de,,,"{EPC/Installer,Germany,""Solar PV"",Residential}",google,,{},German solar installation company for residential PV systems.,,,f,
379d95a6-992f-4af1-9730-e21d156cf109,,Joint Solar,welcome@jointforces4solar.com,+49228504350,,,,2026-07-08 13:56:29.708339+00,2026-07-08 15:37:37.303214+00,Joint Forces for Solar (JF4S),,,,,,Germany,https://www.jointforces4solar.com/,,,"{Association,Germany,""Solar PV""}",google,,{},Network/association connecting solar installers and partners.,,,f,
37a1f930-e1c9-40de-807a-754ac592a178,,Suzhou Ltd.,,,,,,2026-07-08 13:57:18.615661+00,2026-07-08 15:37:37.303214+00,"Suzhou SunLink Energy Co., Ltd.",,,,Suzhou,Jiangsu,China,https://www.sunlink-pv.com,,,"{Mounting/Tracker,China,""Solar PV""}",google,,{},Chinese manufacturer of solar mounting and racking systems.,,,f,
37ac42c2-53a1-4ca7-807a-92687298d8ec,,EUX Warehouse,rpduchaoyu@gmail.com,,,,,2026-07-08 13:56:05.069837+00,2026-07-08 15:37:37.303214+00,EUX Overseas Warehouse,,,,,,China,,,,"{Distributor,China}",google,,{},Overseas warehousing and logistics service provider.,,,f,
37b71d48-7133-4327-b9be-d452d435240d,,Gautam Limited,marketing4@gautamsolar.com,+9109289393807,,,,2026-07-08 13:56:10.676398+00,2026-07-08 15:37:37.303214+00,Gautam Solar Private Limited,,,,New Delhi,,India,https://www.gautamsolar.com,,,"{""Module Mfr"",India,""Solar PV""}",google,,{},Indian manufacturer of solar PV modules.,,,f,
37b86906-7567-4764-92b6-d341a99a3549,,XIAMEN LTD.,info@xmwintop.com,+86 592 5819913,,,,2026-07-08 13:57:35.831287+00,2026-07-08 15:37:37.303214+00,"XIAMEN WINTOP NEW ENERGY TECH. CO.,LTD.",,,,Xiamen,Fujian,China,https://www.xmwintop.com,,,"{Cable/BOS,China,""Solar PV""}",google,,{},Chinese manufacturer of solar backsheets and BOS materials.,,,f,
37cc842d-6ce1-4ef9-bc35-e97ec3565cd7,,Testboy GmbH,info@testboy.de,+4944418911210,,,,2026-07-08 13:57:21.697271+00,2026-07-08 15:37:37.303214+00,Testboy GmbH,,,,,,Germany,https://www.testboy.de,,,"{Testing/Certification,Germany}",google,,{},German manufacturer of electrical measurement and test instruments.,,,f,
37d38adc-b332-4efe-b83d-badaa04eda2c,,RHOFA TIC.,info@rhofaenergy.com,+90 282 255 55 44,,,,2026-07-08 13:56:57.337919+00,2026-07-08 15:37:37.303214+00,RHOFA ENERJI MUHENDISLIK SAN. VE TIC. A.S.,,,,,,Turkey,https://www.rhofaenergy.com,,,"{EPC/Installer,Turkey,""Solar PV""}",google,,{},Turkish energy engineering and installation contractor.,,,f,
37e8a50a-6d4f-4485-9e4a-b85758152e30,,PULS GmbH,info@pulspower.com,+498992780,,,,2026-07-08 13:56:52.728578+00,2026-07-08 15:37:37.303214+00,PULS GmbH,,,,Munich,Bavaria,Germany,https://www.pulspower.com,,,"{Other,Germany}",google,,{},German manufacturer of industrial DIN-rail power supplies.,,,f,
37f2b971-7cf6-42fe-ae3b-baf428a51a40,,Dongguan Ltd,sales@hlc-metalparts.com,,,,,2026-07-08 13:55:53.982174+00,2026-07-08 15:37:37.303214+00,"Dongguan Helicheng Industrial Technology Co., Ltd",,,,Dongguan,Guangdong,China,https://www.hlc-metalparts.com,,,"{Mounting/Tracker,China}",google,,{},Chinese manufacturer of metal parts for mounting structures.,,,f,
383bcc78-4e76-46df-aae8-4ae889cf12f5,,Wetrax GmbH,info@wetraxgmbh.de,+49 800 9090911,,,,2026-07-08 13:57:32.092085+00,2026-07-08 15:37:37.303214+00,Wetrax GmbH,,,,,,Germany,https://www.wetraxgmbh.de,,,"{Cable/BOS,Germany,""EV Charging""}",google,,{},German maker of cable management systems for EV charging.,,,f,
384d25e3-eb63-4908-aab1-db0658ab0db0,,BELECTRIC GmbH,info@belectric.com,+49 938 55489000,,,,2026-07-08 13:55:41.066793+00,2026-07-08 15:37:37.303214+00,BELECTRIC GmbH,,,,Kolitzheim,Bavaria,Germany,https://www.belectric.com,,,"{Developer/IPP,Germany,Utility-scale}",google,,{},German developer and EPC of utility-scale solar power plants.,,,f,
3861dc2c-3fc7-48d4-a1dd-1a2c37acfc22,,Delicacy Ltd,wenlin@laserdl.cn,+86 0316-8366186,,,,2026-07-08 13:55:52.339453+00,2026-07-08 15:37:37.303214+00,"Delicacy Laser Optoelectronics (Langfang) Technology Co.,Ltd",,,,Langfang,Hebei,China,https://www.laserdl.cn,,,"{Other,China}",google,,{},Chinese manufacturer of laser optoelectronic equipment.,,,f,
386f24a4-5ebf-4e74-82d2-930c849ab7a2,,XCharge GmbH,valentina.vergara@xcharge.com,+4940 57128593,,,,2026-07-08 13:57:34.162238+00,2026-07-08 15:37:37.303214+00,XCharge Europe GmbH,,,,,,Germany,https://www.xcharge.com,,,"{Other,Germany,""EV Charging""}",google,,{},"European EV charger manufacturer, subsidiary of XCharge.",,,f,
38713f16-fd1d-4727-97fc-398ebf80ac38,,Solar-Log GmbH,info@solar-log.com,+49 (0)7428 4089-300,,,,2026-07-08 13:57:11.056825+00,2026-07-08 15:37:37.303214+00,Solar-Log GmbH,,,,Ahrensburg,,Germany,http://www.solar-log.com,,,"{Metering/Monitoring,Germany,""Solar PV""}",google,,{},German manufacturer of solar PV monitoring systems.,,,f,
38ac1068-ea1f-452c-9af3-319c4c8f9393,,POWERCORE LTD,inquiry@chargecoreglobal.com,+8613770626876,,,,2026-07-08 13:56:51.168885+00,2026-07-08 15:37:37.303214+00,"POWERCORE TECHNOLOGY CO.,LTD",,,,,,China,https://www.chargecoreglobal.com,,,"{Cable/BOS,China,""EV Charging""}",google,,{},Manufacturer of EV charging cables and connectors.,,,f,
38cd6203-bc4f-4a8b-825e-c35b43bd5318,,Bees GmbH,yasin.pehlivan@beesandbears.com,+49 30 30809111,,,,2026-07-08 13:55:40.638355+00,2026-07-08 15:37:37.303214+00,Bees &amp; Bears GmbH,,,,,,Germany,https://www.beesandbears.com,,,"{Consultancy,Germany}",google,,{},German consultancy/services company in the energy sector.,,,f,
38d87816-48d6-4a5f-832c-095262783897,,Amiston z,contact@amiston.pl,+49 1573 1250067,,,,2026-07-08 13:55:33.222667+00,2026-07-08 15:37:37.303214+00,Amiston Sp. z o.o.,,,,,,Poland,https://amiston.pl/de/,,,"{Cable/BOS,Poland,""EV Charging""}",google,,{},Polish manufacturer of EV charging cable accessories.,,,f,
38e3c908-1360-418d-b1ab-95a6ec3f48d7,,NXP Semiconductors,katrin.reichwald@nxp.com,+4915162875256,,,,2026-07-08 13:56:45.374163+00,2026-07-08 15:37:37.303214+00,NXP Semiconductors,,,,Eindhoven,,Netherlands,https://www.nxp.com,,,"{Other,Netherlands,Grid}",google,,{},Global semiconductor manufacturer supplying power electronics components.,,,f,
38f0a83d-06cc-4d97-94e3-7555bc6cc0b5,,reLi Energy,laura.laringe@relienergy.de,,,,,2026-07-08 13:56:56.131171+00,2026-07-08 15:37:37.303214+00,reLi Energy,,,,,,Germany,https://relienergy.de,,,"{Battery/Storage,Germany}",google,,{},German energy storage / renewable energy company.,,,f,
3931dbb4-66a0-4816-98a3-ae70ceef319c,,Okgroup Srl,marketing@okgroupsrl.com,+39 02 94324789,,,,2026-07-08 13:56:46.060281+00,2026-07-08 15:37:37.303214+00,Okgroup Srl,,,,,,Italy,https://okgroupsrl.com,,,"{EPC/Installer,Italy,""Solar PV""}",google,,{},Italian company operating in the solar energy sector.,,,f,
39639718-7f35-4aa3-b284-d52725d7b4e4,,Jouvoli,info@jouvoli.io,+4994719574910,,,,2026-07-08 13:56:29.950391+00,2026-07-08 15:37:37.303214+00,Jouvoli,,,,,,Netherlands,https://www.jouvoli.io,,,"{Software,Netherlands}",google,,{},Software company serving the renewable energy sector.,,,f,
3968ff6f-8f0c-4060-9a83-3841d7ce242b,,Contemporary Limited,,+86-593-2583668,,,,2026-07-08 13:55:50.166458+00,2026-07-08 15:37:37.303214+00,"Contemporary Amperex Technology Co., Limited (CATL)",,,,Ningde,Fujian,China,https://www.catl.com/,,,"{Battery/Storage,China}",google,,{},Chinese manufacturer of lithium-ion batteries for EVs and energy storage.,,,f,
396c75f5-ec58-429e-859e-a54f21b43b06,,AGEERA,hagay@ageera.nl,+972548082967,,,,2026-07-08 13:55:31.432761+00,2026-07-08 15:37:37.303214+00,AGEERA,,,,,,Netherlands,https://ageera.org,,,"{Association,Netherlands,""Solar PV""}",google,,{},Association/network operating in the renewable energy sector.,,,f,
396d9b2e-d61b-4e1e-8cf5-d9dc71957166,,Enurgen,,,,,,2026-07-08 13:56:02.868897+00,2026-07-08 15:37:37.303214+00,Enurgen,,,,,,United States,https://enurgen.com,,,"{Consultancy,""United States""}",google,,{},Energy consulting and advisory firm.,,,f,
3980b99a-e846-4bb1-af75-9853cd8592a6,,Nationale GmbH,konferenz@now-gmbh.de,+30 311 61 16 100,,,,2026-07-08 13:56:42.065114+00,2026-07-08 15:37:37.303214+00,"Nationale Leitstelle Ladeinfrastruktur, NOW GmbH",,,,Berlin,,Germany,https://nationale-leitstelle.de/,,,"{Association,Germany,""EV Charging"",Grid}",google,,{},German national coordination office for EV charging infrastructure.,,,f,
3980c8a6-796a-4516-86f7-63b127cb7911,,TÜV NORD,renewables@tuev-nord.de,,,,,2026-07-08 13:57:25.19153+00,2026-07-08 15:37:37.303214+00,TÜV NORD,,,,Hannover,,Germany,https://www.tuev-nord.de/de/unternehmen/energie/erneuerbare-energien/,,,"{Testing/Certification,Germany,""Solar PV""}",google,,{},"Testing, inspection and certification services for renewable energy.",,,f,
39946649-3a7f-41e4-9861-93e1867ba2fa,,hamos GmbH,info@hamos.com,+49885692610,,,,2026-07-08 13:56:16.314307+00,2026-07-08 15:37:37.303214+00,hamos GmbH,,,,Penzberg,,Germany,https://www.hamos.com,,,"{Other,Germany}",google,,{},Manufactures electrostatic and sensor-based separation systems for recycling.,,,f,
39a2f6a4-f143-4ad1-aebf-9c08829eb154,,Taiwan Council,nanadi@taitra.org.tw,+8862272552001518,,,,2026-07-08 13:57:19.348026+00,2026-07-08 15:37:37.303214+00,Taiwan External Trade Development Council (TAITRA),,,,Taipei,,Taiwan,https://www.taitra.org.tw/en/,,,"{Association,Taiwan}",google,,{},Taiwan external trade development council promoting trade including clean energy.,,,f,
39e15b9b-701d-4c38-957a-6999fb5c08fe,,Holzbau GmbH,info@dawen-rieth.com,+4965818398490,,,,2026-07-08 13:56:19.69295+00,2026-07-08 15:37:37.303214+00,Holzbau Dawen GmbH,,,,,,Germany,https://www.holzbau-dawen.de,,,"{Other,Germany}",google,,{},Timber construction company.,,,f,
39e459b1-555f-438f-be4a-cfbfd7987495,,Solar TAP,solartap@fz-juelich.de,,,,,2026-07-08 13:57:11.011749+00,2026-07-08 15:37:37.303214+00,Solar TAP,,,,Julich,,Germany,https://www.solartap.de,,,"{Research/Academic,Germany,""Solar PV""}",google,,{},Solar research initiative affiliated with Forschungszentrum Julich.,,,f,
39f3eb28-4cb8-4e7d-8c9e-771b6a748f9b,,Roy Ltd,yuan@roy-aowang.com,+86 4006182378,,,,2026-07-08 13:56:58.466615+00,2026-07-08 15:37:37.303214+00,"Roy Times Technology（Zhejiang）Co.,Ltd",,,,,Zhejiang,China,https://awroy.cn/,,,"{Cable/BOS,China}",google,,{},Manufactures welding and cable equipment for industrial use.,,,f,
3a476b9f-312a-41e8-a6ca-6c3e048d49cd,,Solarity OOD,a.kaloferova@solaritybg.com,,,,,2026-07-08 13:57:11.680648+00,2026-07-08 15:37:37.303214+00,Solarity BG OOD,,,,,,Bulgaria,https://www.solaritybg.com,,,"{EPC/Installer,Bulgaria,""Solar PV""}",google,,{},Solar PV installation and EPC company.,,,f,
3a509880-7834-4a85-b8d3-67d4d91c5945,,HiTHIUM,eu@hithium.com,,,,,2026-07-08 13:56:19.41054+00,2026-07-08 15:37:37.303214+00,HiTHIUM,,,,Xiamen,,China,https://en.hithium.com/,,,"{Battery/Storage,China}",google,,{},Manufactures lithium battery energy storage systems.,,,f,
3a6ad70d-76e1-4aea-b13e-79ac66e48f72,,Qinghong,chuliuliu@qhlaser.cn,+8675527903931,,,,2026-07-08 13:56:54.074068+00,2026-07-08 15:37:37.303214+00,Qinghong,,,,,,China,https://www.qhlaser.cn,,,"{Other,China}",google,,{},Manufactures laser cutting and marking equipment.,,,f,
3a6b6211-4bd7-4970-8f60-a1af006efb92,,Zhejiang Ltd.,info@evb.com,+86-577-57177008,,,,2026-07-08 13:57:38.007783+00,2026-07-08 15:37:37.303214+00,"Zhejiang Benyi New Energy Co., Ltd.",,,,,Zhejiang,China,https://www.evb.com,,,"{Cable/BOS,China,""EV Charging""}",google,,{},Manufactures EV charging cables and connectors.,,,f,
3a6cd53a-7fc9-4ddc-bcfd-0d62a31f92ec,,TGS Prediktor,danielle.landry@tgs.com,+1 713 8602100,,,,2026-07-08 13:57:21.843104+00,2026-07-08 15:37:37.303214+00,TGS I Prediktor,,,,,,Norway,https://www.tgs.com,,,"{Software,Norway}",google,,{},Provides geoscience and energy data/analytics software.,,,f,
3a743a23-1a09-4fb7-8078-29f0758968e7,,Conduct BV,info@conduct.nl,+31 180 531120,,,,2026-07-08 13:55:49.34867+00,2026-07-08 15:37:37.303214+00,Conduct Technical Solutions BV,,,,,,Netherlands,https://www.conduct.nl,,,"{Consultancy,Netherlands}",google,,{},Technical consulting solutions company.,,,f,
3a765bd9-409d-4d5e-86db-5fc91c86200a,,Tangshan Ltd,ht@htsolargroup.com,400 0835 985,,,,2026-07-08 13:57:19.773959+00,2026-07-08 15:37:37.303214+00,Tangshan Haitai New Energy Technology Co..Ltd,,,,Tangshan,Hebei,China,https://www.haitai-solar.com,,,"{""Module Mfr"",China,""Solar PV""}",google,,{},Manufactures solar PV modules and mounting components.,,,f,
3a7c1456-bfbc-46eb-abda-66c8893109fd,,Shenzhen Ltd.,marketing@elecod.com,+86 0755-23050802,,,,2026-07-08 13:57:04.078286+00,2026-07-08 15:37:37.303214+00,"Shenzhen Elecod Electric Co.,Ltd.",,,,Shenzhen,Guangdong,China,https://www.elecod.com,,,"{Cable/BOS,China}",google,,{},Manufactures electrical connectors and BOS components.,,,f,
3a82991d-2f22-49d2-b8cf-c39d6f596822,,Exnaton AG,,+41447975371,,,,2026-07-08 13:56:06.33555+00,2026-07-08 15:37:37.303214+00,Exnaton AG,,,,,,Switzerland,https://exnaton.ai,,,"{Metering/Monitoring,Switzerland,Grid}",google,,{},Energy data and metering platform for peer-to-peer energy trading.,,,f,
3a9f89d2-b17d-4d64-ab93-6eb1dfd6582a,,KIRAC METAL,info@kiracmetal.com,+90 222 2361500,,,,2026-07-08 13:56:32.090847+00,2026-07-08 15:37:37.303214+00,KIRAC METAL,,,,,,Turkey,https://www.kiracmetal.com,,,"{Mounting/Tracker,Turkey}",google,,{},Metal manufacturing company producing mounting structures.,,,f,
3aa3e835-1f5f-4202-99eb-974b0a654f7e,,MycoNest,we@myconest.earth,+36309917704,,,,2026-07-08 13:56:41.532524+00,2026-07-08 15:37:37.303214+00,MycoNest,,,,,,Netherlands,https://www.myconest.earth,,,"{Other,Netherlands}",google,,{},Develops mycelium-based sustainable materials.,,,f,
3ad37ec8-0048-4efa-822c-f518377a110a,,TBB Ltd.,sales@tbbpower.com,+86-592- 5796068,,,,2026-07-08 13:57:19.925522+00,2026-07-08 15:37:37.303214+00,"TBB Power (Xiamen) Co., Ltd.",,,,Xiamen,Fujian,China,https://www.tbbpower.com,,,"{""Inverter Mfr"",China}",google,,{},Manufactures power electronics and inverter equipment.,,,f,
3afde9f7-00ba-4292-bac3-c2bd49420790,,Global Ltd.,sales@global-mde.com,+86 0571-28323236,,,,2026-07-08 13:56:11.536973+00,2026-07-08 15:37:37.303214+00,Global Mainstream Dynamic Energy Technology Ltd.,,,,,,China,https://www.global-mde.com,,,"{Mounting/Tracker,China,""Solar PV""}",google,,{},Manufactures solar mounting and BOS products.,,,f,
3b063083-f8b4-40de-a9e1-1e76a896f250,,Quartierkraft GmbH,info@quartierkraft.de,+494087408069,,,,2026-07-08 13:56:54.376376+00,2026-07-08 15:37:37.303214+00,Quartierkraft GmbH,,,,,,Germany,https://quartierkraft.de,,,"{Developer/IPP,Germany,C&I}",google,,{},Develops community and neighborhood-scale energy solutions.,,,f,
3b085c94-11f8-4b54-a315-fa08aaab546d,,Polarium Solutions,info@polarium.com,+46 8-545 440 00,,,,2026-07-08 13:56:50.407277+00,2026-07-08 15:37:37.303214+00,Polarium Energy Solutions,,,,Stockholm,,Sweden,https://www.polarium.com,,,"{Battery/Storage,Sweden}",google,,{},Manufactures lithium-ion battery energy storage systems.,,,f,
3b161704-f2c3-43a2-9fdc-8608f9e53730,,Hottgenroth AG,messe@hottgenroth.de,+4922170993340,,,,2026-07-08 13:56:20.027618+00,2026-07-08 15:37:37.303214+00,Hottgenroth Software AG,,,,Koln,,Germany,https://www.hottgenroth.de/index.html,,,"{Software,Germany}",google,,{},Develops building energy performance and design software.,,,f,
3b3088d8-92c4-4685-8089-27fd5b5d66d9,,GUANGDONG LIMITED,sales14@ubetter.com.cn,,,,,2026-07-08 13:56:14.67807+00,2026-07-08 15:37:37.303214+00,GUANGDONG UBETTER TECHNOLOGY COMPANY LIMITED,,,,,Guangdong,China,https://www.ubetterenergy.com,,,"{Cable/BOS,China,""Solar PV""}",google,,{},Manufactures solar energy components and BOS equipment.,,,f,
3b30c3f1-cda8-467f-92ab-7be4a7d1b61a,,halm gmbh,info@halm.de,+49699433530,,,,2026-07-08 13:56:16.217027+00,2026-07-08 15:37:37.303214+00,halm elektronik gmbh,,,,Frankfurt,Hesse,Germany,https://www.halm.de,,,"{Testing/Certification,Germany,""Solar PV""}",google,,{},Makes IV curve tracers and testing equipment for solar cells and modules.,,,f,
3b327823-317d-4c16-90ea-14b4760a28e1,,SAX GmbH,info@sax-power.net,+497305958911,,,,2026-07-08 13:57:00.371191+00,2026-07-08 15:37:37.303214+00,SAX Power GmbH,,,,,,Germany,https://www.sax-power.net,,,"{Battery/Storage,Germany,Residential}",google,,{},German manufacturer of home battery storage systems.,,,f,
3b6b61c9-c816-4142-b91e-27d06d7401c9,,smartblue AG,info@smartblue.de,+49 89 416172410,,,,2026-07-08 13:57:09.829276+00,2026-07-08 15:37:37.303214+00,smartblue AG,,,,,,Germany,https://www.smartblue.de,,,"{Battery/Storage,Germany,Residential}",google,,{},German provider of residential battery storage and energy management systems.,,,f,
3bbcdd8d-38f1-4add-ab21-64698fa9caea,,Alfen,marjolein.schoevers@alfen.com,+3131627612238,,,,2026-07-08 13:55:32.365896+00,2026-07-08 15:37:37.303214+00,Alfen,,,,Almere,,Netherlands,https://Alfen.com,,,"{Other,Netherlands,""EV Charging""}",google,,{},"Dutch manufacturer of EV charging equipment, grid transformer substations and energy storage.",,,f,
3bda77d8-15b9-41ce-a789-cc8f67e22c9b,,Shenzhen LTD,,,,,,2026-07-08 13:57:05.272746+00,2026-07-08 15:37:37.303214+00,"Shenzhen Kerui Power Storage Co., LTD",,,,Shenzhen,Guangdong,China,https://www.souopower.com,,,"{Battery/Storage,China}",google,,{},Chinese manufacturer of power storage batteries.,,,f,
3becd7ee-c3cb-4096-b03b-7f663b5f668f,,SolarEast Ltd,sales@solareast.com,+86-518-80325812,,,,2026-07-08 13:57:11.286283+00,2026-07-08 15:37:37.303214+00,"SolarEast Energy Storage Technology Co., Ltd",,,,,,China,https://www.solareastess.com/,,,"{Battery/Storage,China}",google,,{},Chinese manufacturer of energy storage systems.,,,f,
3bf04878-4b79-4528-a95e-fb4868fc746e,,MSc Oy,info@msc.eu,+358407042840,,,,2026-07-08 13:56:41.161505+00,2026-07-08 15:37:37.303214+00,MSc Electronics Oy,,,Alasniitynkatu 30,Tampere,,Finland,https://www.msc.eu,,,"{Other,Finland,Grid}",google,,{},"Finnish maker of power conversion equipment: DC power supplies, converters and inverters.",,,f,
3c09c5a6-2cc5-4c33-9fe1-a92a62865c8b,,Shenzhen Ltd.,info@ginverter.com,+86 755 29515888,,,,2026-07-08 13:57:04.855162+00,2026-07-08 15:37:37.303214+00,Shenzhen Growatt New Energy Co. Ltd.,,,,Shenzhen,Guangdong,China,https://www.ginverter.com,,,"{""Inverter Mfr"",China,""Solar PV""}",google,,{},Chinese manufacturer of solar inverters (Growatt brand).,,,f,
3c0b78ff-7480-40d1-abfe-ba5c8920c08b,,Aeron Ltd.,saurabh@aeronsystems.com,+917722023994,,,,2026-07-08 13:55:31.107545+00,2026-07-08 15:37:37.303214+00,Aeron Systems Pvt. Ltd.,,,,,,India,https://www.aeronsystems.com,,,"{Metering/Monitoring,India,""Solar PV""}",google,,{},Indian provider of IoT-based monitoring solutions for solar and energy assets.,,,f,
3c257d35-f6d4-4fa3-8474-12579078ad58,,Intercable GmbH,info@intercable-tec.com,+39 0474 067400,,,,2026-07-08 13:56:24.600946+00,2026-07-08 15:37:37.303214+00,Intercable GmbH,,,,Bressanone,South Tyrol,Italy,https://www.intercable-tec.com,,,"{Cable/BOS,Italy,""Solar PV""}",google,,{},Manufacturer of electrical connectors and cable accessories used in solar and industrial applications.,,,f,
3c30ea2f-0828-4d58-8373-51495d03137a,,Changzhou Ltd.,,+86 0519-85503571,,,,2026-07-08 13:55:46.697084+00,2026-07-08 15:37:37.303214+00,"Changzhou Huayang Inspection and Testing Technology Co., Ltd.",,,,Changzhou,Jiangsu,China,https://www.hyjc-solar.com,,,"{Testing/Certification,China,""Solar PV""}",google,,{},Chinese inspection and testing services provider for the solar industry.,,,f,
3c358c4f-fcc0-4af2-a466-8085af88fafd,,Sunvoy,joe@sunvoy.com,+12022978326,,,,2026-07-08 13:57:17.778666+00,2026-07-08 15:37:37.303214+00,Sunvoy,,,,,,United States,https://www.sunvoy.com,,,"{Software,""United States"",""Solar PV""}",google,,{},Provides white-label customer portal and mobile app software for solar installers.,,,f,
3c840289-848f-4c7c-a2d1-98e7d5fd5485,,ETD TRANSFORMÁTORY,etd@etd-bez.cz,+420373031508,,,,2026-07-08 13:56:04.013028+00,2026-07-08 15:37:37.303214+00,ETD TRANSFORMÁTORY a.s.,,,,,,Czech Republic,https://www.etd-transformers.com,,,"{Other,""Czech Republic"",Grid}",google,,{},Czech manufacturer of transformers for power and grid applications.,,,f,
3c93565c-6a67-44cd-ae10-80c818ac18a8,,HELIUP,m.joanny@heliup-solar.com,+33768509479,,,,2026-07-08 13:56:18.108284+00,2026-07-08 15:37:37.303214+00,HELIUP,,,,,,France,https://www.heliup-solar.com,,,"{EPC/Installer,France,""Solar PV""}",google,,{},French developer/installer of solar photovoltaic systems.,,,f,
3c9f65f8-c56c-4191-9246-ae18e905d774,,Shandong Ltd.,info@sacredsun.com,+86-0537-4422313,,,,2026-07-08 13:57:02.066871+00,2026-07-08 15:37:37.303214+00,"Shandong Sacred Sun Power Sources Co., Ltd.",,,,,Shandong,China,https://www.sacredsun.com,,,"{Battery/Storage,China}",google,,{},Chinese manufacturer of industrial and power storage batteries.,,,f,
3cb56c30-7832-4c72-88c4-7480e12e5c58,,iMTED,,,,,,2026-07-08 13:56:23.28163+00,2026-07-08 15:37:37.303214+00,iMTED,,,,,,Germany,https://imted-ai.com/index.php,,,"{Software,Germany,Grid}",google,,{},AI-based energy management platform for monitoring and optimizing building energy consumption.,,,f,
3cbcebb1-fb29-4cb8-a3d3-6bbcd41783c3,,PcVue Solutions,,,,,,2026-07-08 13:56:48.395438+00,2026-07-08 15:37:37.303214+00,PcVue Solutions S.L,,,,,,Spain,,,,"{Software,Spain,Grid}",google,,{},Spanish provider of SCADA/PcVue supervisory software solutions.,,,f,
3d047130-dfbb-4968-8cc5-0837f2362225,,GLS Bank,kundendialog@gls.de,,,,,2026-07-08 13:56:11.679276+00,2026-07-08 15:37:37.303214+00,GLS Bank,,,,Bochum,North Rhine-Westphalia,Germany,https://www.gls.de,,,"{Financing,Germany}",google,,{},German ethical bank offering sustainable and renewable-energy financing.,,,f,
3d126ac1-c038-4600-a19b-c7e4ced5c68e,,Sigenergy Ltd.,sales@sigenergy.com,+864008619966,,,,2026-07-08 13:57:08.287547+00,2026-07-08 15:37:37.303214+00,"Sigenergy Technology (Jiangsu) Co., Ltd.",,,,,Jiangsu,China,https://www.sigenergy.com/en,,,"{Battery/Storage,China,""Solar PV""}",google,,{},Chinese manufacturer of residential energy storage batteries and inverters.,,,f,
3d1951ce-8c4f-480a-9e91-c615143f9819,,RUNHOOD INC.,runhood@runhoodpower.com,+1(866)685-9868,,,,2026-07-08 13:56:58.740178+00,2026-07-08 15:37:37.303214+00,RUNHOOD POWER INC.,,,,Shenzhen,Guangdong,China,,,,"{Battery/Storage,China}",google,,{},Chinese manufacturer of portable and battery-swap power storage products.,,,f,
3d204b71-4d3f-453d-81b8-6bd1562e9a4a,,trawa,info@trawa.de,,,,,2026-07-08 13:57:23.789303+00,2026-07-08 15:37:37.303214+00,trawa,,,,Berlin,,Germany,https://www.trawa.de/,,,"{Software,Germany,Grid}",google,,{},German platform for corporate energy procurement and power purchase agreements.,,,f,
3d242dae-e8a6-41ea-aa3b-57d415db312a,,MAGAFI IHR.,seray@magafi.com,+903123542467,,,,2026-07-08 13:56:37.236433+00,2026-07-08 15:37:37.303214+00,MAGAFI MAKINA ENERJI BILISIM INSAAT TAAH. ITH. IHR. A.S.,,,,,,Turkey,https://www.magafi.com/en/,,,"{Other,Turkey}",google,,{},"Turkish machinery, energy and construction engineering company.",,,f,
3d4bc6bf-9172-484b-b6b6-166ec407214d,,PV mbH,hn@pv-secure.de,,,,,2026-07-08 13:56:53.008263+00,2026-07-08 15:37:37.303214+00,PV SECURE | SEE Servicegesellschaft Erneuerbare Energien mbH,,,,,,Germany,,,,"{EPC/Installer,Germany,""Solar PV""}",google,,{},German service company providing security and O&M services for solar installations.,,,f,
3d7c41b3-e799-461b-8ae5-f770d6905fbc,,Cosmos Sti.,y.nacak@cosmosparts.com,+902126260076,,,,2026-07-08 13:55:50.351736+00,2026-07-08 15:37:37.303214+00,Cosmos Group Otomotiv ve Dis Tic. Ltd. Sti.,,,,,,Turkey,https://www.cosmosparts.com,,,"{Distributor,Turkey}",google,,{},Turkish trading company distributing automotive and industrial parts.,,,f,
3d7dcd67-ea14-4e79-b9c2-376096a2c8cf,,Rabbit GmbH,post@rabbit-publishing.net,+49 (0)30 27 59 30 29,,,,2026-07-08 13:56:54.879254+00,2026-07-08 15:37:37.303214+00,Rabbit Publishing GmbH,,,,,,Germany,https://www.electrive.net,,,"{Other,Germany,""EV Charging""}",google,,{},"German publisher operating electrive.net, a news outlet covering electric mobility.",,,f,
3d8361ec-cd4b-4cd7-a56d-f570340b2599,,OMICRON GmbH,info@omicronenergy.com,+43594950,,,,2026-07-08 13:56:46.298997+00,2026-07-08 15:37:37.303214+00,OMICRON electronics GmbH,,,,Klaus,,Austria,https://www.omicronenergy.com,,,"{Testing/Certification,Austria,Grid}",google,,{},"Makes testing, diagnostic and monitoring equipment for power utilities and grid protection systems.",,,f,
3d9704fb-f57e-43bc-b97a-dd89fd5db085,,Jiangsu Ltd.,sales@masterworksolar.com,86 022-26976666,,,,2026-07-08 13:56:27.628501+00,2026-07-08 15:37:37.303214+00,"Jiangsu Masterwork Green Energy Technology Co., Ltd.",,,,,Jiangsu,China,https://www.masterworksolar.com,,,"{""Module Mfr"",China,""Solar PV""}",google,,{},Chinese manufacturer of solar photovoltaic modules.,,,f,
3dab0b23-169a-40da-bc1b-c0106b71c516,,XIAMEN LTD.,sales@eco-sources.com,+8659-23109858,,,,2026-07-08 13:57:34.826964+00,2026-07-08 15:37:37.303214+00,"XIAMEN ECO-SOURCES TECHNOLOGY CO., LTD.",,,,Xiamen,Fujian,China,https://www.eco-sources.com/,,,"{""Module Mfr"",China,""Solar PV""}",google,,{},Xiamen-based manufacturer and supplier of solar PV modules.,,,f,
3db61846-49fb-44c8-96e2-f144b0b43c45,,Qingdao Ltd.,unc-service@unc-energy.com,+8653285612972,,,,2026-07-08 13:56:53.887069+00,2026-07-08 15:37:37.303214+00,"Qingdao Uniconvtor Technology Co., Ltd.",,,,Qingdao,Shandong,China,https://www.unc-energy.com,,,"{""Inverter Mfr"",China,Storage}",google,,{},Qingdao-based manufacturer of power conversion and energy storage equipment.,,,f,
3dfa6e4d-bef2-493e-835c-c3bf9e3f4325,,Guangdong Ltd,sales@helzenergy.com,(86) 191-2067-3683,,,,2026-07-08 13:56:15.164117+00,2026-07-08 15:37:37.303214+00,"Guangdong Zhongke Hengyi Energy Technology Co., Ltd",,,,,Guangdong,China,https://helzenergy.net,,,"{Battery/Storage,China,""Solar PV""}",google,,{},Guangdong-based energy technology company producing battery storage products.,,,f,
3e036b73-419a-48fd-8228-723519f616a8,,Himmelsbach GmbH,info@himmelsbach.de,+49 7644 91120,,,,2026-07-08 13:56:19.242116+00,2026-07-08 15:37:37.303214+00,Himmelsbach GmbH,,,,,,Germany,https://www.himmelsbach.de,,,"{EPC/Installer,Germany}",google,,{},German company offering construction and installation services including solar systems.,,,f,
3e0c4d82-0cd8-4403-bf8a-32bb3ec2bbc9,,ST GmbH,energy.solutions@stengg.com,+491732777323,,,,2026-07-08 13:57:14.907104+00,2026-07-08 15:37:37.303214+00,ST Engineering Energy Solutions GmbH,,,,,,Germany,https://hubgen-solutions.com/,,,"{Developer/IPP,Germany,Grid}",google,,{},ST Engineering unit providing hybrid power and energy solutions for industrial and grid applications.,,,f,
3e203635-76bf-496d-bca4-ec84615cb5bb,,Open ZVEI,kathrin.renner@zvei.org,+49 151 2644 1904,,,,2026-07-08 13:56:46.666856+00,2026-07-08 15:37:37.303214+00,"Open Direct Current Alliance, a Working Party of ZVEI e.V.",,,,Frankfurt,,Germany,https://odca.zvei.org,,,"{Association,Germany,Grid}",google,,{},Working party of German electrical industry association ZVEI focused on direct current technology standards.,,,f,
3e2100f7-58c1-47ce-8233-f47322829bc1,,Bayerische Landesbank,,+49 89 217101,,,,2026-07-08 13:55:39.212978+00,2026-07-08 15:37:37.303214+00,Bayerische Landesbank,,,,Munich,Bavaria,Germany,https://www.bayernlb.de,,,"{Financing,Germany}",google,,{},German state bank providing corporate and project financing including energy projects.,,,f,
3e31f20d-bf59-4e6b-ae72-ef8fe512f97b,,XIAMEN LTD,admin@hugergy.com,+86 150 8032 7917,,,,2026-07-08 13:57:35.25904+00,2026-07-08 15:37:37.303214+00,"XIAMEN HUGE ENERGY STOCK CO.,LTD",,,,Xiamen,Fujian,China,https://www.hugergy.com,,,"{Battery/Storage,China}",google,,{},Xiamen-based manufacturer of energy storage battery products.,,,f,
3e3409f3-a164-49ea-83a1-c7f8e52b8153,,JIANGSU LTD,sales@oliterbattery.com,+86 514 84696888,,,,2026-07-08 13:56:27.72459+00,2026-07-08 15:37:37.303214+00,"JIANGSU OLITER ENERGY TECHNOLOGY CO.,LTD",,,,,Jiangsu,China,https://www.oliterbattery.com,,,"{Battery/Storage,China}",google,,{},Jiangsu-based manufacturer of lithium battery energy storage systems.,,,f,
3e3ce21e-e21b-43e8-9c20-7bf6f36daa64,,Alpha GmbH,contact@eu.alpha-ess.com,+49 6196 7863485,,,,2026-07-08 13:55:32.610727+00,2026-07-08 15:37:37.303214+00,Alpha ESS Europe GmbH,,,,,,Germany,https://eu.alphaess.com/,,,"{Battery/Storage,Germany,Residential}",google,,{},"European arm of Alpha ESS, supplying residential and commercial battery energy storage systems.",,,f,
3e438d23-650b-464d-8d6b-2a19856c2b40,,Sunerg Energy,info@sunergsolar.com,+39 075 8540018,,,,2026-07-08 13:57:16.676515+00,2026-07-08 15:37:37.303214+00,Sunerg Solar Energy S.r.l.,,,,,,Italy,https://www.sunergsolar.com,,,"{""Module Mfr"",Italy,""Solar PV""}",google,,{},Italian manufacturer of solar photovoltaic modules.,,,f,
3e45f5df-8da9-4feb-a9ab-259e31096d5d,,SoleFiori Company,sales@hongjunhjt.com,+86-756-8980626,,,,2026-07-08 13:57:12.478111+00,2026-07-08 15:37:37.303214+00,SoleFiori Technology Company,,,,,,China,https://www.hongjunhjt.com/en,,,"{""Module Mfr"",China,""Solar PV""}",google,,{},Chinese manufacturer of solar photovoltaic panels.,,,f,
3e4b4cc4-f0bc-45f1-89fd-02edfb745b8c,,DB GmbH,info@bahnbaugruppe.com,,,,,2026-07-08 13:55:51.785106+00,2026-07-08 15:37:37.303214+00,DB Bahnbau Gruppe GmbH,,,,Frankfurt,,Germany,https://www.bahnbaugruppe.de,,,"{EPC/Installer,Germany}",google,,{},Deutsche Bahn subsidiary providing railway construction and infrastructure engineering services.,,,f,
3e6d123c-35a8-4477-8d54-448e54e95c23,,EDF Limited,,,,,,2026-07-08 13:55:57.033978+00,2026-07-08 15:37:37.303214+00,EDF Trading  Limited,,,,London,,United Kingdom,https://www.edftrading.com,,,"{Utility,""United Kingdom"",Grid}",google,,{},"Energy trading arm of EDF Group, trading power, gas and environmental products.",,,f,
3e70e92e-0ca0-4c1d-b893-e87898fed47c,,Tesla,,+49 152 90005764,,,,2026-07-08 13:57:21.606573+00,2026-07-08 15:37:37.303214+00,Tesla,,,,Austin,Texas,United States,https://www.tesla.com/de,,,"{Battery/Storage,""United States"",""EV Charging""}",google,,{},"American manufacturer of electric vehicles, battery energy storage and solar products.",,,f,
3e7b2242-a8e0-4aca-8c03-e0ac65c0f9d4,,Sungrow Ltd.,xupeipei@sungrowpower.com,+86 400 119 7799,,,,2026-07-08 13:57:16.913433+00,2026-07-08 15:37:37.303214+00,"Sungrow Power Supply Co., Ltd.",,,,Hefei,Anhui,China,https://www.sungrowpower.com/en,,,"{""Inverter Mfr"",China,""Solar PV""}",google,,{},Chinese manufacturer of solar and storage inverters and power conversion equipment.,,,f,
3e88c850-72c6-4099-bf37-f0b3e3710b26,,E. GmbH,info@eurotec.team,+4949233162450,,,,2026-07-08 13:55:55.748259+00,2026-07-08 15:37:37.303214+00,E.u.r.o.Tec GmbH,,,,,,Germany,https://www.eurotec.team/,,,"{Cable/BOS,Germany,""Solar PV""}",google,,{},German manufacturer of fastening technology and screws used in solar mounting systems.,,,f,
3eb32511-714b-4ff7-9cae-808441563ae2,,Pylontech,sales@pylontech.com.cn,+86 21 51317699,,,,2026-07-08 13:56:53.451294+00,2026-07-08 15:37:37.303214+00,Pylontech,,,,Shanghai,,China,https://en.pylontech.com.cn,,,"{Battery/Storage,China,Residential}",google,,{},Chinese manufacturer of lithium battery energy storage systems for residential and commercial use.,,,f,
3ebf1c50-f36e-410c-8111-143263de2986,,GAZ Energy,katerina.rozenkova@gazenergy.cz,+420724913393,,,,2026-07-08 13:56:10.769197+00,2026-07-08 15:37:37.303214+00,GAZ Energy a.s.,,,,,,Czech Republic,https://www.gazenergy.cz,,,"{Distributor,""Czech Republic""}",google,,{},Czech company involved in energy and gas distribution and trading.,,,f,
3ef30244-d0f7-4a28-8485-d6cd8d3c7cfb,,Elli - a Group,marketing@elli.eco,+4915172393265,,,,2026-07-08 13:55:58.667673+00,2026-07-08 15:37:37.303214+00,Elli - a brand of the Volkswagen Group,,,,Berlin,,Germany,https://www.elli.eco,,,"{Software,Germany,""EV Charging""}",google,,{},Volkswagen Group brand providing EV charging software and hardware solutions.,,,f,
3f08b7c4-13e3-45e9-9ca8-42ae4b3fbc7e,,Klaer,,,,,,2026-07-08 13:56:32.271331+00,2026-07-08 15:37:37.303214+00,Klaer,,,,,,Germany,,,,"{Other,Germany}",google,,{},Company with no available website; classification based on limited contact information.,,,f,
3f478850-e8f8-4903-a654-98c19fcf1d68,,Nidec Conversion,info@nidec-industrial.com,+39 02 64451,,,,2026-07-08 13:56:43.237282+00,2026-07-08 15:37:37.303214+00,Nidec Conversion,,,,,,Italy,https://www.nidec-conversion.com,,,"{""Inverter Mfr"",Italy,Grid}",google,,{},Nidec division manufacturing power conversion systems and industrial drives.,,,f,
3f5d4c4c-f6fe-44e7-ba13-41c84b9941dc,,Entrix GmbH,hello@entrixenergy.com,,,,,2026-07-08 13:56:02.778922+00,2026-07-08 15:37:37.303214+00,Entrix GmbH,,,,Berlin,,Germany,https://www.entrixenergy.com,,,"{Software,Germany,Storage}",google,,{},German company providing software for energy trading and battery storage optimization.,,,f,
3f70f4e4-5405-4302-a595-313e030a6411,,DGS - Deutsche e.,info@dgs.de,+4930585823800,,,,2026-07-08 13:55:53.037723+00,2026-07-08 15:37:37.303214+00,DGS - Deutsche Gesellschaft für Sonnenenergie e. V.,,,,,,Germany,https://www.dgs.de,,,"{Association,Germany,""Solar PV""}",google,,{},German solar energy association promoting renewable and solar technology.,,,f,
3f75a15a-5d8e-4420-8abe-43fa951a3d56,,PROJEKTKANZLEI Solarenergie,post@projektkanzlei.eu,+4933181704704,,,,2026-07-08 13:56:52.162352+00,2026-07-08 15:37:37.303214+00,PROJEKTKANZLEI Kanzlei für Solarenergie,,,,,,Germany,https://www.projektkanzlei.eu,,,"{Consultancy,Germany,""Solar PV""}",google,,{},German legal/consulting firm specializing in solar energy projects.,,,f,
3fd88ee8-c2ac-4c10-8383-893ee457347c,,ARaymond GmbH,anna.steden@araymond.com,+49 7634 5080102,,,,2026-07-08 13:55:35.629448+00,2026-07-08 15:37:37.303214+00,ARaymond Fluid Connection Germany GmbH,,,,,,Germany,https://www.araymond.com,,,"{Cable/BOS,Germany}",google,,{},Manufactures fluid connection and fastening components for industrial applications.,,,f,
3fe35b57-161a-4cd8-a226-509b5ac43e91,,IMT GmbH,sales@imt-technology.com,+49 5151 4036991-0,,,,2026-07-08 13:56:23.235883+00,2026-07-08 15:37:37.303214+00,IMT Technology GmbH,,,,,,Germany,https://www.imt-technology.com,,,"{Testing/Certification,Germany}",google,,{},Technology company offering testing and measurement solutions.,,,f,
3ff7a8ab-23d1-4f6b-bf50-d10d0d10b848,,Shenzhen Ltd.,info@kehuasz.com,+86-755-28638889,,,,2026-07-08 13:57:05.231523+00,2026-07-08 15:37:37.303214+00,"Shenzhen Kehua Hengsheng Technology Co., Ltd.",,,,Shenzhen,,China,https://www.kehuasz.com,,,"{""Inverter Mfr"",China,""Solar PV""}",google,,{},Chinese manufacturer of power electronics and solar inverters (Kehua group).,,,f,
3ffb6a8e-9eb2-4406-bd28-64257fc3c878,,We GmbH,leopold.koch@we-love-x.com,+4917684227256,,,,2026-07-08 13:57:30.943619+00,2026-07-08 15:37:37.303214+00,We Love X GmbH,,,,,,Germany,,,,"{Other,Germany}",google,,{},German company with no public website; industry classification unavailable.,,,f,
4000ffca-c46d-4fcb-9d1e-cb61319f9342,,Bnovance Ltd,sales@bnovance.com,+86 15317228868,,,,2026-07-08 13:55:43.130869+00,2026-07-08 15:37:37.303214+00,"Bnovance Technology Co.,Ltd",,,,,,China,https://www.bnovance.com,,,"{Battery/Storage,China,Storage}",google,,{},Chinese manufacturer of energy storage battery systems.,,,f,
400ec003-5d5e-4880-ad21-f5d6d2008a94,,LG Solution,,,,,,2026-07-08 13:56:35.425438+00,2026-07-08 15:37:37.303214+00,LG Energy Solution,,,,Seoul,,South Korea,https://www.lgensol.com/en/,,,"{Battery/Storage,""South Korea"",Storage}",google,,{},Korean manufacturer of lithium-ion batteries for energy storage and EVs.,,,f,
402ef862-8ac4-4a82-b969-a15d6f3a37d7,,Van BV,info@valksolarsystems.com,+31174254999,,,,2026-07-08 13:57:27.208533+00,2026-07-08 15:37:37.303214+00,Van der Valk Solar Systems BV,,,,,,Netherlands,https://www.valksolarsystems.com,,,"{Mounting/Tracker,Netherlands,""Solar PV""}",google,,{},Dutch manufacturer of solar mounting systems.,,,f,
404127a9-a2f2-4da1-a864-ff5d65f814a1,,Delta (Netherlands),eisemea.marketing@deltaww.com,+31 (0)20 800 3900,,,,2026-07-08 13:55:52.487442+00,2026-07-08 15:37:37.303214+00,Delta Electronics (Netherlands) B.V.,,,,,,Netherlands,https://www.delta-emea.com/en-GB/index,,,"{""Inverter Mfr"",Netherlands,""Solar PV""}",google,,{},"Netherlands subsidiary of Delta Electronics, supplying solar inverters and power electronics.",,,f,
4044901a-c9ff-48dc-8787-86b5e66b2d5f,,DAH Ltd.,info@dahsolar.com,+400-861-6700,,,,2026-07-08 13:55:51.325916+00,2026-07-08 15:37:37.303214+00,"DAH Solar Co., Ltd.",,,,,,China,https://en.dahsolar.com,,,"{""Module Mfr"",China,""Solar PV""}",google,,{},Chinese manufacturer of photovoltaic solar modules.,,,f,
4074a22b-e8da-404b-9f32-8ac1727bb44c,,Jiangxi Ltd.,scott@jcnsolar.com,,,,,2026-07-08 13:56:28.683532+00,2026-07-08 15:37:37.303214+00,"Jiangxi JingChangNeng Technology Co. , Ltd.",,,,Jiangxi,,China,https://www.jcnsolar.com,,,"{""Module Mfr"",China,""Solar PV""}",google,,{},Chinese solar technology company (JCN Solar).,,,f,
4081da3e-c4af-46fc-a786-f65040ac0155,,PLEXLOG GmbH,a.sonntag@plexlog.de,+49 541 35731840,,,,2026-07-08 13:56:50.215356+00,2026-07-08 15:37:37.303214+00,PLEXLOG GmbH,,,,,,Germany,https://www.plexlog.de,,,"{Other,Germany,""Solar PV""}",google,,{},German logistics services company serving the solar industry.,,,f,
408b3a70-985a-4feb-abee-c558235f0f6e,,SolarBox Srl,sales01@solarbox.it,+393346058841,,,,2026-07-08 13:57:11.100129+00,2026-07-08 15:37:37.303214+00,SolarBox Srl,,,,,,Italy,https://www.solarbox.it,,,"{EPC/Installer,Italy,""Solar PV""}",google,,{},Italian company providing solar installation and mounting solutions.,,,f,
40d16b65-dd61-4897-8989-ff0bb137791c,,Green AB,robin@greenhero.com,+46707222882,,,,2026-07-08 13:56:12.687813+00,2026-07-08 15:37:37.303214+00,Green Hero AB,,,,,,Sweden,https://www.greenhero.com,,,"{EPC/Installer,Sweden,""Solar PV""}",google,,{},Swedish solar energy installation and services company.,,,f,
413e6407-5231-4314-b98c-fe88482e42a2,,GBP K.K.,contact@gbp-global.com,+81352444839,,,,2026-07-08 13:56:10.817698+00,2026-07-08 15:37:37.303214+00,GBP K.K.,,,,,,Japan,https://www.gbp-global.com,,,"{Other,Japan}",google,,{},Japanese company operating under the GBP global brand.,,,f,
414469d5-1483-46e3-a8e0-2a7ed5cecc44,,Revolta AG,j.mattheis@revolta.tech,+4915123259758,,,,2026-07-08 13:56:57.19415+00,2026-07-08 15:37:37.303214+00,Revolta AG,,,,,,Switzerland,https://revolta.tech,,,"{""EV Charging"",Switzerland}",google,,{},Swiss company providing EV charging technology solutions.,,,f,
4156e5bc-4850-4bd7-8dba-1707496fdc63,,LBB Sirketi,farnaz.mousavi@lbbtrade.com,+905010877213,,,,2026-07-08 13:56:34.408111+00,2026-07-08 15:37:37.303214+00,LBB Trade Makine Sanayi Ithalat Ihracat Limited Sirketi,,,,,,Turkey,https://www.lbbtrade.com,,,"{Distributor,Turkey,""Solar PV""}",google,,{},Turkish trading company importing and exporting machinery and solar equipment.,,,f,
4166976e-e60d-49e6-b40a-0c3242aed982,,novotegra GmbH,info@novotegra.com,+49 7071 989870,,,,2026-07-08 13:56:44.616544+00,2026-07-08 15:37:37.303214+00,novotegra GmbH,,,,,,Germany,http://www.novotegra.com,,,"{Mounting/Tracker,Germany,""Solar PV""}",google,,{},"German brand producing solar mounting systems, part of IBC Solar.",,,f,
41975489-3352-4657-87fa-8eb5bcbff467,,skejlo,marketing.md@acp.de,+49351646390,,,,2026-07-08 13:57:08.986634+00,2026-07-08 15:37:37.303214+00,skejlo,,,,,,Germany,https://www.skejlo.de,,,"{Other,Germany}",google,,{},German company brand associated with ACP group.,,,f,
41dac0fc-53a9-4f77-86cd-e3013530a237,,Axpo,info.deutschland@solar.axpo.com,+49 152 2776 4309,,,,2026-07-08 13:55:37.927817+00,2026-07-08 15:37:37.303214+00,Axpo,,,,,,Switzerland,https://www.axpo.com,,,"{Utility,Switzerland,""Solar PV""}",google,,{},Swiss energy utility with a dedicated solar business unit.,,,f,
41dc4ce4-02f3-43b4-8de4-61c4a77847a3,,KLZ GmbH,michael.bodemer@klz-cables.com,+4915146246798,,,,2026-07-08 13:56:32.353159+00,2026-07-08 15:37:37.303214+00,KLZ Vertriebs GmbH,,,,,,Germany,https://www.klz-cables.com,,,"{Cable/BOS,Germany,""Solar PV""}",google,,{},German distributor of solar cables and connectors.,,,f,
41e415a2-ccec-4e1f-8275-56041e502461,,Projektron GmbH,info@projektron.de,+49 30 34747640,,,,2026-07-08 13:56:52.208228+00,2026-07-08 15:37:37.303214+00,Projektron GmbH,,,,Berlin,,Germany,https://www.projektron.de,,,"{Software,Germany}",google,,{},German developer of project management software.,,,f,
41e57fe4-9ed2-49d6-b48d-eafde42a0830,,Jena GmbH,einkauf@jenabatteries.de,+4936418793526,,,,2026-07-08 13:56:26.579044+00,2026-07-08 15:37:37.303214+00,Jena Flow Batteries GmbH,,,,Jena,,Germany,https://www.jenaflowbatteries.de,,,"{Battery/Storage,Germany,Storage}",google,,{},German developer of flow battery energy storage technology.,,,f,
41ee066f-a5ed-43d0-a8c9-26ac4255abb2,,LS Ltd.,yjkwonb@ls-electric.com,+821052515141,,,,2026-07-08 13:56:36.337384+00,2026-07-08 15:37:37.303214+00,"LS Electric Co., Ltd.",,,,,,South Korea,https://www.ls-electric.com,,,"{""Inverter Mfr"",""South Korea"",""Solar PV""}",google,,{},Korean manufacturer of electrical equipment including solar inverters.,,,f,
420cef1b-eadb-4866-aa18-d16f9969ed51,,ChargeSim BV,aur@chargesim.com,+31648022204,,,,2026-07-08 13:55:47.010563+00,2026-07-08 15:37:37.303214+00,ChargeSim BV,,,,,,Netherlands,,,,"{Software,Netherlands,""EV Charging""}",google,,{},Provides simulation software for EV charging stations and infrastructure testing.,,,f,
420d4952-e1d1-4a3b-b3af-729dbba52ebf,,MES - FSP GmbH,david.guderian@fsp-ps.de,+49 2161 4952490,,,,2026-07-08 13:56:38.921777+00,2026-07-08 15:37:37.303214+00,MES - FSP Power Solution GmbH,,,,,,Germany,,,,"{Other,Germany}",google,,{},MES/FSP Power Solution provides power electronics and power supply solutions.,,,f,
423aa020-871e-45d7-84d3-689e48851a1b,,Jiangxi Ltd.,,,,,,2026-07-08 13:56:28.476713+00,2026-07-08 15:37:37.303214+00,"Jiangxi Chenrui Lithium Industry Co., Ltd.",,,,,,China,,,,"{Battery/Storage,China}",google,,{},Manufactures lithium materials for battery production.,,,f,
42429dc6-c74f-4ecd-a9d7-361795d68fe8,,Brightmerge Ltd.,jan.waldert@biz-gruppe.com,+491717301386,,,,2026-07-08 13:55:43.634898+00,2026-07-08 15:37:37.303214+00,Brightmerge Israel Ltd.,,,,,,Israel,https://www.brightmerge.com/,,,"{Software,Israel,Storage}",google,,{},Provides software solutions for energy storage optimization and trading.,,,f,
42889222-12fd-4b99-9a34-5505a81b026d,,JIANGSU LTD,feb@600869.com,+8651087240212,,,,2026-07-08 13:56:26.994703+00,2026-07-08 15:37:37.303214+00,"JIANGSU FAR EAST BATTERY  CO.,LTD",,,,,,China,https://www.febbattery.com,,,"{Battery/Storage,China}",google,,{},Manufactures lead-acid and lithium batteries.,,,f,
428c08c6-e9f4-4b67-9720-555ebb7efef9,,Upstream GmbH,,,,,,2026-07-08 13:57:26.564077+00,2026-07-08 15:37:37.303214+00,Upstream Security GmbH,,,,,,Germany,,,,"{Software,Germany}",google,,{},"Cybersecurity software provider, name suggests German operations of Upstream Security.",,,f,
428e2bce-44d6-4bc9-b276-a7b24f0923b1,,Araymond Energies,sergi.senet@araymond.com,+34 679 449009,,,,2026-07-08 13:55:35.581362+00,2026-07-08 15:37:37.303214+00,Araymond Energies,,,,,,France,https://www.araymond-energies.com/en,,,"{Cable/BOS,France}",google,,{},Manufactures fastening and connection solutions for energy applications.,,,f,
429e7dd8-840c-4663-86b5-442cc815d6b7,,Jiangsu Ltd.,service@worldlight.cn,+86-519-83898899,,,,2026-07-08 13:56:28.153871+00,2026-07-08 15:37:37.303214+00,"Jiangsu Worldlight New Material Co., Ltd.",,,,,,China,https://www.worldlight.cn/,,,"{Cable/BOS,China,""Solar PV""}",google,,{},Manufactures new materials for solar module encapsulation and backsheets.,,,f,
42ab3865-36bd-4335-99f1-8c0b5074aece,,OpenADR Alliance,info@openadr.org,+19253360239,,,,2026-07-08 13:56:46.712014+00,2026-07-08 15:37:37.303214+00,OpenADR Alliance,,,,,,United States,https://www.openadr.org,,,"{Association,""United States"",Grid}",google,,{},Industry alliance promoting Open Automated Demand Response standards.,,,f,
42b9da8d-a9f7-4622-b6b5-20f094beba56,,Shenzhen Ltd.,,,,,,2026-07-08 13:57:05.40082+00,2026-07-08 15:37:37.303214+00,"Shenzhen Landshr Electric Technology Co.,Ltd.",,,,Shenzhen,,China,https://www.landshr.com,,,"{""Inverter Mfr"",China}",google,,{},Manufactures electric power and inverter technology products.,,,f,
42cbae32-12d9-4ad6-aa96-aac3aac48d06,,REPSUN Ltd,enquiry@xierli.com,86-20-34923866,,,,2026-07-08 13:56:56.960421+00,2026-07-08 15:37:37.303214+00,"REPSUN Lightning Protection Co., Ltd",,,,,,China,https://www.repsun.com.cn,,,"{Cable/BOS,China,""Solar PV""}",google,,{},Manufactures lightning protection systems for solar and industrial applications.,,,f,
42efff05-d3f0-411f-8b48-b767ea31c8b6,,BAODING LTD,commerce.gs@yingligroup.com,+86 0312 7510221,,,,2026-07-08 13:55:38.653685+00,2026-07-08 15:37:37.303214+00,"BAODING JIASHENG PHOTOVOLTAIC TECHNOLOGY CO., LTD",,,,Baoding,,China,https://www.gainsolarbipv.com,,,"{""Module Mfr"",China,""Solar PV""}",google,,{},Manufactures BIPV (building-integrated photovoltaic) modules.,,,f,
42f6e598-0b84-4cce-a99c-3b68953f243e,,SD Verdia,info@sdverdia.com,+34932400200,,,,2026-07-08 13:57:00.960809+00,2026-07-08 15:37:37.303214+00,SD Verdia,,,,,,Spain,https://www.sdverdia.com,,,"{Developer/IPP,Spain}",google,,{},Renewable energy project development company.,,,f,
4340d43d-d5d7-4f25-b30e-7901450ecb81,,Shenzhen Ltd.,arlene@rpt-power.com,,,,,2026-07-08 13:57:05.995202+00,2026-07-08 15:37:37.303214+00,"Shenzhen Renergy Power Technology Co.,Ltd.",,,,Shenzhen,,China,https://www.rpt-battery.com,,,"{Battery/Storage,China}",google,,{},Manufactures battery power products for energy storage.,,,f,
436fb42f-a3cc-4b3f-899b-793515d7f434,,U Ltd.,uenergy@uenergy.co.kr,+82617517637,,,,2026-07-08 13:57:25.647935+00,2026-07-08 15:37:37.303214+00,"U Energy Co., Ltd.",,,,,,South Korea,https://uenergy.co.kr/,,,"{Battery/Storage,""South Korea""}",google,,{},Provides energy storage and power solutions.,,,f,
437f2afd-fc78-4a8a-8384-4b0c4e244c9b,,SKYWORTH PV（Solavita）,solar.overseas@skyworth.com,0755-27357863,,,,2026-07-08 13:56:27.913699+00,2026-07-08 15:37:37.303214+00,SKYWORTH PV（Solavita）,,,,,,China,https://www.skyworth-pv.com/,,,"{""Module Mfr"",China,""Solar PV""}",google,,{},SKYWORTH PV/Solavita manufactures solar modules and energy storage products.,,,f,
43917591-a099-4874-85ea-6c56c657cad5,,MIRA GMBH,bianca.barbu@miratechnologies.ro,,,,,2026-07-08 13:56:39.783728+00,2026-07-08 15:37:37.303214+00,MIRA Technologies GMBH,,,,,,Austria,https://www.miratechnologies.at,,,"{Other,Austria}",google,,{},Technology consulting and services company.,,,f,
43aa6863-34dd-4448-8c51-8c2b88dc2199,,Polyshine Ltd,sales@pcsj.com.cn,+86-400-888-6939,,,,2026-07-08 13:56:50.499413+00,2026-07-08 15:37:37.303214+00,"Polyshine Solar Co.,Ltd",,,,,,China,https://www.polyshinesolar.com,,,"{Cable/BOS,China,""Solar PV""}",google,,{},Manufactures solar backsheet and encapsulant materials.,,,f,
43d08c35-cd3d-4a04-978a-f87d1810d9a3,,Polish Association,biuro@psme.org.pl,+48516792529,,,,2026-07-08 13:56:50.450886+00,2026-07-08 15:37:37.303214+00,Polish Energy Storage Association,,,,,,Poland,https://psme.org.pl/en/home/,,,"{Association,Poland,Storage}",google,,{},National association promoting energy storage industry in Poland.,,,f,
43dfeb4b-1001-4ad2-a7a9-e0c12bf35c8e,,Ohme Limited,anne.glomb@ohme-ev.com,+4917630565007,,,,2026-07-08 13:56:45.964616+00,2026-07-08 15:37:37.303214+00,Ohme Operations Ireland Limited,,,,,,Ireland,https://ohme-ev.com,,,"{Other,Ireland,""EV Charging""}",google,,{},Provides smart EV charging solutions and services.,,,f,
440d8dac-262e-447f-a488-788915a894bb,,Novar,,,,,,2026-07-08 13:56:44.569114+00,2026-07-08 15:37:37.303214+00,Novar,,,,,,United Kingdom,,,,"{Other,""United Kingdom""}",google,,{},Building energy and controls solutions provider.,,,f,
4416b4bf-0f02-4b51-a066-b48e41f54176,,Rasche GmbH,info@rasche-wessler.de,+495464967990,,,,2026-07-08 13:56:55.082919+00,2026-07-08 15:37:37.303214+00,Rasche &amp; Weßler GmbH,,,,,,Germany,https://www.rasche-wessler.de,,,"{EPC/Installer,Germany}",google,,{},Electrical installation and engineering services company.,,,f,
44204936-d2fd-4e73-8146-029baad8274d,,xFusion Ltd.,partner@xfusion.com,400-080-6888,,,,2026-07-08 13:57:34.211889+00,2026-07-08 15:37:37.303214+00,"xFusion Digital Technologies Co., Ltd.",,,,,,China,https://www.xfusion.com,,,"{Other,China}",google,,{},Provides data center and computing infrastructure products.,,,f,
4427eda1-7547-48e2-9b91-0a1a77e50112,,Ib A/S,iai@iai.dk,+45 63 382222,,,,2026-07-08 13:56:22.586131+00,2026-07-08 15:37:37.303214+00,Ib Andresen Industri A/S,,,,,,Denmark,https://www.iai.dk,,,"{Mounting/Tracker,Denmark}",google,,{},Manufactures steel components and structures including mounting systems.,,,f,
4442fd22-8f49-4567-b0af-d322227d1558,,ILVIEF S.A.,markopoulou@ilvief.gr,+30 2421 440800,,,,2026-07-08 13:56:23.099703+00,2026-07-08 15:37:37.303214+00,ILVIEF S.A.,,,,,,Greece,https://www.ilvief.com,,,"{Other,Greece}",google,,{},"Provides business services in Greece, sector unclear from name.",,,f,
4445c1ec-7b96-4308-8792-dc118ca8a629,,Profilodomi SA,sales@profilodomi.solar,+30 2421 084000,,,,2026-07-08 13:56:52.02829+00,2026-07-08 15:37:37.303214+00,Profilodomi SA,,,,,,Greece,https://www.profilodomi.solar,,,"{EPC/Installer,Greece,""Solar PV""}",google,,{},Solar PV installer/distributor operating under the profilodomi.solar domain.,,,f,
4447b696-3948-4771-9117-fb726927291c,,ALUMERO GmbH,alumero@alumero.at,+43 6217 68410,,,,2026-07-08 13:55:32.892899+00,2026-07-08 15:37:37.303214+00,ALUMERO Systematic Solutions GmbH,,,,,,Austria,https://www.alumerogroup.eu,,,"{Mounting/Tracker,Austria}",google,,{},Supplies aluminium profile and mounting system solutions.,,,f,
444b954e-ec5e-40a2-914e-da023eb308e6,,Ganzhou Ltd,,+86 0769-4459520,,,,2026-07-08 13:56:10.451942+00,2026-07-08 15:37:37.303214+00,"Ganzhou Comking Electrical Equipment Co., Ltd",,,,Ganzhou,,China,https://www.comkingpower.com,,,"{Cable/BOS,China}",google,,{},"Manufactures electrical equipment and components, based in Ganzhou.",,,f,
444dd6c7-8abf-4090-9816-a16c03fb74c7,,Solidstudio z,gabriela.stawiarska@solidstudio.io,+48788040424,,,,2026-07-08 13:57:12.851143+00,2026-07-08 15:37:37.303214+00,Solidstudio SP. z o.o.,,,,,,Poland,https://www.solidstudio.io,,,"{Software,Poland}",google,,{},Software and digital product design studio.,,,f,
44604146-f764-4bcd-98c0-065f46aaea29,,DEFA AS,marketing@defa.com,+4797063991,,,,2026-07-08 13:55:51.971877+00,2026-07-08 15:37:37.303214+00,DEFA AS,,,,,,Norway,https://www.defa.com/de/ladegerate-fuer-e-fahrzeuge/,,,"{Other,Norway,""EV Charging""}",google,,{},Manufactures EV charging equipment and vehicle electronics.,,,f,
44721b40-7471-40ff-bf1e-e00fc8f6de1a,,VOLTFACTORY GmbH,office@voltfactorygroup.com,+ 43 7213 20400,,,,2026-07-08 13:57:29.61731+00,2026-07-08 15:37:37.303214+00,VOLTFACTORY GmbH,,,,,,Germany,https://www.voltfactorygroup.com,,,"{Distributor,Germany,""Solar PV""}",google,,{},Distributes solar and energy storage system components.,,,f,
4472d058-647b-474f-9815-40321f72705f,,Perific,info@perific.com,+46856486060,,,,2026-07-08 13:56:48.748035+00,2026-07-08 15:37:37.303214+00,Perific,,,,,,Sweden,https://www.perific.com,,,"{Testing/Certification,Sweden,Storage}",google,,{},Provides battery and energy storage testing services.,,,f,
4488e3b6-80fe-4993-9560-7b433fd313db,,VDE GmbH,vde-institut@vde.com,+49 698 3060,,,,2026-07-08 13:57:27.52785+00,2026-07-08 15:37:37.303214+00,VDE Prüf- und Zertifizierungsinstitut GmbH,,,,Offenbach,,Germany,https://www.vde.com/institut,,,"{Testing/Certification,Germany}",google,,{},VDE testing and certification institute for electrical and electronic products.,,,f,
4489fef2-94ff-4d4a-91d5-a222c4d0142c,,BLOCK GmbH,jens.kramer@block.eu,+4942316780,,,,2026-07-08 13:55:42.537806+00,2026-07-08 15:37:37.303214+00,BLOCK Transformatoren-Elektronik GmbH,,,,Verl,,Germany,https://www.block.eu,,,"{Cable/BOS,Germany}",google,,{},Manufactures transformers and power electronics components.,,,f,
449c43db-f5a6-4e77-946c-103c2c81e50c,,Virtual AG,info@vgt.energy,+41 62 5212121,,,,2026-07-08 13:57:28.726051+00,2026-07-08 15:37:37.303214+00,Virtual Global Trading AG,,,,,,Switzerland,https://www.vgt.energy,,,"{Distributor,Switzerland,""Solar PV""}",google,,{},Energy commodity and equipment trading company.,,,f,
44bce6b6-aacb-4331-98d5-7a9e1481068a,,Conexio-PSE GmbH,,+49 7231 58598 188,,,,2026-07-08 13:55:49.86042+00,2026-07-08 15:37:37.303214+00,Conexio-PSE GmbH,,,,,,Germany,,,,"{Consultancy,Germany}",google,,{},PV industry consultancy and event organizer (site/domain unavailable).,,,f,
44c1f75e-1f10-4436-a264-4801ef69f064,,Eastron Limited,kevin.ackland@eastroneurope.com,+447380101247,,,,2026-07-08 13:55:56.037894+00,2026-07-08 15:37:37.303214+00,Eastron Europe Limited,,,,,,United Kingdom,https://eastron.europe.co.uk,,,"{Metering/Monitoring,""United Kingdom""}",google,,{},Distributes electricity meters and energy monitoring devices in Europe.,,,f,
44e16d44-b48e-429d-aace-3e56e0853932,,INNTEA S.p.A,sales@inntea.it,+39 0350400300,,,,2026-07-08 13:56:24.114942+00,2026-07-08 15:37:37.303214+00,INNTEA S.p.A,,,,,,Italy,https://www.inntea.it,,,"{EPC/Installer,Italy,""Solar PV""}",google,,{},Provides solar EPC and operations & maintenance services.,,,f,
45176d20-2148-4fa0-a921-f726f4ed2d24,,ArcelorMittal Solutions,kenya.palacios@arcelormittal.com,+34669212036,,,,2026-07-08 13:55:35.727787+00,2026-07-08 15:37:37.303214+00,ArcelorMittal Building Solutions,,,,Luxembourg,,Luxembourg,https://www.buildingsolutions.arcelormittal.com,,,"{Mounting/Tracker,Luxembourg,C&I}",google,,{},Supplies steel building envelope and roofing solutions incl. solar mounting.,,,f,
453b395c-9f35-404b-9e5f-df4181558d9e,,Arch Corporation,carolyn@archmeter.com,+88635631359,,,,2026-07-08 13:55:35.826083+00,2026-07-08 15:37:37.303214+00,Arch Meter Corporation,,,,,,Taiwan,https://www.archmeter.com,,,"{Metering/Monitoring,Taiwan}",google,,{},Manufactures electricity and energy meters.,,,f,
4549d56f-2ddf-4430-a059-b5fa786d6ed6,,Netzkontor GmbH,marketing@netzkontor.de,+49 (0) 30 300 149 3416,,,,2026-07-08 13:56:42.603295+00,2026-07-08 15:37:37.303214+00,Netzkontor GmbH,,,,,,Germany,https://www.netzkontor.de,,,"{Consultancy,Germany,Grid}",google,,{},Grid and energy infrastructure planning consultancy.,,,f,
454a0cfc-1e4a-4012-8acd-119de4ef4178,,PVOP,pvop@fundingbox.com,,,,,2026-07-08 13:56:53.238137+00,2026-07-08 15:37:37.303214+00,PVOP,,,,Brussels,,Belgium,https://pvop.eu/,,,"{Research/Academic,Belgium,""Solar PV""}",google,,{},EU-funded PV research and innovation project/consortium.,,,f,
4555b863-8c52-4724-b334-db0f499047df,,Voltronic Corp.,vivian@voltronic.com.tw,+886 2 27918296,,,,2026-07-08 13:57:29.791289+00,2026-07-08 15:37:37.303214+00,Voltronic Power Technology Corp.,,,,,,Taiwan,https://www.voltronicpower.com,,,"{""Inverter Mfr"",Taiwan}",google,,{},Manufactures inverters and UPS power electronics.,,,f,
455a33bd-ad89-4d44-bfaf-af778201414e,,Localiser GmbH,info@localiser.de,+4930202373413,,,,2026-07-08 13:56:36.114196+00,2026-07-08 15:37:37.303214+00,Localiser RLI GmbH,,,,,,Germany,https://www.localiser.de/standortplanung,,,"{Software,Germany}",google,,{},Provides site location planning software and data services.,,,f,
456f7b2f-3657-4b5a-b281-a265fb623f32,,Salukat,,+4915255887926,,,,2026-07-08 13:56:59.772805+00,2026-07-08 15:37:37.303214+00,Salukat,,,,,,Germany,https://klino.salukat.com/,,,"{Software,Germany}",google,,{},Provides a digital platform (Klino) for building/energy management.,,,f,
4575d5bd-7f55-4da4-ae8c-f3c085a4cff3,,Hitachi Ltd.,info@hitachienergy.com,+41435500452,,,,2026-07-08 13:56:19.343566+00,2026-07-08 15:37:37.303214+00,Hitachi Energy Ltd.,,,,Zurich,,Switzerland,https://hitachienergy.com,,,"{Other,Switzerland,Grid}",google,,{},Manufactures power grid technology including transformers and switchgear.,,,f,
45b6d967-dccc-4a65-89fc-89e4898e0d8b,,REFU GmbH,info@refu.com,+49 7121 4332,,,,2026-07-08 13:56:55.864172+00,2026-07-08 15:37:37.303214+00,REFU Elektronik GmbH,,,,,,Germany,https://www.refu.com,,,"{""Inverter Mfr"",Germany}",google,,{},Manufactures power electronics and inverters.,,,f,
45e0abc2-5056-46e4-8093-98ed52543894,,Jiangsu Ltd,2364837702@qq.com,+8613585355666,,,,2026-07-08 13:56:27.400685+00,2026-07-08 15:37:37.303214+00,"Jiangsu Huyue Standard Parts Co., Ltd",,,,,,China,https://www.czhybzj.com,,,"{Cable/BOS,China}",google,,{},Manufactures standard fasteners and parts for mounting hardware.,,,f,
45e9381d-1b6f-4138-8605-6d25a6bffc6c,,Harald GmbH,info@flexad.de,+49 6458 913460,,,,2026-07-08 13:56:17.108603+00,2026-07-08 15:37:37.303214+00,Harald Böhl GmbH,,,,,,Germany,https://www.flexad.de,,,"{Other,Germany}",google,,{},Provides advertising/marketing agency services under brand flexad.,,,f,
45f64b9b-24d9-4138-ad9f-66e899ecf4b0,,SPM GmbH,info@s-p-m-gmbh.de,+49 7940 9311650,,,,2026-07-08 13:57:14.769636+00,2026-07-08 15:37:37.303214+00,SPM GmbH,,,,,,Germany,https://www.s-p-m-gmbh.de,,,"{Other,Germany}",google,,{},Engineering/services company; specific product line unclear from name.,,,f,
46162dac-3d53-4119-8da0-42163ac5b9d7,,alitiq GmbH,info@alitiq.com,+49 821 999 684 90,,,,2026-07-08 13:55:32.461822+00,2026-07-08 15:37:37.303214+00,alitiq GmbH,,,,Bavaria,,Germany,https://www.alitiq.com,,,"{Software,Germany,""Solar PV""}",google,,{},Provides weather forecasting and data software for renewable energy asset management.,,,f,
463d11be-e9c1-4674-b0a1-7d96930ad5ed,,Energy2market GmbH,servicecenter@e2m.energy,+49 341 23028402,,,,2026-07-08 13:56:01.274892+00,2026-07-08 15:37:37.303214+00,Energy2market GmbH,,,,Leipzig,,Germany,https://www.e2m.energy,,,"{Software,Germany,Grid}",google,,{},Virtual power plant operator and direct marketer of renewable energy in Germany.,,,f,
46697d12-c706-4a2a-8417-bae6a7b4f44b,,ClickCon KG,info@clickcon.eu,+49 761 70599931,,,,2026-07-08 13:55:48.463028+00,2026-07-08 15:37:37.303214+00,ClickCon GmbH &amp; Co. KG,,,,,,Germany,https://www.clickcon.eu,,,"{Cable/BOS,Germany}",google,,{},Manufactures cable and connector solutions for solar and electrical installations.,,,f,
46837319-401b-4b4a-9a3b-4efff49a6df8,,Shenzhen Ltd,brand@sinexcel.com,400-0055-776,,,,2026-07-08 13:57:06.277985+00,2026-07-08 15:37:37.303214+00,Shenzhen Sinexcel Electric Co. Ltd,,,,Shenzhen,Guangdong,China,https://en.sinexcel.com/,,,"{""Inverter Mfr"",China,Storage}",google,,{},Manufactures power conversion systems and inverters for energy storage applications.,,,f,
468d1ae9-21b9-4686-92b2-2a20b9038f03,,Shanghai Ltd.,info@sermatec-ess.com,+86-4008738588,,,,2026-07-08 13:57:02.812718+00,2026-07-08 15:37:37.303214+00,Shanghai Sermatec Energy Technology Co. Ltd.,,,,Shanghai,,China,https://www.sermatec-ess.com,,,"{Battery/Storage,China}",google,,{},Develops and manufactures energy storage systems and battery products.,,,f,
468f2692-3c77-46ef-8e68-c7165e34ed9e,,Elevion Group,marketing@eleviongroup.com,+31643639377,,,,2026-07-08 13:55:58.52343+00,2026-07-08 15:37:37.303214+00,Elevion Group B.V.,,,,,,Netherlands,https://www.eleviongroup.com,,,"{EPC/Installer,Netherlands,""Solar PV""}",google,,{},Group of companies installing solar PV and technical building services.,,,f,
46994718-d017-4db6-b96a-0b7fc1a284da,,DTN,salesweathersystems@dtn.com,+34610160761,,,,2026-07-08 13:55:55.040323+00,2026-07-08 15:37:37.303214+00,DTN,,,,Minneapolis,Minnesota,United States,https://www.dtn.com/weather/weather-and-environmental-solutions,,,"{Software,""United States""}",google,,{},Provides weather and environmental data solutions including for energy markets.,,,f,
46c6bdf8-dff4-49fc-af06-ae98f7fae6c4,,PV aisbl,info@pvcycle.org,+32 2 8807250,,,,2026-07-08 13:56:52.770433+00,2026-07-08 15:37:37.303214+00,PV CYCLE aisbl,,,,Brussels,,Belgium,https://www.pvcycle.org,,,"{Association,Belgium,""Solar PV""}",google,,{},Industry association coordinating collection and recycling of end-of-life PV panels.,,,f,
46c8ac7e-7606-4901-b703-e21f21a2184a,,Suzhou Ltd.,horad@horadgroup.com,+86 0512-52566788,,,,2026-07-08 13:57:18.205541+00,2026-07-08 15:37:37.303214+00,"Suzhou HORAD New Energy Equipment Co., Ltd.",,,,Suzhou,Jiangsu,China,https://www.horadgroup.com,,,"{Testing/Certification,China,""Solar PV""}",google,,{},Supplies production and testing equipment for solar module manufacturing.,,,f,
46d765da-f89d-4289-a7bc-27d1f4796bc1,,PROJOY LTD,sales@projoy-electric.com,+86-512-6878 6489,,,,2026-07-08 13:56:52.253261+00,2026-07-08 15:37:37.303214+00,"PROJOY ELECTRIC CO.,LTD",,,,,,China,https://www.projoy-electric.com,,,"{Cable/BOS,China}",google,,{},Manufactures electrical connectors and cable accessories for solar systems.,,,f,
46efa045-71e7-457b-bd65-95078b4c0253,,PEM GmbH,s.reich@pem-motion.com,+49 241 80 1,,,,2026-07-08 13:56:48.698919+00,2026-07-08 15:37:37.303214+00,PEM Motion GmbH,,,,Aachen,,Germany,https://www.pem-motion.com,,,"{Consultancy,Germany,Hydrogen}",google,,{},Engineering consultancy specializing in fuel cell and hydrogen technology development.,,,f,
46f3f376-7e50-4614-8585-1db00ee904f0,,Microquanta Ltd.,communication@microquanta.com,+8657157897958,,,,2026-07-08 13:56:39.370086+00,2026-07-08 15:37:37.303214+00,"Microquanta Semiconductor (Zhejiang) Co., Ltd.",,,,Jiaxing,Zhejiang,China,https://www.microquanta.com,,,"{""Cell/Wafer Mfr"",China,""Solar PV""}",google,,{},Manufactures perovskite and thin-film solar cells.,,,f,
47566b37-2db0-49c2-9bcb-997e7522a9ef,,eaaze GmbH,ludwig.storch@eaaze.de,+4925137809780,,,,2026-07-08 13:55:55.838398+00,2026-07-08 15:37:37.303214+00,eaaze GmbH,,,,,,Germany,https://eaaze.de,,,"{Software,Germany}",google,,{},Provides digital software solutions for the energy sector.,,,f,
4773cfe4-d912-48b9-9bf6-b3b324d4f62c,,Phytonics GmbH,info@phytonics.tech,+49 7247 9509210,,,,2026-07-08 13:56:49.449049+00,2026-07-08 15:37:37.303214+00,Phytonics GmbH,,,,,,Germany,https://www.phytonics.tech,,,"{Research/Academic,Germany,""Solar PV""}",google,,{},Develops advanced materials technology for photovoltaic applications.,,,f,
4792b542-4714-444d-9a78-9b93b2a49c05,,Premier Limited,mohitchawla319@gmail.com,+917016392138,,,,2026-07-08 13:56:51.812542+00,2026-07-08 15:37:37.303214+00,Premier Energies International Private Limited,,,,Hyderabad,Telangana,India,https://www.premierenergies.com,,,"{""Cell/Wafer Mfr"",India,""Solar PV""}",google,,{},Manufactures solar cells and modules in India.,,,f,
4797357c-6c19-4bd5-a7df-1a35ac091644,,SK AG,accounts@skve.de,+499412082860,,,,2026-07-08 13:57:08.893852+00,2026-07-08 15:37:37.303214+00,SK Verbundenergie AG,,,,Bad Vilbel,Hesse,Germany,https://www.skve.de,,,"{Developer/IPP,Germany,""Solar PV""}",google,,{},"Develops, finances and operates renewable energy plants in Germany.",,,f,
47ad1126-4b89-4ca3-a89e-46d5bbf23a30,,OSW GreenSketch,sales.nl@osw.energy,+31852465700,,,,2026-07-08 13:56:47.442109+00,2026-07-08 15:37:37.303214+00,OSW Netherlands B.V &amp; GreenSketch,,,,,,Netherlands,https://osw.energy/nl/,,,"{EPC/Installer,Netherlands,""Solar PV""}",google,,{},Provides solar energy engineering and installation services in the Netherlands.,,,f,
47aef62c-9f07-4318-988a-1fd94e1d675b,,Rolls-Royce GmbH,info@ps.rolls-royce.com,+49 7541 90 77777,,,,2026-07-08 13:56:58.05178+00,2026-07-08 15:37:37.303214+00,Rolls-Royce Solutions GmbH,,,,Friedrichshafen,Baden-Wurttemberg,Germany,https://www.mtu-solutions.com,,,"{Other,Germany}",google,,{},Manufactures MTU power generation and distributed energy systems.,,,f,
47ba1f23-8ea6-4786-8ccf-1ec9be668cd3,,ELECTRONICON GmbH,info@electronicon.com,+493657346100,,,,2026-07-08 13:55:58.192393+00,2026-07-08 15:37:37.303214+00,ELECTRONICON Kondensatoren GmbH,,,,Gera,Thuringia,Germany,https://www.electronicon.com,,,"{Cable/BOS,Germany}",google,,{},Manufactures capacitors used in power electronics and renewable energy equipment.,,,f,
47c4f4af-e619-44b2-83f5-6bdd4097e74e,,TURKISH EXCHANGE,yansanayi@ito.org.tr,+9021245560000,,,,2026-07-08 13:57:25.14514+00,2026-07-08 15:37:37.303214+00,TURKISH SUBCONTRACTING AND PARTNERSHIP EXCHANGE,,,,Istanbul,,Turkey,https://www.ito.org.tr,,,"{Association,Turkey}",google,,{},Turkish chamber facilitating industrial subcontracting and partnership exchange.,,,f,
48294962-7a13-4eda-b0b4-374627bac9bb,,Energy GmbH,info@energypartners.de,+49 861 20929900,,,,2026-07-08 13:56:00.863602+00,2026-07-08 15:37:37.303214+00,Energy Partners GmbH,,,,,,Germany,https://www.energypartners.de,,,"{Consultancy,Germany}",google,,{},Provides consulting services for the energy industry in Germany.,,,f,
483ba6c7-9361-43a7-adfa-ddf2868fe471,,Zhejiang Ltd.,info@magtron.com.cn,+86-0573 8266 0100,,,,2026-07-08 13:57:39.151865+00,2026-07-08 15:37:37.303214+00,"Zhejiang Magtron Intelligent Technology Co., Ltd.",,,,,Zhejiang,China,https://www.magtronworld.com/,,,"{Cable/BOS,China}",google,,{},Manufactures magnetic and electronic components for power applications.,,,f,
4891800b-6d45-4fa2-a157-ab82f541b628,,Relibell mbH,info@relibell.de,+4936171013460,,,,2026-07-08 13:56:56.167204+00,2026-07-08 15:37:37.303214+00,Relibell Zertifizierungsgesellschaft mbH,,,,,,Germany,https://www.relibell.de/,,,"{Testing/Certification,Germany}",google,,{},Provides certification and testing services for electrical products.,,,f,
48b9f36a-0416-430b-8091-f68fd01edb7c,,HANGZHOU LTD.,,+86 0571-85373365,,,,2026-07-08 13:56:16.84528+00,2026-07-08 15:37:37.303214+00,"HANGZHOU KGOOER ELECTRONIC TECHNOLOGY CO., LTD.",,,,Hangzhou,Zhejiang,China,https://www.kgooer.com,,,"{""Inverter Mfr"",China}",google,,{},Manufactures power electronics including inverters and chargers.,,,f,
48e65922-68fe-4da4-8a0c-ae3c99d63a17,,DH Technologies,info@dhevtech.com,+86-13177784165,,,,2026-07-08 13:55:53.082389+00,2026-07-08 15:37:37.303214+00,DH Technologies,,,,,,China,https://www.dhevtech.com,,,"{Other,China,""EV Charging""}",google,,{},Develops electric vehicle technology and related power electronics.,,,f,
48fab2c2-e952-4329-8eee-4077652e2fde,,Afore Ltd,info@aforenergy.com,+86-21-54326236,,,,2026-07-08 13:55:31.261942+00,2026-07-08 15:37:37.303214+00,"Afore New Energy Technology (Shanghai) Co., Ltd",,,,Shanghai,,China,https://www.aforenergy.com,,,"{""Inverter Mfr"",China,""Solar PV""}",google,,{},Chinese manufacturer of solar string inverters and energy storage inverters.,,,f,
4928a992-efce-40ab-8421-2d3709f60039,,Adiwatt,info@adiwatt.com,+33 254 233990,,,,2026-07-08 13:55:30.824469+00,2026-07-08 15:37:37.303214+00,Adiwatt,,,,,,France,https://www.adiwatt.com,,,"{Software,France,""Solar PV""}",google,,{},Energy technology company offering smart energy management solutions.,,,f,
4957cab1-7124-4164-b559-ffb569a5499a,,USLU AS,yilmabasar@uslucsm.com,+905317351449,,,,2026-07-08 13:57:26.695884+00,2026-07-08 15:37:37.303214+00,USLU CSM DEMIR CELIK AS,,,,,,Turkey,https://uslusolar.com/tr/,,,"{Mounting/Tracker,Turkey,""Solar PV""}",google,,{},Turkish steel manufacturer producing solar PV mounting and tracker structures.,,,f,
495fbaba-eb46-43b7-b66a-ce2e213e1947,,wibutler - DBT KG,info@wibutler.com,+492511498160,,,,2026-07-08 13:57:32.297223+00,2026-07-08 15:37:37.303214+00,wibutler - DBT Digital Building Technology GmbH &amp; Co. KG,,,,,,Germany,https://www.wibutler.com,,,"{Software,Germany,Grid}",google,,{},German company providing digital smart home and energy management platform.,,,f,
496433e8-b399-4e47-ba98-09df93d1d033,,metergrid GmbH,info@metergrid.de,+4971189989960,,,,2026-07-08 13:56:39.058837+00,2026-07-08 15:37:37.303214+00,metergrid GmbH,,,,,,Germany,https://www.metergrid.de,,,"{Metering/Monitoring,Germany,""Solar PV""}",google,,{},German provider of smart metering and energy monitoring software.,,,f,
4978f55b-6690-4d3e-8d44-fa50914cd849,,Kumandra KG,info@kumandra.de,+4986123083020,,,,2026-07-08 13:56:33.386766+00,2026-07-08 15:37:37.303214+00,Kumandra Energy GmbH &amp; Co. KG,,,,,,Germany,https://www.kumandra.de,,,"{Consultancy,Germany}",google,,{},German energy consultancy and project development firm.,,,f,
498fb7bb-ee20-48ff-9794-60164cfa8ef7,,Ritz GmbH,,,,,,2026-07-08 13:56:57.698323+00,2026-07-08 15:37:37.303214+00,Ritz Instrument Transformers GmbH,,,,,,Germany,https://www.ritz-international.com,,,"{Metering/Monitoring,Germany}",google,,{},German manufacturer of instrument transformers for metering and grid applications.,,,f,
49a6de2c-d733-4b9f-9282-3de40edf33c4,,SolarSpace Ltd.,contact@solarspace.com,+86-516-68000566,,,,2026-07-08 13:57:12.108102+00,2026-07-08 15:37:37.303214+00,"SolarSpace Technology (Xuzhou) Co.,Ltd.",,,,Xuzhou,,China,https://www.solarspace.com,,,"{Mounting/Tracker,China,""Solar PV""}",google,,{},Chinese manufacturer of solar mounting and tracking systems.,,,f,
49aedd79-b248-4581-9759-569684a11679,,toolmacher - David Rettenbacher,office@toolmacher.com,+436642493069,,,,2026-07-08 13:57:23.060002+00,2026-07-08 15:37:37.303214+00,toolmacher - David Rettenbacher,,,,,,Austria,https://toolmacher.com,,,"{Other,Austria}",google,,{},Austrian small business offering tooling or technical services.,,,f,
49c8ac2e-412d-49de-87d5-5aa631fef630,,Fraunhofer IOSB-AST,kontakt@iosb-ast.fraunhofer.de,+4936774610,,,,2026-07-08 13:56:08.901702+00,2026-07-08 15:37:37.303214+00,Fraunhofer IOSB-AST,,,,,,Germany,https://www.iosb-ast.fraunhofer.de/,,,"{Research/Academic,Germany,Grid}",google,,{},Fraunhofer institute branch conducting applied research on automation and energy systems.,,,f,
49ca9a11-6cc7-46e3-8023-4693d63238a5,,Nettbureau AS,contact@nettbureau.com,,,,,2026-07-08 13:56:42.512189+00,2026-07-08 15:37:37.303214+00,Nettbureau AS,,,,,,Norway,https://e-ladestation.at/,,,"{Distributor,Norway,""EV Charging""}",google,,{},Norwegian company operating and distributing EV charging station solutions.,,,f,
4a06371b-7306-4597-be18-9d1f976e9255,,Lemberg GmbH,info@lembergsolutions.com,,,,,2026-07-08 13:56:34.699824+00,2026-07-08 15:37:37.303214+00,Lemberg Solutions GmbH,,,,,,Germany,https://lembergsolutions.de/,,,"{Software,Germany}",google,,{},Software engineering company providing IoT and digital solutions.,,,f,
4a618384-7b0d-42dc-8c37-211ebdaef5d8,,Reiling KG,pv.recycling@reiling.de,+49 25132706458,,,,2026-07-08 13:56:55.997338+00,2026-07-08 15:37:37.303214+00,Reiling PV-Recycling GmbH &amp; Co. KG,,,,,,Germany,https://www.reiling.de,,,"{Other,Germany,""Solar PV""}",google,,{},German company specializing in recycling of end-of-life photovoltaic modules.,,,f,
4a6a72c7-084c-4f8d-be28-6bfe894ce82c,,Aranea GmbH,j.weberruss@enbw.com,+491752908460,,,,2026-07-08 13:55:35.486992+00,2026-07-08 15:37:37.303214+00,Aranea Battery Solutions GmbH,,,,,,Germany,https://www.araneabattery.de,,,"{Battery/Storage,Germany}",google,,{},"German battery storage solutions company, subsidiary linked to EnBW.",,,f,
4a74a605-c062-4d85-8cca-69c9b183c4dd,,Renu Europe,europe@renubot.eu,+31548659057,,,,2026-07-08 13:56:56.650402+00,2026-07-08 15:37:37.303214+00,Renu Robotics Europe,,,,,,United States,https://renurobotics.com,,,"{Other,""United States"",""Solar PV""}",google,,{},Manufacturer of autonomous robotic mowers for solar farm vegetation maintenance.,,,f,
4a9ccbd5-e03b-4ee7-b1ee-aa9ae20f506e,,SAMAWATT AG,contact@samawatt.com,+41225951299,,,,2026-07-08 13:56:59.909415+00,2026-07-08 15:37:37.303214+00,SAMAWATT AG,,,,,,Switzerland,https://samawatt.com,,,"{Software,Switzerland,Grid}",google,,{},Swiss company providing energy management and smart metering software.,,,f,
4ab674ce-b62d-4b95-b33b-667f812fc97d,,Metris Energy,luke@metrisenergy.com,+447749005720,,,,2026-07-08 13:56:39.191925+00,2026-07-08 15:37:37.303214+00,Metris Energy,,,,,,United Kingdom,https://www.metrisenergy.com/,,,"{Consultancy,""United Kingdom""}",google,,{},UK-based energy consultancy and procurement advisory firm.,,,f,
4ab7f6bf-0e9c-428a-83e7-51c8b6f2e1e7,,Wirepas,veryverygoodiot@wirepas.com,,,,,2026-07-08 13:57:32.748394+00,2026-07-08 15:37:37.303214+00,Wirepas,,,,,,Finland,https://www.wirepas.com,,,"{Software,Finland,Grid}",google,,{},Finnish company providing wireless IoT connectivity and mesh networking technology.,,,f,
4ac1234f-5e2e-467d-9eaf-dd5d115d817f,,FENECON GmbH,info@fenecon.de,+490990362800,,,,2026-07-08 13:56:07.001258+00,2026-07-08 15:37:37.303214+00,FENECON GmbH,,,,,,Germany,https://www.fenecon.de,,,"{Battery/Storage,Germany,""Solar PV""}",google,,{},German manufacturer of battery storage systems for residential and commercial use.,,,f,
4ac22c3a-7bb3-4e9f-87dc-18c6bb8aec60,,Suntech,sales@suntech-power.com,+8651085318888,,,,2026-07-08 13:57:17.642185+00,2026-07-08 15:37:37.303214+00,Suntech,,,,,,China,https://www.suntech-power.com/,,,"{""Module Mfr"",China,""Solar PV""}",google,,{},Major Chinese manufacturer of crystalline silicon photovoltaic modules.,,,f,
4ad399aa-17f5-4a62-bf11-e3480dc30e35,,NLS group,nls.slovenia.eu@gmail.com,+38670848030,,,,2026-07-08 13:56:44.094413+00,2026-07-08 15:37:37.303214+00,NLS group d.o.o.,,,,,,Slovenia,,,,"{Other,Slovenia}",google,,{},"Slovenian company in the energy or trading sector, limited public information available.",,,f,
4b0e1e64-cab4-4f00-9e14-34a8f8305b8c,,AVJU AS,,,,,,2026-07-08 13:55:37.601926+00,2026-07-08 15:37:37.303214+00,AVJU AS,,,,,,Norway,https://avju.com,,,"{Other,Norway}",google,,{},"Norwegian company, likely active in the energy sector, limited public information.",,,f,
4b51ee14-601f-4b5a-b2be-98c1057008d9,,Zerofy OÜ,till@zerofy.net,+49 32 221 098 093,,,,2026-07-08 13:57:37.653852+00,2026-07-08 15:37:37.303214+00,Zerofy OÜ,,,,,,Estonia,https://www.zerofy.net,,,"{Software,Estonia,Grid}",google,,{},Estonian company providing energy usage tracking and management software.,,,f,
4b69bb03-070e-4d08-8c4b-491aca370f80,,Pfalzwerke Aktiengesellschaft,info@pfalzwerke.de,+49 621 585 3486,,,,2026-07-08 13:56:48.872109+00,2026-07-08 15:37:37.303214+00,Pfalzwerke Aktiengesellschaft,,,,,,Germany,https://www.pfalzwerke.de,,,"{Utility,Germany,Grid}",google,,{},"German regional utility company providing electricity, gas and energy services.",,,f,
4b91e5fa-4249-444d-a478-a80210b84a61,,Sopago GmbH,info@sopago.org,+49 064214807960,,,,2026-07-08 13:57:14.216086+00,2026-07-08 15:37:37.303214+00,Sopago GmbH,,,,,,Germany,https://sopago.org/,,,"{Software,Germany,""EV Charging""}",google,,{},German provider of digital payment and roaming solutions for EV charging.,,,f,
4baae416-1e5d-4532-a776-97ee068dd9e8,,Hubei Ltd.,info@jad119.com,+86 0717-6741877,,,,2026-07-08 13:56:20.962212+00,2026-07-08 15:37:37.303214+00,"Hubei Jiandun Fire Technology Co., Ltd.",,,,,,China,https://www.jad119.com,,,"{Other,China}",google,,{},Manufactures fire detection and suppression technology products.,,,f,
4baaff7c-5de6-4315-a5e9-2889e9c4425d,,SHENZHEN LTD,wuli@grt.cc,+8675526746422,,,,2026-07-08 13:57:04.895417+00,2026-07-08 15:37:37.303214+00,"SHENZHEN GRT COMMUNICATION SCIENCE &amp; TECHNOLOGY CO.,LTD",,,,Shenzhen,,China,https://www.grt.cn,,,"{Other,China}",google,,{},Communication and electronics technology company based in Shenzhen.,,,f,
4bbea6de-cde2-414a-8715-b5a877661ea0,,Sunoyster GmbH,ak@sunoyster.com,,,,,2026-07-08 13:57:17.19346+00,2026-07-08 15:37:37.303214+00,Sunoyster Systems GmbH,,,,,,Germany,https://www.sunoyster.com/,,,"{Mounting/Tracker,Germany,""Solar PV""}",google,,{},Develops floating solar-thermal hybrid systems for offshore/nearshore deployment.,,,f,
4bd0ba20-3add-4d35-abf1-1e79366afba6,,OMRON BV,polina.sukhyna@omron.com,+31652365026,,,,2026-07-08 13:56:46.342535+00,2026-07-08 15:37:37.303214+00,OMRON Electronic Components Europe BV,,,,,,Netherlands,https://www.components.omron.com/eu-en,,,"{Cable/BOS,Netherlands}",google,,{},"Supplies electronic components including relays, sensors and switches for industrial use.",,,f,
4bd7469a-4543-4f17-9b35-99061d7d4305,,Cannnovation Ltd,sales@cando-solar.com,(+86) 0519-89886767,,,,2026-07-08 13:55:45.066277+00,2026-07-08 15:37:37.303214+00,Cannnovation Low Carbon New Energy Technology Co. Ltd,,,,,,China,https://www.cando-solar.com,,,"{""Module Mfr"",China,""Solar PV""}",google,,{},Manufactures solar PV modules and low-carbon new energy products.,,,f,
4bdfe818-f98b-42dc-8164-ec6df81ca3cb,,Pleevi,wout.lagae@pleevi.ai,+32479276189,,,,2026-07-08 13:56:50.170317+00,2026-07-08 15:37:37.303214+00,Pleevi,,,,,,Belgium,https://www.pleevi.ai/,,,"{Software,Belgium,Grid}",google,,{},Provides AI-driven software for energy optimization and grid management.,,,f,
4c07a379-6515-48c8-89a7-43cba8f5b2ac,,KAWAT,info@kawat.io,+34979300500,,,,2026-07-08 13:56:31.219445+00,2026-07-08 15:37:37.303214+00,KAWAT,,,,,,Germany,https://kawat.io,,,"{Cable/BOS,Germany}",google,,{},"Supplies cable and wire solutions, likely for electrical and energy applications.",,,f,
4c256fab-078d-48f4-ae5e-bacb964329d2,,BIN SISTEMI,vendite@binsistemi.it,+39423951211,,,,2026-07-08 13:55:42.114296+00,2026-07-08 15:37:37.303214+00,BIN SISTEMI S.R.L.,,,,,,Italy,https://binsistemi.it/,,,"{Other,Italy}",google,,{},Italian industrial systems and equipment supplier.,,,f,
4c2850f8-f955-4807-801a-9ec54b6831aa,,Oberhauser GmbH,info@oberhauser-pv.de,+49 8635 693920,,,,2026-07-08 13:56:45.513459+00,2026-07-08 15:37:37.303214+00,Oberhauser Bau-Systeme GmbH,,,,,,Germany,https://www.oberhauser-pv.de,,,"{Mounting/Tracker,Germany,""Solar PV""}",google,,{},Provides building construction systems including solar mounting solutions.,,,f,
4c3061ae-7ad8-4b00-b2db-375f16e75a15,,IMO Ltd.,sales@imopc.com,+441707414444,,,,2026-07-08 13:56:23.189535+00,2026-07-08 15:37:37.303214+00,IMO Precision Controls Ltd.,,,,,,United Kingdom,https://www.imopc.com,,,"{Other,""United Kingdom""}",google,,{},Manufactures precision industrial control components such as switches and enclosures.,,,f,
4c6760b2-e8e4-4659-9ee9-03e295285ede,,‌Midea ‌,mideasmart_service@midea.com,+86-757-23601339,,,,2026-07-08 13:56:39.461821+00,2026-07-08 15:37:37.303214+00,"‌Midea Group Co., Ltd.‌",,,,,,China,https://www.midea.com.cn/en,,,"{Other,China}",google,,{},"Large conglomerate manufacturing appliances, HVAC and smart home products.",,,f,
4c7d6fb1-7b58-4c2a-b335-eb17eddd5bb2,,Power GmbH,,,,,,2026-07-08 13:56:50.770099+00,2026-07-08 15:37:37.303214+00,Power Genius GmbH,,,,,,Germany,https://www.indevolt.com,,,"{Battery/Storage,Germany}",google,,{},Develops home battery energy storage systems under the Indevolt brand.,,,f,
4c83f25c-0624-4363-9aeb-700f58f58a5c,,Jiangsu Ltd.,mia.qin@relyez.com,+8651185338810,,,,2026-07-08 13:56:27.769662+00,2026-07-08 15:37:37.303214+00,"Jiangsu RelyEZ Energy Storage Technology Co., Ltd.",,,,,,China,https://www.relyez.com,,,"{Battery/Storage,China}",google,,{},Manufactures energy storage batteries and systems.,,,f,
57e9af84-229b-4141-8acf-506bf17248e5,,JM GmbH,rui.ma@jingmould.de,+4923717852849,,,,2026-07-08 13:56:29.430787+00,2026-07-08 15:37:37.303214+00,JM Europe GmbH,,,,,,Germany,https://www.jingmould.de,,,"{Other,Germany}",google,,{},"European arm of a mould manufacturer, likely serving component makers.",,,f,
4c90a580-4f5e-41f4-9538-739970287baa,,Energiewerk GmbH,info@energiewerk.com,+4973185070460,,,,2026-07-08 13:56:00.631571+00,2026-07-08 15:37:37.303214+00,Energiewerk GmbH,,,,,,Germany,https://www.energiewerk.com,,,"{Developer/IPP,Germany,""Solar PV""}",google,,{},German company developing and operating renewable energy projects.,,,f,
4cab2dcc-8c88-4350-91fd-ba7e4ba6c1aa,,Gsolar Ltd.,sales@gsola.cn,+86 2982682948610,,,,2026-07-08 13:56:13.833929+00,2026-07-08 15:37:37.303214+00,"Gsolar Power Co., Ltd.",,,,,,China,https://www.gsola.cn,,,"{""Module Mfr"",China,""Solar PV""}",google,,{},Manufactures solar PV modules and power products.,,,f,
4ccf4e1c-0335-4068-a69d-73da0459cd94,,Power Ltd.,info@powerworldhp.com,+86 20-84821786,,,,2026-07-08 13:56:50.948252+00,2026-07-08 15:37:37.303214+00,"Power World Machinery Equipment Co., Ltd.",,,,,,China,https://www.powerworldhp.com/,,,"{Other,China}",google,,{},Manufactures machinery equipment including heat pumps.,,,f,
4cdb4767-c195-4124-88ac-0723701ca533,,BASQUENERGY de Energía,mail@basquenergycluster.com,+34944244210,,,,2026-07-08 13:55:38.745778+00,2026-07-08 15:37:37.303214+00,BASQUENERGY Cluster - Asociación Cluster de Energía,,,,,Basque Country,Spain,,,,"{Association,Spain}",google,,{},Basque regional cluster association promoting the energy industry.,,,f,
4cfa51a0-7c2d-40ac-93e3-b68075d207ea,,POWEROAK GmbH,henrik.zhai@bluetti.de,,,,,2026-07-08 13:56:51.40489+00,2026-07-08 15:37:37.303214+00,POWEROAK GmbH,,,,,,Germany,https://de.bluettipower.eu/,,,"{Battery/Storage,Germany}",google,,{},German distributor of Bluetti portable power stations and batteries.,,,f,
4d08d412-5ca6-4d58-a87f-94e9a3fe4ef9,,Sunergy Ltd.,lynn@sunergyworks.com,+86 13865941591,,,,2026-07-08 13:57:16.718351+00,2026-07-08 15:37:37.303214+00,"Sunergy Solar Energy Co.,Ltd.",,,,,,China,https://www.sunergyworks.com,,,"{""Module Mfr"",China,""Solar PV""}",google,,{},Manufactures solar PV modules and related solar energy products.,,,f,
4d0cc57d-1ffc-4ea4-8e9b-c3bb4d36f0a3,,XIAMEN LTD.,info@xmprofence.com,+86-592-2156117,,,,2026-07-08 13:57:35.677328+00,2026-07-08 15:37:37.303214+00,"XIAMEN PROFENCE NEW ENERGY CO., LTD.",,,,Xiamen,,China,https://www.xmprofence.com/,,,"{Mounting/Tracker,China,""Solar PV""}",google,,{},Manufactures solar mounting and racking system components.,,,f,
4d18536d-3ba2-4675-aa0b-86c2b55d6792,,Lemonbeat GmbH,info@lemonbeat.com,+492315869370,,,,2026-07-08 13:56:34.745538+00,2026-07-08 15:37:37.303214+00,Lemonbeat GmbH,,,,,,Germany,https://www.lemonbeat.com,,,"{Software,Germany,Grid}",google,,{},Develops IoT and smart grid connectivity software for energy devices.,,,f,
4d31248d-279c-4b90-a18b-f60504473366,,Acal GmbH,contact-de@acalbfi.com,+49814265200,,,,2026-07-08 13:55:30.068381+00,2026-07-08 15:37:37.303214+00,Acal BFi Germany GmbH,,,,,,Germany,https://www.acalbfi.com,,,"{Distributor,Germany}",google,,{},Distributes electronic and electromechanical components.,,,f,
4d388587-ed1d-4202-9fb1-4b809672b22e,,Ningbo Ltd,cassie@groupboyang.com,,,,,2026-07-08 13:56:43.380697+00,2026-07-08 15:37:37.303214+00,"Ningbo Boyang Energy Technology Co.,Ltd",,,,Ningbo,,China,https://www.groupboyang.com,,,"{Other,China}",google,,{},Manufactures energy technology equipment based in Ningbo.,,,f,
4d476579-d116-4d26-b09d-2bbe72aa86a0,,BIBUS AG,info.bag@bibus.ch,+41 44 877 50 11,,,,2026-07-08 13:55:41.816857+00,2026-07-08 15:37:37.303214+00,BIBUS AG,,,,,,Switzerland,https://www.bibus.ch,,,"{Distributor,Switzerland}",google,,{},Swiss technical distributor of industrial components and automation products.,,,f,
4d600903-220c-4b8a-8e71-3bfc4f11f843,,M. M.,sales@mmspray.it,+39 059 251654,,,,2026-07-08 13:56:36.935537+00,2026-07-08 15:37:37.303214+00,M.M. S.r.l.,,,,,,Italy,https://www.mmspray.it,,,"{Other,Italy}",google,,{},Italian manufacturer of spraying and industrial equipment.,,,f,
4dca6cc2-f1f5-49d2-b48d-379ed71e48fd,,Gresgying Ltd.,sales@gresgying.com,,,,,2026-07-08 13:56:13.323871+00,2026-07-08 15:37:37.303214+00,"Gresgying Digital Technology Co., Ltd.",,,,,,China,https://www.gresgying.global,,,"{Metering/Monitoring,China,""Solar PV""}",google,,{},Chinese company providing digital monitoring/technology solutions for solar energy systems.,,,f,
4ddb0f82-28fc-4f5c-aed8-c7a4c5cd4db4,,Shenzhen Ltd.,info@samduo.com,+86 18680316360,,,,2026-07-08 13:57:06.157537+00,2026-07-08 15:37:37.303214+00,"Shenzhen Samduo Energy Technology Co., Ltd.",,,,Shenzhen,,China,https://www.samduo.com,,,"{Battery/Storage,China}",google,,{},Shenzhen-based energy technology company producing battery and energy storage products.,,,f,
4decf5fa-cb89-4652-829b-ff62e2abd6c2,,PT LTD.,julia@ptmount.com,+86-592-5752261,,,,2026-07-08 13:56:52.597094+00,2026-07-08 15:37:37.303214+00,"PT (XIAMEN) INDUSTRY AND TRADE CO., LTD.",,,,Xiamen,,China,https://www.ptmount.com,,,"{Mounting/Tracker,China,""Solar PV""}",google,,{},Xiamen-based manufacturer of solar panel mounting structures and racking systems.,,,f,
4dff5e90-2754-477d-9c0e-d32f2e600674,,Draht GmbH,,,,,,2026-07-08 13:55:54.472434+00,2026-07-08 15:37:37.303214+00,Draht Mayr GmbH,,,,,,Germany,https://www.draht-mayr.de/,,,"{Cable/BOS,Germany}",google,,{},German wire and cable manufacturer supplying components for electrical and solar applications.,,,f,
59a752a8-5869-416e-87e8-fd7c1ef36f88,,Enerfin DE GmbH,info@enerfin.io,+49 9071 5828 161,,,,2026-07-08 13:56:00.258901+00,2026-07-08 15:37:37.303214+00,Enerfin DE GmbH,,,,,,Germany,https://enerfin.io,,,"{Software,Germany,Grid}",google,,{},German provider of digital energy management/software solutions.,,,f,
4e1cbd57-668d-4305-9d0f-ad60610b8253,,WATT AND WELL,balazs.szappanyos@wattandwell.com,+33757191037,,,,2026-07-08 13:57:30.674013+00,2026-07-08 15:37:37.303214+00,WATT AND WELL,,,,,,France,https://www.wattandwell.com,,,"{""Inverter Mfr"",France,""Solar PV""}",google,,{},French power electronics company designing inverters and converters for renewable energy.,,,f,
4e4724cf-3f9a-407e-8cd5-5978afc49137,,URIARTE SAFYBOX,web@safybox.com,,,,,2026-07-08 13:57:26.60927+00,2026-07-08 15:37:37.303214+00,URIARTE SAFYBOX S.L,,,,,,Spain,,,,"{Cable/BOS,Spain}",google,,{},Spanish manufacturer of electrical enclosures and cabinets used in industrial and energy installations.,,,f,
4e4f663b-e2c7-4718-a2cc-e1cf61c13bd0,,Asturmadi Reneergy,mmuniz@asturmadireneergy.com,+34985525755,,,,2026-07-08 13:55:36.697299+00,2026-07-08 15:37:37.303214+00,Asturmadi Reneergy S.L.,,,,,Asturias,Spain,https://www.asturmadireneergy.com,,,"{EPC/Installer,Spain,""Solar PV""}",google,,{},Spanish company from Asturias providing renewable energy installation and engineering services.,,,f,
4e7d2dd3-e326-4ddd-a634-8fe38e3ba9aa,,SolarOptim Ltd.,info@solaroptim.com,+1 780 945 9761,,,,2026-07-08 13:57:11.906738+00,2026-07-08 15:37:37.303214+00,SolarOptim Ltd.,,,,,,Israel,https://solaroptim.com/,,,"{Software,Israel,""Solar PV""}",google,,{},Software company offering solar plant performance optimization and monitoring solutions.,,,f,
4e9dfbdf-bc1f-4e39-a1ff-fc2c9623fc28,,VESON GmbH,,,,,,2026-07-08 13:57:28.11263+00,2026-07-08 15:37:37.303214+00,VESON GmbH,,,,,,Germany,https://www.veson-energie.de/,,,"{Developer/IPP,Germany,""Solar PV""}",google,,{},German energy company involved in renewable project development.,,,f,
4ea15720-af6f-49db-9220-88ef8f509d5a,,EFT GmbH,f.blaser@eft-systems.de,+49 9352 8523999,,,,2026-07-08 13:55:57.507167+00,2026-07-08 15:37:37.303214+00,EFT Systems GmbH,,,,,,Germany,https://ci.eft-systems.de/,,,"{Testing/Certification,Germany}",google,,{},"German engineering firm providing systems and testing services, likely for electrical/energy equipment.",,,f,
4ea93f71-8ad5-4677-9766-700068d42c98,,NPP Europe,vfavier@npp-power.eu,+31888882999,,,,2026-07-08 13:56:44.70757+00,2026-07-08 15:37:37.303214+00,NPP Power Europe B.V.,,,,,,Netherlands,https://www.npp-power.eu,,,"{Battery/Storage,Netherlands}",google,,{},European subsidiary distributing NPP-branded batteries and energy storage products.,,,f,
4ec02fd1-f92e-4ec3-84ab-d59cd0b35ab3,,Mavi Sti.,fatih@maviyesil.eu,+905496907451,,,,2026-07-08 13:56:38.039284+00,2026-07-08 15:37:37.303214+00,Mavi Yesil Sakarya Yenilenebilir Enerji Sistemleri San. Tic. Ltd. Sti.,,,,Sakarya,,Turkey,https://www.maviyesil.eu,,,"{EPC/Installer,Turkey,""Solar PV""}",google,,{},Turkish company from Sakarya providing renewable energy systems installation.,,,f,
4ec74f1a-de60-4642-b784-d76fe6b891a6,,Hefei Ltd.,wutong@ecolto.com,+8617855199052,,,,2026-07-08 13:56:17.863235+00,2026-07-08 15:37:37.303214+00,"Hefei Ecolite Energy Co., Ltd.",,,,Hefei,,China,https://www.ecolto.com,,,"{Battery/Storage,China}",google,,{},Hefei-based Chinese energy technology company producing storage/energy products.,,,f,
4efe8341-3543-42d3-8af7-8d7f5a557c36,,ESET SOLAR,admin@esetsolar.com,+86 516 83152036,,,,2026-07-08 13:56:03.676939+00,2026-07-08 15:37:37.303214+00,"ESET SOLAR (Jiangsu Evershine Energy Technology Co., Ltd.)",,,,Jiangsu,,China,https://www.esetsolar.com,,,"{""Module Mfr"",China,""Solar PV""}",google,,{},Jiangsu-based Chinese manufacturer of solar photovoltaic modules under the ESET Solar brand.,,,f,
4f04e780-e239-4fad-bfee-22bdf645e322,,MAANSHAN LTD,zyy@masjwei.com,0555-6615135,,,,2026-07-08 13:56:37.191985+00,2026-07-08 15:37:37.303214+00,"MAANSHAN JINGWEI NEW ENERGY DRIVE EQUIPMENT  CO., LTD",,,,Maanshan,,China,https://www.hornourtech.com,,,"{Mounting/Tracker,China,""Solar PV""}",google,,{},Maanshan-based Chinese manufacturer of new energy drive equipment for solar tracking systems.,,,f,
4f30a519-30fa-4aea-94db-fab4c2b67317,,Studer AG,info@studercables.com,+41622888282,,,,2026-07-08 13:57:16.078171+00,2026-07-08 15:37:37.303214+00,Studer Cables AG,,,,,,Switzerland,https://www.studercables.com,,,"{Cable/BOS,Switzerland}",google,,{},Swiss manufacturer of cables including solar and industrial cable products.,,,f,
4f4a9af2-bd64-4383-b1e3-2594a1d67be9,,FANTON SRL,export@fanton.com,+39 0499 597911,,,,2026-07-08 13:56:06.741212+00,2026-07-08 15:37:37.303214+00,FANTON SRL,,,,,,Italy,https://www.fanton.com,,,"{Cable/BOS,Italy}",google,,{},Italian manufacturer of electrical accessories and components including cable management products.,,,f,
4f641045-eef0-4a00-8b75-cfb40549303c,,EAE Electric,info@eaegroup.com,+902128662000,,,,2026-07-08 13:55:55.889718+00,2026-07-08 15:37:37.303214+00,EAE Electric,,,,,,Turkey,https://www.eaeelectric.com,,,"{""Inverter Mfr"",Turkey,""Solar PV""}",google,,{},Turkish manufacturer of electrical equipment including solar inverters and switchgear.,,,f,
4f75f108-8d8d-459d-8c58-3700876162e0,,Covolt,info-nl@covolt.eu,+31854015750,,,,2026-07-08 13:55:50.397947+00,2026-07-08 15:37:37.303214+00,Covolt,,,,,,Netherlands,https://www.covolt.eu,,,"{Other,Netherlands,""EV Charging""}",google,,{},Dutch company operating in the electric vehicle charging sector.,,,f,
4f8f02ab-2984-461d-b0f0-96ac5d1874c9,,Intersolar Forum,info@fwi-wirtschaftsimmobilien.de,+49 761 3881880,,,,2026-07-08 13:56:24.839196+00,2026-07-08 15:37:37.303214+00,Intersolar Forum,,,,,,Germany,https://www.fwi-wirtschaftsimmobilien.de,,,"{Other,Germany}",google,,{},German commercial real estate company; website domain unrelated to Intersolar trade forum name.,,,f,
4f9de255-0362-43a0-b53e-7ea2724c8493,,MEVOLT GmbH,info@mevolt.de,+49 8191 96 36 00,,,,2026-07-08 13:56:39.232692+00,2026-07-08 15:37:37.303214+00,MEVOLT GmbH,,,,,,Germany,https://www.mevolt.de,,,"{Other,Germany,""EV Charging""}",google,,{},German company operating in the EV charging or electric mobility sector.,,,f,
4fcaee8d-9f64-40e1-a0a7-a58cb58bf7dd,,Canadian GmbH,marketing.emea@csisolar.com,+49 (0) 89 519 968 90,,,,2026-07-08 13:55:44.930877+00,2026-07-08 15:37:37.303214+00,Canadian Solar EMEA GmbH,,,,,,Germany,https://www.csisolar.com/emea,,,"{""Module Mfr"",Germany,""Solar PV""}",google,,{},"EMEA regional headquarters of Canadian Solar, manufacturer of solar photovoltaic modules.",,,f,
5003ad85-2f0d-4757-95e7-7f72402ae587,,be. GmbH,nadine.haake@be-storaged.com,+491621331241,,,,2026-07-08 13:55:40.344878+00,2026-07-08 15:37:37.303214+00,be.storaged GmbH,,,,,,Germany,https://www.be-storaged.com,,,"{Battery/Storage,Germany}",google,,{},German company providing battery energy storage solutions.,,,f,
506e0731-6db0-4adf-96cf-deda2604b32a,,enecess,james.zhu@enecess.com,+49 176 4376 6567,,,,2026-07-08 13:56:00.165349+00,2026-07-08 15:37:37.303214+00,enecess,,,,,,China,https://www.enecess.com,,,"{Software,China}",google,,{},"Chinese company providing energy technology/software solutions, likely for monitoring or trading.",,,f,
507e7f5b-5f3c-4432-a2b5-21708d2632c8,,depow GmbH,support@depow.com,,,,,2026-07-08 13:55:52.672974+00,2026-07-08 15:37:37.303214+00,depow GmbH,,,,,,Germany,https://www.depow.de,,,"{Battery/Storage,Germany}",google,,{},German company offering battery energy storage products and solutions.,,,f,
5097e6f1-e384-4fa7-a483-da55696f628f,,Clemap AG,clever@clemap.com,+41 44 5482060,,,,2026-07-08 13:55:48.227955+00,2026-07-08 15:37:37.303214+00,Clemap AG,,,Flurstrasse 30,Zurich,,Switzerland,https://www.clemap.com,,,"{Metering/Monitoring,Switzerland,""EV Charging""}",google,,{},"Provides intelligent energy and EV charging management software integrating charging, PV and storage.",,,f,
5098ad0b-8301-453a-bf7d-283613d0fc66,,Enerlution Europe,sam@enerlution.com.cn,+8615056903511,,,,2026-07-08 13:56:01.576893+00,2026-07-08 15:37:37.303214+00,Enerlution Europe B.V.,,,,,,China,https://www.enerlution.com.cn,,,"{""Inverter Mfr"",China,Storage}",google,,{},Chinese energy technology company supplying inverter and storage equipment via .cn domain.,,,f,
50a06bf2-8879-41f9-aaad-b946ddae67d3,,Fandis S.p.A.,info@fandis.com,+39321963232,,,,2026-07-08 13:56:06.695697+00,2026-07-08 15:37:37.303214+00,Fandis S.p.A.,,,,,,Italy,https://WWW.FANDIS.COM,,,"{Other,Italy}",google,,{},Italian manufacturer of thermal management and cooling units for industrial/telecom equipment.,,,f,
50a88d9a-1b9c-47a4-b985-09e990f69c58,,WindSun Ltd.,overseas@fengguang.com,+86-0537-7212091,,,,2026-07-08 13:57:32.486299+00,2026-07-08 15:37:37.303214+00,"WindSun Science &amp; Technology Co.,Ltd.",,,,,,China,https://www.fgi-energyrouter.com,,,"{Metering/Monitoring,China,Grid}",google,,{},Chinese company producing energy router and grid interconnection technology.,,,f,
50cae922-3ae9-46f5-ab80-3201751751a5,,Mauderer GmbH,info@mauderer.de,+49838192040,,,,2026-07-08 13:56:37.995916+00,2026-07-08 15:37:37.303214+00,Mauderer Alutechnik GmbH,,,,,,Germany,https://www.mauderer.de,,,"{Mounting/Tracker,Germany}",google,,{},"German manufacturer of aluminum profiles and technology, likely for solar mounting systems.",,,f,
511f80db-253f-4446-9b8a-1f198627c742,,Huizhou Ltd.,winnie@h-antech.tw,+86 0752-3865111,,,,2026-07-08 13:56:21.282408+00,2026-07-08 15:37:37.303214+00,"Huizhou H-antech Motion System Co., Ltd.",,,,,,Taiwan,https://h-antech.com.tw,,,"{Mounting/Tracker,Taiwan}",google,,{},Taiwanese manufacturer of motion systems and motors used in solar tracker drives.,,,f,
5139bd0d-11c7-4f18-bd2f-cf186b13e146,,Gridcog,dan.pearson@gridcog.com,,,,,2026-07-08 13:56:13.412344+00,2026-07-08 15:37:37.303214+00,Gridcog,,,,,,United Kingdom,https://www.gridcog.com/,,,"{Software,""United Kingdom"",Storage}",google,,{},"Provides energy modelling and simulation software for renewable, storage and EV projects.",,,f,
5143bf77-b453-4043-8939-400257a0b147,,Guangzhou Ltd.,sales@greatpower.net,+86-020-39196888,,,,2026-07-08 13:56:15.40638+00,2026-07-08 15:37:37.303214+00,"Guangzhou Great Power Energy &amp; Technology Co., Ltd.",,,,Guangzhou,,China,https://www.greatpower.net/en/,,,"{Battery/Storage,China}",google,,{},Chinese manufacturer of lithium battery cells and energy storage products.,,,f,
515e24ca-978f-41a1-979e-8b8f42f2c17c,,Changzhou Ltd.,sales@zenith-drive.com,+86 18961173003,,,,2026-07-08 13:55:46.878916+00,2026-07-08 15:37:37.303214+00,"Changzhou Zenith Drive Technology Co.,Ltd.",,,,Changzhou,,China,https://www.zenith-drive.com,,,"{Mounting/Tracker,China}",google,,{},"Chinese manufacturer of drive technology, likely including solar tracker drive systems.",,,f,
516554d8-7bb2-48d7-b5bf-4cb270e1950c,,Zhejiang Ltd.,info@bridgold.com,+86-577-61710029,,,,2026-07-08 13:57:38.151457+00,2026-07-08 15:37:37.303214+00,"Zhejiang Bridgold Copper Tech Co.,Ltd.",,,,,Zhejiang,China,https://www.bridgold.com,,,"{Cable/BOS,China}",google,,{},Chinese manufacturer of copper products used in cabling and electrical connections.,,,f,
517a47e0-1432-457f-a6e8-08d21f65f736,,JA GmbH,info.eu@jasolar.com,+49 151 52765271,,,,2026-07-08 13:56:26.344347+00,2026-07-08 15:37:37.303214+00,JA Solar GmbH,,,,,,Germany,https://www.jasolar.eu,,,"{""Module Mfr"",Germany,""Solar PV""}",google,,{},"European sales subsidiary of JA Solar, manufacturer of photovoltaic modules.",,,f,
5180d815-3644-4fe6-9329-9e7b3259f838,,LAPP,marcus.fischer@lapp.com,+4915116325773,,,,2026-07-08 13:56:34.330651+00,2026-07-08 15:37:37.303214+00,LAPP,,,,Stuttgart,,Germany,https://www.lappmobility.com,,,"{Cable/BOS,Germany,""EV Charging""}",google,,{},LAPP is a German manufacturer of cables and connection technology for mobility and industry.,,,f,
5189ae59-15d3-4d4b-9048-36c4d185487e,,Emil GmbH,info@emilotto.de,+49 6123 70460,,,,2026-07-08 13:55:59.344578+00,2026-07-08 15:37:37.303214+00,Emil Otto Flux- und Oberflächentechnik GmbH,,,,,,Germany,https://www.emilotto.de,,,"{Other,Germany}",google,,{},German producer of flux and surface treatment chemicals used in soldering/manufacturing.,,,f,
51a33220-99c9-46bc-b6b8-ed0edbda3b28,,Hager KG,info@hager.com,+4915118117083,,,,2026-07-08 13:56:16.075711+00,2026-07-08 15:37:37.303214+00,Hager Vertriebsgesellschaft mbH &amp; Co. KG,,,,,,Germany,https://hager.com/de,,,"{Metering/Monitoring,Germany}",google,,{},Hager is a German manufacturer of electrical installation and distribution equipment.,,,f,
521e2d19-e658-4a33-a296-b0c0ca542c41,,HANGZHOU LTD,elsa@jayuan.cn,+86 0571-63814088,,,,2026-07-08 13:56:16.795975+00,2026-07-08 15:37:37.303214+00,"HANGZHOU JIAYUAN INDUSTRIAL CO.,LTD",,,,Hangzhou,,China,https://www.jayuan.cn,,,"{Cable/BOS,China}",google,,{},Chinese industrial manufacturer supplying electrical/BOS hardware components.,,,f,
522c3645-fa11-4c44-ac54-efc2bb6b14c6,,Giventech Ltd,chkim1018@gmail.com,+821066523122,,,,2026-07-08 13:56:11.448879+00,2026-07-08 15:37:37.303214+00,"Giventech Co., Ltd",,,"Mugungwharo 20-38, 5F Room 525",Goyang,Gyeonggi Province,South Korea,https://www.giventech.io,,,"{Other,""South Korea"",Off-grid}",google,,{},"South Korean supplier of hybrid power generation and remote monitoring systems for solar, batteries and generators.",,,f,
52577ef7-8255-418e-bf56-56f70111162d,,Hartmann International,pinkernell@hartmann-international.de,+4952517207815,,,,2026-07-08 13:56:17.252088+00,2026-07-08 15:37:37.303214+00,Hartmann International,,,,,,Germany,https://www.hartmann-international.de/impressum/,,,"{Consultancy,Germany}",google,,{},"German consultancy/international trade firm, product line unclear from domain.",,,f,
525bdaeb-6b71-4950-b7df-a9760e4e2683,,ANKLOUS ENERGY,eu@anklousenergy.com,+41793896505,,,,2026-07-08 13:55:34.795065+00,2026-07-08 15:37:37.303214+00,ANKLOUS ENERGY,,,,,,Netherlands,https://www.anklousenergy.com,,,"{Battery/Storage,Netherlands,""EV Charging""}",google,,{},"Renewable energy company with factory and trading operations in BESS, DC chargers and lithium batteries.",,,f,
5270fb69-dfcf-475f-a131-593dc42448e3,,Parapet GmbH,comunicare@parapet.ro,+4915225288972,,,,2026-07-08 13:56:47.971516+00,2026-07-08 15:37:37.303214+00,Parapet GmbH,,,,,,Romania,https://www.parapet.ro,,,"{Mounting/Tracker,Romania}",google,,{},"Romanian company supplying parapet-style mounting systems, likely for rooftop solar.",,,f,
527157e2-c764-44f8-824c-dac448e00ab6,,TWL-Technologie GmbH,emily.grzelachowski@twl-technologie.de,+4943516660747,,,,2026-07-08 13:57:25.474028+00,2026-07-08 15:37:37.303214+00,TWL-Technologie GmbH,,,,,,Germany,https://prisma-pvt.com/,,,"{""Module Mfr"",Germany,""Solar PV""}",google,,{},German company (TWL-Technologie) marketing PVT hybrid solar thermal/electric panels.,,,f,
52c484d0-dc12-47f1-8311-0b94a10e91eb,,Eternal Wavelabs,,,,,,2026-07-08 13:56:04.100829+00,2026-07-08 15:37:37.303214+00,Eternal Sun Wavelabs,,,,,,Netherlands,,,,"{Testing/Certification,Netherlands,""Solar PV""}",google,,{},Eternal Sun Wavelabs manufactures solar simulators and testing equipment for PV modules.,,,f,
52c57b97-0622-4e36-8858-29d581277e1d,,Solesca,sschierloh@solesca.com,+3128996750,,,,2026-07-08 13:57:12.621876+00,2026-07-08 15:37:37.303214+00,Solesca,,,,Chicago,IL,United States,https://www.solesca.com/,,,"{Software,""United States"",""Solar PV""}",google,,{},Develops pre-CAD solar design software for C&I and ground-mount PV projects.,,,f,
52e74304-dee8-4d08-b731-22263732f585,,Energy Pool,contact@energy-pool.eu,+33 488 131660,,,,2026-07-08 13:56:00.912649+00,2026-07-08 15:37:37.303214+00,Energy Pool,,,"20 rue du Lac Majeur, Batiment C, Parc Ouragan",Le Bourget-du-Lac,,France,https://energy-pool.com,,,"{Grid,France,Storage}",google,,{},Smart energy flexibility aggregation company offering demand response and grid balancing services.,,,f,
52ea4433-9360-4e5b-8ee6-22238f391ec2,,BayWa AG,info@baywa-re.com,+49 89 383932 0,,,,2026-07-08 13:55:39.893457+00,2026-07-08 15:37:37.303214+00,BayWa r.e. AG,,,,Munich,Bavaria,Germany,https://www.baywa-re.com,,,"{Developer/IPP,Germany,""Solar PV""}",google,,{},"BayWa r.e. is a global renewable energy developer, distributor and service provider.",,,f,
52fa7e96-9b95-458e-bce1-44f76b1cb8e7,,EVPLUG,office@evplug.ro,+40314340626,,,,2026-07-08 13:56:05.934073+00,2026-07-08 15:37:37.303214+00,EVPLUG,,,,,,Romania,https://www.evplug.ro,,,"{Other,Romania,""EV Charging""}",google,,{},Romanian company operating in the EV charging sector based on domain and name.,,,f,
533911b8-0fe2-4f30-b05f-906029d9658a,,Jiangsu Ltd.,marketing@linyang.com,86-25-86312200,,,,2026-07-08 13:56:27.585969+00,2026-07-08 15:37:37.303214+00,"Jiangsu Linyang Energy Storage Technology Co., Ltd.",,,,,,China,https://global.linyang.com,,,"{Battery/Storage,China}",google,,{},Manufactures energy storage systems and batteries.,,,f,
5359d73a-6f5d-4be7-8661-43d6f81860cb,,Commerzbank AG,info@commerzbank.com,+496913620,,,,2026-07-08 13:55:49.149117+00,2026-07-08 15:37:37.303214+00,Commerzbank AG,,,,Frankfurt,,Germany,https://www.commerzbank.de,,,"{Financing,Germany}",google,,{},German commercial bank offering corporate and project financing services.,,,f,
5364ad1a-6110-40dd-b702-8795e3ccd715,,Typhoon HIL,info@typhoon-hil.com,+41 (56) 521 0025,,,,2026-07-08 13:57:25.599537+00,2026-07-08 15:37:37.303214+00,Typhoon HIL,,,,Novi Sad,,Serbia,https://www.typhoon-hil.com,,,"{Software,Serbia,Grid}",google,,{},Develops hardware-in-the-loop real-time simulators for power electronics and grid testing.,,,f,
53858201-00ac-4b32-a395-b526b9c2ee7c,,Germanwatch e.V.,info@germanwatch.org,+49228604920,,,,2026-07-08 13:56:11.330025+00,2026-07-08 15:37:37.303214+00,Germanwatch e.V.,,,,Bonn,,Germany,https://www.germanwatch.org,,,"{Association,Germany}",google,,{},Environmental and development NGO advocating on climate policy.,,,f,
5391b641-08cf-4ede-aca6-7a89686b7e8b,,Contecta GmbH,vertrieb@diconal.de,+49 6763 30853,,,,2026-07-08 13:55:50.122542+00,2026-07-08 15:37:37.303214+00,Contecta GmbH,,,,,,Germany,https://www.diconal.de,,,"{Other,Germany}",google,,{},German distribution company; business focus not clearly solar-related.,,,f,
53959a8c-bca5-47b3-83d2-ad158fd13926,,TAITRA,taitra@taitra.org.tw,+886 227 255200 .1523,,,,2026-07-08 13:57:19.298442+00,2026-07-08 15:37:37.303214+00,TAITRA (Taiwan External Trade Development Council),,,,Taipei,,Taiwan,https://www.taitra.org.tw,,,"{Association,Taiwan}",google,,{},Taiwan trade promotion organization supporting exporters including energy sector.,,,f,
53a5bf94-ad44-4f52-84f6-383011ccad8e,,MBJ GmbH,info@mbj-solutions.com,+494102778900,,,,2026-07-08 13:56:38.241118+00,2026-07-08 15:37:37.303214+00,MBJ Solutions GmbH,,,,,,Germany,https://www.mbj-solutions.com,,,"{Software,Germany,""Solar PV""}",google,,{},Provides monitoring and management software for solar PV plants.,,,f,
53b0db56-968b-47c3-ae23-d809dc40798d,,Haian Ltd.,wei.li@hj-net.com,+86513-80812960,,,,2026-07-08 13:56:16.119734+00,2026-07-08 15:37:37.303214+00,"Haian Huijue Network Communication Equipment Co.,Ltd.",,,,,,China,,,,"{Metering/Monitoring,China}",google,,{},"Manufactures network communication equipment, including monitoring devices.",,,f,
53b54668-19bb-488a-a2d5-b94730f60042,,Elecnova Ltd.,sales@elecnova-ess.com,+86-510-86199028,,,,2026-07-08 13:55:57.947152+00,2026-07-08 15:37:37.303214+00,"Elecnova Energy Storage Co., Ltd.",,,,,,China,https://www.elecnova-ess.com,,,"{Battery/Storage,China}",google,,{},Manufactures battery energy storage systems.,,,f,
53c33876-6d96-448e-8ab7-dd6d2705acd9,,Korbkultur KG,michael.kappler@korbkultur.de,+49794694480835,,,,2026-07-08 13:56:32.853972+00,2026-07-08 15:37:37.303214+00,Korbkultur GmbH &amp; Co. KG,,,,,,Germany,https://www.korbkultur.de,,,"{Other,Germany}",google,,{},"German company; name suggests basketry/craft goods, not clearly solar-related.",,,f,
53c62352-e454-4ef6-898f-c3f23c358ea8,,HELUKABEL GmbH,maurizio.giordano@helukabel.de,+49715092090,,,,2026-07-08 13:56:18.257363+00,2026-07-08 15:37:37.303214+00,HELUKABEL GmbH,,,,Windsbach,,Germany,https://www.helukabel.com,,,"{Cable/BOS,Germany}",google,,{},Manufactures cables and wiring systems including solar cable products.,,,f,
53c6e630-3d3d-4cbe-871b-ea2df7c03078,,montamo GmbH,info@montamo.com,,,,,2026-07-08 13:56:40.801461+00,2026-07-08 15:37:37.303214+00,montamo GmbH,,,,,,Germany,https://www.montamo.com/,,,"{Mounting/Tracker,Germany}",google,,{},Supplies mounting systems for solar installations.,,,f,
53f159a4-8062-4b3c-bc4f-597b7b0b3fbc,,Beijing Ltd,1072409689@qq.com,+86 13020256650,,,,2026-07-08 13:55:40.974364+00,2026-07-08 15:37:37.303214+00,"Beijing XD Battery Technology Co., Ltd",,,,Beijing,,China,https://www.xdbattery.com,,,"{Battery/Storage,China}",google,,{},Manufactures battery cells and storage technology.,,,f,
5419c177-fa0e-4577-b09e-70a6c156cfa8,,Vidis GmbH,,+494051484060,,,,2026-07-08 13:57:28.433313+00,2026-07-08 15:37:37.303214+00,Vidis GmbH,,,,,,Germany,https://www.vidis.com,,,"{Other,Germany}",google,,{},German company with limited public information available on core business.,,,f,
5428dc19-7538-44fc-8681-7158b346f7ec,,Leapton Ltd.,info@leaptonenergy.com,0512-88800068,,,,2026-07-08 13:56:34.567783+00,2026-07-08 15:37:37.303214+00,"Leapton solar (Changshu) Co., Ltd.",,,,Changshu,,China,https://www.leaptonpv.com,,,"{""Module Mfr"",China,""Solar PV""}",google,,{},Manufactures solar PV modules.,,,f,
5459fb25-5cd4-4571-8372-6347911fe0cd,,GP GmbH,info@gp-joule.de,+49 4671 60740,,,,2026-07-08 13:56:12.541861+00,2026-07-08 15:37:37.303214+00,GP JOULE GmbH,,,,Buttenwiesen,,Germany,https://www.gp-joule.com,,,"{Developer/IPP,Germany,""Solar PV""}",google,,{},Develops and operates renewable energy projects including solar and hydrogen.,,,f,
547716bd-07a2-427b-8ebd-0b9bf66b68b5,,Senergy,salesglobal@senergytec.com,+86-755-85245541,,,,2026-07-08 13:57:01.456102+00,2026-07-08 15:37:37.303214+00,Senergy,,,,,,China,https://www.senergytec.com,,,"{""Module Mfr"",China,""Solar PV""}",google,,{},Manufactures solar PV modules and cells.,,,f,
549de253-a899-4dfa-a011-bc1e7134a7a6,,VasiSolar,ch.chaitas@vasisolar.com,+306976715351,,,,2026-07-08 13:57:27.346728+00,2026-07-08 15:37:37.303214+00,VasiSolar,,,,,,Greece,https://www.vasisolar.com,,,"{EPC/Installer,Greece,""Solar PV""}",google,,{},Installs and engineers solar PV systems.,,,f,
54a524c9-1c63-4cf5-89e4-e75f66cb6ed8,,SOLARFOX® SYSTEMS,info@solar-fox.com,+49 6058 916380,,,,2026-07-08 13:57:11.434441+00,2026-07-08 15:37:37.303214+00,SOLARFOX® SOLAR DISPLAY SYSTEMS,,,,,,Germany,,,,"{Metering/Monitoring,Germany,""Solar PV""}",google,,{},Manufactures solar display and monitoring systems.,,,f,
54c5e757-2bb4-45cc-a447-b1be346899bb,,utilize GmbH,contact@utilize.energy,,,,,2026-07-08 13:57:26.750702+00,2026-07-08 15:37:37.303214+00,utilize GmbH,,,,,,Germany,https://www.utilize.energy,,,"{Software,Germany,Grid}",google,,{},Provides digital energy management and utility software solutions.,,,f,
54e21109-9e3b-4d10-abcb-34245f05b7fb,,Bormann GmbH,info@bormann-neupertbsb.de,+492119305517,,,,2026-07-08 13:55:43.313449+00,2026-07-08 15:37:37.303214+00,Bormann &amp; Neupert by BS&amp;B GmbH,,,,,,Germany,https://www.bormann-neupertbsb.de,,,"{Testing/Certification,Germany}",google,,{},Manufactures pressure relief and explosion protection safety devices.,,,f,
55017abe-73b0-48b0-875e-7528c0775647,,Nippon Corporation,saito.3m8.yusuke@jp.nipponsteel.con,+818021309828,,,,2026-07-08 13:56:44.002058+00,2026-07-08 15:37:37.303214+00,Nippon Steel Corporation,,,,Tokyo,,Japan,https://www.nipponsteel.com,,,"{Other,Japan}",google,,{},Major steel manufacturer supplying materials for construction and energy infrastructure.,,,f,
5509eebc-b2ba-435f-98c9-f323fe0353f6,,Ampt,info@ampt.com,+19703726950,,,,2026-07-08 13:55:33.836638+00,2026-07-08 15:37:37.303214+00,Ampt,,,,Fort Collins,Colorado,United States,https://ampt.com,,,"{""Inverter Mfr"",""United States"",""Solar PV""}",google,,{},Makes DC power optimizers and string-level electronics for solar arrays.,,,f,
5520c38f-04dc-4f7f-a8ef-ee6703530b26,,HERO GmbH,kontakt@hero-software.de,+49 51133090068,,,,2026-07-08 13:56:18.682204+00,2026-07-08 15:37:37.303214+00,HERO Software GmbH,,,,,,Germany,https://www.hero-software.de,,,"{Software,Germany}",google,,{},Develops software for craftsmen and installer businesses including solar installers.,,,f,
552f0c2c-f553-4761-ad54-a46608f512d8,,ÜNIKA KABEL,barlas.tasdemir@unika.com.tr,+905309554432,,,,2026-07-08 13:57:26.104629+00,2026-07-08 15:37:37.303214+00,ÜNIKA KABEL,,,,Istanbul,,Turkey,https://www.unika.com.tr,,,"{Cable/BOS,Turkey}",google,,{},Manufactures cables and wiring products.,,,f,
554a8d89-3b44-431c-9a96-45c78e854b0d,,Guangzhou Ltd.,fengyongshan@rjetech.com,+862066311888,,,,2026-07-08 13:56:15.501977+00,2026-07-08 15:37:37.303214+00,"Guangzhou Rongjie Energy Technology Co., Ltd.",,,,Guangzhou,,China,https://www.rjetech.com/en/,,,"{Cable/BOS,China,""Solar PV""}",google,,{},Manufactures PV connectors and cable assembly products for solar installations.,,,f,
5559a8fd-b39f-46f8-962c-17fd0af90c53,,Shanghai Ltd.,chenweiyu@lazzen.com,86-21-68586699,,,,2026-07-08 13:57:02.579527+00,2026-07-08 15:37:37.303214+00,"Shanghai Liangxin Electrical Co., Ltd. (LAZZEN)",,,,Shanghai,,China,https://www.lazzen.com,,,"{Cable/BOS,China,""Solar PV""}",google,,{},"Manufactures circuit breakers, contactors and electrical components including for PV systems.",,,f,
5559b3c0-c1db-4ef3-bc3c-7e3fdfa81aa9,,Synertics GmbH,manuel.pessanha@synertics.io,+49 162 4821858,,,,2026-07-08 13:57:19.027361+00,2026-07-08 15:37:37.303214+00,Synertics GmbH,,,,,,Germany,http://www.synertics.io,,,"{Software,Germany,""Solar PV""}",google,,{},Provides energy management software solutions for renewable energy assets.,,,f,
556379a7-3b9d-49c5-b2b4-d9372701879d,,S4E Software,v.jule@s4e-software.com,+33290380670,,,,2026-07-08 13:56:59.195182+00,2026-07-08 15:37:37.303214+00,S4E Software,,,,,,Germany,https://s4e-software.com/de/home-page-2/,,,"{Software,Germany}",google,,{},Develops software solutions for the energy industry.,,,f,
556b1950-2362-4f26-8ce7-16ed4ca40955,,Kooperationsnetzwerk ALD4EMO,ald4emo@efds.org,+493518718374,,,,2026-07-08 13:56:32.807626+00,2026-07-08 15:37:37.303214+00,Kooperationsnetzwerk ALD4EMO,,,,,,Germany,https://www.ald4emo.net/,,,"{Association,Germany}",google,,{},Cooperation network organization related to sports/energy technology (ALD4EMO).,,,f,
5580c3c9-c358-438d-b4a7-4d00d12328f1,,PROOFX STI,sadan.kucukdogan@proofx.com.tr,+902125334979,,,,2026-07-08 13:56:52.383575+00,2026-07-08 15:37:37.303214+00,PROOFX BAGLANTI ELEMANLARI SAN TIC LTD STI,,,,,,Turkey,,,,"{Mounting/Tracker,Turkey}",google,,{},"Manufactures connection/fastening elements, likely for mounting structures.",,,f,
5587fcb1-cdd4-4ac9-9424-881e345265f2,,DELFOS ENERGY,pauline.satiat@delfos.energy,,,,,2026-07-08 13:55:52.29459+00,2026-07-08 15:37:37.303214+00,DELFOS ENERGY,,,,,,France,https://www.delfos.energy,,,"{Software,France,""Solar PV""}",google,,{},Provides digital monitoring and asset management software for solar plants.,,,f,
55a55edf-d04d-459b-8f0f-b552dce0f905,,Westenergie GmbH,netzservice@westenergie.de,+4915254633854,,,,2026-07-08 13:57:31.954102+00,2026-07-08 15:37:37.303214+00,Westenergie Netzservice GmbH,,,,,,Germany,https://www.westenergie.de/netzservice/de/start.html,,,"{Utility,Germany,Grid}",google,,{},Provides grid network services as part of the Westenergie utility group.,,,f,
55a5c2eb-4cc9-45d1-b605-3a89f5f315dd,,INO-HUB Energy,sales@inohub.sk,,,,,2026-07-08 13:56:24.159868+00,2026-07-08 15:37:37.303214+00,INO-HUB Energy j.s.a.,,,,,,Slovakia,https://www.inohub.sk,,,"{Battery/Storage,Slovakia,""Solar PV""}",google,,{},Develops energy storage and management systems for renewable energy.,,,f,
55aa0dea-fa7d-43b8-8279-baa5c8835b03,,Mazaka Sti,mustafa.ertas@mazaka.eu,+905332044170,,,,2026-07-08 13:56:38.194656+00,2026-07-08 15:37:37.303214+00,Mazaka Makina San.Ve Tic. LTD. Sti,,,,,,Turkey,https://www.mazaka.eu,,,"{Mounting/Tracker,Turkey}",google,,{},"Manufactures machinery and metal components, including solar mounting hardware.",,,f,
55bc0767-2ea6-4319-9db9-8d2a041af2da,,HES TICARET,hes@hes.com.tr,+903522074500,,,,2026-07-08 13:56:18.727039+00,2026-07-08 15:37:37.303214+00,HES HACILAR ELEKTRIK SANAYI VE TICARET A.S.,,,,Kayseri,,Turkey,https://www.hes.com.tr,,,"{Cable/BOS,Turkey}",google,,{},Manufactures electrical cables and wiring products.,,,f,
55bfd706-ab6a-42f0-a6ee-1326c5ba0a92,,ROSSO24 SRL,info@rosso24.it,+393755124322,,,,2026-07-08 13:56:58.312137+00,2026-07-08 15:37:37.303214+00,ROSSO24 SRL,,,,,,Italy,https://www.rosso24.it,,,"{EPC/Installer,Italy,""Solar PV""}",google,,{},Provides solar installation and EPC services.,,,f,
55d44fa2-cb08-45c7-962c-2478ad668a25,,INES TECHNOLOGIES,communication@ines-solaire.org,+33479792046,,,,2026-07-08 13:55:45.631839+00,2026-07-08 15:37:37.303214+00,INES TECHNOLOGIES,,,,Le Bourget-du-Lac,,France,https://www.ines-solaire.org/en/ines-2s/,,,"{Research/Academic,France,""Solar PV""}",google,,{},French solar energy research institute (INES) working on PV technology development.,,,f,
55fcf09d-7f9b-469a-bb76-a222a62d3b9f,,Shang Ltd.,wj@shwangjun.com,+4915159826175,,,,2026-07-08 13:57:02.20888+00,2026-07-08 15:37:37.303214+00,"Shang Hai Wang Jun Electronics Technology Co., Ltd.",,,,Shanghai,,China,https://www.wangjuntech.com,,,"{Cable/BOS,China}",google,,{},Manufactures electronic connectors and cable components.,,,f,
5602b9ed-39af-47ff-9d19-62c1bbdb09de,,Xiamen Ltd.,marketing@jinmega.com,+865925775610,,,,2026-07-08 13:57:35.300459+00,2026-07-08 15:37:37.303214+00,"Xiamen Jinmega Solar Technology Co., Ltd.",,,,Xiamen,,China,https://www.jinmegasolar.com,,,"{""Module Mfr"",China,""Solar PV""}",google,,{},Manufactures solar photovoltaic modules.,,,f,
646fd089-26e6-4d88-b2eb-e2ce93244ca9,,EVE Ltd,117344@evebattery.com,+8602765523957,,,,2026-07-08 13:56:05.535963+00,2026-07-08 15:37:37.303214+00,"EVE Energy Storage Co., Ltd",,,,,,China,https://www.evebattery.com/en,,,"{Battery/Storage,China,Storage}",google,,{},Manufactures lithium batteries and energy storage systems.,,,f,
5620cee9-3ac6-4761-a596-ae38dcf23d54,,LEM Europe,contact@lem.com,+49615293010,,,,2026-07-08 13:56:34.662906+00,2026-07-08 15:37:37.303214+00,LEM Europe,,,,,,Switzerland,https://www.lem.com,,,"{Metering/Monitoring,Switzerland,Grid}",google,,{},Manufactures current and voltage transducers for power electronics and monitoring.,,,f,
565d76f7-a84e-472d-aee2-2934352ec670,,Epic Converters,info@epicpower.es,+34976249580,,,,2026-07-08 13:56:03.323202+00,2026-07-08 15:37:37.303214+00,Epic Power Converters S.L.,,,,Madrid,,Spain,https://www.epicpowerconverters.com,,,"{""Inverter Mfr"",Spain,""Solar PV""}",google,,{},Designs and manufactures power converters and inverters.,,,f,
5668daac-ff3d-46ac-ac58-e5df1951b126,,European Forum,f.moore@efcf.com,+41797982645,,,,2026-07-08 13:56:04.615862+00,2026-07-08 15:37:37.303214+00,European Electrolyser &amp; Fuel Cell Forum,,,,,,Germany,https://www.EFCF.com,,,"{Association,Germany,Hydrogen}",google,,{},European forum association focused on electrolysers and fuel cells.,,,f,
568926f3-16d1-4bf5-92aa-bf1a0f424819,,Equans Storage,isabelle.novel@equans.com,+33765183595,,,,2026-07-08 13:56:03.416373+00,2026-07-08 15:37:37.303214+00,Equans Solar &amp; Storage,,,,,,France,https://www.equans.com/solar-storage,,,"{EPC/Installer,France,""Solar PV""}",google,,{},Solar and storage EPC division of Equans providing installation services.,,,f,
568a0603-aeaa-4e1a-bc39-2cd87e3247ae,,WAGO KG,info@wago.com,+49 571 8870,,,,2026-07-08 13:57:30.374667+00,2026-07-08 15:37:37.303214+00,WAGO GmbH &amp; Co. KG,,,,Minden,,Germany,https://www.wago.com/de/energy,,,"{Cable/BOS,Germany,Grid}",google,,{},Manufactures electrical connection and interconnect technology including for energy applications.,,,f,
568ae378-6143-4915-9409-a5322f0e2552,,SOLAR GmbH,info@solar-materials.com,+49391 25190410,,,,2026-07-08 13:57:10.724849+00,2026-07-08 15:37:37.303214+00,SOLAR MATERIALS GmbH,,,,,,Germany,https://solar-materials.com,,,"{Other,Germany,""Solar PV""}",google,,{},Develops recycling technology for end-of-life solar modules.,,,f,
56d52e78-5eb9-438e-a43e-f47cb6342557,,Gemballa KG,info@gemballa.net,+49 4191 95050,,,,2026-07-08 13:56:11.046915+00,2026-07-08 15:37:37.303214+00,Gemballa Electronics GmbH &amp; Co. KG,,,,,,Germany,https://www.gemballa.net,,,"{Metering/Monitoring,Germany}",google,,{},Develops electronic devices and monitoring equipment.,,,f,
56e472af-fe12-4574-80cf-eb7dd0ce7061,,Ningbo Ltd,sales@nbkibor.com,86-574-82351514,,,,2026-07-08 13:56:43.730809+00,2026-07-08 15:37:37.303214+00,"Ningbo Kibor Wire &amp; Cable Co.,Ltd",,,,Ningbo,,China,https://www.kiborcable.com,,,"{Cable/BOS,China}",google,,{},Manufactures wire and cable products including for solar applications.,,,f,
56ef2b65-9a49-4340-bd2f-4a8fa551e346,,REM TEC,info@remtec.energy,+39 037 6261314,,,,2026-07-08 13:56:56.212166+00,2026-07-08 15:37:37.303214+00,REM TEC S.R.L.,,,,,,Italy,https://www.remtec.energy,,,"{Mounting/Tracker,Italy,""Solar PV""}",google,,{},Designs and manufactures solar tracker systems.,,,f,
56fcd5cc-b2e7-4f66-9c12-38a768f22908,,XIAMEN LTD.,ksenia.wang@xiangyu.cn,+491712187524,,,,2026-07-08 13:57:35.877457+00,2026-07-08 15:37:37.303214+00,"XIAMEN XIANGYU NEW ENERGY CO.,LTD.",,,,Xiamen,,China,https://www.xiangyu-newenergy.com,,,"{""Module Mfr"",China,""Solar PV""}",google,,{},Manufactures solar photovoltaic products and new energy equipment.,,,f,
5721ea55-20a1-47ad-97a1-8cc9aa2b199c,,Energy Group,info@energyspa.com,+39492701296,,,,2026-07-08 13:56:00.775051+00,2026-07-08 15:37:37.303214+00,Energy Group,,,,,,Italy,https://www.energysynt.com,,,"{Other,Italy}",google,,{},Energy sector company; specific activity unclear from available data.,,,f,
5723745f-c27c-4217-835b-996a196a221e,,Jiangsu Ltd.,vicky@vds-power.com,+86 18861251093,,,,2026-07-08 13:56:28.006867+00,2026-07-08 15:37:37.303214+00,"Jiangsu VDS Renewable Technology Co., Ltd.",,,,,,China,https://www.vds-power.com,,,"{Battery/Storage,China,""Solar PV""}",google,,{},Chinese manufacturer of renewable energy and storage equipment.,,,f,
575418fd-dc80-44e1-a6d2-a976649bc618,,Moeller GmbH,info@moe-service.com,+49 4821 6453100,,,,2026-07-08 13:56:40.520176+00,2026-07-08 15:37:37.303214+00,Moeller Operating Engineering GmbH (M.O.E.),,,,,,Germany,https://moe-service.com/,,,"{EPC/Installer,Germany,Wind}",google,,{},Provides operating and maintenance engineering services for wind assets.,,,f,
57633fab-e213-4620-9ee0-76e8aa6637c5,,MOBASOLAR - TERRAGRIF,communication@mobasolar.com,+33766984018,,,,2026-07-08 13:56:40.384992+00,2026-07-08 15:37:37.303214+00,MOBASOLAR - TERRAGRIF,,,,,,France,https://www.mobasolar.com/,,,"{Developer/IPP,France,""Solar PV""}",google,,{},French solar power plant developer and operator.,,,f,
576dc3fc-cfab-4c01-8b9c-2d9d62d85b2c,,PV Srl,service@pv-data.net,+39471631032,,,,2026-07-08 13:56:52.818753+00,2026-07-08 15:37:37.303214+00,PV Data Srl,,,,,,Italy,https://www.pv-data.net/,,,"{Metering/Monitoring,Italy,""Solar PV""}",google,,{},Provides monitoring and data services for photovoltaic plants.,,,f,
577ff21f-0bdc-48bb-8091-9bbafe138354,,CAB Solar,cabsolar@cabproducts.com,+18145363531,,,,2026-07-08 13:55:44.278013+00,2026-07-08 15:37:37.303214+00,CAB Solar,,,,,,United States,https://www.cabsolar.com/,,,"{Cable/BOS,""United States"",""Solar PV""}",google,,{},Manufacturer of solar mounting and balance-of-system products.,,,f,
578ece45-ba23-4e8e-9119-576a5206f8b7,,E. GmbH,kontakt-energiemanager@eon.com,089 95 46 98 64,,,,2026-07-08 13:55:55.701801+00,2026-07-08 15:37:37.303214+00,E.ON Energie Deutschland GmbH,,,,,,Germany,https://www.eon.de/de/pk/hems/service-partner.html,,,"{Utility,Germany}",google,,{},German energy retailer offering home energy management services.,,,f,
5799d51f-618e-4cab-91e3-2976e2330cac,,Data Corporation,nickpeng@dataimagecorp.com,+88626976808,,,,2026-07-08 13:55:51.651505+00,2026-07-08 15:37:37.303214+00,Data Image Corporation,,,,,,Taiwan,https://www.dataimagecorp.com,,,"{Other,Taiwan}",google,,{},Manufacturer of display/imaging components possibly used in energy devices.,,,f,
57d752f3-d692-4e02-9e07-18084892c18d,,Qihe Ltd,double100@vip.163.com,+86(0)534 5437333,,,,2026-07-08 13:56:53.712912+00,2026-07-08 15:37:37.303214+00,Qihe Shuangbai Digital Photographic Equipment Co.Ltd,,,,,,China,https://www.double100automation.com,,,"{Other,China}",google,,{},Chinese manufacturer of digital photographic/automation equipment.,,,f,
588ad289-5b89-401a-9bff-14211d0dba1f,,EMH GmbH,info@emh.de,+49418558570,,,,2026-07-08 13:55:59.30233+00,2026-07-08 15:37:37.303214+00,EMH Energie-Messtechnik GmbH,,,,,,Germany,https://emh.eu/,,,"{Metering/Monitoring,Germany,Grid}",google,,{},German manufacturer of energy metering technology.,,,f,
58bd7e1f-55f5-4bf0-9d62-c127de7d5979,,Hamburger GmbH,support@eround.de,+49404920200,,,,2026-07-08 13:56:16.266237+00,2026-07-08 15:37:37.303214+00,Hamburger Energienetze GmbH (eRound),,,,Hamburg,,Germany,https://www.eround.de/,,,"{Utility,Germany,Grid}",google,,{},Hamburg energy network operator running the eRound smart metering platform.,,,f,
58ccb384-4029-4fb9-8b9c-339047d3489f,,SUNfarming GmbH,j.gathani@sunfarming.de,+4933628859120,,,,2026-07-08 13:57:16.761081+00,2026-07-08 15:37:37.303214+00,SUNfarming GmbH,,,,,,Germany,https://www.sunfarming.de,,,"{Developer/IPP,Germany,""Solar PV""}",google,,{},German developer and operator of solar power plants.,,,f,
58e6b700-11ca-4b5b-90f2-116d2b1cfe5e,,FUJIAN LTD,sales@yanan-motor.com,+86-593-2589706,,,,2026-07-08 13:56:09.628042+00,2026-07-08 15:37:37.303214+00,"FUJIAN YANAN POWER CO.,LTD",,,,,,China,https://www.yanan-motor.com,,,"{Mounting/Tracker,China}",google,,{},"Chinese manufacturer of motors, possibly for solar tracker systems.",,,f,
58f42d6f-3cce-4e8a-8098-0cc8b7d26544,,Guangzhou Ltd,rebecca@felicitysolar.com,+86-20-36719118,,,,2026-07-08 13:56:15.309326+00,2026-07-08 15:37:37.303214+00,"Guangzhou Felicity Solar Technology Co., Ltd",,,,Guangzhou,,China,https://www.felicitysolar.com/,,,"{""Inverter Mfr"",China,""Solar PV""}",google,,{},Chinese manufacturer of solar inverters and PV system components.,,,f,
59243260-bab0-4907-91d9-1dc8d2500484,,smarter Forum,,+49 761 38813700,,,,2026-07-08 13:57:09.959579+00,2026-07-08 15:37:37.303214+00,The smarter E Forum,,,,,,Germany,,,,"{Association,Germany,""Solar PV""}",google,,{},Trade forum/event series for the solar and energy industry.,,,f,
5924e560-cabc-4683-ab75-4eabcafcce78,,TRESE SRL,treseconductori@gmail.com,+40733261896,,,,2026-07-08 13:57:23.88582+00,2026-07-08 15:37:37.303214+00,TRESE CONDUCTORI SRL,,,,,,Romania,https://treseconductori.ro,,,"{Cable/BOS,Romania}",google,,{},Romanian manufacturer/supplier of electrical conductors and cables.,,,f,
5961a601-c0c0-4d45-873d-396372595736,,SUZHOU LTD,info@hypon.com,+86 0512 80712362,,,,2026-07-08 13:57:18.352943+00,2026-07-08 15:37:37.303214+00,"SUZHOU HYPONTECH CO., LTD",,,,Suzhou,,China,https://www.hypon.com,,,"{""Inverter Mfr"",China,""Solar PV""}",google,,{},Chinese manufacturer of solar inverters.,,,f,
59697b7d-f046-4ad4-9831-2d1ab780def2,,Greenvolt Renováveis,,,,,,2026-07-08 13:56:13.231938+00,2026-07-08 15:37:37.303214+00,"Greenvolt – Energias Renováveis, S.A.",,,,,,Portugal,https://www.greenvolt.com,,,"{Developer/IPP,Portugal,""Solar PV""}",google,,{},Portuguese renewable energy developer and independent power producer.,,,f,
59755e65-6a93-4012-ae76-27779a7d2083,,Salzstrom FlexCo,office@salzstrom.com,+436507810185,,,,2026-07-08 13:56:59.816581+00,2026-07-08 15:37:37.303214+00,Salzstrom FlexCo,,,,,,Austria,,,,"{Battery/Storage,Austria}",google,,{},Austrian company developing salt-based energy storage solutions.,,,f,
59a5ce53-d933-4038-b1a7-32760389a8ff,,ettex GmbH,hallo@ettex.de,+4941039285730,,,,2026-07-08 13:56:04.330359+00,2026-07-08 15:37:37.303214+00,ettex GmbH,,,,,,Germany,https://www.ettex.de,,,"{Cable/BOS,Germany}",google,,{},German supplier of cable and electrical installation products.,,,f,
59cdc204-92f6-49e6-9d50-984143977c89,,Langmatz GmbH,h.steinbrunn@langmatz.energy,+498821920517,,,,2026-07-08 13:56:34.141138+00,2026-07-08 15:37:37.303214+00,Langmatz Energy GmbH,,,,,,Germany,https://www.langmatz.de,,,"{Metering/Monitoring,Germany,Grid}",google,,{},German manufacturer of grid distribution and energy infrastructure cabinets.,,,f,
59e17602-e702-40d8-9af8-71350388e338,,DZG Gmbh,info@dzg.de,+49 3301854 0,,,,2026-07-08 13:55:55.372036+00,2026-07-08 15:37:37.303214+00,DZG Metering Gmbh,,,,,,Germany,https://www.dzg.de,,,"{Metering/Monitoring,Germany,Grid}",google,,{},German manufacturer of electricity meters.,,,f,
59f8f499-e7df-4735-8bd8-ff4df3a474ad,,Xiamen LTD,info@panda-solar.com,+86 15359868817,,,,2026-07-08 13:57:35.629238+00,2026-07-08 15:37:37.303214+00,"Xiamen Panda Solar Technology Co.,LTD",,,,Xiamen,Fujian,China,https://www.pandasolarpv.com/,,,"{""Module Mfr"",China,""Solar PV""}",google,,{},Manufactures solar photovoltaic modules.,,,f,
59fb4cd9-30c7-4a33-b958-163d762591d9,,NINGBO LTD,sale@connfly.com,86-574-63508787,,,,2026-07-08 13:56:43.422804+00,2026-07-08 15:37:37.303214+00,"NINGBO CONNFLY ELECTRONIC CO.,LTD",,,,Ningbo,Zhejiang,China,https://www.connfly.com,,,"{Cable/BOS,China}",google,,{},Manufactures electronic connectors and components used in solar and electronics systems.,,,f,
5a3728bd-a682-4ae3-b7e2-591300408f27,,Qingdao Ltd.,solar@lumiax.com,86-0532-80776031,,,,2026-07-08 13:56:53.842145+00,2026-07-08 15:37:37.303214+00,Qingdao Skywise Technology Co. Ltd.,,,,Qingdao,Shandong,China,,,,"{Metering/Monitoring,China,""Solar PV""}",google,,{},"Chinese company associated with Lumiax, maker of solar monitoring and inverter equipment.",,,f,
5a55c714-3736-4696-8727-6a6b93d8f194,,INES,celine.cote@ines-solaire.org,+3376063243833,,,,2026-07-08 13:56:23.602773+00,2026-07-08 15:37:37.303214+00,INES,,,,Le Bourget-du-Lac,,France,https://www.ines-solaire.org/,,,"{Research/Academic,France,""Solar PV""}",google,,{},French research institute for new energy technologies including solar.,,,f,
5a8f18cd-e246-4963-ace9-2984e220831c,,Libra Inc.,jermaine@librabots.com,+16505469548,,,,2026-07-08 13:56:35.509703+00,2026-07-08 15:37:37.303214+00,Libra Robotics Inc.,,,,,,United States,https://librabots.com,,,"{Other,""United States"",""Solar PV""}",google,,{},Develops robotics for solar panel installation and cleaning.,,,f,
5a95d4f5-f12b-4df5-bb7b-a2d4705613b6,,Otto GmbH,vertrieb@otto-lehmann-gmbh.de,09401786213,,,,2026-07-08 13:56:47.566516+00,2026-07-08 15:37:37.303214+00,Otto Lehmann GmbH,,,,,,Germany,https://www.ottolehmann.com,,,"{Distributor,Germany}",google,,{},German distributor of electrical and electronic components.,,,f,
5ae04e9f-7d18-469c-ab18-bed1cd37602c,,Kiwigrid GmbH,info@kiwigrid.com,+49 351 501950-0,,,,2026-07-08 13:56:32.222406+00,2026-07-08 15:37:37.303214+00,Kiwigrid GmbH,,,,Dresden,Saxony,Germany,https://www.kiwigrid.com,,,"{Software,Germany,Storage}",google,,{},Provides software platform for energy management and smart grid integration.,,,f,
5aecce0c-9431-4a13-a988-57ac93482900,,NEO GmbH,sales@neo-messtechnik.com,+43264220301,,,,2026-07-08 13:56:42.292547+00,2026-07-08 15:37:37.303214+00,NEO Messtechnik Holding GmbH,,,,,,Germany,https://www.neo-messtechnik.com,,,"{Metering/Monitoring,Germany}",google,,{},German manufacturer of measurement technology equipment.,,,f,
5aeda34e-027b-4ce0-a507-8c5f1fc76767,,enervis GmbH,kontakt@enervis.de,+49 30 6951750,,,,2026-07-08 13:56:01.986905+00,2026-07-08 15:37:37.303214+00,enervis energy advisors GmbH,,,,Berlin,,Germany,https://www.enervis.de,,,"{Consultancy,Germany}",google,,{},German energy consultancy advising on energy markets and projects.,,,f,
5aff941d-dff3-465e-80f5-37d591eb08ce,,BMSer Technology,info@bmser.com,+860571-89712801,,,,2026-07-08 13:55:43.04354+00,2026-07-08 15:37:37.303214+00,BMSer Technology,,,,,,China,https://en.bmser.com/,,,"{Battery/Storage,China}",google,,{},Manufactures battery management system (BMS) technology.,,,f,
5b354f35-09c9-4dcd-b819-f232c9d8e4f4,,eks KG,info@eks-engel.de,+49 2762 9313600,,,,2026-07-08 13:55:57.843474+00,2026-07-08 15:37:37.303214+00,eks Engel FOS GmbH &amp; Co. KG,,,,,,Germany,https://www.eks-engel.de,,,"{Cable/BOS,Germany}",google,,{},German manufacturer of fiber optic cable systems.,,,f,
5b390c83-20c7-4cce-b0a4-e8f8a0d219ee,,KPN IoT,,,,,,2026-07-08 13:56:33.130131+00,2026-07-08 15:37:37.303214+00,KPN IoT,,,,Rotterdam,,Netherlands,,,,"{Other,Netherlands}",google,,{},IoT connectivity division of Dutch telecommunications provider KPN.,,,f,
5b51d80d-211a-497e-850e-770636f88075,,RayFlex,sales@tnetech.co.kr,+82312992778,,,,2026-07-08 13:56:55.257148+00,2026-07-08 15:37:37.303214+00,RayFlex,,,,,,South Korea,https://rayflex.co.kr/,,,"{Metering/Monitoring,""South Korea""}",google,,{},South Korean company producing power electronics and monitoring products.,,,f,
5b587f57-44bc-4c7a-a559-ae425390dd63,,Xiamen Ltd.,donnie@kingfeels.com,0592-5772032,,,,2026-07-08 13:57:35.392057+00,2026-07-08 15:37:37.303214+00,"Xiamen Kingfeels Energy Technology Co., Ltd.",,,,Xiamen,Fujian,China,https://www.kingfeels.com,,,"{""Module Mfr"",China,""Solar PV""}",google,,{},Manufactures solar photovoltaic modules and energy products.,,,f,
5b7c863b-03af-4c2c-88c2-8907dfda862e,,Ningbo Ltd.,brook@bfevse.com,+86 13566266064,,,,2026-07-08 13:56:43.331593+00,2026-07-08 15:37:37.303214+00,"Ningbo Bifang New Energy Technology Co.,Ltd.",,,,Ningbo,Zhejiang,China,https://www.bfevse.com,,,"{Other,China,""EV Charging""}",google,,{},Manufactures EV charging equipment.,,,f,
5b913d42-5f80-4b10-9f12-0666f631fcc6,,Energy5 z,office@energy5.pl,+48882808644,,,,2026-07-08 13:56:01.377963+00,2026-07-08 15:37:37.303214+00,Energy5 Sp. z o.o.,,,,,,Poland,https://energy5.pl/de/,,,"{EPC/Installer,Poland,""Solar PV""}",google,,{},Polish company providing solar EPC and distribution services.,,,f,
5bb48c61-28da-4c37-a0a1-56a2c5f062ea,,BOM,,,,,,2026-07-08 13:55:43.225244+00,2026-07-08 15:37:37.303214+00,BOM,,,,,,Unknown,,,,"{Other,Unknown}",google,,{},Insufficient data to classify; no website or email available.,,,f,
5bffdd68-2ebc-4e54-a4d4-fdaa0ea1138c,,Huiyao Ltd,hy@huiyaolaser.com,+86 0379-64321615,,,,2026-07-08 13:56:21.196691+00,2026-07-08 15:37:37.303214+00,"Huiyao Laser Technology(Luoyang) Co.,Ltd",,,,Luoyang,Henan,China,https://www.huiyaolaser.com,,,"{Other,China}",google,,{},Manufactures laser cutting and processing equipment.,,,f,
5c07fbe9-df39-4352-8568-1247574ef271,,Shenzhen Ltd.,,+8675527160885,,,,2026-07-08 13:57:06.678003+00,2026-07-08 15:37:37.303214+00,"Shenzhen Sunbow Insulation Materials MFG. Co.,Ltd.",,,,Shenzhen,Guangdong,China,https://www.sunbowgd.com,,,"{Cable/BOS,China}",google,,{},Manufactures insulation materials for electrical and cable applications.,,,f,
5c21da6e-45d1-47e3-9c9b-3488ccc1b2d3,,Steadysun,matthieu.laurent@steady-sun.com,,,,,2026-07-08 13:57:15.523361+00,2026-07-08 15:37:37.303214+00,Steadysun,,,,,,France,https://steady-sun.com,,,"{Software,France,""Solar PV""}",google,,{},Provides solar irradiance forecasting software solutions.,,,f,
5c4887ff-a937-4963-8e00-a830c56391be,,Shenzhen Ltd.,hr01@wis-tek.com,,,,,2026-07-08 13:57:07.13365+00,2026-07-08 15:37:37.303214+00,"Shenzhen Wistek Energy Co.,Ltd.",,,,Shenzhen,Guangdong,China,https://wistekenergy.com/product/,,,"{Cable/BOS,China}",google,,{},Manufactures energy storage cables and wire products.,,,f,
5c523768-a0d3-43bb-8536-5fd722c677de,,Beijing Ltd.,info@welion.cn,+86 010-82150066,,,,2026-07-08 13:55:40.874974+00,2026-07-08 15:37:37.303214+00,"Beijing Welion New Energy Technology Co.,Ltd.",,,,Beijing,,China,https://www.solidstatelion.com,,,"{Battery/Storage,China}",google,,{},Develops solid-state lithium battery technology.,,,f,
5c83d93d-a844-410b-a667-45f965184a41,,LUOYANG LTD.,info@grasen.com,+86 0379 65189966,,,,2026-07-08 13:56:36.518616+00,2026-07-08 15:37:37.303214+00,"LUOYANG GRASEN POWER TECHNOLOGY CO., LTD.",,,,Luoyang,Henan,China,https://www.grasen.com,,,"{""Inverter Mfr"",China,""Solar PV""}",google,,{},Manufactures solar charge controllers and power technology equipment.,,,f,
5c96c7ac-e609-4a4e-8af8-d1d88512a3d8,,myenergi GmbH,info.de@myenergi.com,+4922184644555,,,,2026-07-08 13:56:41.578051+00,2026-07-08 15:37:37.303214+00,myenergi GmbH,,,,,,Germany,https://www.myenergi.com/de,,,"{Other,Germany,""EV Charging""}",google,,{},German subsidiary selling home EV chargers and solar energy diverters.,,,f,
5c975066-c5f9-4564-80d7-9aa8aebf8b40,,SMR z,marcin.szwech@flame-smr.com,+48512114424,,,,2026-07-08 13:57:10.271233+00,2026-07-08 15:37:37.303214+00,SMR Polska sp. z o.o.,,,,,,Poland,https://www.flame-smr.com,,,"{Other,Poland}",google,,{},Polish company associated with flame safety and industrial equipment.,,,f,
5cebbf26-1f6a-4b09-a45b-00dded462499,,PLAN-NET SOLAR,info@plan-net-solar.si,+38631443291,,,,2026-07-08 13:56:50.08766+00,2026-07-08 15:37:37.303214+00,PLAN-NET SOLAR D.O.O.,,,,,,Slovenia,https://www.plan-net-solar.si,,,"{EPC/Installer,Slovenia,""Solar PV""}",google,,{},Slovenian solar EPC and installation company.,,,f,
5d18a471-5fd2-4a81-b639-7b005b54ecab,,OSWELL LTD,sales@oswell.com.cn,+86 21 6875 6810,,,,2026-07-08 13:56:47.484386+00,2026-07-08 15:37:37.303214+00,OSWELL E-GROUP LTD,,,,,,China,https://www.eoswell.com,,,"{Battery/Storage,China}",google,,{},Chinese energy storage and power equipment supplier.,,,f,
5d33ab85-5b88-4973-88f9-b51cf589046a,,Dongguan LTD.,sales@wiltsonenergy.com,+86 18566732273,,,,2026-07-08 13:55:54.279051+00,2026-07-08 15:37:37.303214+00,"Dongguan Wiltson New Energy Technology CO., LTD.",,,,Dongguan,Guangdong,China,https://www.wiltsonenergy.com,,,"{Battery/Storage,China}",google,,{},"Dongguan-based new energy technology manufacturer, likely battery products.",,,f,
5d43c329-85cb-4f9b-b8e5-0be5d04e5d63,,Zhejiang Ltd.,global.sales@hyxipower.com,+86-0571-87822520,,,,2026-07-08 13:57:38.874653+00,2026-07-08 15:37:37.303214+00,"Zhejiang Hyxi Technology Co., Ltd.",,,,,Zhejiang,China,https://en.hyxipower.com/en,,,"{""Inverter Mfr"",China}",google,,{},Zhejiang-based power electronics manufacturer.,,,f,
5d74d998-f37d-406a-b1dc-95083aff68b7,,Bayernwerk GmbH,,,,,,2026-07-08 13:55:39.702043+00,2026-07-08 15:37:37.303214+00,Bayernwerk Netz GmbH,,,,,Bavaria,Germany,https://www.bayernwerk.de/de/fuer-unternehmen/technische-dienstleistungen.html,,,"{Utility,Germany,Grid}",google,,{},German regional electricity grid operator providing technical services to businesses.,,,f,
5dad9e0c-b263-447b-a3fc-76c907a879c3,,Energiequelle GmbH,info@energiequelle.de,+49337698710,,,,2026-07-08 13:56:00.590138+00,2026-07-08 15:37:37.303214+00,Energiequelle GmbH,,,,,,Germany,https://www.energiequelle.de,,,"{Developer/IPP,Germany}",google,,{},German renewable energy project developer.,,,f,
5dcd9bf3-7647-4ead-a54c-e8cae1170449,,Guangdong Ltd,taylor@basengreen.com,+86-15818721692,,,,2026-07-08 13:56:13.964254+00,2026-07-08 15:37:37.303214+00,"Guangdong Basen Green New Energy Co.,Ltd",,,,,Guangdong,China,https://www.basenpower.com,,,"{""Module Mfr"",China,""Solar PV""}",google,,{},Guangdong-based solar module and green energy manufacturer.,,,f,
5ddac7a2-386a-41c3-95e9-ba5d7a50dde0,,Power AG,info@ppc-ag.de,+4962140165100,,,,2026-07-08 13:56:50.862903+00,2026-07-08 15:37:37.303214+00,Power Plus Communications AG (PPC),,,,,,Germany,https://www.ppc-ag.de,,,"{Metering/Monitoring,Germany,Grid}",google,,{},German provider of smart metering and grid communication systems.,,,f,
5ddbed9c-5a32-497a-ab26-e9f50d2d1d0a,,Birdtical GmbH,info@birdtical.com,+4986779186810,,,,2026-07-08 13:55:42.261642+00,2026-07-08 15:37:37.303214+00,Birdtical GmbH,,,,,,Germany,https://www.birdtical.com,,,"{Testing/Certification,Germany,Wind}",google,,{},German company providing bird detection/protection technology for wind turbines.,,,f,
5df3b907-b921-4332-8d91-9b2a736f0ae9,,VOLTEC,info@voltec-solar.com,+33 3 88494987,,,,2026-07-08 13:57:29.269767+00,2026-07-08 15:37:37.303214+00,VOLTEC,,,,,,France,https://www.voltec-solar.com,,,"{""Module Mfr"",France,""Solar PV""}",google,,{},French solar PV module manufacturer.,,,f,
5df553ad-68a4-4acf-a3cf-4038836d97f3,,Guangdong LTD,info@gleemax-alu.com,+86 18502086016,,,,2026-07-08 13:56:14.180909+00,2026-07-08 15:37:37.303214+00,"Guangdong Gleemax Aluminium Co.,LTD",,,,,Guangdong,China,https://www.gleemaxthermal.com,,,"{Mounting/Tracker,China}",google,,{},Guangdong-based aluminium components manufacturer for solar mounting and thermal applications.,,,f,
5e0093a8-5b8d-4c58-b79b-180e23779019,,Jonsol GmbH,info@jonsol.com,+4970567759716,,,,2026-07-08 13:56:29.853829+00,2026-07-08 15:37:37.303214+00,Jonsol GmbH,,,,,,Germany,https://www.jonsol.com,,,"{EPC/Installer,Germany,""Solar PV""}",google,,{},German solar installation company.,,,f,
5e144c1c-5d42-4c14-9fda-b203167beaea,,Dexter Energy,ivette@dexterenergy.ai,+31851307496,,,,2026-07-08 13:55:52.850032+00,2026-07-08 15:37:37.303214+00,Dexter Energy,,,,,,Netherlands,https://dexterenergy.ai/,,,"{Software,Netherlands,Grid}",google,,{},AI-driven energy trading and forecasting software company.,,,f,
5e1b4d46-cdf5-4c60-a8d6-b59152f6c94f,,KACO Company,info@kaco-newenergy.de,+4971328960,,,,2026-07-08 13:56:30.823114+00,2026-07-08 15:37:37.303214+00,KACO new energy GmbH – A Siemens Company,,,,,,Germany,https://kaco-newenergy.com,,,"{""Inverter Mfr"",Germany,""Solar PV""}",google,,{},"German solar inverter manufacturer, part of Siemens.",,,f,
5e3b71e0-77a6-4023-8b9f-8cfdc274e2b9,,BorgWarner Inc.,mediacontact.eu@borgwarner.com,+494971411469832,,,,2026-07-08 13:55:43.273374+00,2026-07-08 15:37:37.303214+00,BorgWarner Inc.,,,,,Michigan,United States,https://www.borgwarner.com/home,,,"{Other,""United States"",""EV Charging""}",google,,{},US automotive and e-propulsion systems manufacturer.,,,f,
5e687173-a82d-435b-95fd-8e85c9735835,,Soluzione SRL,info@soluzionesolare.it,+39 0444 530234,,,,2026-07-08 13:57:13.838688+00,2026-07-08 15:37:37.303214+00,Soluzione Solare SRL,,,,,,Italy,https://www.soluzionesolare.com,,,"{EPC/Installer,Italy,""Solar PV""}",google,,{},Italian solar installation company.,,,f,
5e70ac52-ea9e-4eaa-b3cb-0869824ff4d2,,Dyness GmbH,johanna.schwab@dyness-tech.com,+4915140331794,,,,2026-07-08 13:55:55.32398+00,2026-07-08 15:37:37.303214+00,Dyness Germany GmbH,,,,,,Germany,https://www.dyness.de,,,"{Battery/Storage,Germany}",google,,{},German subsidiary of a battery energy storage system manufacturer.,,,f,
5e9e2915-d977-4b3e-a7f8-0d0da146a72a,,Homsphere,david.blanco@homsphere.com,+41223413000,,,,2026-07-08 13:56:19.740554+00,2026-07-08 15:37:37.303214+00,Homsphere,,,,,,Spain,https://www.homsphere.com,,,"{EPC/Installer,Spain,Residential}",google,,{},Residential solar installation company.,,,f,
5eadfbc2-8f6f-4ac0-8ed5-e7664d5936b5,,Gebhardt-Stahl GmbH,marketing@gebhardt-holding.de,+492922973330,,,,2026-07-08 13:56:10.99754+00,2026-07-08 15:37:37.303214+00,Gebhardt-Stahl GmbH,,,,,,Germany,https://www.gebhardt-stahl.de/,,,"{Mounting/Tracker,Germany}",google,,{},German steel manufacturer supplying racking and structural steel components.,,,f,
5eb456a4-8450-4eb5-a15f-af0e15f7e3dd,,Energy Ltd,info@ltenergyservices.co.uk,,,,,2026-07-08 13:56:01.01082+00,2026-07-08 15:37:37.303214+00,LT Energy Services Ltd,,,,,,United Kingdom,https://ltenergyservices.co.uk/,,,"{EPC/Installer,""United Kingdom"",C&I}",google,,{},UK-based energy services and installation company.,,,f,
5ee04d44-55c5-41fb-b603-7d00bf13c863,,Amp Assist,patrick@amp-assist.com,+491733849446,,,,2026-07-08 13:55:33.376547+00,2026-07-08 15:37:37.303214+00,Amp Assist,,,,,,United Kingdom,https://www.amp-assist.com/,,,"{Software,""United Kingdom"",""EV Charging""}",google,,{},Provides support/software services for EV charging or energy assets.,,,f,
5f0595eb-2ccf-40f9-a74f-34ca926443b1,,MaxSolar GmbH,info@maxsolar.de,+49 861 21396-60,,,,2026-07-08 13:56:38.14652+00,2026-07-08 15:37:37.303214+00,MaxSolar GmbH,,,,,,Germany,https://www.maxsolar.com,,,"{EPC/Installer,Germany,""Solar PV""}",google,,{},German solar EPC and installation company.,,,f,
5f13bb4a-7608-43b5-9a2f-9350e65984fb,,Thaora,jan.sabec@thaora.com,+385 99 1679 959,,,,2026-07-08 13:57:21.957544+00,2026-07-08 15:37:37.303214+00,Thaora,,,,,,Slovenia,https://thaora.com,,,"{Consultancy,Slovenia}",google,,{},Energy sector consultancy or services company.,,,f,
5f1b0fcc-4c86-453c-927d-9cb0916634e9,,Nexatron GmbH,info@nexatron-energy.de,+49 40 460056200,,,,2026-07-08 13:56:42.744941+00,2026-07-08 15:37:37.303214+00,Nexatron Energietechnik GmbH,,,,,,Germany,https://nexatron-energy.de/,,,"{Cable/BOS,Germany}",google,,{},German energy technology company supplying balance-of-system components.,,,f,
5f56fc21-80ad-4d67-b31b-4495900c2ff8,,Daimler AG,contact@daimlertruck.com,+4971184850,,,,2026-07-08 13:55:51.370986+00,2026-07-08 15:37:37.303214+00,Daimler Truck AG,,,,Stuttgart,,Germany,https://www.daimlertruck.com/,,,"{Other,Germany,""EV Charging""}",google,,{},German truck manufacturer with electric and alternative-fuel truck lines.,,,f,
5f61f05a-85af-44c4-a8ea-c2cf89a73b9e,,NGEN d.o.o.,pr@ngen.at,+43463207040,,,,2026-07-08 13:56:43.147166+00,2026-07-08 15:37:37.303214+00,NGEN d.o.o.,,,,,,Slovenia,https://www.ngen-group.eu,,,"{Developer/IPP,Slovenia,""Solar PV""}",google,,{},Renewable energy group developing solar and energy projects in Europe.,,,f,
5f70eb55-929c-4b48-91d2-039da7d1d7ed,,Drospect,info@drospect.ai,+358442449397,,,,2026-07-08 13:55:54.937352+00,2026-07-08 15:37:37.303214+00,Drospect,,,,,,Germany,https://www.drospect.ai,,,"{Software,Germany,""Solar PV""}",google,,{},AI-based drone inspection software for solar PV assets.,,,f,
5f7842f6-38ac-4904-a372-0a6e9ad5cf96,,enhelios GmbH,info@enhelios.com,+4915253660137,,,,2026-07-08 13:56:02.272865+00,2026-07-08 15:37:37.303214+00,enhelios GmbH,,,,,,Germany,https://www.enhelios.com,,,"{EPC/Installer,Germany,""Solar PV""}",google,,{},German solar PV project developer and EPC contractor.,,,f,
5f8bcded-d9f4-4b9a-9db6-9cea9f121961,,Peakup Power,info@peakuppower.com,+86 25 86108516,,,,2026-07-08 13:56:48.435472+00,2026-07-08 15:37:37.303214+00,Peakup Power,,,,,,Turkey,https://en.peakuppower.com/de.peakuppower.com,,,"{Distributor,Turkey,""Solar PV""}",google,,{},Distributor of solar power equipment and components.,,,f,
5f8ccc7d-953b-464e-b2e8-d560b8ab3ccb,,Deutsche AG,erneuerbare.energien@dkb.de,+49 30 1203000,,,,2026-07-08 13:55:52.807421+00,2026-07-08 15:37:37.303214+00,Deutsche Kreditbank AG,,,,Berlin,,Germany,https://www.dkb.de,,,"{Financing,Germany}",google,,{},German bank providing financing for renewable energy projects.,,,f,
5f9a5989-c342-4b0b-987d-ffe967079e56,,Shenzhen Ltd,joe@konjapower.com,+8613538052558,,,,2026-07-08 13:57:05.314501+00,2026-07-08 15:37:37.303214+00,"Shenzhen KonJa Green Power Technology Co., Ltd",,,,Shenzhen,,China,https://www.konjapower.com,,,"{""Inverter Mfr"",China,""Solar PV""}",google,,{},Chinese manufacturer of solar power and green energy equipment.,,,f,
5fb457d9-3bc9-4933-b258-b80d9d7079da,,zevvy AG,info@zevvy.ch,+41 415 417766,,,,2026-07-08 13:57:37.757595+00,2026-07-08 15:37:37.303214+00,zevvy AG,,,,,,Switzerland,https://www.zevvy.com,,,"{Software,Switzerland,""EV Charging""}",google,,{},Swiss provider of solar and EV charging management software.,,,f,
60001696-60c3-42bc-9132-6d2f3292a550,,Siemens AG,matthias.sieber@siemens.com,+49 173 7054945,,,,2026-07-08 13:57:08.096331+00,2026-07-08 15:37:37.303214+00,Siemens AG,,,,Munich,,Germany,https://www.siemens.com,,,"{Other,Germany,Grid}",google,,{},Global industrial conglomerate active in energy and grid technology.,,,f,
601fbf38-11c7-4fbc-a6ed-14aef06f9835,,Rheinmetall AG,info@rheinmetall.com,+49 211 47301,,,,2026-07-08 13:56:57.294369+00,2026-07-08 15:37:37.303214+00,Rheinmetall AG,,,,Dusseldorf,,Germany,https://www.rheinmetall.com,,,"{Other,Germany}",google,,{},"German defense and automotive technology group, not energy-focused.",,,f,
6075f0e3-4547-40ba-9bbf-4363e00561d3,,CUBOS GmbH,,,,,,2026-07-08 13:55:50.911535+00,2026-07-08 15:37:37.303214+00,CUBOS Service GmbH,,,,,,Germany,https://www.cubos.com/,,,"{EPC/Installer,Germany,""Solar PV""}",google,,{},German services provider for solar PV installation and maintenance.,,,f,
6097aec0-a817-4ad2-8f16-2f6aa7f3ca78,,SANERGRID Group,contact@groupe-sanergrid.com,+33 (0)9 70 24 86 04,,,,2026-07-08 13:57:00.074339+00,2026-07-08 15:37:37.303214+00,SANERGRID Group,,,,,,France,https://www.sanergrid.com/en/,,,"{Developer/IPP,France,""Solar PV""}",google,,{},French group developing and operating renewable energy projects.,,,f,
60dde1ce-78a8-42a3-bfa5-15f1ec33515a,,Bidirectional Zone,,+49 761 38813700,,,,2026-07-08 13:55:41.914878+00,2026-07-08 15:37:37.303214+00,The Bidirectional Zone,,,,,,Germany,,,,{Other},google,,{},No website or verifiable information available for this contact.,,,f,
60f1fc04-8192-4bd7-bc12-8e0aa2c26eb3,,Brandenburgische BTU,ahner@b-tu.de,+49355694044,,,,2026-07-08 13:55:43.490446+00,2026-07-08 15:37:37.303214+00,Brandenburgische Technische Universität Cottbus BTU,,,,Cottbus,Brandenburg,Germany,https://www.b-tu.de,,,"{Research/Academic,Germany}",google,,{},German technical university with energy research programs.,,,f,
61031b22-63cf-467f-b8d6-0a73c76c047f,,Shilchar Limited,gdeole@shilchar.com,+91-9099940228,,,,2026-07-08 13:57:07.561315+00,2026-07-08 15:37:37.303214+00,Shilchar Technologies Limited,,,,,Gujarat,India,https://www.shilchar.com,,,"{Other,India,Grid}",google,,{},Indian manufacturer of power and distribution transformers.,,,f,
61326c9b-4ce2-4d77-b1cd-0bffcb10041a,,PT INC,jane.zhou@ptheatsink.com,+86 18668258110,,,,2026-07-08 13:56:52.636599+00,2026-07-08 15:37:37.303214+00,PT HEATSINK INC,,,,,,China,https://www.ptheatsink.com,,,"{Cable/BOS,China}",google,,{},Chinese manufacturer of heatsinks for power electronics.,,,f,
61355f6b-d78a-4a59-879c-5a43c218d78e,,Shanghai Ltd.,zhangjt2@shanghai-electric.com,,,,,2026-07-08 13:57:02.302921+00,2026-07-08 15:37:37.303214+00,"Shanghai Electric Hency Solar Technology Co.,Ltd.",,,,Shanghai,,China,https://www.shanghai-electric.com/,,,"{""Module Mfr"",China,""Solar PV""}",google,,{},Chinese solar technology unit of Shanghai Electric group.,,,f,
61566a29-e4c6-4078-94a6-3e40ba927439,,Bison KG,j.flaig@bison-pro.com,+49 7402 9215937,,,,2026-07-08 13:55:42.354673+00,2026-07-08 15:37:37.303214+00,Bison Pro GmbH &amp; Co. KG,,,,,,Germany,https://www.bison-pro.com/,,,"{Mounting/Tracker,Germany,""Solar PV""}",google,,{},German manufacturer of solar mounting and structural components.,,,f,
617b0f98-2b50-4895-add0-99b3a53c0a3e,,TIANJIN LTD.,xs@caida-tech.com,+86-22-82172293,,,,2026-07-08 13:57:22.192827+00,2026-07-08 15:37:37.303214+00,"TIANJIN CAIDA NEW MATERIALS TECHNOLOGY CO., LTD.",,,,Tianjin,,China,https://www.caida-tech.com,,,"{Cable/BOS,China,""Solar PV""}",google,,{},Chinese manufacturer of new materials for solar applications.,,,f,
6186dd41-0eb1-4c64-b175-eb41dc25bcd0,,SuZhou Ltd.,sales@szcecb.com,+86 19962986098,,,,2026-07-08 13:57:18.065588+00,2026-07-08 15:37:37.303214+00,"SuZhou CECB Energy Technology Co.,Ltd.",,,,Suzhou,,China,https://www.szcecb.com,,,"{Cable/BOS,China,""Solar PV""}",google,,{},Chinese energy technology and solar component manufacturer.,,,f,
61b44cf8-5f29-4b72-b070-f7a966ef0418,,Welser GmbH,at@welser.com,+43 744 38000,,,,2026-07-08 13:57:31.49534+00,2026-07-08 15:37:37.303214+00,Welser Profile GmbH,,,,,,Austria,https://www.welser.com,,,"{Mounting/Tracker,Austria}",google,,{},Austrian steel profile manufacturer supplying mounting components.,,,f,
61b82e09-f3eb-4cb3-b356-24a887ebc816,,XIAMEN LTD,allie@hqmount.com,+86-05926252889,,,,2026-07-08 13:57:35.210511+00,2026-07-08 15:37:37.303214+00,"XIAMEN HQ MOUNT TECH CO.,LTD",,,,Xiamen,,China,https://www.hqmount.com,,,"{Mounting/Tracker,China,""Solar PV""}",google,,{},Chinese manufacturer of solar mounting systems.,,,f,
61f0c92b-8328-4d2d-8028-dc66dccb3c44,,ANTAI LTD,sales@antaisolar.com,+86-592-5902515,,,,2026-07-08 13:55:34.882695+00,2026-07-08 15:37:37.303214+00,"ANTAI TECHNOLOGY CO,. LTD",,,,,,China,https://www.antaisolar.com,,,"{Mounting/Tracker,China,""Solar PV""}",google,,{},Chinese manufacturer of solar tracker and mounting systems.,,,f,
61fc2077-c7db-4412-962c-b3c7bbf607e7,,eueco GmbH,info@eueco.de,+49 89 215511820,,,,2026-07-08 13:56:04.421131+00,2026-07-08 15:37:37.303214+00,eueco GmbH,,,,,,Germany,https://www.eueco.de,,,"{Consultancy,Germany,""Solar PV""}",google,,{},German energy consultancy for renewable energy projects.,,,f,
620a68ec-c9d1-4c95-8f16-661165d1fb6e,,PowerCo SE,,,,,,2026-07-08 13:56:51.119264+00,2026-07-08 15:37:37.303214+00,PowerCo SE,,,,Salzgitter,,Germany,https://powerco.de/,,,"{Battery/Storage,Germany}",google,,{},Volkswagen Group subsidiary manufacturing battery cells.,,,f,
621cd648-4672-4792-aa40-2ef9fabd535b,,inepro Metering,marketing@ineprometering.com,+31 252744028,,,,2026-07-08 13:56:23.513442+00,2026-07-08 15:37:37.303214+00,inepro Metering,,,,Nieuw-Vennep,,Netherlands,https://www.ineprometering.com,,,"{Metering/Monitoring,Netherlands}",google,,{},"Manufactures electricity meters, current transformers and EV charger test equipment.",,,f,
623ad749-3ebd-4c07-9e3a-ae40296566fb,,TOBSTEEL GmbH,info@tobsteel.com,+49 7941 6073-0,,,,2026-07-08 13:57:22.671118+00,2026-07-08 15:37:37.303214+00,TOBSTEEL GmbH,,,,Öhringen,Baden-Württemberg,Germany,https://www.tobsteel.com,,,"{Cable/BOS,Germany}",google,,{},Supplies stainless steel and special-alloy fasteners and connection elements.,,,f,
6249019c-edf1-41e2-a9ad-81d0723de9f3,,Octave. energy,info@octave.energy,+32478087828,,,,2026-07-08 13:56:45.733794+00,2026-07-08 15:37:37.303214+00,Octave.energy,,,Zandvoortstraat 12A,Mechelen,,Belgium,https://octave.energy/en/,,,"{Battery/Storage,Belgium,Storage}",google,,{},Develops battery energy storage systems and energy management software for businesses.,,,f,
62d1c5fb-ca70-4617-96f6-10ae3ea1a69b,,batch2 GmbH,martin.sekura@batch2-engineering.com,+4917696323223,,,,2026-07-08 13:55:38.793997+00,2026-07-08 15:37:37.303214+00,batch2 engineering GmbH,,,,,,Germany,https://www.batch2-engineering.com,,,"{Consultancy,Germany}",google,,{},Engineering firm providing technical consulting services for industrial and energy projects.,,,f,
62fa735f-65e6-456e-8e8b-30f5dab2d0e4,,G. KG,,,,,,2026-07-08 13:56:10.206402+00,2026-07-08 15:37:37.303214+00,G.RAU GmbH &amp; Co. KG,,,,,,Germany,,,,"{Other,Germany}",google,,{},German manufacturing company; specific product line not confirmed (no website on file).,,,f,
62fecb83-7afb-44cb-8629-a663cb76bb67,,M-TEC GmbH,office@mtec-systems.com,+43 761 2208050,,,,2026-07-08 13:56:36.841004+00,2026-07-08 15:37:37.303214+00,M-TEC Energy Systems GmbH,,,Aumühlweg 20,Pinsdorf,,Austria,https://www.mtec-systems.com,,,"{Battery/Storage,Austria,Residential}",google,,{},"Makes heat pumps, energy storage systems and inverters for the energy transition.",,,f,
631fa7c5-109d-4d9e-a75f-277ba610b644,,Shenzhen Ltd.,biz@biwattpower.com,+8675586961716,,,,2026-07-08 13:57:03.698935+00,2026-07-08 15:37:37.303214+00,"Shenzhen Biwatt Power Co., Ltd.",,,,Shenzhen,,China,https://www.biwattpower.com/,,,"{""Inverter Mfr"",China}",google,,{},Chinese manufacturer of power electronics including inverters and energy storage products.,,,f,
6336c33d-5ffc-44c6-9b33-23701c66a0e7,,Sunpal Ltd,info@sunpalsolar.com,+86 551 6586 5992,,,,2026-07-08 13:57:17.238796+00,2026-07-08 15:37:37.303214+00,"Sunpal Power Co., Ltd",,,,,,China,https://www.sunpalpower.com,,,"{""Module Mfr"",China}",google,,{},Manufactures photovoltaic solar panels and related solar power products.,,,f,
637e7213-f039-4cef-b4ad-8c7e4d87ef03,,Shanghai Ltd,sales@thaisen.cn,+862139780090,,,,2026-07-08 13:57:03.153529+00,2026-07-08 15:37:37.303214+00,"Shanghai Thaisen Electric Technology Co.,Ltd",,,,Shanghai,,China,https://www.thaisen-cn.com,,,"{Cable/BOS,China}",google,,{},Shanghai-based electric technology company supplying electrical components.,,,f,
6397c361-4f87-4822-a99d-b4a242222ed8,,DVR Warehousing,,,,,,2026-07-08 13:55:55.176856+00,2026-07-08 15:37:37.303214+00,DVR Warehousing B.V.,,,,,,Netherlands,https://dvr-warehousing.com,,,"{Distributor,Netherlands}",google,,{},"Provides warehousing and logistics services, including for solar/energy equipment distribution.",,,f,
642cc775-7b99-441a-b5ef-a4676533a393,,Prelect AS,,,,,,2026-07-08 13:56:51.770672+00,2026-07-08 15:37:37.303214+00,Prelect AS,,,Solheimsgaten 5,Bergen,,Norway,https://www.prelect.ai/no,,,"{Software,Norway,""EV Charging""}",google,,{},AI-driven software platform managing and optimizing electrification infrastructure equipment.,,,f,
642f873a-9571-4feb-801f-a9d93834928a,,Zhejiang Ltd.,scarlett@usfull.com,+86-577-61728833,,,,2026-07-08 13:57:38.631853+00,2026-07-08 15:37:37.303214+00,"Zhejiang Fullwill Electric Co., Ltd.",,,,,,China,https://www.usfull.com,,,"{Cable/BOS,China}",google,,{},Chinese manufacturer of electrical equipment and components under the Fullwill brand.,,,f,
64305625-5ae8-4ebd-a191-e7db0597e8b2,,Changzhou Ltd.,joycexu@egingpv.com,+86-519-82588615,,,,2026-07-08 13:55:46.567812+00,2026-07-08 15:37:37.303214+00,"Changzhou EGing Photovoltaic Technology Co., Ltd.",,,,Changzhou,,China,https://www.egingpv.com,,,"{""Module Mfr"",China}",google,,{},Manufactures photovoltaic modules under the EGing PV brand.,,,f,
6438a5d8-23c5-42e4-9965-8d5f07e463ae,,EVConsult,,,,,,2026-07-08 13:56:05.440803+00,2026-07-08 15:37:37.303214+00,EVConsult,,,,,,Netherlands,,,,"{Consultancy,Netherlands,""EV Charging""}",google,,{},Consultancy specializing in electric vehicle charging infrastructure advisory services.,,,f,
6441620b-409a-4d34-835f-f6eed70841f0,,Energieglück GmbH,info@energieglueck.de,+491702054173,,,,2026-07-08 13:56:00.450013+00,2026-07-08 15:37:37.303214+00,Energieglück AI GmbH,,,,,,Germany,https://www.energieglueck.de,,,"{Software,Germany}",google,,{},German company offering AI-based software solutions for energy management.,,,f,
647a72ce-aa3e-4d0b-9eb9-eaf89bad9391,,ISC Konstanz,,,,,,2026-07-08 13:56:25.569839+00,2026-07-08 15:37:37.303214+00,ISC Konstanz e.V. - International Solar Energy Research Center Konstanz,,,,Konstanz,,Germany,,,,"{Research/Academic,Germany,""Solar PV""}",google,,{},"International solar energy research institute based in Konstanz, Germany.",,,f,
64b104fb-e97a-42c0-9b42-7f8172bf69b6,,Hec Solar,,+359893061516,,,,2026-07-08 13:56:17.663575+00,2026-07-08 15:37:37.303214+00,Hec Solar,,,,,,China,https://hec-solar.com/,,,"{""Module Mfr"",China}",google,,{},Solar company manufacturing or supplying photovoltaic products (Hec Solar).,,,f,
64b2da7c-f70f-48c1-bc2c-fb4d043bd0be,,International Alliance,welcome@hrcg.eu,+49228504350,,,,2026-07-08 13:56:24.64965+00,2026-07-08 15:37:37.303214+00,International Battery and Energy Storage Alliance (IBESA),,,Adenauerallee 134,Bonn,,Germany,https://www.ibesalliance.org/,,,"{Association,Germany,Storage}",google,,{},B2B networking platform and association for the global battery and energy storage industry.,,,f,
64c50d42-0956-47e5-ad14-e6121ddee6f4,,Sineng Ltd.,overseas@si-neng.com,0510-88888118,,,,2026-07-08 13:57:08.604256+00,2026-07-08 15:37:37.303214+00,"Sineng Electric Co., Ltd.",,,,,,China,https://en.si-neng.com/,,,"{""Inverter Mfr"",China,Utility-scale}",google,,{},Chinese manufacturer of solar and energy storage inverters.,,,f,
64d823ad-ccfe-49c4-9b4e-bbe44880d467,,JiangXi Ltd,2774199011@qq.com,+8618070186708,,,,2026-07-08 13:56:28.616434+00,2026-07-08 15:37:37.303214+00,"JiangXi GuangXin New Materials Co.,Ltd",,,,Jiangxi,,China,https://www.jxgxty.com,,,"{Cable/BOS,China}",google,,{},"Chinese manufacturer of new materials, likely solar encapsulant or backsheet products.",,,f,
64f8eb97-8ef5-4a5d-a691-356f2c50e766,,DIgSILENT GmbH,marketing@digsilent.de,+49707291680,,,,2026-07-08 13:55:53.404296+00,2026-07-08 15:37:37.303214+00,DIgSILENT GmbH,,,,,,Germany,https://www.digsilent.de,,,"{Software,Germany,Grid}",google,,{},"Develops PowerFactory, a leading power system analysis software for grid and renewable systems.",,,f,
65037205-9d58-4b9a-b565-267a479e8b41,,Zhejiang Ltd.,,+86 571 2805 8299,,,,2026-07-08 13:57:38.400011+00,2026-07-08 15:37:37.303214+00,"Zhejiang Dahua Technology Co.,Ltd.",,,,Hangzhou,,China,,,,"{Metering/Monitoring,China}",google,,{},Chinese technology company supplying video surveillance and monitoring equipment.,,,f,
6520d685-31b9-4215-b72f-0251629ea4df,,Tritium,,,,,,2026-07-08 13:57:24.310025+00,2026-07-08 15:37:37.303214+00,Tritium,,,,Brisbane,,Australia,https://tritiumcharging.com,,,"{Other,Australia,""EV Charging""}",google,,{},Manufactures DC fast chargers for electric vehicles.,,,f,
65249889-8cf6-42fe-8cc4-c1f475dc078e,,Apollo UG,rafail@apollo-gs.com,+4915204754858,,,,2026-07-08 13:55:35.175072+00,2026-07-08 15:37:37.303214+00,Apollo Green Solutions UG,,,,,,Germany,https://www.apollo-gs.com,,,"{EPC/Installer,Germany,""Solar PV""}",google,,{},German company providing solar installation and green energy solutions.,,,f,
653c11e9-6cc0-4e5f-88e8-b617a2d0330b,,Suzhou Ltd,jacky.chiang@hornourtech.com,0512-83896508,,,,2026-07-08 13:57:18.252825+00,2026-07-08 15:37:37.303214+00,"Suzhou Hornour Energy High-Tech Co.,  Ltd",,,"No. 82, Zhongta Road, Mudu Town, Wuzhong District",Suzhou,Jiangsu,China,https://www.hornourtech.com,,,"{Cable/BOS,China,""Solar PV"",Storage}",google,,{},"Manufactures PV cables, energy storage cables and wire harnesses for the new energy sector.",,,f,
654f88ba-64b5-4e4e-ad60-fcb73951d6cb,,Radiocrafts AS,f.b.engelhardtsen@radiocrafts.com,+4740005195,,,,2026-07-08 13:56:54.972253+00,2026-07-08 15:37:37.303214+00,Radiocrafts AS,,,,,,Norway,https://radiocrafts.com/,,,"{Metering/Monitoring,Norway,Grid}",google,,{},Develops wireless RF modules and IoT communication solutions including smart metering applications.,,,f,
656a264e-e1b7-4d12-8914-56ad3a8593f2,,ecodata GmbH,office@ecodata-sl.de,+498571939990,,,,2026-07-08 13:55:56.454609+00,2026-07-08 15:37:37.303214+00,ecodata solutions GmbH,,,,,,Germany,https://www.ecodata-sl.de,,,"{Metering/Monitoring,Germany,""Solar PV""}",google,,{},German provider of monitoring and data solutions for solar and energy systems.,,,f,
658a4456-bc55-4b23-b1f1-de38d5760d87,,KLSA - Klein GmbH,info@klein-elektronik.de,+496571174070,,,,2026-07-08 13:56:32.312591+00,2026-07-08 15:37:37.303214+00,KLSA - Klein GmbH,,,,,,Germany,https://www.klein-elektronik.de,,,"{Other,Germany}",google,,{},"German electronics manufacturer (KLSA - Klein GmbH), scope inferred from name and domain.",,,f,
65a48501-a783-44cc-9dee-886d5e73a9d2,,KEI Limited,info@kei-ind.com,+919557898276,,,,2026-07-08 13:56:31.397589+00,2026-07-08 15:37:37.303214+00,KEI Industries Limited,,,,,,India,https://www.kei-ind.com/,,,"{Cable/BOS,India}",google,,{},"Indian manufacturer of cables, wires and stainless steel, supplying power and infrastructure sectors.",,,f,
65c11378-27c8-448b-a844-98450cbf266e,,Perlight Ltd.,enquiry@perlight.com,+86-576-86477290,,,,2026-07-08 13:56:48.784515+00,2026-07-08 15:37:37.303214+00,"Perlight Solar Co.,Ltd.",,,,,,China,https://www.perlight.com,,,"{""Module Mfr"",China,""Solar PV""}",google,,{},Chinese manufacturer of solar photovoltaic modules.,,,f,
65c1b8fa-6287-401a-b717-626f2e4089fa,,Solmet Sti.,info@solmet.com.tr,+905336087470,,,,2026-07-08 13:57:13.226401+00,2026-07-08 15:37:37.303214+00,Solmet Enerji Metal Elekt. Galv. Kapl. Ith. Ihr. San. Tic. Ltd. Sti.,,,,,,Turkey,https://www.solmet.com.tr,,,"{Mounting/Tracker,Turkey,""Solar PV""}",google,,{},Turkish producer of hot-dip galvanized steel components for solar mounting structures.,,,f,
65ee52ad-665c-4b3c-84da-501be6f9cf50,,Gonvarri Steel,sales@gsolarsteel.com,+34606669243,,,,2026-07-08 13:56:12.224654+00,2026-07-08 15:37:37.303214+00,Gonvarri Solar Steel,,,,,,Spain,https://www.gsolarsteel.com,,,"{Mounting/Tracker,Spain,""Solar PV"",Utility-scale}",google,,{},Spanish manufacturer of steel solar mounting structures and trackers.,,,f,
65ff65d8-2f01-4d9d-b8fc-f643f27a17ef,,Spessart-Assekuranz-Makler GmbH,info@spessart-ass.de,+49 9355 97450,,,,2026-07-08 13:57:14.383066+00,2026-07-08 15:37:37.303214+00,Spessart-Assekuranz-Makler GmbH,,,,,,Germany,https://www.spessart-ass.de,,,"{Other,Germany}",google,,{},German insurance brokerage (Spessart-Assekuranz-Makler GmbH).,,,f,
66013a3c-cc72-41c2-a2f3-e66564c097de,,Grew Limited,varsha.r@grew.one,+916357485632,,,,2026-07-08 13:56:13.366457+00,2026-07-08 15:37:37.303214+00,Grew Energy Private Limited,,,,,,India,https://www.thegrewsolar.com,,,"{EPC/Installer,India,""Solar PV""}",google,,{},Indian solar company (Grew Energy) offering solar products/EPC services.,,,f,
661fe48a-94e9-41b9-9404-31960071dc58,,Tech Ltd,sales@tech-stell.com.tw,+88663387668,,,,2026-07-08 13:57:20.349052+00,2026-07-08 15:37:37.303214+00,"Tech Stell Co., Ltd",,,,,,Taiwan,https://www.tech-stell.com.tw/en,,,"{Mounting/Tracker,Taiwan}",google,,{},"Taiwanese manufacturer of steel and metal components, including solar mounting hardware.",,,f,
662560de-6231-47db-9038-089b538d4b39,,Jackery,hello.eu@jackery.com,+86 0755-29106556,,,,2026-07-08 13:56:26.390329+00,2026-07-08 15:37:37.303214+00,Jackery,,,,,,United States,https://de.jackery.com,,,"{Battery/Storage,""United States"",Off-grid}",google,,{},Manufacturer of portable power stations and battery storage products.,,,f,
66322d75-4541-4249-8d45-224199241a09,,Certisolis TC,contact@certisolis.com,+33479685600,,,,2026-07-08 13:55:46.153451+00,2026-07-08 15:37:37.303214+00,Certisolis TC,,,,,,France,https://www.certisolis.com,,,"{Testing/Certification,France,""Solar PV""}",google,,{},French certification body (Certisolis) for solar photovoltaic products.,,,f,
66427b3a-4903-4d46-b6ef-194992877819,,Flexbid GmbH,info@flexbid.de,+49 151 298 19401,,,,2026-07-08 13:56:07.651986+00,2026-07-08 15:37:37.303214+00,Flexbid GmbH,,,,,,Germany,https://flexbid.de,,,"{Software,Germany,Grid}",google,,{},"German software company (Flexbid) for energy flexibility/trading, inferred from domain.",,,f,
66489526-1f61-445d-af71-373085016317,,Jiangxi Ltd,3420458269@qq.com,8613302941888,,,,2026-07-08 13:56:28.953652+00,2026-07-08 15:37:37.303214+00,"Jiangxi SinNET Electronics Technologies Co.,Ltd",,,,,,China,,,,"{Other,China}",google,,{},"Chinese electronics technology company (Jiangxi SinNET Electronics), no website available.",,,f,
6649bb57-bba8-4937-b6ce-fd85cf2ab6d5,,ComAp a.s.,info@comap-control.com,+420246012111,,,,2026-07-08 13:55:48.945187+00,2026-07-08 15:37:37.303214+00,ComAp a.s.,,,,,,Czech Republic,https://www.comap-control.com/,,,"{Metering/Monitoring,""Czech Republic"",Grid}",google,,{},"Develops smart controllers for gen-sets, microgrids and battery energy storage systems.",,,f,
665d2ece-73f3-4358-8c4d-90def7eec910,,UPOWER LTD,info@ucanpower.com,+86-755-28263405,,,,2026-07-08 13:57:26.512555+00,2026-07-08 15:37:37.303214+00,"UPOWER ELECTRIC CO.,LTD",,,,,,China,https://www.ucanpower.com,,,"{Battery/Storage,China}",google,,{},Chinese manufacturer of battery chargers and power electronics (UPOWER/Ucanpower).,,,f,
66d018c0-07bc-4670-82ca-c7a80533bc89,,QPQ International,oksana@qpq.international,+971 50 326 5062,,,,2026-07-08 13:56:54.160104+00,2026-07-08 15:37:37.303214+00,QPQ International,,,,,,Other,https://www.qpq.international,,,"{Financing,Other}",google,,{},Boutique deal advisory and co-development firm helping green energy developers secure financing and partners.,,,f,
66dac32d-625b-41c7-92de-4625c320efe4,,Jiangsu Ltd.,info@hanchuess.com,+86-510-88865288,,,,2026-07-08 13:56:27.221938+00,2026-07-08 15:37:37.303214+00,"Jiangsu Hanchu Energy Technology Co,Ltd.",,,"No. 9, Huicheng Road, Huishan District",Wuxi,Jiangsu,China,https://www.hanchuess.com,,,"{Battery/Storage,China,Residential,C&I}",google,,{},"Provides integrated smart energy storage systems including batteries, hybrid inverters and EV chargers.",,,f,
6733d5ce-acd8-46eb-95e8-3ebbf8527141,,IVR GmbH,info@ivrenergy.de,+49 36454 50621,,,,2026-07-08 13:56:26.06937+00,2026-07-08 15:37:37.303214+00,IVR Energieverteilungen GmbH,,,,,,Germany,http://www.ivrenergy.de,,,"{Cable/BOS,Germany}",google,,{},German supplier of energy distribution equipment (IVR Energieverteilungen).,,,f,
67547c9f-84c6-413d-b686-030548d25110,,SUNBOOSTER GmbH,b2b@sunbooster.com,,,,,2026-07-08 13:57:16.428125+00,2026-07-08 15:37:37.303214+00,SUNBOOSTER GmbH,,,,,,Germany,https://www.sunbooster.com,,,"{EPC/Installer,Germany,""Solar PV"",Residential}",google,,{},German solar installation company (SUNBOOSTER).,,,f,
67bc5b1c-10c6-48e9-ba38-13be959f0d59,,MegaResistors Corp.,fturner@megaresistors.com,+14167024432,,,,2026-07-08 13:56:38.424842+00,2026-07-08 15:37:37.303214+00,MegaResistors Corp.,,,,,Ontario,Canada,https://www.megaresistors.com,,,"{Cable/BOS,Canada,Grid}",google,,{},"Designs and manufactures power resistors including grounding, braking and load bank resistors.",,,f,
67f92c55-62b5-4ba1-b6c8-069d4819785a,,Nanjing Ltd,renewables@chinacnd.com,025-58806668,,,,2026-07-08 13:56:41.687784+00,2026-07-08 15:37:37.303214+00,"Nanjing C&amp;D Clean Energy Co., Ltd",,,"50F, Sunny World, No.188, Lushan Road",Nanjing,,China,https://www.cndcleanenergy.com/,,,"{Developer/IPP,China,Utility-scale}",google,,{},Renewable energy supply chain service provider handling project development and clean power asset investment.,,,f,
6807f6af-6e9d-4e78-99ee-c580b2d0ed29,,Trassify GmbH,info@trassify.de,+4915167466164,,,,2026-07-08 13:57:23.741873+00,2026-07-08 15:37:37.303214+00,Trassify GmbH,,,,,,Germany,https://www.trassify.de,,,"{Software,Germany,Grid}",google,,{},"German software company (Trassify), likely serving grid/route planning for energy infrastructure.",,,f,
6843a384-4c15-4352-bb2c-5f15a41de1c8,,EMD Deutschland,sales-de@emd.dk,+49 561 3105960,,,,2026-07-08 13:55:59.204791+00,2026-07-08 15:37:37.303214+00,EMD Deutschland,,,,,,Denmark,https://www.emd-international.com/,,,"{Software,Denmark,Wind,""Solar PV""}",google,,{},Develops energy planning and optimization software including windPRO and energyPRO for renewable projects.,,,f,
68460fc4-34af-4293-b86a-d106522330e0,,Ningbo Ltd.,info@sunways-tech.com,+8618168921940,,,,2026-07-08 13:56:43.867656+00,2026-07-08 15:37:37.303214+00,"Ningbo Sunways Technologies Co., Ltd.",,,,Ningbo,Zhejiang,China,https://www.sunways-tech.com,,,"{""Inverter Mfr"",China,""Solar PV""}",google,,{},Manufactures string and hybrid solar inverters under the Sunways brand.,,,f,
687a4b33-286a-4037-a4ae-b9dd697cd112,,KB. GmbH,,,,,,2026-07-08 13:56:31.261749+00,2026-07-08 15:37:37.303214+00,KB.energy GmbH,,,,,,Germany,,,,"{EPC/Installer,Germany,""Solar PV""}",google,,{},German solar energy company; no website available for verification.,,,f,
687dc41b-d1c4-49f3-981c-ea96b6391e6e,,Generation Green,info@generationgreen.energy,+31850487320,,,,2026-07-08 13:56:11.094993+00,2026-07-08 15:37:37.303214+00,Generation Green,,,Lange Dreef 19,Vianen,,Netherlands,https://www.generationgreen.energy,,,"{EPC/Installer,Netherlands,""Solar PV""}",google,,{},"Installs commercial solar, battery storage, EMS and charging systems for businesses.",,,f,
688a63ee-c07a-4465-b5d8-e2af70a405ba,,bike-energy,office@bike-energy.com,+436452525350,,,,2026-07-08 13:55:42.068283+00,2026-07-08 15:37:37.303214+00,bike-energy,,,,Altenmarkt im Pongau,Salzburg,Austria,https://bike-energy.com,,,"{""EV Charging"",Austria,""EV Charging""}",google,,{},Designs and manufactures modular e-bike charging stations and mobility infrastructure.,,,f,
688ac418-f510-4db6-b00d-374df99c5a2f,,Mars GmbH,info@mars-energie.de,+491745333087,,,,2026-07-08 13:56:37.718538+00,2026-07-08 15:37:37.303214+00,Mars Energie Entwicklung GmbH,,,,,Baden-Wurttemberg,Germany,https://www.mars-energie.de,,,"{Consultancy,Germany,""Solar PV""}",google,,{},"Engineering office for technical planning and certification of PV, biogas and storage plants.",,,f,
688aff1a-ba88-47f8-8922-10afaf222197,,Ostbayerische Regensburg,poststelle@oth-regensburg.de,+4994194302,,,,2026-07-08 13:56:47.350441+00,2026-07-08 15:37:37.303214+00,Ostbayerische technische Hochschule Regensburg,,,,Regensburg,Bavaria,Germany,https://www.oth-regensburg.de/,,,"{Research/Academic,Germany}",google,,{},Public technical university (OTH Regensburg) with research in energy and engineering.,,,f,
68b54bf5-2153-4be6-90c6-629b0e3e10c2,,Moeller GmbH,info@moellerpoeller.de,+497071138790,,,,2026-07-08 13:56:40.475413+00,2026-07-08 15:37:37.303214+00,Moeller &amp; Poeller Engineering GmbH,,,,Tubingen,,Germany,https://moellerpoeller.de/,,,"{Consultancy,Germany,Grid}",google,,{},"Engineering firm specializing in grid integration of renewable energy, including offshore wind.",,,f,
68d2b440-a5c3-4c45-835f-586375dbc530,,Röder GmbH,info@roeder-maschinenbau.de,+49 7336 92190,,,,2026-07-08 13:56:57.911141+00,2026-07-08 15:37:37.303214+00,Röder Maschinenbau GmbH,,,,,Baden-Wurttemberg,Germany,https://www.roeder-maschinenbau.de,,,"{Other,Germany}",google,,{},Manufactures industrial machinery including CNC plasma cutters and construction equipment.,,,f,
68d57e69-deb8-4027-82de-7ffe87780132,,Enershare Limited,jane@enershare.cn,+8675528718021,,,,2026-07-08 13:56:01.706573+00,2026-07-08 15:37:37.303214+00,Enershare Tech Company Limited,,,"1603 Huitong Building, No. 10 Longgang Road",Shenzhen,Guangdong,China,https://www.enershare.cn,,,"{Battery/Storage,China,""Solar PV""}",google,,{},Manufactures LiFePO4 lithium battery storage systems for residential and commercial use.,,,f,
68f93482-25d8-47f4-97f1-bb9e50006421,,KEPCO,kim02_joy@kepco.co.kr,+82-61-345-7751,,,,2026-07-08 13:56:31.484807+00,2026-07-08 15:37:37.303214+00,KEPCO,,,,Naju,,South Korea,https://www.kepco.co.kr/,,,"{Utility,""South Korea"",Grid}",google,,{},"Korea Electric Power Corporation, national electric utility of South Korea.",,,f,
690ab596-2f77-47c4-bdb8-87f6f83c9479,,LV LTD,,+86797 966999,,,,2026-07-08 13:56:36.612256+00,2026-07-08 15:37:37.303214+00,"LV C-CHONG CHARGING TECHNOLOGY CO.,LTD",,,,,,China,,,,"{Cable/BOS,China,""EV Charging""}",google,,{},Chinese manufacturer of EV charging technology and connectors; no website available.,,,f,
6b3d2e13-4f1c-4bd4-8404-afbb95d4f27c,,AI ApS,contact@ai-nergy.net,+4571585547,,,,2026-07-08 13:55:31.531128+00,2026-07-08 15:37:37.303214+00,AI Energy ApS (SolarPlanner),,,,,,Denmark,https://solarplanner.ai,,,"{Software,Denmark,""Solar PV""}",google,,{},"Develops SolarPlanner, software for solar PV system design and planning.",,,f,
69214bee-c390-4507-bfa0-1271c4b1251d,,ELEMENTUM .o.,b2b@elementum.pl,+48727207605,,,,2026-07-08 13:55:58.327681+00,2026-07-08 15:37:37.303214+00,ELEMENTUM PV Sp. z o .o.,,,Krosniewicka 4B,Gostynin,,Poland,https://www.elementum.pl,,,"{Distributor,Poland,""Solar PV""}",google,,{},Manufactures and distributes PV mounting components and hardware for installers.,,,f,
692fe212-ff47-44a4-b9f4-742fadb06d23,,Kaiser SCHALL-E,d.volkmann@schall-e.de,+491748324710,,,,2026-07-08 13:56:30.869301+00,2026-07-08 15:37:37.303214+00,Kaiser Showtechnik GmbH / SCHALL-E,,,,Augsburg,Bavaria,Germany,https://www.schall-e.de,,,"{Battery/Storage,Germany,""EV Charging""}",google,,{},Rents mobile battery storage systems and DC fast chargers without grid connection needed.,,,f,
694e3a12-1a84-4f9a-abf8-796f2b168542,,OPES GmbH,info@opes-solutions.com,+493023562098,,,,2026-07-08 13:56:46.79586+00,2026-07-08 15:37:37.303214+00,OPES Solutions GmbH,,,,,,Germany,https://www.opes-solutions.com,,,"{""Module Mfr"",Germany,""Solar PV""}",google,,{},Manufactures customized solar panels including vehicle-integrated PV modules.,,,f,
6966f2f2-af6f-4568-9356-c896c0e02da5,,JS ŞTİ.,info@jsholding.com.tr,+90 850 307 4 777,,,,2026-07-08 13:56:30.367096+00,2026-07-08 15:37:37.303214+00,JS MAKİNA SANAYİ VE DIŞ TİCARET LTD.ŞTİ.,,,Maslak Mah. Maslak Meydan Sk. Beybi Giz Plaza A Blok,Istanbul,,Turkey,https://jsholding.com.tr,,,"{Other,Turkey}",google,,{},"Turkish industrial holding providing turnkey solutions in energy, technology and packaging.",,,f,
696db683-1561-4055-9670-cde6b0f81f47,,Cube Ltd.,,0510-88221882,,,,2026-07-08 13:55:50.824555+00,2026-07-08 15:37:37.303214+00,"Cube Hydrogen Energy Technology (Jiangsu) Co., Ltd.",,,,,Jiangsu,China,https://www.cubeenergygroup.com/index.html,,,"{Other,China}",google,,{},"Hydrogen energy technology company based in Jiangsu, China.",,,f,
696de23c-14ed-4f77-88bb-7862c69d24e0,,Reibex,h.struik@reibex.nl,+31651565681,,,,2026-07-08 13:56:55.954806+00,2026-07-08 15:37:37.303214+00,Reibex,,,,,,Netherlands,https://www.reibex.nl,,,"{Distributor,Netherlands,""Solar PV""}",google,,{},"Dutch solar energy trading company; site unreachable, classified from domain.",,,f,
696e350d-95c6-4a55-864f-7ed38be27922,,Rawicom S.A.,d.eichberger@rawicom.pl,+48661099546,,,,2026-07-08 13:56:55.171038+00,2026-07-08 15:37:37.303214+00,Rawicom S.A.,,,ul. Szubinska 10,Labiszyn,,Poland,https://www.rawicom.pl,,,"{EPC/Installer,Poland,""Solar PV""}",google,,{},"General contractor building large-scale PV farms, storage and EV charging infrastructure.",,,f,
6985bddf-3db8-4e58-9033-516f3fda6717,,Solarport,enquiries@solarportsystems.com,+441308800501,,,,2026-07-08 13:57:12.00679+00,2026-07-08 15:37:37.303214+00,Solarport,,,"The Core, Gore Cross Business Park",Bridport,Dorset,United Kingdom,https://www.solarportsystems.com,,,"{Mounting/Tracker,""United Kingdom"",Utility-scale}",google,,{},Designs and manufactures solar PV ground mounting systems and carports.,,,f,
6994316f-26d9-46c7-9782-e425cabcc857,,NINGBO LTD.,cola@nbevxny.com,,,,,2026-07-08 13:56:43.51413+00,2026-07-08 15:37:37.303214+00,"NINGBO EV NEW ENERGY TECHNOLOGY CO.,LTD.",,,,Ningbo,Zhejiang,China,https://www.evxnycn.com,,,"{Cable/BOS,China,""EV Charging""}",google,,{},"Chinese manufacturer of EV charging equipment; site unreachable, classified from domain.",,,f,
699e0206-6fb6-4488-896b-e2ea91c15326,,Wuxi Ltd.,info@vaysunic.com,,,,,2026-07-08 13:57:34.027694+00,2026-07-08 15:37:37.303214+00,"Wuxi VaySunic New Energy Technology Co., Ltd.",,,,Wuxi,Jiangsu,China,https://www.vaysunic.com,,,"{""Inverter Mfr"",China,Storage}",google,,{},"Manufactures microinverters, batteries, EV chargers and energy management systems.",,,f,
69a2ad93-dba2-4105-ba5f-1f0d3f62c209,,SolaX Ltd.,info@solaxpower.com,+86-571-56260008,,,,2026-07-08 13:57:12.329999+00,2026-07-08 15:37:37.303214+00,"SolaX Power Network Technology(Zhejiang) Co.,Ltd.",,,,Ningbo,Zhejiang,China,https://www.solaxpower.com,,,"{""Inverter Mfr"",China,Storage}",google,,{},Manufactures string and hybrid inverters and energy storage systems for solar applications.,,,f,
69c789d3-3e49-4da1-8a01-744cde657212,,AEG,sbi@solarsolutions.ag,+4969400500810,,,,2026-07-08 13:55:31.056373+00,2026-07-08 15:37:37.303214+00,AEG,,,,,,Germany,https://www.aeg-solar.com,,,"{""Module Mfr"",Germany,""Solar PV""}",google,,{},"Sells solar modules, inverters and storage under licensed AEG brand.",,,f,
69cf938a-4471-4391-9a76-afeb70375381,,Eturnity Monkey,info@eturnity.com,+49 (0) 7543 9892963 0,,,,2026-07-08 13:56:04.371361+00,2026-07-08 15:37:37.303214+00,Eturnity &amp; Solar Monkey,,,,,,Switzerland,https://www.eturnity.com,,,"{Software,Switzerland,""Solar PV""}",google,,{},"Provides software for solar installers to design, quote and manage PV and EV projects.",,,f,
69f92424-7ced-4ab2-81ef-636ea6af404b,,H-J Companies,johans@h-j.com,+13144176941,,,,2026-07-08 13:56:15.887288+00,2026-07-08 15:37:37.303214+00,The H-J Family of Companies,,,3010 High Ridge Boulevard,High Ridge,Missouri,United States,https://www.h-j.com,,,"{Other,""United States""}",google,,{},"Manufacturer and supplier of transformer, switchgear and breaker components since 1969.",,,f,
6a05d882-1a80-4e5d-888a-1fa03cc6cd97,,Jiangsu Ltd.,chenwansu@jsicec.com,+862552856948,,,,2026-07-08 13:56:26.854554+00,2026-07-08 15:37:37.303214+00,"Jiangsu CCPIT International Conference &amp; Exhibition Co., Ltd.",,,,Nanjing,Jiangsu,China,https://www.jsicec.com,,,"{Other,China}",google,,{},"Organizes trade conferences and exhibitions in China, including energy sector events.",,,f,
6a190e4d-fb18-46a0-aafc-a2448dc2e45d,,Bangteng Ltd.,,+86 0769-86388199,,,,2026-07-08 13:55:38.603903+00,2026-07-08 15:37:37.303214+00,"Bangteng Hardware &amp; Electronic Co.,Ltd.",,,,Dongguan,Guangdong,China,https://www.dgbangteng.com,,,"{Cable/BOS,China}",google,,{},"Manufactures hardware and electronic fasteners and components in Dongguan, China.",,,f,
6a1e2e33-ac66-4899-b6e0-a25e474164f5,,Korea Association,knrea@knrea.or.kr,+8225294707,,,,2026-07-08 13:56:32.906541+00,2026-07-08 15:37:37.303214+00,Korea New &amp; Renewable Energy Association,,,,Seoul,,South Korea,https://www.knrea.or.kr/eng/,,,"{Association,""South Korea"",""Solar PV""}",google,,{},National trade association promoting new and renewable energy industries in South Korea.,,,f,
6a1fbd1d-9be3-4605-a838-7ad9c4acef3a,,PVRADAR GmbH,info@pvradar.com,+4915126663494,,,,2026-07-08 13:56:53.284081+00,2026-07-08 15:37:37.303214+00,PVRADAR Labs GmbH,,,,,,Germany,https://pvradar.com,,,"{Software,Germany,""Solar PV""}",google,,{},Provides solar PV performance analytics and monitoring software.,,,f,
6a5e80af-b9fe-47d1-b6cb-cd2054e9e422,,Shenzhen Ltd.,eason@eelbattery.com,+868613715341801,,,,2026-07-08 13:57:04.032346+00,2026-07-08 15:37:37.303214+00,"Shenzhen Eel Battery Co., Ltd.",,,,Shenzhen,Guangdong,China,https://eelbattery.en.alibaba.com,,,"{Battery/Storage,China}",google,,{},"Manufactures lithium batteries for storage and portable power applications, based in Shenzhen.",,,f,
6a9ec168-07bf-4cc3-94b2-ac12d7fa5d52,,WENZHOU LTD.,info@elehub.com,+86 189 6889 3222,,,,2026-07-08 13:57:31.640453+00,2026-07-08 15:37:37.303214+00,"WENZHOU ELEHUB IMP&amp;EXP Co., LTD.",,,,Wenzhou,Zhejiang,China,https://www.elehub.com,,,"{Distributor,China}",google,,{},"Imports and exports electrical and electronic components from Wenzhou, China.",,,f,
6aadc747-0b32-497b-a1af-0a8c1f84bb76,,VyseTech,,,,,,2026-07-08 13:57:30.230057+00,2026-07-08 15:37:37.303214+00,VyseTech,,,Sven Hultins plats 5,Göteborg,,Sweden,https://www.vyse.tech/,,,"{Other,Sweden}",google,,{},Develops instant point-of-use water heating solutions for commercial buildings.,,,f,
6ac3cb16-8041-479c-8e05-18d8d3efc7cf,,Suzhou Ltd.,sales@sc-solar.com,+86-512-83960888,,,,2026-07-08 13:57:18.545709+00,2026-07-08 15:37:37.303214+00,"Suzhou Shengcheng Solar Equipment Co., Ltd.",,,,Suzhou,Jiangsu,China,https://www.sc-solar.com,,,"{Other,China,""Solar PV""}",google,,{},"Manufactures solar panel production equipment, based in Suzhou, China.",,,f,
6ad420b3-1921-4353-8296-1686630a9487,,OET Technologies,info@oe-technologies.com,+30 231 2134876,,,,2026-07-08 13:56:45.87483+00,2026-07-08 15:37:37.303214+00,OET Energy Technologies,,,,,,Germany,https://www.oe-technologies.com,,,"{Other,Germany}",google,,{},Energy technology company offering engineering and equipment services.,,,f,
6b71e3f5-6444-4af9-8b0a-49ac48846024,,LYNS-TCI LTD.,,,,,,2026-07-08 13:56:36.708433+00,2026-07-08 15:37:37.303214+00,"LYNS-TCI TECHNOLOGY GUANGDONG CO., LTD.",,,,,Guangdong,China,https://www.lyns-tci.com,,,"{Other,China}",google,,{},"Technology manufacturer based in Guangdong, China.",,,f,
6b829e9d-5068-48ee-8542-46f0df651034,,Enertek GmbH,kathrin.pyritz@enertek-service.de,+49 381 68695598,,,,2026-07-08 13:56:01.845683+00,2026-07-08 15:37:37.303214+00,Enertek Montagetechnik GmbH,,,,,,Germany,https://www.enertek-montagetechnik.de,,,"{Mounting/Tracker,Germany,""Solar PV""}",google,,{},Manufactures mounting technology systems for solar installations in Germany.,,,f,
6b8958b6-b97c-4378-903c-07f8ceb73cf8,,EKODA AS,post@ekoda.no,+4798894863,,,,2026-07-08 13:55:57.74958+00,2026-07-08 15:37:37.303214+00,EKODA AS,,,Travik 46,Torangsvag,,Norway,https://www.ekoda.no,,,"{Battery/Storage,Norway}",google,,{},Designs and manufactures stationary and mobile battery energy storage systems.,,,f,
6b9bb510-ee01-41c0-901c-559881362a5b,,SUYIN GmbH,info@suyin-europe.com,+49 8561 238880,,,,2026-07-08 13:57:17.963679+00,2026-07-08 15:37:37.303214+00,SUYIN GmbH,,,,,,Germany,https://www.suyin-europe.com,,,"{Cable/BOS,Germany}",google,,{},European subsidiary supplying connectors and cable assemblies for electronics manufacturers.,,,f,
6ba07e1b-b059-4a41-bc51-4d56c4c161a3,,Acrel Ltd.,sales@email.acrel.cn,0086-21-69156352 0086 0510 8617 0969,,,,2026-07-08 13:55:30.426066+00,2026-07-08 15:37:37.303214+00,"Acrel Co., Ltd.",,,,,Jiangsu,China,https://www.jsacrel.com,,,"{Metering/Monitoring,China}",google,,{},"Manufactures electrical metering, monitoring, and power quality instruments, based in Jiangsu, China.",,,f,
6ba7f643-076a-4ad7-8a25-3b44dade4adf,,EUPD Group,welcome@eupd-research.com,+49(0)228 50436 0,,,,2026-07-08 13:56:04.465893+00,2026-07-08 15:37:37.303214+00,EUPD Group,,,,Bonn,,Germany,https://eupd-group.com,,,"{Consultancy,Germany,""Solar PV""}",google,,{},Provides market research and consultancy services for the solar and renewable energy industry.,,,f,
6baaeae7-f181-4caf-93a5-ef60f3bd62ce,,Omexom GmbH,,+49 282 589300,,,,2026-07-08 13:56:46.247432+00,2026-07-08 15:37:37.303214+00,Omexom Smart Technologies GmbH,,,,,,Germany,https://www.omexom.de/loesungen/verteilung/smart-energy,,,"{EPC/Installer,Germany,Grid}",google,,{},"Provides smart energy and grid distribution engineering solutions, part of the VINCI Energies Omexom brand.",,,f,
6bc1313c-1ae2-4713-8f60-2d56f0320e44,,Eway Ltd.,info@ewayenergy.com,,,,,2026-07-08 13:56:06.114812+00,2026-07-08 15:37:37.303214+00,"Eway Energy Technology (Wuhan) Co.,Ltd.",,,,Wuhan,Hubei,China,https://ewayenergy.com/wp-admin/,,,"{Other,China}",google,,{},"Energy technology company based in Wuhan, China.",,,f,
6c390d58-7533-47d2-b94c-9bf9129d5a09,,CHINT Ltd.,global-sales@chint.com,+86-400-1177797,,,,2026-07-08 13:55:47.510324+00,2026-07-08 15:37:37.303214+00,"CHINT Electrics Co., Ltd.",,,,Shanghai,,China,https://www.chintglobal.com,,,"{""Inverter Mfr"",China,""Solar PV""}",google,,{},Global manufacturer of electrical equipment including solar inverters and low-voltage components.,,,f,
6c56e321-be07-4219-9420-875e6c56ef54,,PHYTEC GmbH,contact@phytec.de,+49613192210,,,,2026-07-08 13:56:49.409638+00,2026-07-08 15:37:37.303214+00,PHYTEC Messtechnik GmbH,,,,Mainz,,Germany,https://www.phytec.de,,,"{Metering/Monitoring,Germany}",google,,{},Manufactures embedded measurement technology and electronics modules.,,,f,
6c5d10ed-7a1d-45e3-8806-d83b25e231bd,,HYDROGEN Forum,,+49 761 38813700,,,,2026-07-08 13:56:22.166895+00,2026-07-08 15:37:37.303214+00,HYDROGEN DIALOGUE Forum,,,,,,Germany,,,,"{Association,Germany,Hydrogen}",google,,{},Industry forum focused on hydrogen technology dialogue and networking.,,,f,
6c83b990-5b2b-4687-b769-3a4d581d6726,,autoSense AG,info@autosense.ch,+41 79 747 71 78,,,,2026-07-08 13:55:37.305184+00,2026-07-08 15:37:37.303214+00,autoSense AG,,,,,,Switzerland,https://www.autosense.ch,,,"{Metering/Monitoring,Switzerland}",google,,{},Provides sensor and monitoring technology solutions in Switzerland.,,,f,
6c87d11e-50a1-4e7d-a774-8d2a1a3c2747,,AGF GmbH,info@enertune.de,+49 941 5998423,,,,2026-07-08 13:55:31.482875+00,2026-07-08 15:37:37.303214+00,AGF Energiesysteme GmbH,,,,,,Germany,https://www.enertune.de,,,"{Battery/Storage,Germany}",google,,{},Provides energy storage and management systems under the Enertune brand in Germany.,,,f,
6c8c84af-e299-429b-9c8e-1c310bc03f42,,Transfomax Transformers,marketing@transfomax.com,+904143691135,,,,2026-07-08 13:57:23.65599+00,2026-07-08 15:37:37.303214+00,Transfomax Transformers,,,,,,India,,,,"{Cable/BOS,India}",google,,{},Manufactures electrical power and distribution transformers.,,,f,
6c994f47-4ba9-4b19-be89-f315643287e0,,Boly Inc.,michelle_lin@bolymedia.com,+14087897811,,,,2026-07-08 13:55:43.177401+00,2026-07-08 15:37:37.303214+00,Boly Inc.,,,,Guangzhou,Guangdong,China,https://www.bolyinc.com,,,"{Other,China}",google,,{},"Manufactures cameras and electronic imaging devices, based in China.",,,f,
6ca39d60-52d5-4e3d-ad70-00257fdfecc0,,Renewables Norway,post@fornybarnorge.no,+4723088900,,,,2026-07-08 13:56:56.468947+00,2026-07-08 15:37:37.303214+00,Renewables Norway,,,,Oslo,,Norway,https://www.fornybarnorge.no,,,"{Association,Norway}",google,,{},Trade association for renewable energy companies in Norway.,,,f,
6cae3ea5-8bc9-4a3e-9462-fe28560ec070,,Renova,runchengda@sz-rcd.com,+86 400 096 1518,,,,2026-07-08 13:56:56.601531+00,2026-07-08 15:37:37.303214+00,Renova,,,,Shenzhen,,China,https://www.sz-rcd.com/,,,"{Other,China}",google,,{},"Chinese manufacturing company, product line unclear from domain.",,,f,
6cf5d317-85f9-4a03-adee-9d739a4cafe0,,Wallbox Chargers,,,,,,2026-07-08 13:57:30.475005+00,2026-07-08 15:37:37.303214+00,"Wallbox Chargers, S.L.",,,,,,Germany,https://www.ablmobility.de/de/,,,"{Other,Germany,""EV Charging""}",google,,{},EV mobility and charging solutions provider.,,,f,
6d0b986c-5611-431c-92e9-261263c95a9d,,Elsta GmbH,jochen.schoellhorn@elsta.com,+4915202758039,,,,2026-07-08 13:55:58.857583+00,2026-07-08 15:37:37.303214+00,Elsta Mosdorfer GmbH,,,,,,Austria,https://www.elsta.com,,,"{Cable/BOS,Austria}",google,,{},"Manufactures grounding, cable accessories and connection technology.",,,f,
6d227c6d-86e8-45a4-9e91-d0a4a2dd8a9e,,Jiangxi Ltd.,rongrong@jxlongzheng.com,44 7565791319 86 15979766999,,,,2026-07-08 13:56:28.771723+00,2026-07-08 15:37:37.303214+00,"Jiangxi Longzheng Technology Development Co., Ltd.",,,,,Jiangxi,China,https://enjxlongzheng.mycn86.cn/,,,"{Other,China}",google,,{},Jiangxi-based technology development company.,,,f,
6d5c005a-7d23-40bf-a526-39d8a6db57c4,,Wolf GmbH,mail@wolfsystem.de,+49 9932 37-0,,,,2026-07-08 13:57:33.182534+00,2026-07-08 15:37:37.303214+00,Wolf System GmbH,,,,Freilassing,Bavaria,Germany,https://www.wolfsystem.de,,,"{Mounting/Tracker,Germany}",google,,{},Manufactures construction systems including PV mounting for silos and buildings.,,,f,
6d606641-511e-4827-9b64-d89ae0488788,,Broyce Ltd.,,,,,,2026-07-08 13:55:43.765413+00,2026-07-08 15:37:37.303214+00,Broyce Control Ltd.,,,,,,United Kingdom,https://broycecontrol.com/,,,"{Metering/Monitoring,""United Kingdom""}",google,,{},Manufactures control and monitoring switches for industrial applications.,,,f,
6d69087e-1875-4a34-8f07-1f2549d5373b,,Guangdong Ltd.,info@yada-electronics.com,,,,,2026-07-08 13:56:14.718532+00,2026-07-08 15:37:37.303214+00,"Guangdong Yada Electronics Co., Ltd.",,,,,Guangdong,China,https://www.yada-electronics.com,,,"{Other,China}",google,,{},Guangdong-based electronics component manufacturer.,,,f,
6d87867f-8925-4d5c-a039-d45cc64ca947,,Nayax GmbH,yakira@nayax.com,+4921619162019,,,,2026-07-08 13:56:42.152713+00,2026-07-08 15:37:37.303214+00,Nayax GmbH,,,,,,Germany,,,,"{Metering/Monitoring,Germany,""EV Charging""}",google,,{},Provides payment and monitoring terminals for vending and EV charging.,,,f,
6db8237b-c34c-402f-8f36-5a120b655dbb,,Shenzhen Ltd,lisa@iyugong.cn,+8613528857477,,,,2026-07-08 13:57:07.27508+00,2026-07-08 15:37:37.303214+00,Shenzhen Yugong Tech.Ltd,,,,Shenzhen,,China,,,,"{Battery/Storage,China}",google,,{},Shenzhen-based battery technology company.,,,f,
6dbd217a-bfdd-4eb8-9272-ec518151e34f,,Guangzhou Ltd.,info@renepoly.com,+86(20)31800796,,,,2026-07-08 13:56:15.448317+00,2026-07-08 15:37:37.303214+00,"Guangzhou Renepoly Energy Technology Co., Ltd.",,,,Guangzhou,,China,https://www.renepoly.com,,,"{Other,China}",google,,{},Guangzhou-based energy technology company.,,,f,
6dcc1d6e-ff09-4ed4-b94b-83323dd65037,,Vp Straßen,info@vp-tpa.de,+800 0004 0004,,,,2026-07-08 13:57:29.976446+00,2026-07-08 15:37:37.303214+00,Vp GmbH | TPA Mobile Straßen,,,,,,Germany,https://www.vp-tpa.de,,,"{Other,Germany}",google,,{},Provides mobile road and steel plate systems for construction sites.,,,f,
6e225663-b39a-4c54-b971-60c07c52f6fc,,BWTS GmbH,sales.ger@bwts-info.de,+49 (0) 5921 7057-115,,,,2026-07-08 13:55:44.138625+00,2026-07-08 15:37:37.303214+00,BWTS Energy Services GmbH,,,,,,Germany,https://www.bwts.de,,,"{EPC/Installer,Germany}",google,,{},Provides energy services including installation and system integration.,,,f,
6e2e4f28-72b9-47b7-ab7f-3c572878eb92,,Sichuan Ltd.,,+86-18980902801,,,,2026-07-08 13:57:07.897508+00,2026-07-08 15:37:37.303214+00,"Sichuan Injet New Energy Co., Ltd.",,,,,Sichuan,China,https://www.injetenergy.com,,,"{Other,China}",google,,{},Sichuan-based new energy company.,,,f,
6e46dd1a-0c21-4371-aa7f-ae5faaee1f42,,We BV,info@wedrivesolar.com,+31 85 888 7099,,,,2026-07-08 13:57:30.900116+00,2026-07-08 15:37:37.303214+00,We Drive Solar Netherlands BV,,,,Utrecht,,Netherlands,https://www.wedrivesolar.com,,,"{EPC/Installer,Netherlands,""EV Charging"",""Solar PV""}",google,,{},Operates solar-powered EV car sharing and charging services.,,,f,
6e52d9c4-ae0f-4d40-939e-e453d190cf5a,,Axon Ekoenergetyka,contact@axoncharger.com,+48504960607,,,,2026-07-08 13:55:37.881415+00,2026-07-08 15:37:37.303214+00,Axon Charger by Ekoenergetyka,,,,,,Poland,https://axoncharger.com/,,,"{Other,Poland,""EV Charging""}",google,,{},Manufactures EV charging stations under the Axon Charger brand.,,,f,
6e694481-df19-489a-9e8d-23a9dad60053,,Amertat Oy,javad.hosseininia@amertate.com,+358449704319,,,,2026-07-08 13:55:33.125051+00,2026-07-08 15:37:37.303214+00,Amertat Energy Oy,,,,,,Finland,https://www.amertate.com/,,,"{Other,Finland}",google,,{},Finnish energy company.,,,f,
6e84454a-5eae-44d9-9878-750b18cd8669,,ebu Energy,info@ebu-fp.com,+49 921 508-0,,,,2026-07-08 13:55:56.223034+00,2026-07-08 15:37:37.303214+00,ebu Energy,,,,,,Germany,https://www.ebu-energy.com/,,,"{Other,Germany}",google,,{},German energy services company.,,,f,
6ea3c97f-aa1f-4b9c-a418-0c5d7682c3de,,Wingain Ltd.,info@wingaineu.com,+36705796981,,,,2026-07-08 13:57:32.555273+00,2026-07-08 15:37:37.303214+00,Wingain Europe Ltd.,,,,,,United Kingdom,https://www.wingaineu.com,,,"{Distributor,""United Kingdom""}",google,,{},European distributor of solar and energy equipment.,,,f,
6ea8d504-8283-4071-bbcc-d75dc8b5454f,,HASHLYNK,office@hashlynk.at,+436502646870,,,,2026-07-08 13:56:17.343197+00,2026-07-08 15:37:37.303214+00,HASHLYNK,,,,Vienna,,Austria,https://www.hashlynk.at,,,"{Software,Austria}",google,,{},Austrian technology company offering digital/software solutions.,,,f,
6ebfb4c9-4f4f-4e6b-adb8-deac73742fe3,,KURZ Company,dominik.forster@kurzdigital.com,+4991114895924,,,,2026-07-08 13:56:33.477047+00,2026-07-08 15:37:37.303214+00,KURZ Digital Solutions GmbH &amp; Co. KG - a KURZ Company,,,,Fürth,Bavaria,Germany,https://www.kurzdigital.com,,,"{Software,Germany}",google,,{},"Provides digital solutions and traceability technology, part of KURZ Group.",,,f,
6ece7f00-e7a1-4be1-a418-165645c8324e,,Co4 AG,office@co4.cloud,+4232653010,,,,2026-07-08 13:55:48.709931+00,2026-07-08 15:37:37.303214+00,Co4 AG,,,,,,Switzerland,https://co4.cloud,,,"{Software,Switzerland}",google,,{},Swiss company offering cloud-based software services.,,,f,
6ed5bc59-7042-4e96-afd7-0f8a987a5c9d,,VIRENA SL,,,,,,2026-07-08 13:57:28.588771+00,2026-07-08 15:37:37.303214+00,VIRENA NAVARRA SL,,,,Navarra,Navarra,Spain,,,,"{Other,Spain}",google,,{},Spanish energy company based in Navarra.,,,f,
6efbc47f-9e89-4459-82a0-684ea5c7a142,,uesa GmbH,mail@uesa.de,+4935365490,,,,2026-07-08 13:57:25.782776+00,2026-07-08 15:37:37.303214+00,uesa GmbH,,,,,,Germany,https://www.uesa.de,,,"{Other,Germany}",google,,{},German engineering and technology company.,,,f,
6f0a23a7-98d1-4e9e-b692-19b4100f655b,,Electronic GmbH,jerry.gao@elecway.com,+49 15751203789,,,,2026-07-08 13:55:58.142946+00,2026-07-08 15:37:37.303214+00,Electronic Way GmbH,,,,,,China,https://www.elecway.com/,,,"{Testing/Certification,China}",google,,{},Provides electronic testing and inspection equipment/services.,,,f,
6f4e9326-e921-47b0-9f05-8ef070d894ee,,SegenSolar GmbH,vertrieb@segensolar.de,+4922345320430,,,,2026-07-08 13:57:01.277994+00,2026-07-08 15:37:37.303214+00,SegenSolar GmbH,,,,,,Germany,https://www.segensolar.de,,,"{Distributor,Germany,""Solar PV""}",google,,{},Distributes solar PV components and system accessories to installers.,,,f,
6f6863ee-d8d9-4237-b815-983c4b04f4d3,,Heysolar o.,krystian.marciszewski@heysolar.eu,+48515500888,,,,2026-07-08 13:56:18.958378+00,2026-07-08 15:37:37.303214+00,Heysolar sp. z o. o.,,,,,,Poland,https://heysolar.eu,,,"{Distributor,Poland,""Solar PV""}",google,,{},Polish distributor/supplier of solar PV equipment.,,,f,
6fa828f9-952c-4a27-b920-6c6e01b88658,,Elektrotechnische GmbH,infoservice@driescher.de,+4987616810,,,,2026-07-08 13:55:58.282741+00,2026-07-08 15:37:37.303214+00,Elektrotechnische Werke Fritz Driescher &amp; Söhne GmbH,,,,,,Germany,https://www.driescher.de,,,"{Metering/Monitoring,Germany,Grid}",google,,{},German manufacturer of switchgear and electrotechnical equipment for grid applications.,,,f,
6fa91586-0d43-4163-9995-839782442abc,,KONCAR Inc.,marketing@koncar.hr,+38513655555,,,,2026-07-08 13:56:32.675934+00,2026-07-08 15:37:37.303214+00,KONCAR Inc.,,,,Zagreb,,Croatia,https://koncar.hr/en,,,"{Other,Croatia,Grid}",google,,{},Croatian manufacturer of electrical equipment including transformers and generators.,,,f,
6fad4868-e26f-440b-a953-2cddccb5114e,,TESVOLT AG,marketing@tesvolt.com,+49 3491 8797100,,,,2026-07-08 13:57:21.745886+00,2026-07-08 15:37:37.303214+00,TESVOLT AG,,,,Wittenberg,,Germany,https://www.tesvolt.com,,,"{Battery/Storage,Germany,C&I}",google,,{},German manufacturer of lithium battery storage systems for residential and commercial use.,,,f,
6fb11bb1-59bb-4641-bb49-3c0100671f5f,,RAEDIAN Netherlands,socialmedia@raedian.com,+33 781511686,,,,2026-07-08 13:56:55.019528+00,2026-07-08 15:37:37.303214+00,RAEDIAN Netherlands B.V.,,,,,,Netherlands,https://www.raedian.com,,,"{""Module Mfr"",Netherlands,""Solar PV""}",google,,{},Manufacturer of solar PV modules for residential and commercial installations.,,,f,
6fc5aa14-204c-469b-a181-2866acb170db,,REMBE Safety + Control,hello@rembe.de,+49296174050,,,,2026-07-08 13:56:56.255405+00,2026-07-08 15:37:37.303214+00,REMBE GmbH Safety + Control,,,,Brilon,,Germany,https://www.rembe.de,,,"{Other,Germany}",google,,{},German manufacturer of explosion protection and pressure relief safety systems.,,,f,
6fe802ee-0bd4-4ecc-a6f2-d468fd32e3dc,,Huizhou Ltd.,allen.huang@olinkevse.com,+867522375002,,,,2026-07-08 13:56:21.325947+00,2026-07-08 15:37:37.303214+00,"Huizhou OLINK Technology Co., Ltd.",,,,Huizhou,,China,https://www.olinkevse.com,,,"{Cable/BOS,China,""EV Charging""}",google,,{},Chinese manufacturer of EV charging connectors and related components.,,,f,
702fadef-51e7-48d9-9a2d-92911bfc4937,,ArcBox Enclosure,sales@arcbox.solar,+441480839865,,,,2026-07-08 13:55:35.673193+00,2026-07-08 15:37:37.303214+00,ArcBox Solar Connector Enclosure,,,,,,United States,https://www.arcbox.solar,,,"{Cable/BOS,""United States"",""Solar PV""}",google,,{},Manufacturer of enclosures and boxes for solar connectors and BOS components.,,,f,
702fbd28-5ab7-473e-88af-7209460ee618,,JIAXING LTD.,sales@cntition.com,+86 573-83287030,,,,2026-07-08 13:56:29.229947+00,2026-07-08 15:37:37.303214+00,"JIAXING TITION WIRE CO., LTD.",,,,Jiaxing,,China,https://en.tition.com/,,,"{Cable/BOS,China,""Solar PV""}",google,,{},Chinese manufacturer of PV cables and wires.,,,f,
7078dc12-56f0-4814-9ae6-7887514b1974,,ABB AG,info.stotz@de.abb.com,+496213813333,,,,2026-07-08 13:55:29.803333+00,2026-07-08 15:37:37.303214+00,ABB AG,,,,,,Germany,https://www.new.abb.com,,,"{""Inverter Mfr"",Germany,Grid}",google,,{},"German unit of ABB, supplying electrical equipment including inverters and switchgear.",,,f,
70ffcfd9-285c-444c-9418-c494d8164f5d,,Krinner GmbH,info@krinner-re.com,+4915566447007,,,,2026-07-08 13:56:33.306402+00,2026-07-08 15:37:37.303214+00,Krinner Renewable Energy GmbH,,,,Straubing,,Germany,https://www.krinner-re.com,,,"{Mounting/Tracker,Germany,""Solar PV""}",google,,{},German manufacturer of ground screw foundation systems for solar mounting structures.,,,f,
71134c3f-3e76-4d72-8060-5834af5903f5,,Shanghai Ltd.,zhangjing@hoenergy.com.cn,400-103-2166,,,,2026-07-08 13:57:02.487592+00,2026-07-08 15:37:37.303214+00,"Shanghai Hoenergy Power Technology Co., Ltd.",,,,Shanghai,,China,https://www.hoenergypower.com/,,,"{""Inverter Mfr"",China,""Solar PV""}",google,,{},Chinese manufacturer of solar power electronics including inverters.,,,f,
711ab232-b47a-40f4-bee4-993fde6722aa,,Indrivetec AG,info@indrivetec.ch,+41 (0) 44 515 37 00,,,,2026-07-08 13:56:23.462788+00,2026-07-08 15:37:37.303214+00,Indrivetec AG,,,,,,Switzerland,https://www.indrivetec.com,,,"{Mounting/Tracker,Switzerland,""Solar PV""}",google,,{},Swiss manufacturer of drive systems used in solar tracker applications.,,,f,
71278edf-365f-4467-ac41-388c5a445777,,hTRIUS GmbH,info@htrius.com,+49 7451 5391 551,,,,2026-07-08 13:56:20.573858+00,2026-07-08 15:37:37.303214+00,hTRIUS GmbH,,,,,,Germany,https://www.htrius.com/,,,"{Battery/Storage,Germany,""Solar PV""}",google,,{},German company developing hybrid inverter and battery storage solutions.,,,f,
714f2717-3b8a-4652-98ed-c1e978e3051c,,VG Solar,info@vgsolar.com,(+86)021-5471 7707,,,,2026-07-08 13:57:28.293768+00,2026-07-08 15:37:37.303214+00,VG Solar,,,,,,Netherlands,https://www.vgsolar.com,,,"{Developer/IPP,Netherlands,""Solar PV""}",google,,{},Solar project developer active in PV plant development.,,,f,
7171356d-0590-4106-8492-0bfe01fdb322,,TWISTOR GmbH,sara.kapeller@twistor.at,+436643495105,,,,2026-07-08 13:57:25.4266+00,2026-07-08 15:37:37.303214+00,TWISTOR GmbH,,,,,,Austria,https://www.twistor.at,,,"{Cable/BOS,Austria,""Solar PV""}",google,,{},Austrian manufacturer of cable and connector solutions for solar systems.,,,f,
717fc921-fb41-4110-8bea-888f0ee5a509,,Stadtwerke AG,info@swd-ag.de,+49211821821,,,,2026-07-08 13:57:15.042951+00,2026-07-08 15:37:37.303214+00,Stadtwerke Düsseldorf AG,,,,Düsseldorf,,Germany,https://www.swd-ag.de,,,"{Utility,Germany,Grid}",google,,{},Municipal utility company providing energy and grid services in Düsseldorf.,,,f,
71c18cc1-3c21-4301-94f9-f6de2d0e5195,,GOLDBECK GmbH,info@goldbecksolar.com,+49 6201 7103300,,,,2026-07-08 13:56:11.989577+00,2026-07-08 15:37:37.303214+00,GOLDBECK SOLAR GmbH,,,,Hirschberg,,Germany,https://www.goldbecksolar.com,,,"{EPC/Installer,Germany,Utility-scale}",google,,{},German EPC contractor for large-scale solar PV plant construction.,,,f,
71c66242-ce7a-46a0-88ab-7127fade22de,,Jiangsu Ltd.,mkt@jsnengtan.com,+86 025-52762870,,,,2026-07-08 13:56:28.103612+00,2026-07-08 15:37:37.303214+00,"Jiangsu Wis.Energy-Carbon Technology Co., Ltd.",,,,,,China,https://www.jsnengtan.com,,,"{Other,China}",google,,{},Chinese company involved in energy and carbon technology.,,,f,
71c97377-0234-4cfe-a541-84761b897129,,sbp GmbH,solarinfo@sbp.de,+49711 648710,,,,2026-07-08 13:57:00.409673+00,2026-07-08 15:37:37.303214+00,sbp sonne GmbH,,,,Stuttgart,,Germany,https://sbp.solar,,,"{Consultancy,Germany,""Solar PV""}",google,,{},German engineering consultancy specializing in solar energy structural design.,,,f,
71d489a1-effb-40d8-81e3-e4d2abf76257,,LAPLACE Ltd.,sales@laplace-tech.com,0510-8559 2828,,,,2026-07-08 13:56:34.282315+00,2026-07-08 15:37:37.303214+00,"LAPLACE (Wuxi) Semiconductor Technology Co., Ltd.",,,,Wuxi,,China,https://www.laplace-tech.com/,,,"{Other,China,""Solar PV""}",google,,{},Chinese manufacturer of semiconductor equipment for solar cell production.,,,f,
71ee24b3-cd9e-41e8-9f6e-ef3e33d52563,,Fortis Energy,info@fortisenergy.com,+905365966103,,,,2026-07-08 13:56:08.420535+00,2026-07-08 15:37:37.303214+00,Fortis Energy,,,,,,United States,https://www.fortisenergy.com,,,"{Developer/IPP,""United States""}",google,,{},Energy company involved in renewable energy project development.,,,f,
71eed154-61a4-40e4-93e4-7f6d02682256,,Joint Innovators,,+49 761 38813700,,,,2026-07-08 13:56:29.666877+00,2026-07-08 15:37:37.303214+00,Joint Booth Young Innovators,,,,,,Unknown,,,,"{Other,Unknown}",google,,{},Exhibitor group at an industry trade show; no company website available.,,,f,
71f3de8f-cabe-4218-85bb-0f1be4b4237e,,Amerisolar Limited,sales@amerisolar-usa.com,+86-21-62115260,,,,2026-07-08 13:55:33.076667+00,2026-07-08 15:37:37.303214+00,Amerisolar Technology USA Limited,,,,,,United States,https://www.amerisolar-usa.com,,,"{""Module Mfr"",""United States"",""Solar PV""}",google,,{},US arm of solar PV module manufacturer Amerisolar.,,,f,
75027f77-fb0f-4b52-89b7-ff99e4e01d96,,ev-pay GmbH,info@ev-pay.eu,+49 8161 4944453,,,,2026-07-08 13:56:05.122242+00,2026-07-08 15:37:37.303214+00,ev-pay GmbH,,,,,,Germany,https://www.ev-pay.eu,,,"{Software,Germany,""EV Charging""}",google,,{},Provides payment and billing software solutions for EV charging operators.,,,f,
7505137f-30fa-48d8-8507-20f474a2cff4,,E3/DC - by GmbH,info@e3dc.com,+49 (0) 541 760 268 0,,,,2026-07-08 13:55:55.797517+00,2026-07-08 15:37:37.303214+00,E3/DC - by HagerEnergy GmbH,,,,Osnabruck,,Germany,https://www.e3dc.com,,,"{Battery/Storage,Germany,""Solar PV""}",google,,{},"Manufactures home battery storage systems for residential solar PV, part of HagerEnergy.",,,f,
751d0400-55bf-4ff5-9bef-3d70ef6a376b,,Energy-Storage. news,sm.infoenergystoragenews@informa.com,,,,,2026-07-08 13:56:01.235322+00,2026-07-08 15:37:37.303214+00,Energy-Storage.news,,,,London,,United Kingdom,https://www.energy-storage.news/,,,"{Other,""United Kingdom"",Storage}",google,,{},Publishes industry news and analysis on the energy storage sector.,,,f,
751d0810-c198-40d6-9004-5325d993a3c9,,V-TAC Ltd.,stefanov@v-tac.eu,+359878810004,,,,2026-07-08 13:57:26.880569+00,2026-07-08 15:37:37.303214+00,V-TAC EUROPE Ltd.,,,,Sofia,,Bulgaria,https://www.v-tac.eu,,,"{Distributor,Bulgaria,""Solar PV""}",google,,{},Distributes LED lighting and solar/energy products across Europe.,,,f,
753b5860-26e9-4235-acba-a0416ec903fb,,HYTING GmbH,tobias.wolf@hyting.com,+491716895674,,,,2026-07-08 13:56:22.442444+00,2026-07-08 15:37:37.303214+00,HYTING GmbH,,,,,,Germany,https://www.hyting.com,,,"{Other,Germany,Hydrogen}",google,,{},Develops modular electrolysis systems for green hydrogen production.,,,f,
75962d24-fa34-489d-b54b-ddc550c85ae6,,ORCHIS GmbH,office@orchis-eco.de,,,,,2026-07-08 13:56:47.024337+00,2026-07-08 15:37:37.303214+00,ORCHIS Umweltplanung GmbH,,,,,,Germany,,,,"{Consultancy,Germany}",google,,{},"Environmental planning and consulting firm, likely supporting renewable project permitting.",,,f,
75bcfaaa-8aed-4494-81d9-b92c1083c942,,Riello GmbH,office@riello-powersystems.de,+49816594580,,,,2026-07-08 13:56:57.467061+00,2026-07-08 15:37:37.303214+00,Riello Power Systems GmbH,,,,,,Germany,https://www.riello-powersystems.de,,,"{Other,Germany,Grid}",google,,{},"Supplies UPS and power backup systems, German unit of Riello Power Systems.",,,f,
75c33af6-c985-4568-81ac-2839bf326456,,BATTR AG,info@battr-energy.de,,,,,2026-07-08 13:55:38.992431+00,2026-07-08 15:37:37.303214+00,BATTR Energy AG,,,,,,Germany,https://www.battr-energy.de,,,"{Battery/Storage,Germany}",google,,{},Develops and sells battery energy storage systems.,,,f,
75ca83ca-b127-4a14-8533-ffa8eb469efb,,Maanshan Ltd,fengfei@fycdkj.cn,+86(0555)3506908,,,,2026-07-08 13:56:37.140665+00,2026-07-08 15:37:37.303214+00,"Maanshan Fangyuan Driveline Technology Co.,Ltd",,,,Maanshan,Anhui,China,https://www.slewingreducer.com/,,,"{Mounting/Tracker,China}",google,,{},Manufactures slewing reducers used in solar tracker drive systems.,,,f,
75d2f7cb-e0ae-4633-b203-aeb81656b832,,Phaesun GmbH,info@phaesun.com,+49 8331 990420,,,,2026-07-08 13:56:48.966026+00,2026-07-08 15:37:37.303214+00,Phaesun GmbH,,,,Memmingen,Bavaria,Germany,https://www.phaesun.com,,,"{Distributor,Germany,Off-grid}",google,,{},Distributes off-grid solar and renewable energy solutions worldwide.,,,f,
77c9f97b-e554-4246-b492-28bb7418220a,,TGS AS,,,,,,2026-07-08 13:57:21.906727+00,2026-07-08 15:37:37.303214+00,TGS Prediktor AS,,,,,,Norway,https://prediktor.tgs.com,,,"{Metering/Monitoring,Norway,""Solar PV""}",google,,{},Norwegian provider of monitoring and analytics software for renewable energy assets.,,,f,
75dc0ef6-09b2-45d2-a04a-89bcb9567c84,,FRÖTEK-Kunststofftechnik GmbH,info@froetek.de,+49552290100,,,,2026-07-08 13:56:09.431118+00,2026-07-08 15:37:37.303214+00,FRÖTEK-Kunststofftechnik GmbH,,,,,,Germany,https://froetek.com/,,,"{Cable/BOS,Germany}",google,,{},Manufactures plastic components including cable protection and conduit products.,,,f,
75e4df43-8731-4c15-b5bb-de676ba1e6f2,,Cloover GmbH,contact@cloover.co,+49 30 91733706,,,,2026-07-08 13:55:48.509656+00,2026-07-08 15:37:37.303214+00,Cloover GmbH,,,,Berlin,,Germany,https://www.cloover.com,,,"{EPC/Installer,Germany,""Solar PV""}",google,,{},"Marketplace connecting customers with installers of solar, heat pumps and EV chargers.",,,f,
75f664a6-aa7b-4dbb-b7df-e1f9fa6e0ef8,,BTC LTD,sunny@btc-solar.com,+866325856868,,,,2026-07-08 13:55:43.904154+00,2026-07-08 15:37:37.303214+00,"BTC SOLAR INDUSTRY CO.,LTD",,,,,,China,https://www.btc-solar.com,,,"{""Module Mfr"",China}",google,,{},Manufactures solar photovoltaic modules.,,,f,
7618a52d-01a6-47ba-8457-fc5ecb90c745,,Veridue AI,daniel@veridue.ai,+14752336062,,,,2026-07-08 13:57:27.890879+00,2026-07-08 15:37:37.303214+00,Veridue AI,,,,,,United States,https://www.veridue.ai/,,,"{Software,""United States""}",google,,{},AI software company; sector focus unclear from name/domain.,,,f,
7618fe5a-c0bd-4e4f-b108-49d4271e69d8,,MANN+HUMMEL GmbH,oem@mann-hummel.com,+497141980,,,,2026-07-08 13:56:37.526563+00,2026-07-08 15:37:37.303214+00,MANN+HUMMEL GmbH,,,,Ludwigsburg,Baden-Wurttemberg,Germany,https://www.MANN-HUMMEL.com,,,"{Other,Germany}",google,,{},Global filtration and separation technology manufacturer serving automotive and industrial markets.,,,f,
761c9387-9392-4c46-9ffe-656627fc3834,,GUANGDONG LTD.,market@gdyssolar.com,+86 0753 2880123,,,,2026-07-08 13:56:15.077853+00,2026-07-08 15:37:37.303214+00,"GUANGDONG YAOSHENG SOLAR TECHNOLOGY CO., LTD.",,,,,Guangdong,China,https://en.gdyssolar.com,,,"{""Module Mfr"",China}",google,,{},Manufactures solar photovoltaic modules and related products.,,,f,
761df6cc-43ba-46bf-8e49-0417f49238e6,,Trace GmbH,kontakt@trace-software.de,+33(0)7 56 41 56 45,,,,2026-07-08 13:57:23.307192+00,2026-07-08 15:37:37.303214+00,Trace Software GmbH,,,,,,Germany,https://www.trace-software.com/de/,,,"{Software,Germany}",google,,{},Provides electrical design and engineering software including solar/BOS design tools.,,,f,
764118a2-2235-4ef9-a357-46c8afb2d318,,Sunwoda Ltd.,ouwanghao@sunwoda.com,+491712357712,,,,2026-07-08 13:57:17.917364+00,2026-07-08 15:37:37.303214+00,"Sunwoda Energy Technology Co., Ltd.",,,,Shenzhen,Guangdong,China,https://de.sunwodaenergy.com/,,,"{Battery/Storage,China}",google,,{},Manufactures lithium battery cells and energy storage systems.,,,f,
766e5314-65e1-45b1-86e2-a832cebd377b,,KUNSHAN LTD,52504719@qq.com,+86-512-55179555,,,,2026-07-08 13:56:33.431965+00,2026-07-08 15:37:37.303214+00,"KUNSHAN XIMENKANG ELECTRONIC&amp;ELECTRIC CO.,LTD",,,,Kunshan,Jiangsu,China,https://WWW.XIMENKAN.COM,,,"{Cable/BOS,China}",google,,{},Manufactures electronic and electrical connector components.,,,f,
7673aa43-3abd-4188-8308-362a78f5122b,,CEA Ltd,sales33@ceaworld.com,+8613868401235,,,,2026-07-08 13:55:45.680637+00,2026-07-08 15:37:37.303214+00,"CEA Group International Co., Ltd",,,,,,China,https://www.ehpps.com,,,"{Other,China}",google,,{},Manufactures heat pump and energy products for HVAC applications.,,,f,
768465ab-1a78-42e2-9eb3-62f155ebc74e,,E-HUB Energy,office@e-hub-bess.com,+48792080808,,,,2026-07-08 13:55:55.414106+00,2026-07-08 15:37:37.303214+00,E-HUB Energy,,,,,,Germany,https://www.e-hub-bess.com,,,"{Battery/Storage,Germany}",google,,{},Develops battery energy storage system (BESS) solutions.,,,f,
7684b2a6-54be-4d09-a156-326d4337d841,,Scheidt GmbH,ev.team@scheidt-bachmann.de,+49 2166 2660,,,,2026-07-08 13:57:00.638408+00,2026-07-08 15:37:37.303214+00,Scheidt &amp; Bachmann Energy Retail Solutions GmbH,,,,Monchengladbach,,Germany,https://www.scheidt-bachmann.de/de/energy-retail-solutions/home,,,"{Software,Germany,""EV Charging""}",google,,{},Provides retail and billing solutions for EV charging and fuel/energy retailers.,,,f,
76a405c0-7d3c-46d8-98be-c118eb32f461,,IBC AG,info@ibc-solar.de,+49 9573 92240,,,,2026-07-08 13:56:22.624206+00,2026-07-08 15:37:37.303214+00,IBC SOLAR AG,,,,Bad Staffelstein,Bavaria,Germany,https://www.ibc-solar.de,,,"{Distributor,Germany,""Solar PV""}",google,,{},Distributes and installs solar PV systems and components across Europe.,,,f,
76cabe49-129f-4e6f-9344-398c6f9366c3,,Shanghai Ltd,jinqianwen@sh-copartner.com,021-50828502,,,,2026-07-08 13:57:02.863887+00,2026-07-08 15:37:37.303214+00,"Shanghai Lianying New Energy Technology Co.,Ltd",,,,Shanghai,,China,https://www.lianyingsh.com,,,"{Other,China}",google,,{},New energy technology company; specific product line unclear from name/domain.,,,f,
76ce8405-8da8-4239-b88c-4c393d20dbbe,,Shanghai Ltd,xhshfgs@xhxs.com,+86 18434889731,,,,2026-07-08 13:57:03.00674+00,2026-07-08 15:37:37.303214+00,"Shanghai Solar Flare Technologies Co., Ltd",,,,Shanghai,,China,https://www.solardamper.net,,,"{Mounting/Tracker,China}",google,,{},Manufactures solar tracker dampers and related mounting hardware.,,,f,
77038e99-1701-422e-86ab-b24827850770,,Kalyon PV,kurumsaliletisim@kalyonpv.com,+90 312 589 26 00,,,,2026-07-08 13:56:30.913906+00,2026-07-08 15:37:37.303214+00,Kalyon PV,,,,Ankara,,Turkey,https://www.kalyonpv.com,,,"{""Module Mfr"",Turkey,""Solar PV""}",google,,{},Turkish manufacturer of solar PV modules.,,,f,
7703d4f8-772d-4334-b22c-1094d161f896,,SVOLT Ltd.,info@svolt.cn,+86-519-82188801,,,,2026-07-08 13:57:18.753151+00,2026-07-08 15:37:37.303214+00,"SVOLT Energy Technology Co., Ltd.",,,,Changzhou,Jiangsu,China,https://www.svolt.cn/,,,"{Battery/Storage,China,""EV Charging""}",google,,{},Chinese manufacturer of lithium-ion battery cells for EVs and energy storage.,,,f,
770db0e3-b5c8-4e82-be34-2e534c801fa9,,Hoymiles Inc.,info@hoymiles.com,+86-571-2805 6101,,,,2026-07-08 13:56:20.376143+00,2026-07-08 15:37:37.303214+00,Hoymiles Power Electronics Inc.,,,,Hangzhou,Zhejiang,China,https://www.hoymiles.com,,,"{""Inverter Mfr"",China,Residential}",google,,{},Chinese manufacturer of microinverters and monitoring systems for residential PV.,,,f,
771fa377-84f4-4829-869d-12ecb40dd12f,,CFE Ltd.,nancy.wang@cfess.cn,+86293867888,,,,2026-07-08 13:55:46.382983+00,2026-07-08 15:37:37.303214+00,"CFE ESS Co., Ltd.",,,,,,China,https://www.cfess.cn,,,"{Battery/Storage,China}",google,,{},Chinese manufacturer of energy storage system (ESS) products.,,,f,
77712637-cc0d-4d61-a391-1ff810016fb0,,CMBLU AG,customerfocusgroup@cmblu.de,+49602370620,,,,2026-07-08 13:55:48.568603+00,2026-07-08 15:37:37.303214+00,CMBLU Energy AG,,,,Alzenau,Bavaria,Germany,https://www.cmblu.com/,,,"{Battery/Storage,Germany}",google,,{},German developer of organic flow battery energy storage technology.,,,f,
777a3040-e4a7-4cef-8a60-c76f6597c7d9,,MICA LTD.,pub@micapower.com,86769-82677106,,,,2026-07-08 13:56:39.320222+00,2026-07-08 15:37:37.303214+00,"MICA POWER CO., LTD.",,,,,,Taiwan,https://www.micapower.com,,,"{""Inverter Mfr"",Taiwan}",google,,{},Manufacturer of power electronics and inverter products.,,,f,
77920d6f-4c42-4619-87a3-517a376385a4,,Golden Ltd,,,,,,2026-07-08 13:56:12.030864+00,2026-07-08 15:37:37.303214+00,Golden Triangle Electric Power Technology Co.Ltd,,,,,,China,https://www.goldentrianglele.com,,,"{Other,China}",google,,{},Chinese electric power technology company.,,,f,
77b02e33-6142-4b78-921f-7224dc43bc61,,emost AG,michael.schoesler@emost.com,+4141767759428,,,,2026-07-08 13:55:59.39631+00,2026-07-08 15:37:37.303214+00,emost AG,,,,,,Germany,https://www.emost.com,,,"{""EV Charging"",Germany}",google,,{},German company providing EV charging or energy solutions.,,,f,
77b411cd-5c7e-43ba-b32b-3abe7df8c533,,EnerTech International,edwinkim@enertechint.com,+82438501845,,,,2026-07-08 13:56:01.799024+00,2026-07-08 15:37:37.303214+00,EnerTech International,,,,Seoul,,South Korea,https://www.enertechint.com,,,"{Battery/Storage,""South Korea""}",google,,{},South Korean energy technology company involved in battery/storage solutions.,,,f,
77bf636f-7342-4238-9566-d1f2392a848a,,Voltavate,amir@voltavate.com,,,,,2026-07-08 13:57:29.176679+00,2026-07-08 15:37:37.303214+00,Voltavate,,,,,,United States,https://www.voltavate.com/,,,"{Software,""United States""}",google,,{},US company offering software or technology solutions for the energy sector.,,,f,
77e80058-8fb6-4177-b436-568f234fee0b,,EUROCODES TOOLS,sylvie.vernet@eurocodes-tools.com,+33684025214,,,,2026-07-08 13:56:04.516278+00,2026-07-08 15:37:37.303214+00,EUROCODES TOOLS,,,,,,France,https://eurocodes-tools.com,,,"{Software,France,Mounting/Tracker}",google,,{},French provider of Eurocode structural calculation software tools.,,,f,
77e82f3d-42dd-446d-9f5a-e265ea55d18a,,Floating Solar,info@floatingsolar.nl,+31 6 57 64 06 03,,,,2026-07-08 13:56:07.89923+00,2026-07-08 15:37:37.303214+00,Floating Solar,,,,,,Netherlands,https://www.floatingsolar.nl,,,"{Developer/IPP,Netherlands,""Solar PV""}",google,,{},Dutch company specializing in floating solar PV systems.,,,f,
780cbdcb-2888-4260-ae75-f51064fe53f2,,SICHUAN LTD,guoyingliang@sc-qianye.com,86 13540737080,,,,2026-07-08 13:57:07.856812+00,2026-07-08 15:37:37.303214+00,"SICHUAN CHNYEA TECHNOLOGY CO.,LTD",,,,Chengdu,Sichuan,China,https://www.qianye-tech.com/,,,"{Cable/BOS,China}",google,,{},Chinese manufacturer of components for the solar/electrical industry.,,,f,
780d035c-6fc7-4afb-b7ee-325313202414,,Bluesun Ltd.,info@bluesunpv.com,+86-551-65652651,,,,2026-07-08 13:55:42.901427+00,2026-07-08 15:37:37.303214+00,"Bluesun Solar Co., Ltd.",,,,,,China,https://www.bluesunpv.com,,,"{""Module Mfr"",China,""Solar PV""}",google,,{},Chinese manufacturer of solar PV modules.,,,f,
785235e9-0060-4876-a3a2-bd66c22a5325,,VDMA GmbH,alexandra.janik-hannen@vdma.eu,+49 69 66031117,,,,2026-07-08 13:57:27.57086+00,2026-07-08 15:37:37.303214+00,VDMA Services GmbH,,,,Frankfurt,Hesse,Germany,https://www.pv.vdma.org,,,"{Association,Germany,""Solar PV""}",google,,{},German mechanical engineering association's photovoltaic equipment sector group.,,,f,
7870455b-cfe4-45c0-99ab-b821c2185190,,Entelios AG,info@entelios.com,+498955299680,,,,2026-07-08 13:56:02.732414+00,2026-07-08 15:37:37.303214+00,Entelios AG,,,,Munich,Bavaria,Germany,https://www.entelios.de,,,"{Software,Germany,Grid}",google,,{},German provider of demand response and virtual power plant software.,,,f,
787a0c18-f29d-4a82-a617-c31b6ba89c67,,water GmbH,gabriele.wilhelm@waterstuffsun.com,+4915158814818,,,,2026-07-08 13:57:30.617193+00,2026-07-08 15:37:37.303214+00,water stuff &amp; sun GmbH,,,,,,Germany,https://www.waterstuffandsun.com,,,"{Developer/IPP,Germany,""Solar PV""}",google,,{},German company developing floating solar PV projects on water bodies.,,,f,
78b0c4ea-53a1-4af7-ac65-30dd95cb3c01,,RCT GmbH,info@rct-power.com,+49 7531 996770,,,,2026-07-08 13:56:55.429312+00,2026-07-08 15:37:37.303214+00,RCT Power GmbH,,,,Konstanz,Baden-Württemberg,Germany,https://www.rct-power.com,,,"{""Inverter Mfr"",Germany,Storage}",google,,{},German manufacturer of hybrid inverters and battery storage systems.,,,f,
78bbf52b-5edb-424d-8050-651becf10ade,,Beijing ltd,liuxuan@kesensor.cn,+8618310950814,,,,2026-07-08 13:55:40.831973+00,2026-07-08 15:37:37.303214+00,Beijing Kesensor Technology Co.ltd,,,,Beijing,,China,https://www.kesensor.cn,,,"{Metering/Monitoring,China}",google,,{},Chinese manufacturer of sensors for industrial and energy applications.,,,f,
78bfffba-8799-4604-9e93-c2f4b7bd1829,,Xite GmbH,info@xite-sun.de,+4961035094944,,,,2026-07-08 13:57:35.953942+00,2026-07-08 15:37:37.303214+00,Xite Systems GmbH,,,,,,Germany,https://www.xite-sun.de,,,"{EPC/Installer,Germany,""Solar PV""}",google,,{},German solar PV installation and mounting systems company.,,,f,
78c7dc9e-0483-4818-8269-883046d462d7,,Sunpure Ltd.,info@sunpuretech.com,400 869 0880,,,,2026-07-08 13:57:17.412959+00,2026-07-08 15:37:37.303214+00,"Sunpure Technology Co., Ltd.",,,,,,China,https://en.sunpuretech.com/,,,"{""Module Mfr"",China,""Solar PV""}",google,,{},Chinese manufacturer of solar PV modules.,,,f,
78df7f6a-d065-4e58-89c8-9a4bdda32b58,,QAES GmbH,info@qaes.eu,+49303001493178,,,,2026-07-08 13:56:53.581433+00,2026-07-08 15:37:37.303214+00,QAES Europe GmbH,,,,,,Germany,https://qaes.eu,,,"{Testing/Certification,Germany,""Solar PV""}",google,,{},German quality assurance and engineering services company for solar projects.,,,f,
78ec144c-95ed-4e48-a54d-a36b6d4bf198,,Senergy STS,marketing@sts-certified.com,+8613761176381,,,,2026-07-08 13:57:01.500898+00,2026-07-08 15:37:37.303214+00,Senergy Technical Services (France) STS,,,,,,France,https://www.sts-certified.com,,,"{Testing/Certification,France,""Solar PV""}",google,,{},French provider of technical inspection and certification services for solar plants.,,,f,
78fcb134-06d3-474f-b53f-a5979f093876,,Enovos GmbH,info@enovos.de,+49 681 8105 7,,,,2026-07-08 13:56:02.507068+00,2026-07-08 15:37:37.303214+00,Enovos Renewables O&amp;M GmbH,,,,,,Germany,https://www.enovos.de,,,"{EPC/Installer,Germany,""Solar PV""}",google,,{},German operations and maintenance provider for renewable energy plants.,,,f,
71fc6d0c-761f-461f-b34c-82c69ea5a0b1,,Clenergy Gmbh,sales.eu@clenergy.com,,,,,2026-07-08 13:55:48.281907+00,2026-07-08 15:37:37.303214+00,Clenergy Deutschland Gmbh,,,,,,Germany,,,,"{Mounting/Tracker,Germany,""Solar PV""}",google,,{},"German arm of Clenergy, maker of solar mounting and racking systems.",,,f,
7259e9ea-a942-4164-9001-8ae4e387f924,,Bender KG,emobility@bender.de,+49 6401-807,,,,2026-07-08 13:55:41.206978+00,2026-07-08 15:37:37.303214+00,Bender GmbH &amp; Co. KG,,,,,,Germany,https://www.bender.de,,,"{Metering/Monitoring,Germany,""EV Charging""}",google,,{},"Manufactures electrical safety and insulation monitoring devices, including e-mobility products.",,,f,
727ebbf9-fb49-42fa-b034-d6c685b8a510,,Arkat Tic.,muratb@arkataluminyum.com,+905326363168,,,,2026-07-08 13:55:36.105439+00,2026-07-08 15:37:37.303214+00,Arkat Aluminyum San. Tic. A.S.,,,Niluefer OSB Minarelicavus 120. Sokak No:5,Bursa,,Turkey,https://www.arkataluminyum.com,,,"{Mounting/Tracker,Turkey,""Solar PV""}",google,,{},Aluminum extrusion and coating company producing profiles for solar mounting and industry.,,,f,
72923afb-92a6-4da0-96d7-0d0cad8538d7,,fosera,info@feutonix.com,,,,,2026-07-08 13:56:08.465628+00,2026-07-08 15:37:37.303214+00,fosera,,,,,,Germany,,,,"{Other,Germany,Off-grid}",google,,{},"Fosera, off-grid solar product brand; contact routed via feutonix.com.",,,f,
72c1f04e-6ec1-4206-86c9-79ac3db099e5,,PHOTOMATE s.r.o.,info@photomate.eu,,,,,2026-07-08 13:56:49.318099+00,2026-07-08 15:37:37.303214+00,PHOTOMATE s.r.o.,,,Prokisova 356/7,Ceske Budejovice,,Czech Republic,https://www.photomate.eu,,,"{Distributor,""Czech Republic"",""Solar PV"",Storage}",google,,{},"Distributor of PV inverters, battery storage, EV chargers and heat pumps including Huawei FusionSolar.",,,f,
72ceab99-c067-4f79-bc85-f1e76b63751e,,Seating Area,,+49 761 388102,,,,2026-07-08 13:57:01.090643+00,2026-07-08 15:37:37.303214+00,Seating Area,,,,,,Germany,,,,"{Other,Germany}",google,,{},Unclear entity name (Seating Area); no website or email available for classification.,,,f,
72d6b4ad-43fb-40cd-9e03-3d91a67c245f,,NXT GmbH,marketing@nxt91.com,+49 24 529600110,,,,2026-07-08 13:56:45.421698+00,2026-07-08 15:37:37.303214+00,NXT GmbH,,,Borsigstrasse 78,Heinsberg,,Germany,https://www.nxt91.com/,,,"{Testing/Certification,Germany,""Solar PV""}",google,,{},Develops spectrometric measurement systems for OLED and photovoltaic manufacturing quality assurance.,,,f,
731f245e-73f8-40d4-b20b-4e4199c0f20d,,Manufatti srl,fiorecaggianosrl@gmail.com,+39971711002,,,,2026-07-08 13:56:37.669417+00,2026-07-08 15:37:37.303214+00,Manufatti Caggiano srl,,,Strada Comunale Contrada Seta,Savoia di Lucania (PZ),,Italy,https://www.manufatticaggiano.it,,,"{Other,Italy}",google,,{},Manufactures prefabricated concrete/electrical cabins and structures for industrial and civil use.,,,f,
734c9fde-1799-4c1e-80c3-1358f10bc587,,Norwegian Pavilion,info@handelskammer.no,+4722128210,,,,2026-07-08 13:56:44.41951+00,2026-07-08 15:37:37.303214+00,Norwegian Pavilion (German-Norwegian Chamber of Commerce),,,,,,Germany,https://norwegen.ahk.de/de,,,"{Association,Germany}",google,,{},Norwegian Pavilion representation via the German-Norwegian Chamber of Commerce.,,,f,
73766650-1bc4-4f7b-94d1-f1a6140f2c62,,Bachmann GmbH,info@bachmann.info,+43 5522 34970,,,,2026-07-08 13:55:38.316397+00,2026-07-08 15:37:37.303214+00,Bachmann electronic GmbH,,,Kreuzaeckerweg 33,Feldkirch,,Austria,https://www.bachmann.info,,,"{Software,Austria,Grid}",google,,{},"Develops automation systems and grid measurement, protection and control solutions.",,,f,
738d7107-aef5-46bb-ac45-55b66694e96d,,Saet SpA,c.demarchi@saetpd.it,+39498989711,,,,2026-07-08 13:56:59.593293+00,2026-07-08 15:37:37.303214+00,Saet SpA,,,"Via A. Moravia, 8",Selvazzano Dentro (Padova),,Italy,https://www.saetpd.it,,,"{EPC/Installer,Italy,Storage,Grid}",google,,{},EPC contractor for electrical grid solutions and electrochemical energy storage systems.,,,f,
73f1f47d-8cdb-465f-8b2f-6f47feae0bf1,,everyone GmbH,celine.goehlich@everyone-energy.de,+49 176 66857321,,,,2026-07-08 13:56:05.747049+00,2026-07-08 15:37:37.303214+00,everyone energy GmbH,,,,Berlin,,Germany,https://www.everyone-energy.de,,,"{Software,Germany,""Solar PV""}",google,,{},"Provides digital sales and consultation software for solar, storage and heat pump systems.",,,f,
74183aa0-6da3-4db4-aad4-5834f766ba3e,,everHome GmbH,daniel@everhome.cloud,+4917638649014,,,,2026-07-08 13:56:05.658356+00,2026-07-08 15:37:37.303214+00,everHome GmbH,,,,,,Germany,https://www.everhome.cloud,,,"{Software,Germany,Residential}",google,,{},"Cloud-based smart home automation platform controlling lighting, heating and energy monitoring.",,,f,
742117d1-99cc-4b49-a9d0-20307b59dd40,,Tecloman GmbH,,,,,,2026-07-08 13:57:20.76021+00,2026-07-08 15:37:37.303214+00,Tecloman Energy GmbH,,,Tal 31,Munich,,Germany,https://www.tecloman.com,,,"{Battery/Storage,Germany,Utility-scale}",google,,{},"Supplies battery energy storage systems for utility, C&I, residential and mobile applications.",,,f,
746f3625-b95a-476d-ba87-50fcffa94b8c,,Jurchen GmbH,info@jurchen-technology.com,+49 9369 982296600,,,,2026-07-08 13:56:30.452313+00,2026-07-08 15:37:37.303214+00,Jurchen Technology GmbH,,,Prinz-Ludwig-Strasse 5,Helmstadt,,Germany,https://www.jurchen-technology.com,,,"{Mounting/Tracker,Germany,""Solar PV""}",google,,{},Manufactures solar mounting substructures and DC cabling harnesses for PV plants.,,,f,
74798035-bd1f-417b-98e2-503c6b8d3156,,Celsio GmbH,info@celsiotech.de,+49 151 74333199,,,,2026-07-08 13:55:45.913323+00,2026-07-08 15:37:37.303214+00,Celsio GmbH,,,,Munich,,Germany,https://www.celsiotech.de,,,"{Other,Germany,Grid}",google,,{},Industrial process-heat electricity provider using AI-optimized power-to-heat technology.,,,f,
747f2049-969d-471f-ac35-253aded20426,,Borochi GmbH,info@borochi.de,+4917645686986,,,,2026-07-08 13:55:43.351744+00,2026-07-08 15:37:37.303214+00,Borochi Climate Solutions GmbH,,,,Berlin,,Germany,https://www.borochi.de/,,,"{Software,Germany,Residential}",google,,{},"Offers AI-driven home energy management combining solar, storage, EV charging and heat pumps.",,,f,
749dcea1-549e-40d3-9fb4-a6076db624d0,,3M GmbH,hchristiansen@mmm.com,+492131142782,,,,2026-07-08 13:55:29.247926+00,2026-07-08 15:37:37.303214+00,3M Deutschland GmbH,,,,,,Germany,https://www.3M.de,,,"{Other,Germany}",google,,{},"German subsidiary of 3M, diversified industrial and materials manufacturer.",,,f,
74a075b0-b506-4cb7-8e07-aa5f655d9097,,Analog Devices,,,,,,2026-07-08 13:55:33.894924+00,2026-07-08 15:37:37.303214+00,Analog Devices,,,,,,United States,https://www.analog.com,,,"{Other,""United States"",Grid}",google,,{},"Analog Devices, semiconductor manufacturer supplying power and sensing chips for energy applications.",,,f,
74b6670d-4126-4b02-a2ea-4b6d4d6662ac,,Sollit GmbH,ivoneumaerker@sollit.com,+4915167959366,,,,2026-07-08 13:57:13.181527+00,2026-07-08 15:37:37.303214+00,Sollit Germany GmbH,,,,,,Germany,https://sollit.de,,,"{EPC/Installer,Germany,""Solar PV""}",google,,{},"German subsidiary of Sollit, solar EPC and installation services provider.",,,f,
74cc3950-ee4e-4e72-b449-3dc62893af6d,,energielenker Gruppe,info@energielenker.de,+49 251 27601101,,,,2026-07-08 13:56:00.539218+00,2026-07-08 15:37:37.303214+00,energielenker Gruppe,,,Hafenweg 15,Muenster,,Germany,https://www.energielenker.de,,,"{EPC/Installer,Germany,""EV Charging""}",google,,{},"Energy service provider covering solar PV, EV charging infrastructure, storage and energy management.",,,f,
74d87bef-11bc-491d-a741-715a42bc7017,,clever-PV GmbH,willi@clever-pv.com,+491739003799,,,,2026-07-08 13:55:48.367329+00,2026-07-08 15:37:37.303214+00,clever-PV GmbH,,,,,,Germany,https://www.clever-pv.com,,,"{Software,Germany,Residential}",google,,{},Offers a home energy management app optimizing solar self-consumption and dynamic tariffs.,,,f,
74e4fa52-4c89-40e4-9d11-e4402da49d6f,,ONERGY POWER,,+420774658068,,,,2026-07-08 13:56:46.479979+00,2026-07-08 15:37:37.303214+00,ONERGY POWER s.r.o.,,,,,,Czech Republic,https://www.onergypower.eu,,,"{EPC/Installer,""Czech Republic"",""Solar PV""}",google,,{},"Solar energy company; website inaccessible, classified from domain/name as PV installer/distributor.",,,f,
74f72a4c-eb0c-4dd9-99f7-6e994880bd3a,,BLADECO SARJ,tesvik@bladeco.com.tr,+905446141202,,,,2026-07-08 13:55:42.449423+00,2026-07-08 15:37:37.303214+00,BLADECO SARJ A.S.,,,"Cami, 401. Cadde No:13",Senirce/Gonen/Isparta,,Turkey,https://www.bladeco.com.tr,,,"{""EV Charging"",Turkey,""Solar PV""}",google,,{},"Manufactures EV charging stations, wallboxes, solar panels and aluminum facade systems.",,,f,
78ff6826-374c-4260-ae02-663ed56c7d11,,JUWI GmbH,info@juwi.de,+49 6732 96570,,,,2026-07-08 13:56:30.54521+00,2026-07-08 15:37:37.303214+00,JUWI GmbH,,,Energiepark 1,Worrstadt,Rhineland-Palatinate,Germany,http://www.juwi.de,,,"{Developer/IPP,Germany,""Solar PV"",Wind}",google,,{},Renewable energy project developer and EPC for solar and wind plants.,,,f,
7909b87f-a3bf-4bc2-9b8b-29869fda8866,,BRIGX GmbH,,+4991114691500,,,,2026-07-08 13:55:43.677508+00,2026-07-08 15:37:37.303214+00,BRIGX GmbH,,,Herpersdorfer Str. 4c,Nurnberg,Bavaria,Germany,https://www.brigx.de,,,"{Mounting/Tracker,Germany,""Solar PV""}",google,,{},Makes modular patented mounting/bracket systems for fences and PV panels.,,,f,
791a0c7f-5d18-49d6-93bd-d225c9048f7f,,Aonics,dhruva@terra-wise.com,+13107287966,,,,2026-07-08 13:55:35.030555+00,2026-07-08 15:37:37.303214+00,Aonics,,,,,,India,https://terra-wise.com,,,"{Software,India,""Solar PV""}",google,,{},Sustainability/energy software company operating under the terra-wise brand.,,,f,
791c1c82-55fe-4174-a599-6e141f4ae82e,,Jiaxing Ltd.,info@solarway.cc,+8657383705988,,,,2026-07-08 13:56:29.182791+00,2026-07-08 15:37:37.303214+00,"Jiaxing Solarway New Energy Co., Ltd.",,,,Jiaxing,Zhejiang,China,https://www.solarwaytech.com,,,"{""Module Mfr"",China,""Solar PV""}",google,,{},Manufactures solar photovoltaic modules.,,,f,
7931a8e8-f675-4160-811f-1072bf7fcd91,,de GmbH,kontakt@elektro.net,+49 6221 489-603,,,,2026-07-08 13:55:51.884591+00,2026-07-08 15:37:37.303214+00,"de – das elektrohandwerk, Hüthig GmbH",,,,Heidelberg,,Germany,https://www.elektro.net,,,"{Other,Germany}",google,,{},Trade publisher of the elektro.net magazine for the electrical trade.,,,f,
7939106b-4aa9-422f-8aa3-314fe5650310,,Eos Inc.,eos@nalaenergy.com,,,,,2026-07-08 13:55:45.108868+00,2026-07-08 15:37:37.303214+00,"Eos Energy Enterprises, Inc.",,,,Edison,New Jersey,United States,https://www.eose.com,,,"{Battery/Storage,""United States"",Storage,Utility-scale}",google,,{},Manufactures zinc-based long-duration battery storage systems.,,,f,
793eb9e4-5a09-4713-9b5f-91b88b448895,,Meiser GmbH,,,,,,2026-07-08 13:56:38.696414+00,2026-07-08 15:37:37.303214+00,Meiser Solar Solutions GmbH,,,,Grunstadt,Rhineland-Palatinate,Germany,https://solar.meiser.de/meiser-solar-solutions-gmbh/,,,"{Mounting/Tracker,Germany,""Solar PV""}",google,,{},Makes ground and roof mounting systems for solar installations.,,,f,
796e865c-e33c-4ede-bc5e-7a82c9a997ad,,HighLine GmbH,info@highline-technology.de,+4976148823597,,,,2026-07-08 13:56:19.199778+00,2026-07-08 15:37:37.303214+00,HighLine Technology GmbH,,,,,,Germany,https://www.highline-technology.de,,,"{Cable/BOS,Germany,""Solar PV""}",google,,{},Supplies technology components for solar and electrical infrastructure.,,,f,
7996582d-bf52-4a77-bda4-a04ceb2eb0ea,,Borosil Limited,bhavesh.sakhale@borosil.com,+91 22 67406360,,,,2026-07-08 13:55:43.401677+00,2026-07-08 15:37:37.303214+00,Borosil Renewables Limited,,,,Mumbai,Maharashtra,India,https://www.borosilrenewables.com,,,"{Other,India,""Solar PV""}",google,,{},Manufactures solar glass used in photovoltaic module production.,,,f,
79a0e121-64b1-4223-b011-101af377b5cd,,Qinghai Branch,cpimiaolin@163.com,+86 186 29057322,,,,2026-07-08 13:56:54.033408+00,2026-07-08 15:37:37.303214+00,"Qinghai Huanghe Hydropower Development Co., Ltd. Photovoltaic Industry Technology Branch",,,,Xining,Qinghai,China,https://www.en.spicsolar.com,,,"{""Module Mfr"",China,""Solar PV"",Utility-scale}",google,,{},Photovoltaic industry technology branch of a Chinese hydropower/solar group (SPIC Solar).,,,f,
79b553c4-fdcc-4c47-bdc0-b17d15fb8541,,ETI,kjahn@etikorea.kr,+821072502970,,,,2026-07-08 13:56:04.19681+00,2026-07-08 15:37:37.303214+00,ETI,,,,,,South Korea,https://www.etienc.kr,,,"{Testing/Certification,""South Korea""}",google,,{},"Provides testing and certification services, Korean branch of ETI.",,,f,
79e78ca0-1f6e-4652-80f6-ba1fd35824a2,,Solarpro Technology,ekaterina.ivanova@solarpro.bg,,,,,2026-07-08 13:57:12.054865+00,2026-07-08 15:37:37.303214+00,Solarpro Technology,,,,Sofia,,Bulgaria,https://www.solarpro.bg,,,"{EPC/Installer,Bulgaria,""Solar PV""}",google,,{},Solar EPC and technology company operating in the Bulgarian market.,,,f,
79e9486d-3f20-4e1c-9f1f-5995384f1fa4,,LOVATO Electric,info@lovatoelectric.com,+39 035 4282111,,,,2026-07-08 13:56:36.295417+00,2026-07-08 15:37:37.303214+00,LOVATO Electric S.p.A.,,,,Bergamo,Lombardy,Italy,https://www.lovatoelectric.com,,,"{Metering/Monitoring,Italy}",google,,{},"Manufactures electrical protection, control and metering devices.",,,f,
79ebd195-65d3-4265-aa51-4a43d1515b69,,TTTECH GmbH,marie.eggeling@tttech-zyne.com,+43 1 585 34 34-0,,,,2026-07-08 13:57:24.952648+00,2026-07-08 15:37:37.303214+00,TTTECH ZYNE Deutschland GmbH,,,,,,Germany,https://www.zyne.energy/,,,"{Software,Germany,Grid}",google,,{},Develops grid and energy management software (ZYNE energy platform).,,,f,
79f65b3a-74b7-4c97-8451-106227bd81b8,,Peblar,info@peblar.com,+31 40 2676200,,,,2026-07-08 13:56:48.478753+00,2026-07-08 15:37:37.303214+00,Peblar,,,,Almelo,,Netherlands,https://www.peblar.com,,,"{Other,Netherlands,""EV Charging""}",google,,{},"Manufactures smart home EV chargers, spun off from Eaton.",,,f,
7a1703a2-cff4-4a06-bfe2-47bd417ed33f,,Iqony GmbH,info@iqony.energy,+49 201 801-01,,,,2026-07-08 13:56:25.47812+00,2026-07-08 15:37:37.303214+00,Iqony GmbH,,,,Essen,North Rhine-Westphalia,Germany,https://www.steag-iqony-group.com,,,"{Developer/IPP,Germany}",google,,{},German energy company (formerly STEAG) generating and supplying power.,,,f,
7a41a06f-7187-42ad-9721-5fcabef3113c,,Xiamen Ltd,esme.wu@kehua.com,+86-592-6027205,,,,2026-07-08 13:57:35.344528+00,2026-07-08 15:37:37.303214+00,"Xiamen Kehua Digital energy Tech Co.,Ltd",,,,Xiamen,Fujian,China,https://digitalenergy.kehua.com/,,,"{""Inverter Mfr"",China,Storage}",google,,{},Manufactures digital energy products including inverters and storage systems (Kehua).,,,f,
7a6ece60-2b27-4ff8-99c2-ce23f820bf4c,,Solarix,info@solarix-solar.com,+31202440641,,,,2026-07-08 13:57:11.731228+00,2026-07-08 15:37:37.303214+00,Solarix,,,,,,Netherlands,https://www.solarix-solar.com,,,"{""Module Mfr"",Netherlands,""Solar PV"",Residential}",google,,{},Designs and manufactures colored solar panels for building facades and roofs.,,,f,
7aab0870-df64-4aa8-8ce2-dfef531704d6,,OPES GmbH,info@opes-mobility.com,034203444000,,,,2026-07-08 13:56:46.749784+00,2026-07-08 15:37:37.303214+00,OPES Solar Mobility GmbH,,,,,,Germany,https://opes-mobility.com/,,,"{Other,Germany,""EV Charging"",""Solar PV""}",google,,{},Provides solar carport and mobility/EV charging solutions.,,,f,
7ac350bf-8e6f-4042-b3a2-3baffb20196f,,Eaton GmbH,apcustomerservice@eaton.com,+49 228 6025600,,,,2026-07-08 13:55:56.129722+00,2026-07-08 15:37:37.303214+00,Eaton Electric GmbH,,,,Bonn,North Rhine-Westphalia,Germany,https://www.eaton.com/de/de-de.html,,,"{Other,Germany}",google,,{},"German subsidiary of Eaton, an electrical power management company.",,,f,
7b03f1b8-2f59-4324-bcd8-08b506873c85,,Moxa GmbH,europe@moxa.com,+49 89 41325730,,,,2026-07-08 13:56:41.117091+00,2026-07-08 15:37:37.303214+00,Moxa Europe GmbH,,,,,,Germany,https://www.moxa.com,,,"{Metering/Monitoring,Germany,Grid}",google,,{},"European arm of Moxa, provider of industrial networking and monitoring devices.",,,f,
7b05913f-9514-4d81-96bf-510db4aabcfc,,ZERA GmbH,sales@zera.de,+49 2244 9277-0,,,,2026-07-08 13:57:37.610365+00,2026-07-08 15:37:37.303214+00,ZERA GmbH,,,,Ludenscheid,North Rhine-Westphalia,Germany,https://www.zera.de,,,"{Testing/Certification,Germany}",google,,{},Manufactures test and calibration equipment for electricity meters.,,,f,
7b1cd095-944e-4d71-b348-07ec4cb27705,,Nord Pool,daria.beliaeva@nordpoolgroup.com,,,,,2026-07-08 13:56:44.270466+00,2026-07-08 15:37:37.303214+00,Nord Pool,,,,Lysaker,,Norway,https://www.nordpoolgroup.com/,,,"{Other,Norway,Grid}",google,,{},Operates the Nordic and Baltic power exchange for electricity trading.,,,f,
7b1fcf2f-b187-4290-99ae-c890ee5cead6,,Aurora&#39;s Grid,dimitri.torregrossa@aurorasgrid.com,+41 787 209227,,,,2026-07-08 13:55:36.999979+00,2026-07-08 15:37:37.303214+00,Aurora&#39;s Grid,,,"EPFL Innovation Park, Route Cantonale",Lausanne,,Switzerland,https://www.aurorasgrid.com,,,"{Software,Switzerland,Storage,Grid}",google,,{},Develops ageing-aware battery energy management software (EMMA).,,,f,
7b2d2e44-3d51-4654-aa60-2d6209cf4245,,smartEn - Smart Europe,,+32492669268,,,,2026-07-08 13:57:09.877088+00,2026-07-08 15:37:37.303214+00,smartEn - Smart Energy Europe,,,,Brussels,,Belgium,https://www.smarten.eu,,,"{Association,Belgium,Grid}",google,,{},European trade association representing the smart/flexible energy sector.,,,f,
7b5e29e0-8463-4a2e-8314-2574c2a92ebb,,Last Solutions,info@lastmilesolutions.com,+31103126000,,,,2026-07-08 13:56:34.366189+00,2026-07-08 15:37:37.303214+00,Last Mile Solutions,,,,,,Netherlands,https://www.lastmilesolutions.com,,,"{Software,Netherlands,""EV Charging""}",google,,{},Provides EV charging management and roaming software platforms.,,,f,
7b69b8ea-1036-4ab9-b05e-677981790b81,,SolarCleano,info@solarcleano.com,+352 28 8069,,,,2026-07-08 13:57:11.188624+00,2026-07-08 15:37:37.303214+00,SolarCleano,,,,,,Luxembourg,https://solarcleano.com/en/,,,"{Other,Luxembourg,""Solar PV""}",google,,{},Manufactures robotic solar panel cleaning systems.,,,f,
7b77d266-101d-4f75-b739-949da4fc6605,,Reinhausen GmbH,info@reinhausen.com,+49 941 40900,,,,2026-07-08 13:56:56.043758+00,2026-07-08 15:37:37.303214+00,Reinhausen GmbH,,,,Regensburg,Bavaria,Germany,https://www.reinhausen.com,,,"{Other,Germany,Grid}",google,,{},Manufactures on-load tap changers and transformer components for grid equipment.,,,f,
7b8a4ea9-f0aa-463f-8f76-e72ff117c436,,Raylyst Solar,info@raylyst.eu,+42 060 4749955,,,,2026-07-08 13:56:55.29585+00,2026-07-08 15:37:37.303214+00,Raylyst Solar s.r.o.,,,,,,Czech Republic,https://www.raylyst.eu,,,"{EPC/Installer,""Czech Republic"",""Solar PV""}",google,,{},Solar EPC company operating in Central Europe.,,,f,
7b8af3de-2bd6-44f5-bafa-487f99f78aaf,,Lagra GmbH,,,,,,2026-07-08 13:56:33.873061+00,2026-07-08 15:37:37.303214+00,Lagra Systemtechnik GmbH,,,,,,Germany,,,,"{Mounting/Tracker,Germany}",google,,{},"German systems technology company, likely serving mounting/racking segment.",,,f,
7b920e18-51c5-4619-9ef4-a62c92d64a7a,,Cleantecs GmbH,info@cleantecs.de,+49730792650,,,,2026-07-08 13:55:48.179335+00,2026-07-08 15:37:37.303214+00,Cleantecs GmbH,,,,,,Germany,https://www.cleantecs.de,,,"{Mounting/Tracker,Germany,""Solar PV""}",google,,{},Develops solar tracking and agrivoltaic mounting systems.,,,f,
7bb46d6f-caf8-4b58-b44f-575445d592e1,,rebeyo,info@rebeyo.com,+41766651616,,,,2026-07-08 13:56:55.694332+00,2026-07-08 15:37:37.303214+00,rebeyo,,,,,,Germany,https://rebeyo.com,,,"{Software,Germany,""EV Charging""}",google,,{},Provides EV charging software and management solutions.,,,f,
7bc92bd3-791d-4fcd-ae84-c8cfcaef4464,,Sunsoar LTD,susan.ma@sunsoarenergy.com,+86 13429389063,,,,2026-07-08 13:57:17.457037+00,2026-07-08 15:37:37.303214+00,"Sunsoar (Xiamen) New Energy CO., LTD",,,,Xiamen,,China,https://www.sunsoarenergy.com,,,"{""Module Mfr"",China,""Solar PV""}",google,,{},"Manufactures solar PV modules based in Xiamen, China.",,,f,
7be6c860-c21a-49b8-9b21-efc059491ce7,,TE GmbH,industrial-marketing@te.com,,,,,2026-07-08 13:57:20.195974+00,2026-07-08 15:37:37.303214+00,TE Connectivity Germany GmbH,,,,,,Germany,https://te.com,,,"{Cable/BOS,Germany}",google,,{},Manufactures connectors and cabling components for industrial and energy applications.,,,f,
7c60959b-692e-43a3-9f77-486da3f3e343,,Powersense GmbH,info@powersense.de,+49 711 848613 - 0,,,,2026-07-08 13:56:51.454251+00,2026-07-08 15:37:37.303214+00,Powersense GmbH,,,,,,Germany,,,,"{Metering/Monitoring,Germany,Grid}",google,,{},German provider of grid sensing/metering technology.,,,f,
7c7e62fa-4738-4fb6-91e6-f96da03363f3,,ENERSTEEL BridgePower,franck.dirheimer@enersteel.fr,+33619865415,,,,2026-07-08 13:56:01.755733+00,2026-07-08 15:37:37.303214+00,ENERSTEEL BridgePower,,,,,,France,https://www.enersteel.fr,,,"{Mounting/Tracker,France,""Solar PV""}",google,,{},French manufacturer of steel structures for solar mounting systems.,,,f,
7c87c41c-8025-4c39-82d6-65c01c11cf67,,American Inc.,info@americangroundscrew.com,+18333599475,,,,2026-07-08 13:55:33.030967+00,2026-07-08 15:37:37.303214+00,"American Ground Screw, Inc.",,,,,,United States,https://www.americangroundscrew.com,,,"{Mounting/Tracker,""United States"",""Solar PV""}",google,,{},Manufactures ground screw foundations for solar mounting systems.,,,f,
7ca22711-7149-4b3f-a2c8-f26f6ad478a6,,Ore Energy,info@oreenergy.nl,,,,,2026-07-08 13:56:47.073334+00,2026-07-08 15:37:37.303214+00,Ore Energy,,,,,,Netherlands,https://www.oreenergy.com/,,,"{Battery/Storage,Netherlands}",google,,{},Develops iron-air based long-duration energy storage technology.,,,f,
7cb50d85-b202-4469-98b7-03e6f16f0689,,UV GmbH,stheurer@uv.energy,+4915151029338,,,,2026-07-08 13:57:26.798457+00,2026-07-08 15:37:37.303214+00,UV Energy Deutschland GmbH,,,,,,Germany,https://www.uv.energy,,,"{Other,Germany}",google,,{},German subsidiary offering water heating/renewable energy equipment.,,,f,
7cc801d2-753b-4b60-beb2-eaa210644d27,,Amperfied GmbH,support@amperfied.com,+49 6222 82-2266,,,,2026-07-08 13:55:33.599748+00,2026-07-08 15:37:37.303214+00,Amperfied GmbH,,,,,,Germany,http://www.amperfied.com,,,"{Other,Germany,""EV Charging""}",google,,{},Manufactures EV charging stations and infrastructure.,,,f,
7cded9cf-0a7d-418a-9915-fc5733e4d5c9,,mo GmbH,office@mo-energy-systems.at,+43 557 422567,,,,2026-07-08 13:56:40.34057+00,2026-07-08 15:37:37.303214+00,mo energy systems GmbH,,,,,,Austria,https://mo-energy-systems.at/,,,"{EPC/Installer,Austria,""Solar PV""}",google,,{},Austrian solar energy systems installer.,,,f,
7d67185f-6c71-43d9-b4bc-188a66149c73,,Sintio AG,info@sintio.ch,+41555053018,,,,2026-07-08 13:57:08.741758+00,2026-07-08 15:37:37.303214+00,Sintio AG,,,,,,Switzerland,https://www.sintio.ch,,,"{Software,Switzerland}",google,,{},Swiss company providing energy management systems/software.,,,f,
7d6b9af6-a639-49a5-a959-8c3854f76b91,,Isigenere S.L,isifloating@isigenere.com,+34695233346,,,,2026-07-08 13:56:25.664986+00,2026-07-08 15:37:37.303214+00,Isigenere S.L,,,,,,Spain,https://www.isifloating.com/,,,"{Mounting/Tracker,Spain,""Solar PV""}",google,,{},Spanish developer of floating solar mounting structures.,,,f,
7db0a1c2-9ff8-430c-b489-29bd5f244ef2,,World Overseas,nikolay.nikolov@wto.com,+359897071888,,,,2026-07-08 13:57:33.279285+00,2026-07-08 15:37:37.303214+00,World Transport Overseas,,,,,,Bulgaria,https://www.wto.com,,,"{Other,Bulgaria}",google,,{},Freight forwarding and logistics company.,,,f,
7dbee9e7-9492-4706-9365-64de0c76c276,,Richard KG,matthias.brink@richard-brink.de,+4952079504260,,,,2026-07-08 13:56:57.384073+00,2026-07-08 15:37:37.303214+00,Richard Brink GmbH &amp; Co. KG,,,,,,Germany,,,,"{Mounting/Tracker,Germany}",google,,{},German metalworking manufacturer producing gabions and ground mounting accessories.,,,f,
7dc1bb76-2ee7-4a1a-b93e-e6b56fa168b7,,RCE éolien,p.pelletier@rce-energie.fr,+33767939375,,,,2026-07-08 13:56:55.385713+00,2026-07-08 15:37:37.303214+00,RCE rezeau constructeur éolien,,,,,,France,https://rce-energie.fr/,,,"{EPC/Installer,France,Wind}",google,,{},French wind farm construction and development company.,,,f,
7e16bcce-2e6f-4293-98c8-ff183658829a,,Victron Energy,sales@victronenergy.com,+31365359700,,,,2026-07-08 13:57:28.384203+00,2026-07-08 15:37:37.303214+00,Victron Energy B.V.,,,,Almere,,Netherlands,https://www.victronenergy.com,,,"{""Inverter Mfr"",Netherlands,Off-grid}",google,,{},"Manufactures inverters, chargers and battery monitoring products for off-grid power.",,,f,
7e20c213-6a0e-4acc-a074-bb05536286ce,,neXtract GmbH,,+30 70012595,,,,2026-07-08 13:56:43.058361+00,2026-07-08 15:37:37.303214+00,neXtract energy GmbH,,,,,,Germany,https://nextract-energy.com,,,"{Developer/IPP,Germany}",google,,{},German renewable energy project development company.,,,f,
7e54d131-4ffe-4587-9fbb-c91f69a944f4,,Toshiba GmbH,contact.battery@tee.toshiba.de,+49 211 5296 0,,,,2026-07-08 13:57:23.259895+00,2026-07-08 15:37:37.303214+00,Toshiba Electronics Europe GmbH,,,,,,Japan,https://www.scib.jp/en,,,"{Battery/Storage,Japan}",google,,{},Toshiba SCiB lithium-titanate battery cell manufacturer.,,,f,
7e714d30-609b-4789-8770-bde7956b0705,,EWS KG,info@pv.de,,,,,2026-07-08 13:56:06.204817+00,2026-07-08 15:37:37.303214+00,EWS GmbH &amp; Co. KG,,,,,,Germany,https://www.pv.de,,,"{Distributor,Germany,""Solar PV""}",google,,{},German distributor of solar PV components and systems.,,,f,
7eab00fe-b31d-4ea7-91b3-9ad91deb6bce,,Transsemi Ltd.,die.zhang@transsemi.com,+8613666796008,,,,2026-07-08 13:57:23.699318+00,2026-07-08 15:37:37.303214+00,"Transsemi Microelectronics Co., Ltd.",,,,,,China,https://www.transsemi.com,,,"{Cable/BOS,China,""Solar PV""}",google,,{},Chinese manufacturer of power semiconductors and microelectronics.,,,f,
7ecede02-3546-4dd9-9a6a-0e9a9b09888f,,SpotmyEnergy GmbH,becomeapartner@spotmyenergy.de,+49 221 57 027 855,,,,2026-07-08 13:57:14.815711+00,2026-07-08 15:37:37.303214+00,SpotmyEnergy GmbH,,,,,,Germany,https://spotmyenergy.de,,,"{Software,Germany,""Solar PV""}",google,,{},German platform connecting solar installers and energy service partners.,,,f,
7eeb9a9f-c73e-43d6-ac2c-7dd00af19f5f,,Inpow Ltd.,,,,,,2026-07-08 13:56:24.352534+00,2026-07-08 15:37:37.303214+00,"Inpow Battery Technology Co., Ltd.",,,,,,China,https://www.inpow.com.cn/sy,,,"{Battery/Storage,China}",google,,{},Chinese manufacturer of battery cells and energy storage technology.,,,f,
7eff083f-d65c-47ff-b241-797a38bd250f,,ENTEGRO GmbH,info@entegro.eu,+4923739232100,,,,2026-07-08 13:56:02.684279+00,2026-07-08 15:37:37.303214+00,ENTEGRO Photovoltaik-Systeme GmbH,,,,,,Germany,https://www.entegro.eu/,,,"{EPC/Installer,Germany,""Solar PV""}",google,,{},German company providing photovoltaic system installation and components.,,,f,
7f0c9339-d231-405d-ae85-c0d347735003,,SAMI TRAFO,sales@stdtransformer.com,+905070563946,,,,2026-07-08 13:56:59.958585+00,2026-07-08 15:37:37.303214+00,SAMI TRAFO A.S,,,,,,Turkey,https://www.stdtransformer.com,,,"{Cable/BOS,Turkey}",google,,{},Turkish manufacturer of transformers and electrical distribution equipment.,,,f,
7f259aad-24d3-4e1e-968d-260310a29f6d,,PowerChina Ltd,yizz-gzgc@powerchina.cn,+86-851-83715862,,,,2026-07-08 13:56:51.078196+00,2026-07-08 15:37:37.303214+00,"PowerChina Guizhou Engineering Co.,Ltd",,,,Guizhou,,China,https://gepcc.powerchina.cn/,,,"{EPC/Installer,China,Utility-scale}",google,,{},PowerChina engineering subsidiary delivering power infrastructure and EPC projects in Guizhou.,,,f,
7f281a36-217e-413f-ab3c-f922adbd558a,,Solid-C GmbH,info@solid-c.de,+4970333059956,,,,2026-07-08 13:57:12.763163+00,2026-07-08 15:37:37.303214+00,Solid-C GmbH,,,,Heimsheim,Baden-Wurttemberg,Germany,https://www.solid-c.de,,,"{Mounting/Tracker,Germany}",google,,{},"German manufacturer of roof safety railings, walkways and fall-protection systems for rooftop installations.",,,f,
7f2bc2af-417f-49b1-b91e-ac9417643e0a,,ITW Italy,export.elematic@itw-italy.com,,,,,2026-07-08 13:56:25.98435+00,2026-07-08 15:37:37.303214+00,ITW Construction Products Italy,,,,,,Italy,https://www.itw-elematic.com/en/,,,"{Other,Italy}",google,,{},Italian manufacturer of precast concrete production equipment and construction systems.,,,f,
7f2e27e5-2329-41b2-8042-bf7a4e0b6e78,,Volateq GmbH,fabian.wolfertstetter@volateq.de,+4915754647859,,,,2026-07-08 13:57:28.95161+00,2026-07-08 15:37:37.303214+00,Volateq GmbH,,,,,,Germany,https://www.volateq.de,,,"{Software,Germany,""EV Charging""}",google,,{},German software company for EV charging infrastructure management.,,,f,
7f2fc139-c327-4567-adac-852ec797e703,,Shenzhen Limited,,,,,,2026-07-08 13:57:05.475235+00,2026-07-08 15:37:37.303214+00,"Shenzhen LianLiSolar Co., Limited",,,,Shenzhen,,China,https://www.llsolar.com,,,"{""Module Mfr"",China,""Solar PV""}",google,,{},Shenzhen-based solar product supplier.,,,f,
7f36ef86-3674-4d7b-83a1-15887bb32074,,Zaptec GmbH,marketingde@zaptec.com,+49 173 6606361,,,,2026-07-08 13:57:37.281896+00,2026-07-08 15:37:37.303214+00,Zaptec Deutschland GmbH,,,,,,Germany,https://www.zaptec.com/,,,"{Other,Germany,""EV Charging""}",google,,{},"German subsidiary of Zaptec, manufacturer of electric vehicle charging equipment.",,,f,
7f55d04d-c551-4e58-8f4a-9d920a003f5d,,Fred. 1848,info.1848@fredolsen.com,+4722341000,,,,2026-07-08 13:56:09.039833+00,2026-07-08 15:37:37.303214+00,Fred. Olsen 1848,,,,,,Norway,,,,"{Other,Norway}",google,,{},Norwegian investment and shipping group with energy-related interests.,,,f,
7fa19d09-5dc6-4a24-886c-6269869af6f2,,Saft,,+33 158 631626,,,,2026-07-08 13:56:59.685612+00,2026-07-08 15:37:37.303214+00,Saft,,,,,,France,https://www.saft.com,,,"{Battery/Storage,France}",google,,{},French manufacturer of industrial and energy storage batteries.,,,f,
7fb40723-1bbf-4b81-86a1-ecc50a3d7d3b,,Univers,avneet.kaur@univers.com,+33763038392,,,,2026-07-08 13:57:26.375048+00,2026-07-08 15:37:37.303214+00,Univers,,,,,,Singapore,https://www.univers.com,,,"{Software,Singapore,Grid}",google,,{},Provides AI software platform for autonomous management of energy grids and critical infrastructure.,,,f,
800094e6-a67b-4ebe-b393-cfd7742b8793,,3E,info@3e.eu,+3222175868,,,,2026-07-08 13:55:29.138658+00,2026-07-08 15:37:37.303214+00,3E,,,,,,Belgium,https://www.3e.eu,,,"{Software,Belgium,""Solar PV""}",google,,{},Belgian provider of solar energy software and consultancy services.,,,f,
80087fb2-0f32-457f-a987-e556810a86aa,,Qingdao Ltd,bill@wangbq.com,+8653283780988,,,,2026-07-08 13:56:53.931533+00,2026-07-08 15:37:37.303214+00,"Qingdao Wangbaoqiang Industry Co., Ltd",,,,Qingdao,,China,https://www.mounting4pv.com,,,"{Mounting/Tracker,China,""Solar PV""}",google,,{},Chinese manufacturer of solar panel mounting systems.,,,f,
8008c251-e756-4414-a20f-63e382fd42e2,,TSUNESS Ltd,sales@tsun-ess.com,+86-512-66186028,,,,2026-07-08 13:57:24.858708+00,2026-07-08 15:37:37.303214+00,"TSUNESS Co., Ltd",,,,,,China,https://www.tsun-ess.com/,,,"{Battery/Storage,China,""Solar PV""}",google,,{},Chinese manufacturer of energy storage systems and hybrid inverters.,,,f,
801164ff-784f-4c9c-9b75-7851193baded,,Yingli Ltd,commerce@yingli.com,+86 312 8922 208,,,,2026-07-08 13:57:36.779764+00,2026-07-08 15:37:37.303214+00,"Yingli Energy Development Co., Ltd",,,,,,China,https://www.yinglisolar.com,,,"{""Module Mfr"",China,""Solar PV""}",google,,{},Chinese manufacturer of solar photovoltaic modules.,,,f,
8014bfba-2490-46fe-84e9-5b874b6f9311,,Phazebreak Inc,matiss.sivins@phazebreak.com,+19134308898,,,,2026-07-08 13:56:49.04107+00,2026-07-08 15:37:37.303214+00,"Phazebreak Coatings, Inc",,,,,,United States,https://www.phazebreak.com,,,"{Other,""United States""}",google,,{},"US company producing protective coatings, including for solar and infrastructure applications.",,,f,
80215e9a-d1dd-4761-8c1b-3d59ea79223e,,Bluesea Ltd.,mu@mybluesea.com,+86 0755-28502270,,,,2026-07-08 13:55:42.817297+00,2026-07-08 15:37:37.303214+00,"Bluesea Intelligent Teconology (Hunan). Co.,Ltd.",,,,Shenzhen,,China,https://www.mybluesea.com,,,"{Battery/Storage,China}",google,,{},Chinese manufacturer of automated production lines for lithium battery module and pack assembly.,,,f,
8060b1c0-194a-4133-88a6-c4663c263d62,,REGUPOL KG,pv@regupol.de,+49 2751 8030,,,,2026-07-08 13:56:55.909091+00,2026-07-08 15:37:37.303214+00,REGUPOL Germany GmbH &amp; Co. KG,,,,,,Germany,https://construction.regupol.de/,,,"{Mounting/Tracker,Germany,""Solar PV""}",google,,{},German manufacturer of rubber underlayment and protection materials for PV mounting systems.,,,f,
806236c1-8f0a-4cd9-8ab3-1dadc7822c8c,,Alpitronic Srl,info@alpitronic.it,+39 0471 1961 000,,,,2026-07-08 13:55:32.744144+00,2026-07-08 15:37:37.303214+00,Alpitronic GmbH / Srl,,,,Bolzano,,Italy,https://www.alpitronic.it/en/,,,"{Other,Italy,""EV Charging""}",google,,{},Italian manufacturer of high-power EV fast-charging systems.,,,f,
80906ab7-c9cf-44cb-bf7e-e51ff496e8c1,,ZHEJIANG LTD.,,+86 0577-61757776,,,,2026-07-08 13:57:38.310813+00,2026-07-08 15:37:37.303214+00,"ZHEJIANG CHIFENG ELECTRIC CO., LTD.",,,"No. 89 Punan 5th Road, Yueqing Economic Development Zone","Yueqing, Wenzhou",Zhejiang,China,https://www.fchfe.com,,,"{Cable/BOS,China,""Solar PV""}",google,,{},"Chinese manufacturer of PV, energy storage and EV fuses for circuit protection.",,,f,
80c3b9f3-9d89-4656-8e2e-bbcbea4f5417,,SHANDONG LTD.,dujuan@sddejin.com.cn,+86 0535-8805666,,,,2026-07-08 13:57:01.976576+00,2026-07-08 15:37:37.303214+00,"SHANDONG DEJIN NEW ENERGY SCIENCE AND TECHNOLOGY CO., LTD.",,,,Shandong,,China,https://www.sddejin.net,,,"{Mounting/Tracker,China,""Solar PV""}",google,,{},Chinese manufacturer of solar mounting and steel structure systems.,,,f,
80d5bf50-0c3c-4c2b-8b1c-0e4a7925e376,,Changsha Ltd.,yelly@u1power.com,86 15173102305,,,,2026-07-08 13:55:46.525802+00,2026-07-08 15:37:37.303214+00,"Changsha U1 Technology Co., Ltd.",,,408 Tongzipo West Road,Changsha,Hunan,China,https://www.u1power.com/,,,"{Battery/Storage,China}",google,,{},"Chinese manufacturer of generators, battery energy storage systems and hybrid power solutions.",,,f,
80d8d6f0-9440-40ca-b152-3f19d9bf178d,,go4. GmbH,team@go4.energy,+49 9721 90 90 90 90,,,,2026-07-08 13:56:11.805701+00,2026-07-08 15:37:37.303214+00,go4.energy GmbH,,,,,,Germany,https://go4.energy,,,"{Consultancy,Germany,""Solar PV""}",google,,{},German firm offering energy consulting and project development for solar installations.,,,f,
80d932db-5526-4331-a3ff-366b2e1b97d9,,CSG Holding,caowq001@csgholding.com,(86-755)2686066026860666,,,,2026-07-08 13:55:50.682771+00,2026-07-08 15:37:37.303214+00,CSG Holding,,,,,,China,https://www.csgholding.com/www.csgglass.com,,,"{Other,China,""Solar PV""}",google,,{},Chinese manufacturer of glass products including low-iron glass for solar modules.,,,f,
80e78e36-3b8c-4384-ac62-01467f81dd56,,EDAG GmbH,info@edag.com,+49 661 60000,,,,2026-07-08 13:55:56.885563+00,2026-07-08 15:37:37.303214+00,EDAG Engineering GmbH,,,,,,Germany,https://edag.com,,,"{Consultancy,Germany}",google,,{},German engineering services company providing product development and automotive/industrial engineering.,,,f,
80f65816-0222-466a-b858-b6fdcf50cdee,,Wuxi Ltd,pr@wxautowell.com,86-510-81816678,,,,2026-07-08 13:57:33.639227+00,2026-07-08 15:37:37.303214+00,"Wuxi Autowell Technology Co., Ltd",,,,,,China,https://www.wxautowell.com/,,,"{Other,China,""Solar PV""}",google,,{},Chinese manufacturer of automated production equipment for solar cell and module manufacturing.,,,f,
811e8df7-6273-4df1-9315-62cf943b8b84,,Vestwoods GmbH,info@vestwoods-munich.com,+498955968645,,,,2026-07-08 13:57:28.20098+00,2026-07-08 15:37:37.303214+00,Vestwoods Munich GmbH,,,,Munich,Bavaria,Germany,https://www.vestwoods.com,,,"{Developer/IPP,Germany,""Solar PV""}",google,,{},German company developing and investing in solar PV projects.,,,f,
81413aae-1a33-4eeb-a868-2b9bcb8f6c59,,Solimpeks Corp.,info@solimpeks.com,+90 444 0602,,,,2026-07-08 13:57:12.894979+00,2026-07-08 15:37:37.303214+00,Solimpeks Solar Corp.,,,,,,Turkey,https://www.solimpeks.com,,,"{""Module Mfr"",Turkey,""Solar PV""}",google,,{},Manufacturer of hybrid photovoltaic-thermal (PVT) solar collector panels.,,,f,
81678204-e9f2-4ef9-9a3b-013ee6cc8e75,,SHANGHAI LTD.,s15@guangwei-china.com,+86-21-64501185,,,,2026-07-08 13:57:02.438223+00,2026-07-08 15:37:37.303214+00,"SHANGHAI GREATWAY INDUSTRY CO., LTD.",,,,Shanghai,,China,https://www.addctop.com,,,"{Cable/BOS,China,""Solar PV""}",google,,{},Chinese supplier of solar cable connectors and balance-of-system components.,,,f,
817bef5e-1263-43d4-b39c-ac2c00f53987,,Suzhou Ltd,marketing@exceedconn.com,+86-512-62930971,,,,2026-07-08 13:57:18.111692+00,2026-07-08 15:37:37.303214+00,"Suzhou Exceedconn Technology Co, Ltd",,,,Suzhou,,China,https://www.exceedconn.com,,,"{Cable/BOS,China,""Solar PV""}",google,,{},Chinese manufacturer of solar connectors and cable assemblies.,,,f,
81b7ca70-2d49-4d48-a753-e173c7506acc,,Versolsolar Ltd.,marketing@versolsolar.com,+86 4008 055 060,,,,2026-07-08 13:57:27.975923+00,2026-07-08 15:37:37.303214+00,"Versolsolar Hangzhou Co., Ltd.",,,,Hangzhou,,China,https://www.versolsolar.com/,,,"{""Module Mfr"",China,""Solar PV""}",google,,{},Chinese manufacturer of photovoltaic solar modules.,,,f,
81faff73-89b6-434d-88cf-5316f0fc3749,,Shenzhen Ltd.,nazheng@kaifa.cn,+8665706829,,,,2026-07-08 13:57:05.184402+00,2026-07-08 15:37:37.303214+00,"Shenzhen Kaifa Technology (Chengdu) Co., Ltd.",,,,Chengdu,,China,https://www.kaifametering.com,,,"{Metering/Monitoring,China}",google,,{},Chinese manufacturer of smart electricity metering equipment.,,,f,
82077576-6c40-4e8b-9169-40d400374016,,Shenzhen Ltd,powermax@oscal.hk,+86 0755-32909316,,,,2026-07-08 13:57:03.93841+00,2026-07-08 15:37:37.303214+00,"Shenzhen Doke Communication Co.,Ltd",,,,Shenzhen,,China,https://www.oscal.hk,,,"{Battery/Storage,China}",google,,{},Chinese electronics company (Oscal) making portable power stations and rugged devices.,,,f,
82098c14-e9aa-4fbb-a11d-3db991b38f20,,Energia SpA,g.paltri@energia-europa.net,+39445510156,,,,2026-07-08 13:56:00.352444+00,2026-07-08 15:37:37.303214+00,Energia Europa SpA,,,,,,Italy,https://www.energia-europa.com,,,"{EPC/Installer,Italy,""Solar PV""}",google,,{},Italian company active in energy trading and renewable energy project development.,,,f,
8263ce8d-4820-47c1-b32f-66c462a37e36,,SHANDONG LTD,ella890716@youhaocnc.com,,,,,2026-07-08 13:57:02.02174+00,2026-07-08 15:37:37.303214+00,"SHANDONG HIPECH INTERNATIONAL TRADE CO.,LTD",,,,,Shandong,China,https://www.hmhipech.com,,,"{Distributor,China,""Solar PV""}",google,,{},Chinese trading company supplying solar and industrial components internationally.,,,f,
8280cbe5-8f3b-4f2e-874c-ce9423c3ea0f,,Ingeteam Technology,marketingsolar.energy@ingeteam.com,+34 948 288 000,,,,2026-07-08 13:56:23.875444+00,2026-07-08 15:37:37.303214+00,"Ingeteam Power Technology, S.A.",,,,,,Spain,https://www.ingeteam.com,,,"{""Inverter Mfr"",Spain,""Solar PV""}",google,,{},Spanish manufacturer of power conversion equipment including solar inverters.,,,f,
828adc16-699e-45cf-94ff-6f14957a0a7d,,Solwerk GmbH,info@solwerk.net,+4995199330010,,,,2026-07-08 13:57:13.991162+00,2026-07-08 15:37:37.303214+00,Solwerk  GmbH,,,,,,Germany,https://www.solwerk.net/,,,"{EPC/Installer,Germany,""Solar PV""}",google,,{},German solar installation and EPC company.,,,f,
828b9229-f307-4d8a-aedb-41408c118f61,,Carlson Software,nfernandes@carlsonsw.com,+16065848083,,,,2026-07-08 13:55:45.445325+00,2026-07-08 15:37:37.303214+00,Carlson Software,,,,Maysville,Kentucky,United States,https://www.carlsonsw.com,,,"{Software,""United States""}",google,,{},US software company producing civil engineering and surveying design software used in site design.,,,f,
8291e344-f6d4-42b1-af6e-72c534b22679,,MEI LTD,nitin@meipower.in,+919897009444,,,,2026-07-08 13:56:38.563363+00,2026-07-08 15:37:37.303214+00,MEI POWER PVT. LTD,,,,,,India,https://www.marsonselectricals.com,,,"{Metering/Monitoring,India}",google,,{},Indian manufacturer of electrical and metering equipment.,,,f,
82b92702-2b87-4623-9f56-8c3e0afa99d5,,Gripple GmbH,outdoorge@gripple.com,+4964414444700,,,,2026-07-08 13:56:13.630359+00,2026-07-08 15:37:37.303214+00,Gripple GmbH,,,,,,Germany,https://www.gripple.com,,,"{Mounting/Tracker,Germany,""Solar PV""}",google,,{},Manufacturer of wire rope tensioning and joining systems used in solar mounting structures.,,,f,
82e62c58-bf92-49c1-ae52-5ee561ded313,,Levasoft GmbH,,,,,,2026-07-08 13:56:35.277373+00,2026-07-08 15:37:37.303214+00,Levasoft GmbH,,,,,,Germany,,,,"{Software,Germany}",google,,{},"German software company; details unavailable, no active website.",,,f,
82f300a5-04c1-42d5-92c6-bd73e7f2ae34,,Praxia Energy,central@praxiaenergy.com,+34 985 211117,,,,2026-07-08 13:56:51.727249+00,2026-07-08 15:37:37.303214+00,Praxia Energy S.L.,,,,,,Spain,https://www.praxiaenergy.com,,,"{Developer/IPP,Spain,""Solar PV""}",google,,{},Spanish renewable energy project developer.,,,f,
8329c1e0-d32f-47ca-979d-295e260ac806,,LaMetric SOLAR,info@lametric.com,+44 20 7193 3281,,,,2026-07-08 13:56:33.968089+00,2026-07-08 15:37:37.303214+00,LaMetric SOLAR (Smart Atoms Limited),,,,,,United States,https://solar.lametric.com,,,"{Metering/Monitoring,""United States"",""Solar PV""}",google,,{},Smart display and monitoring device maker offering a solar production monitoring product line.,,,f,
83439fcb-2df3-4489-a01d-c8b215ad80e4,,Technische Energie-Systeme,stefan.schneider@thi.de,+49 841 9348-6680,,,,2026-07-08 13:57:20.540017+00,2026-07-08 15:37:37.303214+00,Technische Hochschule Ingolstadt - Institut für neue Energie-Systeme,,,,Ingolstadt,Bavaria,Germany,https://www.thi.de/go/energie,,,"{Research/Academic,Germany,""Solar PV""}",google,,{},"Institute for New Energy Systems at Technische Hochschule Ingolstadt, conducting energy research.",,,f,
83464266-615a-40f0-b372-a443e5094a96,,ISRA GmbH,info@isravision.com,+49 6151 9480,,,,2026-07-08 13:56:25.803472+00,2026-07-08 15:37:37.303214+00,ISRA VISION GmbH,,,,Darmstadt,Hesse,Germany,https://www.isravision.com,,,"{Testing/Certification,Germany,""Solar PV""}",google,,{},"German machine vision company providing inspection and quality control systems, including for solar manufacturing.",,,f,
834ac54b-87c0-4a67-82fc-ad0a69236440,,AST GmbH,sales@ast-international.com,+49 0751 6001-0,,,,2026-07-08 13:55:36.500225+00,2026-07-08 15:37:37.303214+00,AST (Advanced Sensor Technologies) International GmbH,,,,,,Germany,https://www.ast-international.com,,,"{Metering/Monitoring,Germany}",google,,{},German maker of advanced sensor technologies for industrial measurement applications.,,,f,
839189ab-8b3c-4102-8896-1820f6dde540,,Reasonance GmbH,info@reasonance.de,+49 721 98991310,,,,2026-07-08 13:56:55.649446+00,2026-07-08 15:37:37.303214+00,Reasonance GmbH,,,,,,Germany,https://www.reasonance.de,,,"{Consultancy,Germany}",google,,{},German consultancy/engineering firm; scope of services unspecified.,,,f,
83a6e328-5e2b-47c0-bd15-b58be9f6a5ca,,Xiamen Ltd.,leanne.liu@goomaxsolar.com,+86-592-2938661,,,,2026-07-08 13:57:35.061289+00,2026-07-08 15:37:37.303214+00,"Xiamen Goomax Energy Technology Co.,Ltd.",,,,Xiamen,Fujian,China,https://www.goomaxsolar.com,,,"{""Module Mfr"",China,""Solar PV""}",google,,{},Chinese manufacturer of solar photovoltaic modules and panels.,,,f,
83caf518-02b0-4d96-ac2b-f28bfa4576f9,,Worldchem Sti.,info@worldchem.com.tr,+902324721600,,,,2026-07-08 13:57:33.329837+00,2026-07-08 15:37:37.303214+00,Worldchem Kimyasal Ur. Ve Tem. Malz. Gida Tur. San. Tic. Ltd. Sti.,,,,,,Turkey,https://www.worldchem.com.tr,,,"{Other,Turkey}",google,,{},"Turkish supplier of chemical and cleaning materials, food-tourism trading.",,,f,
83ce6580-9ede-4489-8224-735bcd0fd6b5,,WEG GmbH,info-de@weg.net,+49 2237 92910,,,,2026-07-08 13:57:31.243087+00,2026-07-08 15:37:37.303214+00,WEG Germany GmbH,,,,,,Germany,https://www.weg.net,,,"{""Inverter Mfr"",Germany,""Solar PV""}",google,,{},"German subsidiary of WEG, supplying motors, drives and solar inverters.",,,f,
83e852db-8b00-4073-a65a-ae7abb480097,,PV GmbH,info@pv-protector.com,+49 7044 9699766,,,,2026-07-08 13:56:52.960594+00,2026-07-08 15:37:37.303214+00,PV Protector® by Pyramidi GmbH,,,,,,Germany,https://www.pv-protector.com,,,"{Cable/BOS,Germany,""Solar PV""}",google,,{},German maker of PV Protector surge and lightning protection devices for solar systems.,,,f,
83f9be07-e1ea-4279-bd80-ba172361e864,,Beijing Ltd.,joyce.sun@wplna.com,+86 10 69251211,,,,2026-07-08 13:55:40.930449+00,2026-07-08 15:37:37.303214+00,"Beijing WPLNA Technology Co.,Ltd.",,,,Beijing,,China,https://www.wplna.com,,,"{Battery/Storage,China}",google,,{},Beijing-based technology company producing battery management and energy storage components.,,,f,
b0b88a06-19e7-4b36-8bae-372dd74bacd5,,SoliTek,info@solitek.eu,+37067625422,,,,2026-07-08 13:57:13.135247+00,2026-07-08 15:37:37.303214+00,SoliTek,,,,Vilnius,,Lithuania,https://www.solitek.eu,,,"{""Module Mfr"",Lithuania,""Solar PV""}",google,,{},Lithuanian manufacturer of photovoltaic solar modules.,,,f,
8422e5b0-4e2a-4859-bde3-9dc656c59db7,,Munich GmbH,info@munichelectrification.com,+498989083515,,,,2026-07-08 13:56:41.298568+00,2026-07-08 15:37:37.303214+00,Munich Electrification GmbH,,,,Munich,Bavaria,Germany,https://www.munichelectrification.com,,,"{Battery/Storage,Germany}",google,,{},Munich company developing battery management systems and electrification technology.,,,f,
84307b8a-3fda-435c-8dd5-e35fd32a3a78,,Denis Ltd.,info@denisdoyleltd.com,+353862445665,,,,2026-07-08 13:55:52.580877+00,2026-07-08 15:37:37.303214+00,Denis Doyle Ltd.,,,,,,Ireland,https://www.denisdoyleltd.com,,,"{EPC/Installer,Ireland,""Solar PV""}",google,,{},Irish company offering renewable energy and solar installation services.,,,f,
845b1793-2d29-492c-ae11-3c8ca1f15101,,NTV SOLUTIONS,,,,,,2026-07-08 13:56:45.23172+00,2026-07-08 15:37:37.303214+00,NTV SOLUTIONS,,,,,,Spain,,,,"{Other,""""}",google,,{},Company with no website or email on file; category unclassified.,,,f,
8480b7a7-cca4-4326-a9de-27d6346cee01,,Track Co,j.arliaud@tracknco.com,+33642872843,,,,2026-07-08 13:57:23.358996+00,2026-07-08 15:37:37.303214+00,Track N Co,,,,,,France,https://www.tracknco.com,,,"{Mounting/Tracker,France,""Solar PV""}",google,,{},French manufacturer of solar tracking and mounting systems.,,,f,
84a3f2d0-ea1d-4b72-8ac5-105c009b4932,,ddm KG,ddm@hopt-schuler.com,+497412607,,,,2026-07-08 13:55:51.834617+00,2026-07-08 15:37:37.303214+00,ddm hopt+schuler GmbH &amp; Co.KG,,,,,,Germany,https://www.hopt-schuler.com,,,"{Mounting/Tracker,Germany}",google,,{},German manufacturer of drum motors and cable drum systems used in mounting/tracking equipment.,,,f,
84e08514-869d-41b2-9e60-6b88fe6aa18e,,Landesentwicklungsgesellschaft GmbH,info@leg-thueringen.de,+49 361 56030,,,,2026-07-08 13:56:34.057024+00,2026-07-08 15:37:37.303214+00,Landesentwicklungsgesellschaft Thüringen GmbH,,,,,Thuringia,Germany,https://www.leg-thueringen.de,,,"{Other,Germany}",google,,{},Regional economic development agency for the German state of Thuringia.,,,f,
84e16b30-4e7e-4468-9a4d-d2e03530fea0,,AISBL Europe,events@solarpowereurope.org,+320490574639,,,,2026-07-08 13:55:31.871757+00,2026-07-08 15:37:37.303214+00,AISBL Epia SolarPower Europe,,,,Brussels,,Belgium,https://www.solarpowereurope.org/,,,"{Association,Belgium,""Solar PV""}",google,,{},European solar industry trade association (SolarPower Europe).,,,f,
84f4f1bb-1adb-458e-b2f3-cb67d562caa7,,Sunwoda Ltd.,info@sunwoda.com,+86-755-29516888,,,,2026-07-08 13:57:17.868323+00,2026-07-08 15:37:37.303214+00,"Sunwoda Electronic Co., Ltd.",,,,,,China,https://en.sunwoda.com/,,,"{Battery/Storage,China}",google,,{},Chinese manufacturer of lithium batteries and energy storage systems.,,,f,
850d2016-d95a-42d0-ae01-52673ff1338d,,A Tic.,cihanunlu@aprofil.com.tr,+905372437468,,,,2026-07-08 13:55:29.546327+00,2026-07-08 15:37:37.303214+00,A Profil San. Ve Tic. A.S.,,,,,,Turkey,https://www.aprofil.com.tr,,,"{Mounting/Tracker,Turkey}",google,,{},Turkish manufacturer of aluminum profiles used in solar mounting structures.,,,f,
851d06c4-fc0d-4850-a9eb-62c6d868cb6c,,Verti z,kontakt@vertienergy.pl,+48576000758,,,,2026-07-08 13:57:28.026269+00,2026-07-08 15:37:37.303214+00,Verti Energy Sp. z o.o.,,,,,,Poland,https://www.vertienergy.pl,,,"{EPC/Installer,Poland,""Solar PV""}",google,,{},Polish solar energy developer and installation company.,,,f,
854866ac-2d18-491d-ba0c-5d7e95f08286,,MaibornWolff GmbH,info@maibornwolff.de,089 544253000,,,,2026-07-08 13:56:37.382526+00,2026-07-08 15:37:37.303214+00,MaibornWolff GmbH,,,,Munich,Bavaria,Germany,https://www.maibornwolff.de,,,"{Software,Germany}",google,,{},German IT and software engineering consultancy.,,,f,
85510f95-0d15-49d8-9832-996e1a00e193,,PowerHive B.V.,contact@powerhive.energy,+31850132430,,,,2026-07-08 13:56:51.254264+00,2026-07-08 15:37:37.303214+00,PowerHive B.V.,,,,,,Netherlands,https://powerhive.energy,,,"{Developer/IPP,Netherlands,Off-grid}",google,,{},Dutch company developing off-grid renewable energy projects.,,,f,
855d4c88-f340-48dd-b3d4-b5ac2e4b17c6,,BEZ TRANSFORMÁTORY,info@bez.sk,+421 918 777 778,,,,2026-07-08 13:55:41.761847+00,2026-07-08 15:37:37.303214+00,"BEZ TRANSFORMÁTORY, a.s.",,,,,,Slovakia,https://bez.sk,,,"{Cable/BOS,Slovakia,Grid}",google,,{},Slovak manufacturer of transformers for electrical and grid applications.,,,f,
85979092-efea-4fd7-bbef-30c35655158f,,RISEN LTD.,,+86-400-101-8585,,,,2026-07-08 13:56:57.560896+00,2026-07-08 15:37:37.303214+00,"RISEN ENERGY CO., LTD.",,,,Ningbo,Zhejiang,China,,,,"{""Module Mfr"",China,""Solar PV""}",google,,{},Major Chinese manufacturer of solar photovoltaic modules.,,,f,
85a839ab-97e6-4272-bbc6-d6f517243011,,S.A.U. Telergon,marketing@telergon.com,+34 976 500876,,,,2026-07-08 13:56:59.058005+00,2026-07-08 15:37:37.303214+00,"Telergon, S.A.U.",,,,,,Spain,https://www.telergon.com,,,"{Cable/BOS,Spain}",google,,{},Spanish manufacturer of power electronics and transformer equipment.,,,f,
85dcaae5-3f34-4af6-8e00-de0a515c0719,,MA srl,marketing@fimer.com,+39 055 91951,,,,2026-07-08 13:56:37.094685+00,2026-07-08 15:37:37.303214+00,MA Solar Italy srl,,,,,,Italy,https://www.fimer.com,,,"{""Inverter Mfr"",Italy,""Solar PV""}",google,,{},Italian solar inverter brand operating under FIMER.,,,f,
860f58f2-db8c-40da-9195-e40307dc62ec,,Institut Hameln,info@isfh.de,+495151999100,,,,2026-07-08 13:56:24.413732+00,2026-07-08 15:37:37.303214+00,Institut für Solarenergieforschung Hameln,,,,Hameln,Lower Saxony,Germany,https://www.isfh.de,,,"{Research/Academic,Germany,""Solar PV""}",google,,{},German institute for solar energy research based in Hameln.,,,f,
8639c3b7-3ac4-412d-a5b5-7183d928d350,,E-TIB GmbH,d.joseph@e-tib.com,+4915207230518,,,,2026-07-08 13:55:55.607977+00,2026-07-08 15:37:37.303214+00,E-TIB GmbH,,,,,,Germany,https://www.e-tib.com,,,"{Other,Germany}",google,,{},German engineering/technical services company.,,,f,
86865355-57f2-4915-ab9c-90d7c8739120,,MBS-Sonel GmbH,info@mbs-sonel.de,+49 7976 21097 - 0,,,,2026-07-08 13:56:38.334982+00,2026-07-08 15:37:37.303214+00,MBS-Sonel GmbH,,,,,,Germany,https://mbs-sonel.de,,,"{Metering/Monitoring,Germany}",google,,{},German supplier of electrical testing and metering instruments.,,,f,
86bbff0f-289f-4bc0-9d4f-6ca07c20efc8,,TeraStor Inc.,,,,,,2026-07-08 13:57:21.443213+00,2026-07-08 15:37:37.303214+00,TeraStor Energy Inc.,,,,,,United States,,,,"{Battery/Storage,""United States""}",google,,{},Energy storage technology company.,,,f,
86c61283-f0e0-491b-98fc-82f7a7ed21ce,,Shenzhen Ltd.,info@aferiy.com,+86-0755-23761959,,,,2026-07-08 13:57:07.182622+00,2026-07-08 15:37:37.303214+00,"Shenzhen Wodefeng Technology Co.,Ltd.",,,,Shenzhen,Guangdong,China,https://www.aferiy.com,,,"{Battery/Storage,China,Off-grid}",google,,{},Manufactures portable solar generators and power stations under the Aferiy brand.,,,f,
86d6d05e-2c30-4c7f-a161-13459b529dd8,,Tool Ltd,overseas@toolntech.com,+820312274568,,,,2026-07-08 13:57:23.011536+00,2026-07-08 15:37:37.303214+00,"Tool &amp; Tech Co., Ltd",,,,,,China,https://www.toolntech.com,,,"{Other,China}",google,,{},"Supplies tools and equipment, marketed to overseas industrial and solar-related buyers.",,,f,
86d75121-d09d-4e0c-936b-ff681f98ad7d,,Rayzon Limited,manish@rayzonenergies.com,+919925045597,,,,2026-07-08 13:56:55.339156+00,2026-07-08 15:37:37.303214+00,Rayzon Solar Limited,,,,Surat,Gujarat,India,https://www.rayzonsolar.com,,,"{""Module Mfr"",India,""Solar PV""}",google,,{},Manufactures photovoltaic solar modules in India.,,,f,
86ee94e1-a62f-4efb-a747-20c8d1a4b178,,conductr GmbH,info@conductr.io,+4915144949690,,,,2026-07-08 13:55:49.402612+00,2026-07-08 15:37:37.303214+00,conductr GmbH,,,,,,Germany,https://conductr.io,,,"{Software,Germany,Grid}",google,,{},Develops software for energy and grid data management.,,,f,
86f86679-3130-4c52-987c-3ec8c0bf6376,,Energia unico,sales@energiaitalia.info,+3909231931016,,,,2026-07-08 13:56:00.4026+00,2026-07-08 15:37:37.303214+00,Energia Italia S.p.A a Socio unico,,,,,,Italy,https://shop.energiaitalia.info,,,"{Distributor,Italy,""Solar PV""}",google,,{},Online shop distributing solar and renewable energy equipment in Italy.,,,f,
8701b901-b234-4d93-9730-b47fa427a932,,Midea GmbH,,,,,,2026-07-08 13:56:39.415798+00,2026-07-08 15:37:37.303214+00,Midea Germany GmbH,,,,,,Germany,https://www.midea.com/de,,,"{Other,Germany}",google,,{},"German subsidiary of Midea, sells appliances and HVAC/heat pump systems.",,,f,
8704a07b-87e6-4d98-9f0d-05b2edd96d80,,Enertis Applus+,info@enertisapplus.com,+34 916 517 021,,,,2026-07-08 13:56:01.889357+00,2026-07-08 15:37:37.303214+00,Enertis Applus+,,,,Madrid,,Spain,https://www.enertisapplus.com/,,,"{Testing/Certification,Spain,Utility-scale}",google,,{},"Provides technical due diligence, testing and consultancy for solar and storage projects.",,,f,
8738e10e-9802-4b79-aea3-3fb6e6676af0,,CEEC ltd,zckjgg@ceec.net.cn,+86 027-59310136,,,,2026-07-08 13:55:45.730379+00,2026-07-08 15:37:37.303214+00,"CEEC Energy Storage Technology (Wu Han) Co.,ltd",,,,Wuhan,Hubei,China,https://www.ceec.net.cn,,,"{Battery/Storage,China}",google,,{},"Manufactures energy storage system technology in Wuhan, China.",,,f,
87714583-d8f1-4889-bcfe-cca641d79b4e,,Stem,emea-sales@stem.com,+49 30 33 843 0000,,,,2026-07-08 13:57:15.604565+00,2026-07-08 15:37:37.303214+00,Stem,,,,San Francisco,California,United States,https://www.stem.com/,,,"{Battery/Storage,""United States"",Software}",google,,{},Provides intelligent energy storage systems and software-driven optimization.,,,f,
87b4bea4-0778-4439-9141-2c8ba7f0d6e6,,CleanTech Institute,solarpvtv@gmail.com,+33614695859,,,,2026-07-08 13:55:48.129055+00,2026-07-08 15:37:37.303214+00,CleanTech Business Institute,,,,,,United States,https://www.cleantechbusiness.club,,,"{Consultancy,""United States"",""Solar PV""}",google,,{},Provides business training and education content for the solar and cleantech industry.,,,f,
87d9896f-0afa-4a8e-a30c-f8c1f5759fc0,,Dongguan Ltd,market@hinen.com,+86 (769)89920666 8318,,,,2026-07-08 13:55:54.036391+00,2026-07-08 15:37:37.303214+00,"Dongguan Hinen New Energy Technology Co., Ltd",,,,Dongguan,Guangdong,China,https://www.hinen.com,,,"{Battery/Storage,China}",google,,{},Manufactures residential and commercial energy storage systems.,,,f,
87dd15a0-c0a3-4d6c-9d1b-ce4dcd4a7631,,Jiangsu Ltd,huade_info@huadehytech.com,86 512 58682066,,,,2026-07-08 13:56:27.364797+00,2026-07-08 15:37:37.303214+00,"Jiangsu HuaDe Hydrogen Energy Technology Co., Ltd",,,,,Jiangsu,China,https://en.huadehydrogen.com,,,"{Other,China,Hydrogen}",google,,{},Manufactures hydrogen energy equipment and technology.,,,f,
87e3ab3d-2c99-4b3f-a0a9-d0c59a539118,,Econess Ltd.,sales@eco-pv.com,+86 510 86076839,,,,2026-07-08 13:55:56.706599+00,2026-07-08 15:37:37.303214+00,"Econess Energy Co., Ltd.",,,,,,China,https://www.eco-pv.com,,,"{""Module Mfr"",China,""Solar PV""}",google,,{},Manufactures photovoltaic solar panels for export.,,,f,
880caa4f-684a-4f5e-9974-622a2d459121,,DroneShine GmbH,admin@droneshine.de,,,,,2026-07-08 13:55:54.892707+00,2026-07-08 15:37:37.303214+00,DroneShine GmbH,,,,,,Germany,https://droneshine.de,,,"{Testing/Certification,Germany,""Solar PV""}",google,,{},Offers drone-based inspection services for solar PV installations.,,,f,
8825fa9b-bde8-49a4-8957-b75b32dba02b,,AleDo TECH,marko.kicin@aledo-tech.hr,+385994556698,,,,2026-07-08 13:55:32.177893+00,2026-07-08 15:37:37.303214+00,AleDo TECH d.o.o.,,,,,,Croatia,https://www.aledo-tech.hr,,,"{EPC/Installer,Croatia,""Solar PV""}",google,,{},Provides solar energy systems and technology solutions in Croatia.,,,f,
885b59da-55dd-4b98-ad53-291a65ce5afe,,Outflier,sales@outflier.com,+33 780982620,,,,2026-07-08 13:56:47.615062+00,2026-07-08 15:37:37.303214+00,Outflier,,,,,,United States,https://www.outflier.com,,,"{Software,""United States"",""Solar PV""}",google,,{},Provides sales and marketing software tools for solar installers.,,,f,
889fa4df-330f-4ec9-afca-2ae8fa267c28,,Ampace Company,contact@ampacetech.com,+860592-3952222,,,,2026-07-08 13:55:33.428834+00,2026-07-08 15:37:37.303214+00,Ampace Technology Limited Company,,,,,,China,https://www.ampace.com/,,,"{Battery/Storage,China}",google,,{},Manufactures lithium battery cells and energy storage products.,,,f,
889fae65-178b-4feb-8fa2-69c85dfa50b8,,Hongfa GmbH,marketing@hongfa-europe.com,+496181430629,,,,2026-07-08 13:56:19.836077+00,2026-07-08 15:37:37.303214+00,Hongfa Europe GmbH,,,,,,Germany,,,,"{Cable/BOS,Germany}",google,,{},"European sales arm of Hongfa, manufacturer of relays and electromechanical components.",,,f,
88aa4f91-5cdf-4fc4-bc7b-1759bb122759,,Beta Teknoloji,alaz.ermeydan@betaenerji.com,+905314600161,,,,2026-07-08 13:55:41.714096+00,2026-07-08 15:37:37.303214+00,Beta Enerji ve Teknoloji A.S.,,,,,,Turkey,https://betaenerji.com,,,"{EPC/Installer,Turkey,""Solar PV""}",google,,{},Provides energy and technology solutions including solar EPC services in Turkey.,,,f,
88e4ea28-153e-427d-a0ca-4ca26d924037,,CHANGSHA LTD,,,,,,2026-07-08 13:55:46.475917+00,2026-07-08 15:37:37.303214+00,"CHANGSHA  ENOOK TECHNOLOGY CO., LTD",,,,Changsha,Hunan,China,https://enooktech.en.alibaba.com,,,"{Other,China}",google,,{},"Chinese technology company trading via Alibaba, likely solar-related components.",,,f,
895140ca-5888-4947-bdda-3115d25a4401,,Virto BV,info@virto.solar,+3214549445,,,,2026-07-08 13:57:28.683529+00,2026-07-08 15:37:37.303214+00,Virto Solar BV,,,,,,Netherlands,https://virto.solar,,,"{Distributor,Netherlands,""Solar PV""}",google,,{},Trades and distributes solar PV products and components.,,,f,
89a7c30d-36fb-4ee3-a327-317fc38140bf,,Extremadura Avante,info@extremaduraavante.es,+34924319159,,,,2026-07-08 13:56:06.467534+00,2026-07-08 15:37:37.303214+00,Extremadura Avante,,,,Merida,Extremadura,Spain,https://www.extremaduraavante.es,,,"{Association,Spain}",google,,{},Regional development agency for Extremadura promoting investment including renewable energy.,,,f,
89ae67c8-696c-415d-be6b-e3142889ce26,,Exportinitiative Klimaschutz,office@german-energy-solutions.de,+4915773730503,,,,2026-07-08 13:56:06.385875+00,2026-07-08 15:37:37.303214+00,Exportinitiative Energie des Bundesministeriums für Wirtschaft und Klimaschutz,,,,Berlin,,Germany,https://www.german-energy-solutions.de,,,"{Association,Germany}",google,,{},German federal export initiative promoting German energy technology solutions abroad.,,,f,
89caaa3a-621a-4ac2-8976-98798e193db3,,Solevi GmbH,info@solevi.de,+49 7121 6248894,,,,2026-07-08 13:57:12.668285+00,2026-07-08 15:37:37.303214+00,Solevi GmbH,,,,,,Germany,https://www.solevi.de,,,"{EPC/Installer,Germany,""Solar PV""}",google,,{},Installs and develops photovoltaic solar systems in Germany.,,,f,
89d6ec0a-54cc-4d90-af21-ba03a6ad9347,,Power Factors,hello@powerfactors.com,+18663983010,,,,2026-07-08 13:56:50.722836+00,2026-07-08 15:37:37.303214+00,Power Factors,,,,Denver,Colorado,United States,https://www.powerfactors.com,,,"{Software,""United States"",Utility-scale}",google,,{},Provides asset performance management and monitoring software for renewable energy portfolios.,,,f,
8a1ac74e-ac31-4222-9a50-54dd2ebf9f9d,,NANJING LTD.,knn@kn-nanjing.com,+86 400-885-9017,,,,2026-07-08 13:56:41.880051+00,2026-07-08 15:37:37.303214+00,"NANJING KANGNI NEW ENERGY AUTO PARTS CO., LTD.",,,,Nanjing,,China,https://www.knn-nj.com,,,"{Other,China,""EV Charging""}",google,,{},Manufactures new energy auto parts and EV components.,,,f,
8a280dd9-12bd-4e4a-9f20-9e3ff03d3597,,Canadian Ltd.,marketing@csestorage.com,+447851862449,,,,2026-07-08 13:55:45.026332+00,2026-07-08 15:37:37.303214+00,Canadian Solar SSES (UK) Ltd.,,,,,,United Kingdom,https://csestorage.com/,,,"{Battery/Storage,""United Kingdom"",""Solar PV""}",google,,{},Canadian Solar's UK-based energy storage systems division.,,,f,
8a2ee1f1-6002-4285-b9a4-e28d642484c4,,ASSA GmbH,berlin@assaabloy.com,+493081060,,,,2026-07-08 13:55:36.437417+00,2026-07-08 15:37:37.303214+00,ASSA ABLOY Sicherheitstechnik GmbH,,,,Berlin,,Germany,https://www.assaabloy.com/de,,,"{Other,Germany}",google,,{},Provides security technology such as locks and access systems.,,,f,
8a3306f4-47d6-4a4b-bb76-85a31f6f44ca,,XIAMEN LTD,vivian@kinsend.com,86 0592-3597093,,,,2026-07-08 13:57:35.441537+00,2026-07-08 15:37:37.303214+00,"XIAMEN KINSEND METAL TECH. CO.,LTD",,,,Xiamen,,China,https://www.kinsend.com/,,,"{Mounting/Tracker,China,""Solar PV""}",google,,{},Manufactures metal components used in solar mounting structures.,,,f,
8a484ecb-7879-4d67-8388-e470062cd115,,Fike,industrialprotection@fike.com,+3214210031,,,,2026-07-08 13:56:07.357097+00,2026-07-08 15:37:37.303214+00,Fike,,,,,,United States,https://www.fike.com,,,"{Other,""United States""}",google,,{},Provides industrial fire and explosion protection systems.,,,f,
8a4b05fb-4eee-42e3-8b3a-76d52e5a3341,,NexBlue,marketing@nexblue.com,+4799385111,,,,2026-07-08 13:56:42.788339+00,2026-07-08 15:37:37.303214+00,NexBlue,,,,,,Canada,https://www.nexblue.com,,,"{Other,Canada,""EV Charging""}",google,,{},Provides electric vehicle charging solutions and infrastructure.,,,f,
8a4b4bb8-0fcf-4f72-b21c-8eb8cbd1c6dc,,i-charging,info@i-charging.pt,+351221150960,,,,2026-07-08 13:56:22.487604+00,2026-07-08 15:37:37.303214+00,i-charging,,,,,,Portugal,https://www.i-charging.tech,,,"{Other,Portugal,""EV Charging""}",google,,{},Develops electric vehicle charging equipment and technology.,,,f,
8a797e44-409d-429e-9d75-23e80bd522d1,,BRC GmbH,info@brc-solar.de,+4972439241660,,,,2026-07-08 13:55:43.537094+00,2026-07-08 15:37:37.303214+00,BRC Solar GmbH,,,,,,Germany,https://www.brc-solar.de,,,"{Mounting/Tracker,Germany,""Solar PV""}",google,,{},Supplies solar mounting systems for rooftop and ground installations.,,,f,
8a7e22d0-ac63-416a-a784-5f076619fdc0,,Everoze Ltd.,contact@everoze.com,+447809417139,,,,2026-07-08 13:56:05.702044+00,2026-07-08 15:37:37.303214+00,Everoze Partners Ltd.,,,,,,United Kingdom,https://www.everoze.com,,,"{Consultancy,""United Kingdom"",""Solar PV""}",google,,{},Renewable energy technical and commercial consultancy.,,,f,
8a8c8d03-7444-44ed-94d3-071dbb19575e,,Chengdu Ltd,info@honorsev.com,+86 15881062591,,,,2026-07-08 13:55:47.241198+00,2026-07-08 15:37:37.303214+00,"Chengdu Honors Technology Co., Ltd",,,,Chengdu,,China,https://www.honorsev.com,,,"{Other,China,""EV Charging""}",google,,{},Manufactures electric vehicle charging equipment.,,,f,
8aa35555-ea92-4d4d-bdb0-c958895f7b32,,Zhejiang Ltd,kerry-mail@vip.163.com,+864006620686,,,,2026-07-08 13:57:38.268249+00,2026-07-08 15:37:37.303214+00,"Zhejiang Casnovo Materials Co., Ltd",,,,,Zhejiang,China,,,,"{Other,China,""Solar PV""}",google,,{},Supplies materials used in solar module manufacturing.,,,f,
8ae24fd4-155b-44bc-a43c-40ef8aef8562,,hyCLEANER KG,info@hycleaner.de,+492562992540,,,,2026-07-08 13:56:21.980302+00,2026-07-08 15:37:37.303214+00,hyCLEANER GmbH &amp; Co. KG,,,,,,Germany,https://www.hycleaner.de,,,"{Other,Germany,""Solar PV""}",google,,{},Makes cleaning equipment for solar panels and facades.,,,f,
8aebf661-892a-4733-94df-d5e28c953cd8,,BRAHMS mbB,uedsen@brahms-kollegen.de,+4903051565650,,,,2026-07-08 13:55:43.443813+00,2026-07-08 15:37:37.303214+00,BRAHMS NEBEL Partnerschaft von Rechtsanwälten mbB,,,,,,Germany,https://www.bn-kollegen.de,,,"{Other,Germany}",google,,{},Law firm providing legal services including energy sector matters.,,,f,
8b09325e-dc04-4e05-8841-a5c8730a7ca8,,GeoSUN Ltd.,bianca.allers@geosun.co.za,+27218828354,,,,2026-07-08 13:56:11.193162+00,2026-07-08 15:37:37.303214+00,GeoSUN Africa (Pty) Ltd.,,,,,,South Africa,https://geosun.co.za/,,,"{Consultancy,""South Africa"",""Solar PV""}",google,,{},Provides solar resource assessment and site consultancy services.,,,f,
8b15117d-49cd-4d2a-8999-7ed7f8328b3f,,CHANGZHOU LTD,sales@solarslewdrive.com,+8651988791866,,,,2026-07-08 13:55:46.653784+00,2026-07-08 15:37:37.303214+00,"CHANGZHOU HANGTUO MECHANICAL CO., LTD",,,,Changzhou,,China,https://WWW.HTSLEWDRIVE.COM,,,"{Mounting/Tracker,China,""Solar PV""}",google,,{},Manufactures slew drives for solar tracking systems.,,,f,
8b158f20-49e1-4bd9-83fc-7eb2294b694d,,Inercomp GmbH,office@inercomp.com,+4314702322,,,,2026-07-08 13:56:23.556997+00,2026-07-08 15:37:37.303214+00,Inercomp GmbH,,,,,,Germany,https://www.inercomp.com,,,"{Consultancy,Germany}",google,,{},Engineering and technical consulting company.,,,f,
8b2a0dbe-a6f0-4b5d-ba40-ba44abfac181,,SOLYCO AG,info@solyco.com,+49 30 40 36 19 42,,,,2026-07-08 13:57:14.034526+00,2026-07-08 15:37:37.303214+00,SOLYCO Solar AG,,,,,,Germany,https://www.solyco.com,,,"{""Module Mfr"",Germany,""Solar PV""}",google,,{},Manufactures photovoltaic solar modules.,,,f,
8b3bdec0-6526-4c0a-a1d1-8cb33520486d,,Huizhou Ltd.,marketing@sinotek.net,+8613510391086,,,,2026-07-08 13:56:21.418+00,2026-07-08 15:37:37.303214+00,"Huizhou Sinotek Technology Co.,Ltd.",,,,Huizhou,,China,https://www.sinotek.net,,,"{""Inverter Mfr"",China,""Solar PV""}",google,,{},Manufactures electronic power components for solar applications.,,,f,
8b5687f2-c610-49f1-ac55-223c937d24af,,REISSER GmbH,info@reisser-screws.com,+49 7940 127-0,,,,2026-07-08 13:56:56.089165+00,2026-07-08 15:37:37.303214+00,REISSER Schraubentechnik GmbH,,,,,,Germany,https://www.reisser-screws.com,,,"{Other,Germany,""Solar PV""}",google,,{},Manufactures screws and fastening technology used in mounting systems.,,,f,
8b58c79e-e515-404f-a612-c89ec3590782,,J. GmbH,info@proepster.de,+49 9181 25900,,,,2026-07-08 13:56:26.26432+00,2026-07-08 15:37:37.303214+00,J. Pröpster GmbH,,,,,,Germany,https://www.proepster.de,,,"{Other,Germany}",google,,{},Manufactures metal and plastic components.,,,f,
8b69af6b-2239-47a9-b4b4-a77a5a02c9e4,,UNIVERSAL AGRITRACKER,lorena.gp@universal99.com,+34697477682,,,,2026-07-08 13:57:26.473885+00,2026-07-08 15:37:37.303214+00,UNIVERSAL AGRITRACKER,,,,,,Spain,https://www.universal99.com,,,"{Mounting/Tracker,Spain,""Solar PV""}",google,,{},Manufactures solar tracker systems for agrivoltaic and ground-mount use.,,,f,
8b708add-2010-4905-a6be-d5b2053560b4,,A. KG,sales@a-eberle.de,+499116281080,,,,2026-07-08 13:55:29.647851+00,2026-07-08 15:37:37.303214+00,A. Eberle GmbH &amp; Co.KG,,,,Nuremberg,,Germany,https://www.a-eberle.de,,,"{Metering/Monitoring,Germany,Grid}",google,,{},Manufactures power system measurement and monitoring devices.,,,f,
8ba36e54-2f7b-4530-90fd-1a9384c829bd,,Wattius Solutions,info@wattius.com,+34 930 180608,,,,2026-07-08 13:57:30.764348+00,2026-07-08 15:37:37.303214+00,Wattius Battery Solutions,,,,,,Germany,https://www.wattius.com,,,"{Battery/Storage,Germany}",google,,{},Provides battery energy storage solutions.,,,f,
8bc61e35-7164-4936-967e-e5c02fe64e84,,4S4 Power,oleksii.pogoda@4s4group.bg,+359885677688,,,,2026-07-08 13:55:29.44574+00,2026-07-08 15:37:37.303214+00,4S4 Power,,,,,,Bulgaria,https://4s4group.bg,,,"{Other,Bulgaria,""Solar PV""}",google,,{},Provides power and energy engineering solutions.,,,f,
8be818cc-4dfb-4b74-85d3-5f7d85886d0a,,SIFANG ELECTRIC,sf_sales@sf-auto.com,+86 10 62961515,,,,2026-07-08 13:57:08.182277+00,2026-07-08 15:37:37.303214+00,SIFANG ELECTRIC,,,,,,China,https://www.sifang-electric.com/,,,"{Metering/Monitoring,China,Grid}",google,,{},Manufactures power system protection relays and automation equipment.,,,f,
8c222cde-c23b-4647-a999-1e956f29f9c3,,Wuxi Ltd.,charles@fgnexsolar.com,+8613771505693,,,,2026-07-08 13:57:33.734734+00,2026-07-08 15:37:37.303214+00,"Wuxi Fgnex Technology Co., Ltd.",,,,Wuxi,Jiangsu,China,,,,"{""Module Mfr"",China,""Solar PV""}",google,,{},Chinese solar module/component supplier based in Wuxi.,,,f,
8c36d9ad-88cd-4aad-96af-33fb5b0a8364,,MKG GmbH,info@mkg-goebel.de,+49 7941 649200,,,,2026-07-08 13:56:40.289508+00,2026-07-08 15:37:37.303214+00,MKG GÖBEL Solutions GmbH,,,,,,Germany,https://www.mkg-goebel.de,,,"{Mounting/Tracker,Germany,""Solar PV""}",google,,{},German firm offering metal fabrication and mounting solutions.,,,f,
8c3e06b3-22ec-4449-ac76-e8c74c1797ed,,Dongguan Ltd.,info@seplos.com,+86 15079804024,,,,2026-07-08 13:55:54.135036+00,2026-07-08 15:37:37.303214+00,"Dongguan Seplos Technology Co., Ltd.",,,,Dongguan,Guangdong,China,https://www.seplos.com,,,"{Battery/Storage,China}",google,,{},"Manufactures lithium battery packs and BMS for energy storage, based in Dongguan.",,,f,
8c7bc975-8981-4f41-bae2-7c79f280706f,,Vaisala Xweather,stacey.stensen@vaisala.com,+358449546271,,,,2026-07-08 13:57:26.986327+00,2026-07-08 15:37:37.303214+00,Vaisala Xweather,,,,,,United States,https://xweather.com,,,"{Metering/Monitoring,""United States"",Grid}",google,,{},"Provides weather data and forecasting services, formerly AerisWeather/Vaisala brand.",,,f,
8c9ca626-6845-4aca-8729-80c2d0e906ce,,JET Ltd.,kenny.tsai@jet-opto.com.tw,+886255821818,,,,2026-07-08 13:56:26.629905+00,2026-07-08 15:37:37.303214+00,"JET Optoelectronics Co., Ltd.",,,,,,Taiwan,https://j-xin-solar.com/,,,"{""Cell/Wafer Mfr"",Taiwan,""Solar PV""}",google,,{},Taiwanese optoelectronics manufacturer supplying solar cell components.,,,f,
8cd202f8-b81a-4f29-b7a2-362bb29c9fdb,,SunEnergyXT,info@safetytaxfree.com,+498992658520,,,,2026-07-08 13:57:16.627443+00,2026-07-08 15:37:37.303214+00,SunEnergyXT,,,,,,United States,https://www.sunenergyxt.com,,,"{Other,""United States"",""Solar PV""}",google,,{},Solar energy company; limited public information available.,,,f,
8cea3c1e-3515-42c5-b4fa-e744c2e50218,,ACCUPOWER mbH,info@accupower.at,+43316262911,,,,2026-07-08 13:55:30.230446+00,2026-07-08 15:37:37.303214+00,"ACCUPOWER Forschungs-, Entwicklungs- und Vertriebsgesellschaft mbH",,,,,,Austria,https://www.accupower.at,,,"{Battery/Storage,Austria}",google,,{},Austrian company developing and distributing battery and power supply systems.,,,f,
8ceaff8b-532a-4927-bdb4-d98a44410f4a,,Cegasa Energía,rugarte@cegasa.com,+34650243126,,,,2026-07-08 13:55:45.774356+00,2026-07-08 15:37:37.303214+00,Cegasa Energía S.L.U.,,,,,,Spain,https://www.cegasa.com,,,"{Battery/Storage,Spain}",google,,{},Spanish manufacturer of batteries for industrial and energy storage applications.,,,f,
8cfed775-4869-4766-9981-31b1b6a113b3,,EVALAM,marketing@hornospujol.com,+34670389750,,,,2026-07-08 13:56:05.204621+00,2026-07-08 15:37:37.303214+00,EVALAM,,,,,,Spain,https://www.evalam.net,,,"{Mounting/Tracker,Spain,""Solar PV""}",google,,{},Spanish maker of aluminum extrusions used in solar mounting structures.,,,f,
8d09f93f-9abb-4316-abf0-f1d3d3a2587d,,ZETTLER Group,office@zettlerelectronics.com,+4989800970,,,,2026-07-08 13:57:37.707308+00,2026-07-08 15:37:37.303214+00,ZETTLER Group,,,,,,Germany,https://www.ZETTLERelectronics.com,,,"{Cable/BOS,Germany}",google,,{},German group manufacturing electromechanical relays and components.,,,f,
8d0df31d-9a4a-4fd2-b12e-e4c37d146d6a,,MBS KG,info@mbs-ag.com,079769851300,,,,2026-07-08 13:56:38.283397+00,2026-07-08 15:37:37.303214+00,MBS AG &amp; Co. KG,,,,,,Germany,https://www.mbs-ag.com,,,"{Other,Germany}",google,,{},German engineering/manufacturing company; sector unclear from available data.,,,f,
8d1ab474-b8c1-4478-b620-3adbe51e1362,,WENZHOU LTD,sales@yiyen.com,+86-577-27772136,,,,2026-07-08 13:57:31.905121+00,2026-07-08 15:37:37.303214+00,"WENZHOU YIYEN SUPPLY CHAIN MANAGEMENT CO.,LTD",,,,Wenzhou,Zhejiang,China,https://www.yiyen.com,,,"{Distributor,China}",google,,{},Chinese supply chain management and trading company in Wenzhou.,,,f,
8d33afbf-6334-4400-b8dc-5a3821371882,,Swisspearl,info@de.swisspearl.com,+49 9436 9033 297,,,,2026-07-08 13:57:18.797303+00,2026-07-08 15:37:37.303214+00,Swisspearl,,,,,,Switzerland,https://swisspearl.com/de-de,,,"{Other,Switzerland}",google,,{},Swiss manufacturer of fiber-cement facade and cladding panels.,,,f,
8d577d1f-26e2-4718-8b57-8e53d74e1802,,energyfamily GmbH,office@energyfamily.at,+43 681 84136920,,,,2026-07-08 13:56:01.467239+00,2026-07-08 15:37:37.303214+00,energyfamily GmbH,,,,,,Austria,http://www.energyfamily.at,,,"{EPC/Installer,Austria,Residential}",google,,{},Austrian company offering residential solar and energy installation services.,,,f,
8d5ff742-ee58-47fd-9011-2e90cabce72f,,Anne srl,sales@scaccabarozzi.it,+39341286338,,,,2026-07-08 13:55:34.836685+00,2026-07-08 15:37:37.303214+00,Anne Industries srl,,,,,,Italy,https://www.anne-industries.com,,,"{Cable/BOS,Italy}",google,,{},Italian manufacturer of cable trays and metal support systems.,,,f,
8d7c7766-e71c-418d-a242-e72d52321400,,Crowcon Ltd.,info@crowcon.com,+441235557700,,,,2026-07-08 13:55:50.487127+00,2026-07-08 15:37:37.303214+00,Crowcon Detection Instruments Ltd.,,,,,,United Kingdom,https://www.crowcon.com,,,"{Metering/Monitoring,""United Kingdom""}",google,,{},UK manufacturer of gas detection and monitoring instruments.,,,f,
8d94d622-ecfa-46e8-b15a-af810dddecf0,,DEKRA Certification,sofie.vanbeek@dekra.com,+3131681425085,,,,2026-07-08 13:55:52.20962+00,2026-07-08 15:37:37.303214+00,DEKRA Certification B.V.,,,,,,Netherlands,https://www.dekra.nl/en/home/,,,"{Testing/Certification,Netherlands}",google,,{},Dutch arm of DEKRA providing product testing and certification services.,,,f,
8dcebdae-d5f4-4793-b833-2816a4f6bbbf,,Lightyear,,,,,,2026-07-08 13:56:35.79372+00,2026-07-08 15:37:37.303214+00,Lightyear,,,,,,Netherlands,,,,"{Other,Netherlands,""EV Charging""}",google,,{},Dutch developer of solar-powered electric vehicles.,,,f,
8dda1e2b-e2ed-4c68-8a64-9b0d8c2c1e30,,Helios Ltd,info@helios-ne.com,+86 755 2960 1174,,,,2026-07-08 13:56:18.062589+00,2026-07-08 15:37:37.303214+00,"Helios New Energy Co., Ltd",,,,,,China,https://www.helios-ne.com,,,"{""Module Mfr"",China,""Solar PV""}",google,,{},Chinese solar energy equipment manufacturer.,,,f,
8dfaee7b-4511-43ab-8dc0-0c425c3c9e04,,Beijing Ltd.,tse-china@becie.com.cn,+86 13641182618,,,,2026-07-08 13:55:40.692822+00,2026-07-08 15:37:37.303214+00,"Beijing Energy Connecting International Exhibition Co., Ltd.",,,,Beijing,,China,,,,"{Association,China}",google,,{},Beijing-based organizer of international energy trade exhibitions.,,,f,
8e021102-7a3d-4995-84dc-ef694630cdd2,,Yingtan Ltd,,,,,,2026-07-08 13:57:36.826587+00,2026-07-08 15:37:37.303214+00,"Yingtan Qili New Energy Co.,Ltd",,,,Yingtan,Jiangxi,China,https://gtsolar.en.alibaba.com,,,"{""Module Mfr"",China,""Solar PV""}",google,,{},Chinese solar product supplier listed on Alibaba trading platform.,,,f,
8e0d482f-142c-4ec7-9151-183d2f09733e,,Eco Limited,info@eco-greenenergy.com,+862152998766,,,,2026-07-08 13:55:56.311291+00,2026-07-08 15:37:37.303214+00,Eco Green Energy Limited,,,,,,China,https://www.eco-greenenergy.com,,,"{Distributor,China,""Solar PV""}",google,,{},Supplier of solar and green energy products.,,,f,
8e2829f5-7a8b-459e-9ac4-7558bb46d071,,Trinity Ltd.,shalinisharma@trinitytouch.com,+919873432039,,,,2026-07-08 13:57:24.260666+00,2026-07-08 15:37:37.303214+00,Trinity Touch Pvt. Ltd.,,,,,,India,https://WWW.TRINITYTOUCH.COM,,,"{Cable/BOS,India}",google,,{},Indian manufacturer of electrical enclosures and cable management products.,,,f,
8e6a747d-8435-4831-b290-6f8147c087a4,,SDI SpA,mkt@sdiautomazione.it,+393661770058,,,,2026-07-08 13:57:00.996621+00,2026-07-08 15:37:37.303214+00,SDI SpA,,,,,,Italy,https://sdiautomazione.com/sdi-future-you-can-trust-2/,,,"{Other,Italy}",google,,{},Italian company providing industrial automation solutions.,,,f,
8e6fc3bb-00b4-4c6d-b4bd-7782de83916f,,Eurotray Tic.,info@eurotray.com,+90 262 2902615,,,,2026-07-08 13:56:05.027019+00,2026-07-08 15:37:37.303214+00,Eurotray Metal Kablo Tasima ve Elektrik San. Tic. A.S.,,,,,,Turkey,https://www.eurotray.com,,,"{Cable/BOS,Turkey}",google,,{},Turkish manufacturer of metal cable trays and electrical support systems.,,,f,
8e8f8441-1b9b-4a79-9f17-804cee9707c2,,TCL SUNPOWER,wenjie10.yu@tcl.com,,,,,2026-07-08 13:57:20.012943+00,2026-07-08 15:37:37.303214+00,TCL SUNPOWER,,,,,,China,https://sunpower.global/,,,"{""Module Mfr"",China,""Solar PV""}",google,,{},TCL Sunpower makes solar PV modules under the Sunpower brand for global markets.,,,f,
8e9fba55-389b-47b1-8362-831832134722,,Rudolf KG,info@hoermann-info.com,+4982419682100,,,,2026-07-08 13:56:58.645506+00,2026-07-08 15:37:37.303214+00,Rudolf Hörmann GmbH &amp; Co. KG,,,,,,Germany,https://www.hoermann-info.com,,,"{Mounting/Tracker,Germany}",google,,{},German manufacturer of steel components and racking hardware.,,,f,
8ea050f3-7fe5-4760-9809-32b9c7bef256,,Optimum Tracker,contact@optimum-tracker.com,+33 (0)4.13.41.97.05,,,,2026-07-08 13:56:46.896381+00,2026-07-08 15:37:37.303214+00,Optimum Tracker,,,,,,China,https://www.optimum-tracker.com/,,,"{Mounting/Tracker,China,""Solar PV""}",google,,{},Manufactures solar tracker systems for utility-scale PV plants.,,,f,
8ea3ed84-de27-452d-82dc-70e47214d917,,oklidis,info@oklidis.com.tr,+905313296313,,,,2026-07-08 13:56:46.106304+00,2026-07-08 15:37:37.303214+00,oklidis,,,,,,Turkey,https://n2nenergy.com,,,"{Other,Turkey,""EV Charging""}",google,,{},Turkish company (n2n Energy/Oklidis) offering EV charging and energy products.,,,f,
8f0ec7e4-fd6a-4d34-b55b-45d3e0fa2d05,,Joint Energy,,+49 761 38813700,,,,2026-07-08 13:56:29.534068+00,2026-07-08 15:37:37.303214+00,Joint Booth AI for Smart Energy,,,,,,Unknown,,,,"{Other,Unknown}",google,,{},Smart energy event/booth initiative; no website available to verify details.,,,f,
8f1405f6-c827-4f56-8e20-9906b36ee6ae,,Cycle FlexCo,office@2ndcycle.at,+4366473859242,,,,2026-07-08 13:55:51.142463+00,2026-07-08 15:37:37.303214+00,2nd Cycle FlexCo,,,,,,Austria,https://www.2ndcycle.at,,,"{Battery/Storage,Austria}",google,,{},Austrian company focused on second-life battery and storage solutions.,,,f,
8f2a51ec-0509-4d75-8c40-3c1f101fcc62,,Guangzhou Ltd.,ruisu@gzruisu.com,,,,,2026-07-08 13:56:15.549175+00,2026-07-08 15:37:37.303214+00,"Guangzhou Ruisu Intelligent Technology Co., Ltd.",,,,Guangzhou,,China,https://www.gzruisu.com,,,"{Other,China,""EV Charging""}",google,,{},Chinese intelligent technology company producing energy/charging equipment.,,,f,
8f331dcc-5a5d-4cd8-8b70-c8b14ff5d5dd,,Computime Limited,yanicelee@computime.com,+85253612608,,,,2026-07-08 13:55:49.204112+00,2026-07-08 15:37:37.303214+00,Computime Group Limited,,,,,,China,https://www.computime.com/,,,"{Metering/Monitoring,China}",google,,{},Hong Kong based maker of smart controls and IoT devices for energy management.,,,f,
8f475efe-1e23-40b6-a122-7e468811b07c,,ise GmbH,info@ise.de,+49441680060,,,,2026-07-08 13:56:25.619513+00,2026-07-08 15:37:37.303214+00,ise Individuelle Software und Elektronik GmbH,,,,,,Germany,https://www.ise.de,,,"{Software,Germany}",google,,{},German software and electronics engineering company.,,,f,
8f6940fa-3cfc-44d7-bacf-9d6178d302c3,,Hangzhou Ltd.,winnie.xuan@vip.163.com,+8619157905158,,,,2026-07-08 13:56:16.669352+00,2026-07-08 15:37:37.303214+00,"Hangzhou GTCOOL Intelligent Technology Co., Ltd.",,,,Hangzhou,,China,https://www.grapcharger.com,,,"{Other,China,""EV Charging""}",google,,{},Hangzhou based intelligent technology company making EV chargers.,,,f,
8fad99a9-8037-4847-a76b-6a1b31721810,,Solnow AG,,,,,,2026-07-08 13:57:13.316393+00,2026-07-08 15:37:37.303214+00,Solnow AG,,,,,,Germany,,,,"{Developer/IPP,Germany,""Solar PV""}",google,,{},Swiss/German AG entity in the solar sector; limited public data available.,,,f,
8fcc790b-b309-4399-ba5b-8b79308e51b3,,Astreea,marketing@astreea.com,+31640665907,,,,2026-07-08 13:55:36.602444+00,2026-07-08 15:37:37.303214+00,Astreea,,,,,,France,https://astreea.com/smartcharger,,,"{Other,France,""EV Charging""}",google,,{},Company offering a smart EV charger product.,,,f,
8fdc83d8-6b7e-41c4-b446-13315a5fc499,,FRITZ! GmbH,info@fritz.com,+49 30 399760,,,,2026-07-08 13:56:09.296784+00,2026-07-08 15:37:37.303214+00,FRITZ! GmbH,,,,,,Germany,https://fritz.com,,,"{Other,Germany}",google,,{},German electronics manufacturer (AVM FRITZ!) producing networking and smart home devices.,,,f,
8fea395e-531d-4358-9584-6ff7f1f11e58,,FOTOTHERM SRL,marketing@fototherm.com,+39 043 2931595,,,,2026-07-08 13:56:08.561658+00,2026-07-08 15:37:37.303214+00,FOTOTHERM SRL,,,,,,Italy,https://www.fototherm.com,,,"{""Module Mfr"",Italy,""Solar PV""}",google,,{},Italian manufacturer of solar thermal and photovoltaic products.,,,f,
900797a3-a089-4c7b-913c-7647938a09b2,,Ciel International,cstringaro@cieletterre.net,+33 3 20010568,,,,2026-07-08 13:55:47.739251+00,2026-07-08 15:37:37.303214+00,Ciel et Terre International,,,,,,France,https://www.ciel-et-terre.net,,,"{Mounting/Tracker,France,""Solar PV""}",google,,{},French company specializing in floating solar mounting systems (Hydrelio).,,,f,
9017c6ff-5fd1-4cca-b834-603f93edfda8,,Above,info@abovesurveying.com,+44 (0)1206 483043,,,,2026-07-08 13:55:29.951747+00,2026-07-08 15:37:37.303214+00,Above,,,,,,United Kingdom,https://www.abovesurveying.com/,,,"{Consultancy,""United Kingdom"",""Solar PV""}",google,,{},Provides drone-based surveying services for solar installations.,,,f,
903678ab-ef36-4f05-a4a9-90671e5ec6aa,,WENZHOU LTD,info@anfuenergy.com,+86-577-62730710,,,,2026-07-08 13:57:31.593539+00,2026-07-08 15:37:37.303214+00,"WENZHOU ANFU ELECTICAL CO.,LTD",,,,Wenzhou,,China,https://www.anfuenergy.com,,,"{Cable/BOS,China}",google,,{},Chinese manufacturer of electrical cables and connectors for solar systems.,,,f,
905aab16-a7da-496f-a976-bc4bd43d2355,,Bescore Ltd.,info@bescore-ess.com,,,,,2026-07-08 13:55:41.533731+00,2026-07-08 15:37:37.303214+00,"Bescore New Energy Technology (Qingdao) Co., Ltd.",,,,Qingdao,,China,https://www.bescore-ess.com,,,"{Battery/Storage,China}",google,,{},Qingdao based manufacturer of energy storage systems.,,,f,
9060f5ce-2e42-483f-a6b4-45a278013f75,,Enel Tic.,info@enel.com.tr,+904441856,,,,2026-07-08 13:56:00.215632+00,2026-07-08 15:37:37.303214+00,Enel Enerji Elektronik San. ve Tic. A.S.,,,,,,Turkey,https://www.enel.com.tr,,,"{Other,Turkey}",google,,{},Turkish electrical/electronics company (not affiliated with Italy's Enel).,,,f,
907ef005-ca36-4ed9-ba27-c700bd8f7fac,,Fortech S.r.l.,marketing@fortech.it,+39541364611,,,,2026-07-08 13:56:08.37525+00,2026-07-08 15:37:37.303214+00,Fortech S.r.l.,,,,,,Italy,https://fortech.it,,,"{Mounting/Tracker,Italy}",google,,{},Italian manufacturer of mounting and racking hardware.,,,f,
908d9b7c-c52f-491c-aa14-b7d76679aa4d,,JIANGSU LTD,crystal.hua@yumasolar.cn,+86-15722836360,,,,2026-07-08 13:56:28.387711+00,2026-07-08 15:37:37.303214+00,"JIANGSU YUMA ALUMINUM INDUSTRY CO.,LTD",,,,,Jiangsu,China,https://www.yumasolar.com.cn,,,"{Mounting/Tracker,China,""Solar PV""}",google,,{},Chinese manufacturer of aluminum profiles for solar mounting systems.,,,f,
908df42d-5cbb-45af-9f94-168019805bff,,GameChange Energy,outreach@gamechangeenergy.com,+ 1 203 769 3900,,,,2026-07-08 13:56:10.25054+00,2026-07-08 15:37:37.303214+00,GameChange Energy,,,,,,United States,https://www.gamechangeenergy.com,,,"{Mounting/Tracker,""United States"",Utility-scale}",google,,{},US manufacturer of solar mounting and tracker systems.,,,f,
9094cc15-1973-454f-84b3-2db941ad53de,,Ganfeng Ltd.,zhangdiyuan@ganfengbattery.com,+86-50806009-8011,,,,2026-07-08 13:56:10.299673+00,2026-07-08 15:37:37.303214+00,"Ganfeng LiEnergy Technology Co.,Ltd.",,,,,,China,https://www.ganfengbattery.com,,,"{Battery/Storage,China}",google,,{},Chinese manufacturer of lithium battery cells and energy storage products.,,,f,
90aad440-a02f-4ee6-af49-815cf1fb6ba7,,RZB GmbH,info@rzb-leuchten.de,+49 951 79090,,,,2026-07-08 13:56:58.825896+00,2026-07-08 15:37:37.303214+00,"RZB Rudolf Zimmermann, Bamberg GmbH",,,,Bamberg,,Germany,https://www.rzb.de,,,"{Other,Germany}",google,,{},"German manufacturer of lighting and electrical fixtures, based in Bamberg.",,,f,
90eb9350-9b2d-42a3-988b-db9972fe1652,,Guangdong Ltd,ben@lvtopsun.com,,,,,2026-07-08 13:56:14.333789+00,2026-07-08 15:37:37.303214+00,"Guangdong LVTOPSUN New Energy Co.,Ltd",,,,,Guangdong,China,https://www.lvtopsun.com,,,"{Mounting/Tracker,China,""Solar PV""}",google,,{},Chinese manufacturer of solar mounting and racking systems.,,,f,
910932e6-4041-4e43-a9bc-aca0cb616772,,Netze Dienstleistungen,dienstleistungen-hs@netze-bw.de,+49 711 289-46000,,,,2026-07-08 13:56:42.558127+00,2026-07-08 15:37:37.303214+00,Netze BW GmbH - Sparte Dienstleistungen,,,,Stuttgart,Baden-Württemberg,Germany,https://www.netze-bw.de/dienstleistungen,,,"{Utility,Germany,Grid}",google,,{},Distribution grid operator subsidiary offering utility services in Baden-Württemberg.,,,f,
911558b2-5a31-4091-907f-aa0729062d5b,,Linton Group,international_business@linton.group,0510-68088419,,,,2026-07-08 13:56:35.936853+00,2026-07-08 15:37:37.303214+00,Linton Technologies Group,,,,,,China,https://www.linton.group,,,"{""Cell/Wafer Mfr"",China,""Solar PV""}",google,,{},"Manufactures diffusion, PECVD and other equipment for solar cell and wafer production.",,,f,
9116cc34-b335-4228-9c07-771d4354852c,,Intilion GmbH,alissa.luecke@intilion.com,+49 (0) 170 2283222,,,,2026-07-08 13:56:24.92902+00,2026-07-08 15:37:37.303214+00,Intilion GmbH,,,,Rodenbach,,Germany,https://www.intilion.com,,,"{Battery/Storage,Germany}",google,,{},Develops and manufactures lithium-ion battery storage systems for industrial and grid applications.,,,f,
912069c8-3712-4617-990b-db709fa47794,,dvlp. GmbH,oliver@dvlp.energy,+4915771908121,,,,2026-07-08 13:55:55.128461+00,2026-07-08 15:37:37.303214+00,dvlp.energy GmbH,,,,,,Germany,https://www.dvlp.energy,,,"{Developer/IPP,Germany,""Solar PV""}",google,,{},Develops renewable energy and storage projects in Germany.,,,f,
91210890-5b9d-4dec-83fe-70dd1c7963c1,,Mersen,info.sbm@mersen.com,+33 4 72226611,,,,2026-07-08 13:56:38.831534+00,2026-07-08 15:37:37.303214+00,Mersen,,,,Paris,,France,https://www.mersen.com,,,"{Cable/BOS,France}",google,,{},"Manufactures electrical protection, power transmission and thermal management components including fuses.",,,f,
91664bd0-1635-42ed-9ec1-f250b93adea0,,Fritz Co.,info@driescher-wegberg.de,+49 2434 811,,,,2026-07-08 13:56:09.227007+00,2026-07-08 15:37:37.303214+00,Fritz Driescher KG Spezialfabrik für Elektrizitätswerksbedarf GmbH &amp; Co.,,,,Wegberg,North Rhine-Westphalia,Germany,https://www.driescher-wegberg.de,,,"{Cable/BOS,Germany,Grid}",google,,{},Manufactures switchgear and electrical equipment for power utilities.,,,f,
916699a4-3bef-4fff-b464-1722623010e4,,Shenzhen Ltd,guoj@lansonfuse.com,+8675529929709,,,,2026-07-08 13:57:05.435399+00,2026-07-08 15:37:37.303214+00,"Shenzhen Lanson Electronics Co.,Ltd",,,,Shenzhen,Guangdong,China,https://en.lansonfuse.com/,,,"{Cable/BOS,China}",google,,{},Manufactures electrical fuses and circuit protection components.,,,f,
918bade6-2c33-47b3-803b-57ba0d0a5dc8,,Emaldo,cf@emaldo.com,+4540161942,,,,2026-07-08 13:55:59.110013+00,2026-07-08 15:37:37.303214+00,Emaldo,,,,,,Germany,https://www.emaldo.com,,,"{Battery/Storage,Germany,Residential}",google,,{},Provides home battery storage systems for residential solar customers.,,,f,
91bf1b98-c88a-4cfd-97c0-25cf526e4dd1,,volytica Monitoring,sales@volytica.com,+49 351 87958700,,,,2026-07-08 13:57:29.840612+00,2026-07-08 15:37:37.303214+00,volytica diagnostics GmbH — Independent Battery Monitoring,,,,Dresden,Saxony,Germany,https://www.volytica.com,,,"{Software,Germany,Storage}",google,,{},Provides independent AI-based diagnostics and monitoring software for battery storage systems.,,,f,
91bf3bcb-0de2-4e9c-b1c5-87333baab57f,,Guangdong Ltd,sales@mytfsolar.com,+86 076028112299,,,,2026-07-08 13:56:14.483031+00,2026-07-08 15:37:37.303214+00,"Guangdong Mingyang Thin Film Technology Co.,Ltd",,,,,Guangdong,China,https://www.mytfsolar.com,,,"{""Module Mfr"",China,""Solar PV""}",google,,{},Manufactures thin-film solar cells and modules.,,,f,
91ec89fa-a57b-4335-ab64-ce7defc67409,,FOGTEC GmbH,contact@fogtec.com,+49221962230,,,,2026-07-08 13:56:08.181424+00,2026-07-08 15:37:37.303214+00,FOGTEC Brandschutz GmbH,,,,Cologne,North Rhine-Westphalia,Germany,https://www.fogtec.com,,,"{Other,Germany,Storage}",google,,{},"Develops water-mist fire suppression systems, including for battery storage facilities.",,,f,
922510fb-3d60-4faa-806a-5488e1b0a645,,Vamat,lysanne@vamat.nl,+31682459344,,,,2026-07-08 13:57:27.169353+00,2026-07-08 15:37:37.303214+00,Vamat,,,,,,Netherlands,https://vamat.nl,,,"{Distributor,Netherlands,""Solar PV""}",google,,{},Distributes solar PV products and components in the Netherlands.,,,f,
923add12-221c-4f0b-adaf-7a2b07790d1b,,LEOCH GmbH,marketing.lne@leoch.com,+4929557482888,,,,2026-07-08 13:56:34.795511+00,2026-07-08 15:37:37.303214+00,LEOCH Nordeuropa GmbH,,,,,,Germany,https://www.leoch.com,,,"{Battery/Storage,Germany}",google,,{},"European subsidiary of Leoch, manufacturer of lead-acid and lithium batteries.",,,f,
9257b4c0-0992-4845-b85e-7cff7a00e76a,,ASCA KG,contact@asca.com,+499321264950,,,,2026-07-08 13:55:36.24675+00,2026-07-08 15:37:37.303214+00,ASCA GmbH &amp; Co KG,,,,Ronneburg,Thuringia,Germany,https://asca.com,,,"{""Module Mfr"",Germany,""Solar PV""}",google,,{},Manufactures flexible organic photovoltaic (OPV) film products.,,,f,
926f188d-0f25-4ab6-8bf9-66d60962744b,,K2 GmbH,info@k2-systems.com,+49 7159 420590,,,,2026-07-08 13:56:30.684956+00,2026-07-08 15:37:37.303214+00,K2 Systems GmbH,,,,Renningen,Baden-Württemberg,Germany,https://www.k2-systems.com,,,"{Mounting/Tracker,Germany,""Solar PV""}",google,,{},Manufactures solar PV mounting systems for roof and ground-mount installations.,,,f,
9278a22a-e44c-47e2-a0c1-df2fdaa6a959,,DAELIM Group,sales@daelimbelefic.com,+1 346342-2174,,,,2026-07-08 13:55:51.23426+00,2026-07-08 15:37:37.303214+00,DAELIM BELEFIC Group,,,,,,South Korea,https://www.daelimtransformer.com/,,,"{Cable/BOS,""South Korea"",Grid}",google,,{},Manufactures power and distribution transformers.,,,f,
9283913b-a399-4c0a-9e8d-c2d19bddd5dc,,Hollyland Limited,sdxm@hollyfuse.com,+86865925772288,,,,2026-07-08 13:56:19.601407+00,2026-07-08 15:37:37.303214+00,Hollyland (Xiamen) Technology Corporation Limited,,,,Xiamen,Fujian,China,https://www.hollyfuse.com,,,"{Cable/BOS,China}",google,,{},Manufactures electrical fuses and protection components.,,,f,
9283f0ca-2c5d-484b-a65b-c60d60710008,,Bluetop GmbH,info@bluetopsolar.com,+45 70 20 81 00,,,,2026-07-08 13:55:42.950245+00,2026-07-08 15:37:37.303214+00,Bluetop Solar Parking GmbH,,,,,,Germany,https://www.bluetopsolar.com,,,"{Mounting/Tracker,Germany,C&I}",google,,{},Manufactures solar carport and parking canopy mounting structures.,,,f,
92a2a3a4-d886-4aa2-9622-c068dbb00cbb,,KOSTAL GmbH,info-solar@kostal.com,+49 761 47744100,,,,2026-07-08 13:56:33.040075+00,2026-07-08 15:37:37.303214+00,KOSTAL Solar Electric GmbH,,,,Freiburg,Baden-Württemberg,Germany,https://www.kostal-solar-electric.com,,,"{""Inverter Mfr"",Germany,Residential}",google,,{},Manufactures solar string inverters for residential and commercial PV systems.,,,f,
92a98f43-4b76-4b34-b41b-8bf9913e7f6d,,PROTASIS SA,sales@protasis.energy,+30 210 9561154,,,,2026-07-08 13:56:52.468193+00,2026-07-08 15:37:37.303214+00,PROTASIS SA,,,,,,Switzerland,https://www.protasis.energy,,,"{Consultancy,Switzerland,""Solar PV""}",google,,{},Provides energy engineering and consultancy services for solar and energy projects.,,,f,
92a9f2ca-8737-405c-b6c4-0b286c2de00f,,TBEA Ltd.,sunoasis_market@tbea.com,+86 18240195915,,,,2026-07-08 13:57:19.969102+00,2026-07-08 15:37:37.303214+00,"TBEA Xi&#39;an Electric Technology Co., Ltd.",,,,Xi''an,Shaanxi,China,https://www.xtechpower.com,,,"{Cable/BOS,China,Grid}",google,,{},Manufactures power transformers and electrical transmission equipment.,,,f,
92bc829b-c809-46f8-8b94-3c7da38f25a4,,KERNEL SRL,sales@kernelgroup.it,+39 059 469978,,,,2026-07-08 13:56:31.680986+00,2026-07-08 15:37:37.303214+00,KERNEL Sistemi SRL,,,,,,Italy,https://www.kernelgroup.it,,,"{Metering/Monitoring,Italy,""Solar PV""}",google,,{},Provides monitoring and control systems for energy and industrial applications.,,,f,
92f1dd32-1055-419d-9f19-17e868aef45d,,Megmeet GmbH,matthew.zheng@megmeet.com,+49 151 72151816,,,,2026-07-08 13:56:38.515631+00,2026-07-08 15:37:37.303214+00,Megmeet Germany GmbH,,,,,,Germany,https://en.megmeet.com,,,"{""Inverter Mfr"",Germany}",google,,{},"German subsidiary of Megmeet, manufacturer of power electronics and inverters.",,,f,
92f5d5cc-17b2-4e58-8bff-889d505541fc,,Sonnenschmied GmbH,info@sonnenschmied.de,+4941357022,,,,2026-07-08 13:57:14.173404+00,2026-07-08 15:37:37.303214+00,Sonnenschmied Industriesysteme GmbH,,,,,,Germany,https://sonnenschmied.de,,,"{Mounting/Tracker,Germany,""Solar PV""}",google,,{},Manufactures metal mounting and structural systems for solar installations.,,,f,
93309237-3e8a-443e-a7ac-75b15d1d4c19,,Repowered,,,,,,2026-07-08 13:56:56.915399+00,2026-07-08 15:37:37.303214+00,Repowered,,,,,,Norway,,,,"{Other,Norway}",google,,{},Company name suggests focus on repowering or reuse of energy equipment; limited public information available.,,,f,
935b587e-923b-41f3-b949-3be357bfe733,,Hash House,shasha@hashhouse.tech,18310501053,,,,2026-07-08 13:56:17.298693+00,2026-07-08 15:37:37.303214+00,Hash House,,,,,,China,https://www.hashhouse.tech,,,"{Other,China}",google,,{},Company name and domain suggest crypto/hash mining or tech hardware activity; details unverified.,,,f,
93629645-52f2-4bbe-9adc-edfde8757627,,Xi&#39;an Ltd,,+86 4008686988,,,,2026-07-08 13:57:34.314522+00,2026-07-08 15:37:37.303214+00,"Xi&#39;an WG Energy Technology Co., Ltd",,,,Xi'an,,China,https://en.weiguangenergy.com/,,,"{Mounting/Tracker,China,""Solar PV""}",google,,{},Xi'an-based supplier of solar mounting/frame components (Weiguang Energy).,,,f,
936cce3d-a70f-4b65-bae3-9c43338acdeb,,MOVYY GmbH,info@movyy.ch,+41787335633,,,,2026-07-08 13:56:41.078512+00,2026-07-08 15:37:37.303214+00,MOVYY GmbH,,,,,,Switzerland,https://movyy.ch,,,"{Other,Switzerland,""EV Charging""}",google,,{},Swiss company (movyy.ch) offering EV charging related solutions.,,,f,
939f811f-4c9a-489b-9b82-2120b4e22d0c,,go-e,office@go-e.com,+43 427 662400,,,,2026-07-08 13:56:11.76015+00,2026-07-08 15:37:37.303214+00,go-e,,,,,,Austria,https://www.go-e.com,,,"{Other,Austria,""EV Charging""}",google,,{},go-e manufactures smart EV charging stations for residential and commercial use.,,,f,
93a39d5f-d211-4bf8-bfb5-e3418274a329,,H2greenPlanet GmbH,sales@h2greenplanet.com,+497682908119,,,,2026-07-08 13:56:16.022037+00,2026-07-08 15:37:37.303214+00,H2greenPlanet GmbH,,,,,,Germany,https://www.h2greenplanet.com,,,"{Other,Germany,Hydrogen}",google,,{},German company (H2greenPlanet) active in green hydrogen solutions.,,,f,
93af872d-ac6b-40e3-ba53-376d537fc7a9,,Okandan Sirketi,erhan@okandancam.com.tr,+90 533 1690647,,,,2026-07-08 13:56:46.009529+00,2026-07-08 15:37:37.303214+00,Okandan Cam Sanayi Ticaret Anonim Sirketi,,,,,,Turkey,https://www.okandancam.com/en,,,"{Cable/BOS,Turkey}",google,,{},"Turkish glass manufacturer (Cam Sanayi) supplying glass, likely including solar glass.",,,f,
93aff720-7975-4c28-b70f-99f3c19f6841,,Ningbo Ltd.,nbjn@nb-jianan.com,+86 0574-23669188,,,,2026-07-08 13:56:43.644841+00,2026-07-08 15:37:37.303214+00,"Ningbo Jianan Electronics Co., Ltd.",,,,Ningbo,,China,https://www.nb-jianan.com,,,"{Cable/BOS,China}",google,,{},Ningbo-based Chinese electronics manufacturer supplying components for BOS applications.,,,f,
93d0fe2c-4dda-443f-b366-3bca465704d2,,Evonity BV,alexandrefacon@evonity.com,+32468200085,,,,2026-07-08 13:56:05.885891+00,2026-07-08 15:37:37.303214+00,Evonity BV,,,,,,Netherlands,https://www.evonity.com,,,"{Software,Netherlands}",google,,{},Dutch company (Evonity BV) operating in the energy sector.,,,f,
93f536ce-cbda-4319-b420-760131b8a12b,,Beck GmbH,manuela.oppermann@beck-automation.de,+49 931 6609811,,,,2026-07-08 13:55:40.491216+00,2026-07-08 15:37:37.303214+00,Beck Automation GmbH,,,,,,Germany,https://www.beck-automation.de,,,"{Other,Germany}",google,,{},German automation company (Beck Automation) providing industrial automation equipment.,,,f,
9422d17b-5750-425c-83a0-a7541c1b3b14,,Solocean GmbH,jay.joubert@solocean.energy,+436764534544,,,,2026-07-08 13:57:13.362868+00,2026-07-08 15:37:37.303214+00,Solocean GmbH,,,,,,Germany,https://www.solocean.energy,,,"{Developer/IPP,Germany,""Solar PV""}",google,,{},German company (Solocean) associated with solar energy projects.,,,f,
945aa4af-9ca4-4726-b66e-5781efaebb5f,,SENEC GmbH,info@senec.com,+4934198982400,,,,2026-07-08 13:57:01.41488+00,2026-07-08 15:37:37.303214+00,SENEC GmbH,,,,,,Germany,https://www.senec.com/de,,,"{Battery/Storage,Germany,Residential}",google,,{},SENEC manufactures home battery storage systems for residential solar customers.,,,f,
945f3a7c-76b3-4581-8412-c550ba0ffc83,,Shenzhen Ltd.,info@envicool.com,+86(755)2958-8896,,,,2026-07-08 13:57:04.237622+00,2026-07-08 15:37:37.303214+00,"Shenzhen Envicool Technology Co., Ltd.",,,,Shenzhen,,China,https://www.envicool.com,,,"{Other,China}",google,,{},Shenzhen Envicool makes thermal management/cooling systems for battery and data-center applications.,,,f,
94903433-4a8a-45d1-aed8-a17e482dc883,,Black Technologies,martin@blackstumptechnologies.com.au,,,,,2026-07-08 13:55:42.401043+00,2026-07-08 15:37:37.303214+00,Black Stump Technologies,,,,,,Australia,https://www.blackstumptechnologies.com.au,,,"{Metering/Monitoring,Australia}",google,,{},Australian company (Black Stump Technologies) providing monitoring/technology solutions.,,,f,
94b5153d-a1a2-4a41-a2f4-d0133bb0ceb4,,YICHUN LTD,,,,,,2026-07-08 13:57:36.43808+00,2026-07-08 15:37:37.303214+00,"YICHUN DAWNICE MANUFACTURE AND TRADE CO.,LTD",,,,,,China,https://www.energydawnice.com,,,"{Battery/Storage,China}",google,,{},Chinese manufacturer and trader (Yichun Dawnice) of energy/battery products.,,,f,
94d2e5c9-444e-4104-9008-278d18142f8a,,Shanxi Ltd.,qinni.yan@hxindustrial.com,0353-4909788,,,,2026-07-08 13:57:03.326637+00,2026-07-08 15:37:37.303214+00,"Shanxi Huaxin Electric Co., Ltd.",,,,,,China,https://hxindustrial.com/,,,"{Other,China}",google,,{},Shanxi Huaxin Electric is a Chinese electrical equipment manufacturer.,,,f,
9529f3d0-4f55-4663-b260-9718557dc82e,,WUXI LTD.,joca@jocacable.com,+86 0086 021-57186991,,,,2026-07-08 13:57:33.823804+00,2026-07-08 15:37:37.303214+00,"WUXI JOCA CABLE TECHNOLOGY GROUP CO., LTD.",,,,Wuxi,,China,https://www.jocagroup.com/,,,"{Cable/BOS,China}",google,,{},"Wuxi Joca Cable Technology Group manufactures cables, likely including solar/BOS cabling.",,,f,
95399f43-3f88-467e-9f1c-d092cada0d3a,,StarCharge,starcharge@wbstar.com,+864008280768,,,,2026-07-08 13:57:15.19103+00,2026-07-08 15:37:37.303214+00,StarCharge,,,,,,China,https://www.StarCharge.com,,,"{Other,China,""EV Charging""}",google,,{},StarCharge is a Chinese manufacturer of EV charging equipment and energy storage.,,,f,
95483960-016f-4ddb-91ee-aa85c3681212,,Innokrea z,info@innokrea.com,+48534803730,,,,2026-07-08 13:56:23.970316+00,2026-07-08 15:37:37.303214+00,Innokrea Sp. z o.o.,,,,,,Poland,https://www.innokrea.com/,,,"{Other,Poland}",google,,{},Polish company (Innokrea) operating in the energy/technology sector.,,,f,
95787980-f688-4064-940f-9d23cbed2b4c,,Flow Europe,d.twomey@flowbatterieseurope.eu,+353 87 93 54 6161,,,,2026-07-08 13:56:07.994053+00,2026-07-08 15:37:37.303214+00,Flow Batteries Europe,,,,Brussels,,Belgium,https://www.flowbatterieseurope.eu,,,"{Association,Belgium,Storage}",google,,{},Flow Batteries Europe is an industry association promoting flow battery storage technology.,,,f,
95ae4375-276c-4be0-afb3-8036c11bc1d6,,Gorfion GmbH,info@gorfion.de,+49 753 15844226,,,,2026-07-08 13:56:12.356137+00,2026-07-08 15:37:37.303214+00,Gorfion Green Energy GmbH,,,,,,Germany,https://www.green-energy.gorfion.de,,,"{Developer/IPP,Germany,""Solar PV""}",google,,{},German green energy company (Gorfion Green Energy).,,,f,
95b3933f-dc4b-46f4-b787-23de62fa08fe,,NEOmeter GmbH,info@iometer.de,+4930921065650,,,,2026-07-08 13:56:42.333988+00,2026-07-08 15:37:37.303214+00,NEOmeter GmbH,,,,,,Germany,https://www.iometer.de,,,"{Metering/Monitoring,Germany}",google,,{},NEOmeter (iometer.de) provides metering/monitoring solutions in Germany.,,,f,
95c0576b-4c55-4947-9dad-ff292ddb99ac,,BST Limited,sales@bstbattery.com,+86-755-84260300,,,,2026-07-08 13:55:43.819472+00,2026-07-08 15:37:37.303214+00,BST Power (Shenzhen) Limited,,,,Shenzhen,,China,https://www.bstess.com,,,"{Battery/Storage,China}",google,,{},BST Power is a Shenzhen-based battery energy storage system manufacturer.,,,f,
95e75946-ff7a-46c3-9893-3453253d98d1,,Heyco Corp.,information@heyco.com,+17322861800,,,,2026-07-08 13:56:18.866706+00,2026-07-08 15:37:37.303214+00,Heyco Products Corp.,,,,,,United States,https://www.heyco.com,,,"{Cable/BOS,""United States""}",google,,{},Heyco Products Corp manufactures wire management and cable protection components.,,,f,
95f55b6b-1d5f-49d4-859d-10bfba057ffc,,Das Ltd,info@das-solar.com,4008516856,,,,2026-07-08 13:55:51.602284+00,2026-07-08 15:37:37.303214+00,"Das Solar Co.,Ltd",,,,,,China,https://www.das-solar.com/,,,"{""Module Mfr"",China,""Solar PV""}",google,,{},DAS Solar is a Chinese manufacturer of photovoltaic solar modules.,,,f,
95f9c5b1-7e08-4698-becb-d5bf66a1c252,,AWB GmbH,m.deligt@awb-alu.com,+49 304 1401090,,,,2026-07-08 13:55:37.693307+00,2026-07-08 15:37:37.303214+00,AWB Aluminiumwerk Berlin GmbH,,,,Berlin,,Germany,https://www.awb-alu.com,,,"{Mounting/Tracker,Germany}",google,,{},"AWB Aluminiumwerk Berlin manufactures aluminum products, likely including mounting structures.",,,f,
961585ab-aa4a-4bcb-b670-d6236fa050d7,,fleXality GmbH,info@flexality.de,+4942198971780,,,,2026-07-08 13:56:07.59977+00,2026-07-08 15:37:37.303214+00,fleXality GmbH,,,,,,Germany,https://www.flexality.de,,,"{Software,Germany,Grid}",google,,{},Provides energy flexibility and grid management software solutions.,,,f,
963ec4ee-3ce0-479c-b9ad-d262341b043b,,Metrel d.o.o.,info@metrel.si,+38617558200,,,,2026-07-08 13:56:39.149896+00,2026-07-08 15:37:37.303214+00,Metrel d.o.o.,,,,Ljubljana,,Slovenia,https://www.metrel.si,,,"{Testing/Certification,Slovenia}",google,,{},Manufactures electrical testing and measurement instruments including PV test equipment.,,,f,
965aecf3-d89d-4be9-a2ba-39b5e4ce8b8e,,Kiwa NV,solar@kiwa.com,+49 (0)40 30 39 49 60,,,,2026-07-08 13:56:32.177883+00,2026-07-08 15:37:37.303214+00,Kiwa NV,,,,,,Netherlands,https://kiwa.com/en/markets/energy-and-power-generation/,,,"{Testing/Certification,Netherlands,""Solar PV""}",google,,{},"Provides testing, inspection and certification services for the solar energy market.",,,f,
9668ffcd-ba81-4dd5-8d0e-52a9f047756e,,NUUKO LTD,info@nuukopower.com,+86 13855447433,,,,2026-07-08 13:56:45.28547+00,2026-07-08 15:37:37.303214+00,"NUUKO POWER CO.,LTD",,,,,,South Korea,https://www.nuukopower.com,,,"{""Inverter Mfr"",""South Korea""}",google,,{},Manufactures power electronics and inverter equipment for renewable energy applications.,,,f,
969fac99-e7a6-4d02-a066-f0afdfe9e91e,,hymate GmbH,info@hymate.com,+4917645967828,,,,2026-07-08 13:56:22.347962+00,2026-07-08 15:37:37.303214+00,hymate GmbH,,,,,,Germany,https://www.hymate.com,,,"{Software,Germany,Hydrogen}",google,,{},Provides monitoring and management software for hydrogen and energy infrastructure.,,,f,
973e6609-b546-496d-a125-52455687fa1c,,IEO BV,dilanpatel@etsgroupco.com,+971562055784,,,,2026-07-08 13:56:22.916897+00,2026-07-08 15:37:37.303214+00,IEO Transformatoren BV,,,,,,United Arab Emirates,https://www.emiratestransformer.com,,,"{Other,""United Arab Emirates"",Grid}",google,,{},Manufactures power and distribution transformers for electrical infrastructure.,,,f,
974fc026-90e2-4fb9-9499-11b21132f85d,,Amphenol Solutions,m.cinanni@amphenol-eu.com,+393425281878,,,,2026-07-08 13:55:33.688415+00,2026-07-08 15:37:37.303214+00,Amphenol Communications Solutions,,,,,,United States,https://www.amphenol-cs.com,,,"{Cable/BOS,""United States""}",google,,{},Manufactures interconnect and cable assembly components including for solar applications.,,,f,
975f5c35-cca9-4c52-a21e-15218e56d532,,BEN-Tec GmbH,info@ben-tec.com,+4959719919800,,,,2026-07-08 13:55:41.155915+00,2026-07-08 15:37:37.303214+00,BEN-Tec GmbH,,,,,,Germany,https://www.ben-tec.com/,,,"{Cable/BOS,Germany}",google,,{},Supplies electrical and balance-of-system components for renewable energy installations.,,,f,
97a47e7e-4bc0-483a-b776-51f85cb43160,,AutoPV™,nasrin@7secondsolar.com,+27728212671,,,,2026-07-08 13:55:37.252227+00,2026-07-08 15:37:37.303214+00,AutoPV™,,,,,,United States,https://autopv.io/,,,"{Software,""United States"",""Solar PV""}",google,,{},Provides automated solar design and engineering software tools.,,,f,
97abe8f8-d662-4683-a7a7-cdca1f372bf9,,PowerBase GmbH,office@powerbase.at,+43261825120,,,,2026-07-08 13:56:51.029777+00,2026-07-08 15:37:37.303214+00,PowerBase Europe GmbH,,,,,,Austria,https://www.powerbase.at/,,,"{Battery/Storage,Austria}",google,,{},Supplies battery and power base energy storage systems.,,,f,
97c0dfd1-17bb-4f0e-a779-ded7e9db6c05,,Campbell Ltd.,sales@campbellsci.co.uk,+44 (0) 1509 601091,,,,2026-07-08 13:55:44.881211+00,2026-07-08 15:37:37.303214+00,Campbell Scientific Ltd.,,,,,,United Kingdom,https://www.campbellsci.eu,,,"{Metering/Monitoring,""United Kingdom""}",google,,{},Manufactures data loggers and environmental/meteorological monitoring instruments.,,,f,
980455e7-d374-41b3-a9d4-e902c8521016,,Korea Solution,service@kreps.kr,+82426268488,,,,2026-07-08 13:56:32.948673+00,2026-07-08 15:37:37.303214+00,Korea Renewable Energy &amp; Power Solution(KREPS),,,,,,South Korea,,,,"{Other,""South Korea""}",google,,{},Provides renewable energy and power solution services.,,,f,
98284479-2031-4723-bc7c-95d994db1a21,,eMabler,juha@emabler.com,+358 10 2073960,,,,2026-07-08 13:55:59.048673+00,2026-07-08 15:37:37.303214+00,eMabler,,,,,,Finland,https://www.emabler.com,,,"{Software,Finland,""EV Charging""}",google,,{},Provides EV charging management software platform.,,,f,
9863e4ef-d334-4884-8c8d-ccfb8d6788fa,,Amphenol GmbH,industrial@amphenol.de,+49 7131 929 0,,,,2026-07-08 13:55:33.738401+00,2026-07-08 15:37:37.303214+00,Amphenol Tuchel Industrial GmbH,,,,,,Germany,https://www.amphenol-industrial.de,,,"{Cable/BOS,Germany}",google,,{},Manufactures industrial connectors and electrical components.,,,f,
9897030d-599c-4640-a38c-85e5699cd690,,Jiangsu Ltd.,sales@x-solarenergy.com,+86(510) 8688 8198,,,,2026-07-08 13:56:28.196639+00,2026-07-08 15:37:37.303214+00,"Jiangsu X-Solar Green-Building Technology Co.,Ltd.",,,,,,China,https://www.x-solarenergy.com,,,"{""Module Mfr"",China,""Solar PV""}",google,,{},Manufactures building-integrated solar green-building products.,,,f,
989e19f5-8ff1-41ff-9cd6-046e2ec18cb2,,Vikinor,info@vikinor.com,+45 61205684,,,,2026-07-08 13:57:28.478272+00,2026-07-08 15:37:37.303214+00,Vikinor,,,,,,Norway,https://www.vikinor.com,,,"{Distributor,Norway}",google,,{},Distributes renewable energy equipment and components.,,,f,
98a4ae42-c651-4b02-bea8-ed4c3bb62184,,FuturaSun Srl,info@futurasun.it,+390495979802,,,,2026-07-08 13:56:09.717641+00,2026-07-08 15:37:37.303214+00,FuturaSun Srl,,,,,,Italy,https://www.futurasun.com,,,"{""Module Mfr"",Italy,""Solar PV""}",google,,{},Manufactures photovoltaic solar modules.,,,f,
98d3b35d-9e4d-4cc9-af03-dba2da3faec7,,AmpSociety AB,info@ampsociety.com,+4646102051055,,,,2026-07-08 13:55:33.790563+00,2026-07-08 15:37:37.303214+00,AmpSociety International AB,,,,,,Sweden,https://www.ampsociety.com,,,"{Battery/Storage,Sweden}",google,,{},Supplies battery energy storage systems and solutions.,,,f,
991d839c-3095-4b70-bf1e-8191a9678e87,,Dongguan Ltd.,,,,,,2026-07-08 13:55:53.930325+00,2026-07-08 15:37:37.303214+00,"Dongguan Add Electricity New Energy Technology Co., Ltd.",,,,Dongguan,Guangdong,China,https://www.gocean.com,,,"{Battery/Storage,China}",google,,{},Manufactures new energy and battery products.,,,f,
992b0a05-684f-4dfc-b9a1-51fefc49db85,,Gridio,info@gridio.io,+37255581082,,,,2026-07-08 13:56:13.456206+00,2026-07-08 15:37:37.303214+00,Gridio,,,,,,Finland,https://www.gridio.io,,,"{Software,Finland,Grid}",google,,{},Provides grid and energy management software platform.,,,f,
9934606c-6827-479b-9ed7-6da79c4a3229,,Zhejiang Ltd.,cjl@baihuicn.com,+86 577-62335823,,,,2026-07-08 13:57:37.934876+00,2026-07-08 15:37:37.303214+00,"Zhejiang Baihui Electric Plastic Co., Ltd.",,,,,,China,https://www.baihuicn.com,,,"{Cable/BOS,China}",google,,{},Manufactures electric plastic and cable components.,,,f,
994fd73b-545d-436f-a8c7-13fbbbfb4e0a,,Jiangsu Ltd,sales@inluxsolar.com,86 18662382772,,,,2026-07-08 13:56:27.446843+00,2026-07-08 15:37:37.303214+00,"Jiangsu Inlux Solar Lighting Co.,Ltd",,,,,,China,https://www.inluxsolar.com,,,"{Other,China,Off-grid}",google,,{},Manufactures solar-powered lighting products.,,,f,
9950cfa6-ea82-482d-bb51-0eeb3db34e74,,SHENZHEN LTD.,sales@acebattery.com,+86 0755-88878567,,,,2026-07-08 13:57:03.519035+00,2026-07-08 15:37:37.303214+00,"SHENZHEN ACE BATTERY CO., LTD.",,,,Shenzhen,Guangdong,China,https://www.acebattery.com,,,"{Battery/Storage,China}",google,,{},Manufactures lithium and other battery cells and packs.,,,f,
9953ce1a-d1e1-4fc3-838e-661352008c27,,Orkestra,hello@orkestra.energy,,,,,2026-07-08 13:56:47.122633+00,2026-07-08 15:37:37.303214+00,Orkestra,,,,,,Spain,https://orkestra.energy,,,"{Software,Spain,Grid}",google,,{},Provides energy management and orchestration software platform.,,,f,
998af5d9-6699-4340-b7aa-6876ad6db057,,Univers AS,natalia.lisundheim@bazefield.com,+4794000414,,,,2026-07-08 13:57:26.424473+00,2026-07-08 15:37:37.303214+00,Univers AS,,,,,,Norway,https://www.univers.com,,,"{Metering/Monitoring,Norway}",google,,{},Provides renewable asset performance monitoring software (Bazefield platform).,,,f,
9c400ff5-b80b-4d57-b37e-760c67bdde5f,,Shanghai Corp.,sales01@weipuconnector.com,+862156631111,,,,2026-07-08 13:57:03.05753+00,2026-07-08 15:37:37.303214+00,Shanghai Songhai Industrial Corp.,,,,Shanghai,,China,https://www.weipuconnector.com,,,"{Cable/BOS,China}",google,,{},Manufactures Weipu-brand electrical connectors for solar and industrial applications.,,,f,
9c623327-dbfb-489b-89dd-ee3775675f2c,,YONGZHOU LTD,,,,,,2026-07-08 13:57:37.021234+00,2026-07-08 15:37:37.303214+00,YONGZHOU MINGRUI CERAMIC TECHNOLOGY CO..LTD,,,,Yongzhou,Hunan,China,https://www.mrtcb.com,,,"{Cable/BOS,China}",google,,{},Manufactures ceramic terminal blocks and connector components for electrical use.,,,f,
9c88146c-9d4f-4ec9-b583-5bc55a48bd51,,Atlas Trafo,derin.kitis@atlastrafo.com,+902328641133,,,,2026-07-08 13:55:36.789228+00,2026-07-08 15:37:37.303214+00,Atlas Trafo A.S.,,,,,,Turkey,https://www.atlastrafo.com,,,"{Other,Turkey,Grid}",google,,{},Manufactures power and distribution transformers for electrical grid applications.,,,f,
9c8bf04a-ccc6-48bf-9f4b-5f6be50df531,,Monbat GmbH,bozhidar.nekeziev@monbat.com,+359882756039,,,,2026-07-08 13:56:40.619719+00,2026-07-08 15:37:37.303214+00,Monbat Energy Holding GmbH,,,,,,Germany,https://www.monbat.com,,,"{Battery/Storage,Germany}",google,,{},Battery manufacturer and energy holding company producing lead-acid and lithium batteries.,,,f,
9c975091-e1ea-4d32-99f9-723f84816df6,,Enertrack Ltd.,info@sgenertrack.com,+86-0551-65327878-4910,,,,2026-07-08 13:56:01.940412+00,2026-07-08 15:37:37.303214+00,"Enertrack Technology Co., Ltd.",,,,,,China,https://www.enertrack.cn,,,"{Mounting/Tracker,China,""Solar PV""}",google,,{},Manufactures solar tracking and mounting systems for PV installations.,,,f,
9c9e6830-780c-4a09-a657-d383ade980b2,,LivEye GmbH,t.ullrich@liveye.com,+49 650 24034735,,,,2026-07-08 13:56:36.065799+00,2026-07-08 15:37:37.303214+00,LivEye GmbH,,,,,,Germany,https://www.liveye.com,,,"{Metering/Monitoring,Germany}",google,,{},"Provides camera and monitoring solutions, including for renewable energy sites.",,,f,
9ca676e6-9f68-49e8-9d18-87d347cc7bdf,,China Ltd.,qixiuping@lishen.com.cn,,,,,2026-07-08 13:55:47.413622+00,2026-07-08 15:37:37.303214+00,"China Automotive New Energy Technology Co., Ltd.",,,,Tianjin,,China,https://www.lishen.com.cn,,,"{Battery/Storage,China}",google,,{},Manufactures lithium batteries for automotive and energy storage applications.,,,f,
9ca70d1e-4131-4919-9d1c-cb191da8d699,,Zhejiang Ltd.,info@baxpower.cn,,,,,2026-07-08 13:57:38.732225+00,2026-07-08 15:37:37.303214+00,"Zhejiang GSP&amp;DC Energy Technology Co.,Ltd.",,,,,Zhejiang,China,https://www.baxpower.cn,,,"{Other,China,""EV Charging""}",google,,{},Manufactures power supply and DC energy equipment including EV charging products.,,,f,
9cc47e59-68ad-460b-93da-48cfd0aa8d15,,21PV GmbH,info@21pv.de,+49 89 693 12 81 34,,,,2026-07-08 13:55:28.995792+00,2026-07-08 15:37:37.303214+00,21PV GmbH,,,,,,Germany,https://www.21pv.de,,,"{EPC/Installer,Germany,""Solar PV""}",google,,{},Provides solar PV installation and project services in Germany.,,,f,
9cd50416-bf68-4f72-9101-b1d2a8506dfd,,Ningbo LTD,marketing@nesolenergy.com,+86-574-87867883,,,,2026-07-08 13:56:43.822418+00,2026-07-08 15:37:37.303214+00,"Ningbo Nesol Energy Co.,LTD",,,,Ningbo,Zhejiang,China,https://www.nesolenergy.com,,,"{""Module Mfr"",China,""Solar PV""}",google,,{},Manufactures solar PV modules and related energy products.,,,f,
9cd62c8f-4fe7-4154-b212-472c8dee674a,,HIS GmbH,sales@his-renewables.com,+49 6068 9314400,,,,2026-07-08 13:56:19.297378+00,2026-07-08 15:37:37.303214+00,HIS Renewables GmbH,,,,,,Germany,https://www.his-renewables.com,,,"{Distributor,Germany,""Solar PV""}",google,,{},Distributes solar and renewable energy products and components.,,,f,
9ce186b5-31d2-4009-b20a-fa61f8d10188,,SolarHub AG,alfred.bigler@solarhub.ch,+41415080500,,,,2026-07-08 13:57:11.57234+00,2026-07-08 15:37:37.303214+00,SolarHub AG,,,,,,Switzerland,https://www.solarhub-pro.ch,,,"{Distributor,Switzerland,""Solar PV""}",google,,{},Distributes solar PV products and components in Switzerland.,,,f,
9d027919-9ed6-4a63-9a76-cf71a9bf5a3b,,Techofint Tic.,info@techofint.com,+905461913529,,,,2026-07-08 13:57:20.678318+00,2026-07-08 15:37:37.303214+00,Techofint Enerji ve Mühendislik San. ve Tic. A.S.,,,,,,Turkey,https://www.techofint.com/,,,"{Consultancy,Turkey}",google,,{},Provides energy engineering and consulting services.,,,f,
9d107cfa-80a3-4b5f-b674-595caee35439,,Schletter GmbH,info@schletter-group.com,+49807291910,,,,2026-07-08 13:57:00.771588+00,2026-07-08 15:37:37.303214+00,Schletter Solar GmbH,,,,Kempten,Bavaria,Germany,https://www.schletter-group.com,,,"{Mounting/Tracker,Germany,""Solar PV""}",google,,{},Manufactures mounting systems for solar PV installations.,,,f,
9d116d19-85c3-4315-a0c2-27a109574fab,,Shenzhen Corporation,marketing@chinasc.com.cn,+86-0755-81449696,,,,2026-07-08 13:57:06.115689+00,2026-07-08 15:37:37.303214+00,Shenzhen S.C New Energy Technology Corporation,,,,Shenzhen,Guangdong,China,https://www.chinasc.com.cn,,,"{Battery/Storage,China}",google,,{},Manufactures batteries and new energy storage products.,,,f,
9d1e0768-f81a-46aa-b52c-b99758bfcd53,,smk kg,info@smk-systeme.de,+49711778660,,,,2026-07-08 13:57:10.219846+00,2026-07-08 15:37:37.303214+00,smk systeme metall kunststoff gmbH &amp; co. kg,,,,,,Germany,https://www.smk-systeme.de,,,"{Mounting/Tracker,Germany}",google,,{},Manufactures metal and plastic mounting and enclosure systems for industrial use.,,,f,
9d28a526-cf6b-4d53-b6e1-5c710290410b,,solarVis,marketing@solarvis.co,+90 3129111334,,,,2026-07-08 13:57:12.196322+00,2026-07-08 15:37:37.303214+00,solarVis,,,,,,United States,https://www.solarvis.co,,,"{Software,""United States"",""Solar PV""}",google,,{},Provides solar monitoring and visualization software.,,,f,
9d4abb93-5469-4697-a1af-c98e714947a5,,PowereX a.,office@powerex.io,+421910122076,,,,2026-07-08 13:56:51.216665+00,2026-07-08 15:37:37.303214+00,PowereX j. s. a.,,,,,,Slovakia,https://powerex.io/,,,"{Other,Slovakia}",google,,{},Operates in the power/energy trading and equipment sector.,,,f,
9d4afc5f-43c0-470e-9c63-2476c30fb1b2,,Witthinrich GmbH,info@witthinrich.com,+49331870960,,,,2026-07-08 13:57:32.991219+00,2026-07-08 15:37:37.303214+00,Witthinrich GmbH,,,,,,Germany,https://www.witthinrich.com,,,"{Cable/BOS,Germany}",google,,{},Manufactures cable systems and electrical balance-of-system components.,,,f,
9d5daaa2-c876-4c2c-91d2-242082fd6241,,EcoPhi GmbH,contact@ecophi.de,+4972118126740,,,,2026-07-08 13:55:56.746806+00,2026-07-08 15:37:37.303214+00,EcoPhi Renewables Engineering GmbH,,,,,,Germany,https://www.ecophi.io,,,"{Consultancy,Germany,""Solar PV""}",google,,{},Provides renewables engineering and consultancy services.,,,f,
9d9d981b-23d5-4e0a-a56f-dcc43951f71a,,NEBULA,market@e-nebul.com,+86 17689602942,,,,2026-07-08 13:56:42.196295+00,2026-07-08 15:37:37.303214+00,NEBULA,,,,,,China,https://www.nebulaate.com,,,"{Battery/Storage,China}",google,,{},Manufactures batteries and energy storage products.,,,f,
9dd70199-649d-4518-be68-6ad677ec235b,,MVV AG,kontakt@mvv.de,+49496212900,,,,2026-07-08 13:56:41.437239+00,2026-07-08 15:37:37.303214+00,MVV Energie AG,,,,Mannheim,Baden-Wurttemberg,Germany,https://www.mvv.de,,,"{Utility,Germany}",google,,{},"Regional German utility supplying electricity, gas, and district heating.",,,f,
9e194c15-32f8-4840-a60c-f4fafeaa869b,,Dongguan Ltd.,devalan.sales@devalan.com.cn,18002952293,,,,2026-07-08 13:55:54.231379+00,2026-07-08 15:37:37.303214+00,"Dongguan Vaconn Electronics Co.,Ltd.",,,,Dongguan,Guangdong,China,https://www.devalan.cn/,,,"{Cable/BOS,China}",google,,{},Manufactures electrical connectors under the Devalan brand.,,,f,
9e5e7b7d-9a2a-48c3-8a1d-3c6ac5a20ddf,,GREENoneTEC GmbH,ingo.lankmayr@greenonetec.com,+434212281360,,,,2026-07-08 13:56:13.095462+00,2026-07-08 15:37:37.303214+00,GREENoneTEC Solarindustrie GmbH,,,,Grosswilfersdorf,Styria,Austria,https://www.greenonetec.com,,,"{""Module Mfr"",Austria,""Solar PV""}",google,,{},Manufactures solar thermal collectors and absorbers.,,,f,
9e86e561-cf0b-410f-9e50-7fe2a52a17d0,,Shenzhen Ltd,info@atesspower.com,+86 755 2998 8492,,,,2026-07-08 13:57:03.653927+00,2026-07-08 15:37:37.303214+00,"Shenzhen ATESS Power Technology Co., Ltd",,,,Shenzhen,Guangdong,China,https://www.atesspower.com,,,"{""Inverter Mfr"",China,Storage}",google,,{},Manufactures power conversion systems and inverters for energy storage.,,,f,
999e5ef7-a540-4cbe-81da-167c5d894c56,,GE Vernova,frauke.milbrecht@gevernova.com,+493076222700,,,,2026-07-08 13:56:10.912744+00,2026-07-08 15:37:37.303214+00,GE Vernova,,,115 Coliseum Ave,Cambridge,Massachusetts,United States,https://gevernova.com,,,"{Other,""United States"",Grid}",google,,{},"Global energy technology company making grid equipment, power generation and wind turbines.",,,f,
99b0852b-362d-4de8-ba12-23677e92c3bb,,EV2Grid GmbH,info@slitix-solar.de,+494915233703543,,,,2026-07-08 13:56:05.159233+00,2026-07-08 15:37:37.303214+00,EV2Grid Slitix GmbH,,,,,,Germany,https://www.ev2grid.de/,,,"{Other,Germany,""EV Charging""}",google,,{},Develops vehicle-to-grid (V2G) wallbox charging technology for EVs in Germany.,,,f,
99d87a6a-185b-4960-8a9a-ff88d9381fdd,,alfanar Electric,mehmet.kayabinar@alfanar.com,+905337153422,,,,2026-07-08 13:55:32.322367+00,2026-07-08 15:37:37.303214+00,alfanar Electric,,,,Riyadh,,Saudi Arabia,https://www.alfanar.com,,,"{Other,""Saudi Arabia"",Grid}",google,,{},Diversified Saudi manufacturer of electrical equipment including switchgear and cables.,,,f,
9a1166d7-d3e8-4ecb-88f0-400aae18e051,,Sunpro GmbH,info@sunpropower.com,+86-0576-80730906,,,,2026-07-08 13:57:17.318873+00,2026-07-08 15:37:37.303214+00,Sunpro Europe GmbH,,,,,,Germany,https://www.sunpropower.com,,,"{Distributor,Germany,""Solar PV""}",google,,{},Distributes solar PV modules and components in the European market.,,,f,
9a1b95f3-712a-4a56-b791-8911a78fae03,,Carbonfreed GmbH,kunden-center@carbonfreed.com,+4948325589750,,,,2026-07-08 13:55:45.254842+00,2026-07-08 15:37:37.303214+00,Carbonfreed GmbH,,,,,,Germany,https://www.carbonfreed.com,,,"{Consultancy,Germany}",google,,{},Provides carbon footprint and climate consultancy services for businesses.,,,f,
9a6e24ca-4aab-4c50-a0f1-122a315bb0e6,,FIRST Screws,camilegisbers@firstbasegroundscrews.com,+31413700133,,,,2026-07-08 13:56:07.456333+00,2026-07-08 15:37:37.303214+00,FIRST BASE Ground Screws,,,,,,Germany,https://firstbasegroundscrews.com/de/solar/,,,"{Mounting/Tracker,Germany,""Solar PV""}",google,,{},Manufactures ground screw foundation systems for solar PV mounting structures.,,,f,
9a7c3794-eea8-42ec-b44b-6b7cf833f3d8,,International Ltd,sales@sassin.com,+ 86 - 21 - 5021 8008,,,,2026-07-08 13:56:24.741954+00,2026-07-08 15:37:37.303214+00,"International SASSIN  Electric Shanghai Co.,Ltd",,,,Shanghai,,China,https://www.sassin.com,,,"{Other,China}",google,,{},Shanghai-based manufacturer of electrical switchgear and power distribution equipment.,,,f,
9a9befe1-3d32-482d-be27-6e82a39390fd,,Roche Energy,stella.li@rochenergy.com,+86 180 6801 2667,,,,2026-07-08 13:56:57.86688+00,2026-07-08 15:37:37.303214+00,Roche Energy,,,,,,China,https://www.rochenergy.com,,,"{""Module Mfr"",China,""Solar PV""}",google,,{},Chinese solar company producing PV modules and related energy products.,,,f,
9ae0f068-7ed0-4be7-b1d6-d73aea23a643,,Stadtwerke München,info@swm.de,+49 89 2361 5021,,,,2026-07-08 13:57:15.093089+00,2026-07-08 15:37:37.303214+00,Stadtwerke München,,,,Munich,Bavaria,Germany,https://www.swm.de,,,"{Utility,Germany}",google,,{},"Municipal utility company for Munich providing electricity, gas, water and district heating.",,,f,
9b27a32e-376f-4690-9a3f-8b97f235650c,,LumeGret Ltd.,,,,,,2026-07-08 13:56:36.433527+00,2026-07-08 15:37:37.303214+00,"LumeGret Energy Technology (Suzhou) Co., Ltd.",,,,Suzhou,,China,https://www.mova.tech,,,"{Battery/Storage,China}",google,,{},Suzhou-based energy technology company producing battery storage products.,,,f,
9b478ef8-7d60-43ca-84f1-565fdbf043fc,,Solex Limited,binal.m@solex.in,+917600360803,,,,2026-07-08 13:57:12.718785+00,2026-07-08 15:37:37.303214+00,Solex Energy Limited,,,,,Gujarat,India,https://www.solex.in,,,"{""Module Mfr"",India,""Solar PV""}",google,,{},Indian manufacturer of solar PV modules.,,,f,
9b558337-ef77-4d09-a6b5-34f77f5b5a53,,ZHEJIANG LTD,sales@aokeepower.com,+18958496577,,,,2026-07-08 13:57:39.515184+00,2026-07-08 15:37:37.303214+00,"ZHEJIANG VALIANT POWER TECHNOLOGY CO.,LTD",,,,Zhejiang,,China,https://aoke-ess.com/,,,"{Battery/Storage,China}",google,,{},Zhejiang-based manufacturer of power electronics and energy storage systems (ESS).,,,f,
9b57bcfe-3250-4118-92c0-2d6bff1cd03e,,ArcelorMittal Products,,,,,,2026-07-08 13:55:35.777412+00,2026-07-08 15:37:37.303214+00,ArcelorMittal Europe – Flat Products,,,,Luxembourg City,,Luxembourg,https://industry.arcelormittal.com/,,,"{Other,Luxembourg}",google,,{},"European flat steel products division of ArcelorMittal, supplying steel for solar mounting.",,,f,
9b62dc52-0ef4-4528-a60c-570c27dd9ec1,,NARIA SRL,commerciale@nariasecurity.it,+39309771125,,,,2026-07-08 13:56:42.023131+00,2026-07-08 15:37:37.303214+00,NARIA SECURITY SRL,,,,,,Italy,https://www.nariasecurity.it,,,"{Other,Italy}",google,,{},Italian company providing security systems and services.,,,f,
9b631421-924e-456a-9745-a54335a45d20,,EINNOVA LIMITED,pei.jiang@einnova-solarline.com,02584792033,,,,2026-07-08 13:55:57.653213+00,2026-07-08 15:37:37.303214+00,EINNOVA SOLARLINE ENERGY CORP. LIMITED,,,,,,China,https://www.einnova-Solarline.com,,,"{""Module Mfr"",China,""Solar PV""}",google,,{},Chinese solar company manufacturing PV modules and energy products.,,,f,
9b980582-50e4-4e4b-8c9a-383714f7ec52,,Crown Ltd.,info@matcrown.com,+86 0795-7029699,,,,2026-07-08 13:55:50.533298+00,2026-07-08 15:37:37.303214+00,"Crown Advanced Material Co., Ltd.",,,,,,China,https://www.matcrown.com,,,"{Other,China,""Solar PV""}",google,,{},Chinese manufacturer of advanced materials used in solar module production.,,,f,
9bae7345-7572-4c71-8a0c-eb4a096d2902,,DICONAL,info@diconal.de,+49676330854,,,,2026-07-08 13:55:53.224915+00,2026-07-08 15:37:37.303214+00,DICONAL,,,,,,Germany,https://www.diconal.de,,,"{Distributor,Germany}",google,,{},German trading and distribution company.,,,f,
9bd4a363-e2ce-483a-be28-bb28d99d8eda,,SEVEN SOLUTIONS,sales@sevensensor.com,+90 5550129019,,,,2026-07-08 13:57:01.841178+00,2026-07-08 15:37:37.303214+00,SEVEN SENSOR SOLUTIONS,,,"Pinarcay OSB Mahallesi Organize Sanayi Tesisleri Teknokent Idare Binasi No: 7, D:1",Corum,,Turkey,https://www.sevensensor.com,,,"{Metering/Monitoring,Turkey,""Solar PV""}",google,,{},Manufactures meteorological weather stations and sensors for solar PV plant monitoring.,,,f,
9be455fb-8ada-4fa1-8164-2a17a2cf1b71,,Ocean Platform,hello@oceanevcharging.com,+38631530882,,,,2026-07-08 13:56:45.651618+00,2026-07-08 15:37:37.303214+00,Ocean EV Charging Platform,,,Cesta ob Bregu 6,Skofljica,,Slovenia,https://oceanevcharging.com,,,"{Software,Slovenia,""EV Charging""}",google,,{},"Provides an EV charging management platform for OCPP chargers, billing and fleet operations.",,,f,
9bf22d7b-1416-4919-b89e-54a79109378c,,RES LTD,viktoria.kaiser@res-group.com,+4915252379041,,,,2026-07-08 13:56:57.052422+00,2026-07-08 15:37:37.303214+00,RES LTD,,,,,,United Kingdom,https://www.res-group.com,,,"{Developer/IPP,""United Kingdom"",Utility-scale}",google,,{},"Renewable Energy Systems (RES) Group develops, builds and operates renewable energy projects.",,,f,
9bff0dea-46f0-41e3-9178-ff090e994418,,Cummins Generation,alijah.landing@cummins.com,,,,,2026-07-08 13:55:50.955747+00,2026-07-08 15:37:37.303214+00,Cummins Power Generation,,,,Columbus,Indiana,United States,https://www.cummins.com,,,"{Other,""United States""}",google,,{},Manufactures diesel and gas power generators and generation equipment.,,,f,
9c11b9af-0e31-411e-8e6c-d98bfce016e1,,pvXchange GmbH,sales@pvxchange.com,+ 49 6029 95798-50,,,,2026-07-08 13:56:53.363735+00,2026-07-08 15:37:37.303214+00,pvXchange Trading GmbH,,,,,,Germany,https://www.pvxchange.com,,,"{Distributor,Germany,""Solar PV""}",google,,{},Online trading marketplace for buying and selling used and new solar PV modules.,,,f,
9c1ac879-f3e5-4b79-bad5-31e6441bd94e,,Hunstock GmbH,info@hunstock-kabel.de,+49 (0) 36026 9490,,,,2026-07-08 13:56:21.841723+00,2026-07-08 15:37:37.303214+00,Hunstock Kabel GmbH,,,,,,Germany,https://www.hunstock-kabel.com,,,"{Cable/BOS,Germany}",google,,{},German manufacturer of cables and cable assemblies.,,,f,
9c29eec8-58f6-4fe0-bf8a-4161e2e5961d,,Millenium - A Grenzebach,,,,,,2026-07-08 13:56:39.562737+00,2026-07-08 15:37:37.303214+00,Millenium - A member of Grenzebach,,,,,,Germany,,,,"{Other,Germany}",google,,{},"Member of Grenzebach group, supplying industrial production equipment including for solar manufacturing.",,,f,
9c3cc8aa-11a3-4edc-a752-7afbfc9c2b37,,VF GmbH,info@vf-reinigungstechnik.de,+495224999220,,,,2026-07-08 13:57:28.246909+00,2026-07-08 15:37:37.303214+00,VF Reinigungstechnik GmbH,,,,,,Germany,https://www.gebaeudereinigung-shop.de/,,,"{Other,Germany}",google,,{},German building and solar panel cleaning technology and equipment supplier.,,,f,
9e9a5337-ffdf-4811-8f45-1c5eb2b13deb,,Jiangsu Ltd,sales@lianstech.com,+86 028-37219672,,,,2026-07-08 13:56:27.539919+00,2026-07-08 15:37:37.303214+00,"Jiangsu Lians New Energy Technology Co., Ltd",,,,,,China,https://www.lianstech.com,,,"{Battery/Storage,China,""Solar PV""}",google,,{},Chinese manufacturer of new energy products including batteries and power equipment.,,,f,
9ecf7f1d-ffe5-4474-9d67-a2e2280e857d,,EverFlourish Ltd.,charlie@everflourish.com.cn,+86 574 8832 8248,,,,2026-07-08 13:56:05.615636+00,2026-07-08 15:37:37.303214+00,"EverFlourish Smart Technology Corp., Ltd.",,,,,,China,https://www.everflourish.com.cn/,,,"{Other,China}",google,,{},Chinese smart technology company producing power supply and electronics products.,,,f,
9ed0585b-db9e-4fc1-b8e3-bed4340358b4,,Guangdong Ltd.,kingtech@jingzhengkeji.com,+86 020-32033439,,,,2026-07-08 13:56:14.229223+00,2026-07-08 15:37:37.303214+00,"Guangdong Jingzheng Technology Co.,Ltd.",,,,,,China,https://www.jingzhengkeji.com,,,"{Other,China}",google,,{},Guangdong-based technology company; product line not verified.,,,f,
9ed4cb73-4c82-4a73-93aa-8ef7aec0b831,,Opusflow GmbH,info@opusflow.io,,,,,2026-07-08 13:56:46.946261+00,2026-07-08 15:37:37.303214+00,Opusflow GmbH,,,,,,Germany,https://opusflow.io/de/,,,"{Software,Germany,""EV Charging""}",google,,{},German software company focused on EV charging and energy management solutions.,,,f,
9eddc41f-7c6b-4c2b-acc9-f25168477b1e,,YM Ltd.,ymtech@goodymt.com,+82432126651,,,,2026-07-08 13:57:36.972231+00,2026-07-08 15:37:37.303214+00,"YM Tech Co., Ltd.",,,,,,China,https://www.goodymt.com,,,"{Other,China}",google,,{},Chinese manufacturer trading as goodymt.com; product category not verified.,,,f,
9f1f39ed-7f12-4111-a385-1ea3b3e688ff,,Winpin Ltd,sales@winpin.net,+86 769 82581808644,,,,2026-07-08 13:57:32.699833+00,2026-07-08 15:37:37.303214+00,"Winpin Electronics Technology Co.,Ltd",,,,,,China,https://www.winpin.net,,,"{Other,China}",google,,{},"Chinese electronics manufacturer, Winpin Electronics Technology Co.",,,f,
9f4c313e-5bfe-4b7e-8b74-2a8dcc35c9e4,,Kverneland AS,post@kvernelandenergi.no,+4751427000,,,,2026-07-08 13:56:33.519252+00,2026-07-08 15:37:37.303214+00,Kverneland Energi AS,,,,,,Norway,https://www.kvernelandenergi.no,,,"{EPC/Installer,Norway,""Solar PV""}",google,,{},Norwegian energy company installing renewable energy systems.,,,f,
9f7292ab-6180-4cb6-8a0d-ec9d7fea45b7,,Guangzhou Ltd,anern12@anern.com,+86 13560490839,,,,2026-07-08 13:56:15.260903+00,2026-07-08 15:37:37.303214+00,"Guangzhou Anern Energy Technology Co., Ltd",,,,Guangzhou,,China,https://www.anern.com,,,"{Other,China,Off-grid}",google,,{},Guangzhou-based manufacturer of solar street lights and off-grid solar systems.,,,f,
9f95db43-03cb-4da9-b7b6-bed1c5029c84,,German Hub,,+491738596681,,,,2026-07-08 13:56:11.238021+00,2026-07-08 15:37:37.303214+00,The German eMobility Hub,,,,,,Germany,,,,"{Association,Germany,""EV Charging""}",google,,{},German industry hub/network focused on electric mobility.,,,f,
9fb202ca-b039-4a06-b70b-a8721ec43c0b,,XING INC.,sales@xingmobility.com,+886973030010,,,,2026-07-08 13:57:35.918795+00,2026-07-08 15:37:37.303214+00,XING MOBILITY INC.,,,,,,Taiwan,,,,"{Battery/Storage,Taiwan,""EV Charging""}",google,,{},Taiwanese manufacturer of battery systems for electric vehicles.,,,f,
9fbff4c8-e890-48b8-89c1-c5d93b2edc87,,Bayerische AG,kabel@bayka.de,+499171806111,,,,2026-07-08 13:55:39.168937+00,2026-07-08 15:37:37.303214+00,Bayerische Kabelwerke AG,,,,,Bavaria,Germany,https://www.bayka.de,,,"{Cable/BOS,Germany}",google,,{},"German manufacturer of cables and wires, Bayerische Kabelwerke AG.",,,f,
9fde558f-8e3d-4824-83cd-8d6eeb19fbff,,S4 System,ylan.sabban@yahoo.fr,+33698393119,,,,2026-07-08 13:56:59.15051+00,2026-07-08 15:37:37.303214+00,S4 Mounting System,,,,,,France,https://www.s4mountingsystem.com,,,"{Mounting/Tracker,France,""Solar PV""}",google,,{},French supplier of solar panel mounting systems.,,,f,
9fe1ad38-e806-452f-b15d-cea1fddc6858,,Shenzhen Ltd.,eva@motoma.nl,+8618718862578,,,,2026-07-08 13:57:05.678511+00,2026-07-08 15:37:37.303214+00,"Shenzhen Motoma Power Co., Ltd.",,,,Shenzhen,,China,https://www.motoma.nl,,,"{Battery/Storage,China}",google,,{},"Shenzhen-based manufacturer of power/battery products, marketed via Dutch domain.",,,f,
a011b676-311f-4162-810b-a1679cce1b2a,,EVTEC GmbH,a.jochum@evtec.net,+4981712386876,,,,2026-07-08 13:56:06.073631+00,2026-07-08 15:37:37.303214+00,EVTEC GmbH,,,,,,Germany,https://www.evtec.net,,,"{Other,Germany,""EV Charging""}",google,,{},"German company, EVTEC GmbH, active in electric vehicle charging equipment.",,,f,
a050357c-387d-4390-8f9d-c75b923ca18e,,Formitek Ltd.,info@formitek.com,+86-755-36991759,,,,2026-07-08 13:56:08.277838+00,2026-07-08 15:37:37.303214+00,"Formitek Electric (Zhoushan) Co., Ltd.",,,,Zhoushan,,China,https://www.formitek.com,,,"{Cable/BOS,China}",google,,{},"Zhoushan-based electric component manufacturer, Formitek Electric.",,,f,
a0840beb-17f0-4187-b3f4-c77f190f2221,,Accuenergy Inc.,josh.mears@accuenergy.com,+14164974100,,,,2026-07-08 13:55:30.176197+00,2026-07-08 15:37:37.303214+00,Accuenergy (Canada) Inc.,,,,,,Canada,https://www.accuenergy.com/,,,"{Metering/Monitoring,Canada}",google,,{},Canadian manufacturer of energy metering and monitoring devices.,,,f,
a08e5a5f-4bbe-4c5e-8121-d5ee5aa6bd2b,,Teison Ltd,info@teison.com,+8618852550012,,,,2026-07-08 13:57:20.909405+00,2026-07-08 15:37:37.303214+00,"Teison Energy Technology Co., Ltd",,,,,,China,https://www.teison.com,,,"{Other,China,""EV Charging""}",google,,{},"Chinese company, Teison Energy Technology, active in EV charging/energy products.",,,f,
a0fcba70-a6cd-4353-871b-05cf01ef46f0,,Deftpower,laura.rousseau@deftpower.com,091725767807,,,,2026-07-08 13:55:52.072958+00,2026-07-08 15:37:37.303214+00,Deftpower,,,,,,Netherlands,https://www.deftpower.com,,,"{Software,Netherlands,""EV Charging""}",google,,{},Dutch software company providing smart EV charging solutions.,,,f,
a1126d75-80b1-46b4-b961-275a45fd7c92,,batterX GmbH,info@batterx.io,+4922178870740,,,,2026-07-08 13:55:38.943799+00,2026-07-08 15:37:37.303214+00,batterX GmbH,,,,,,Germany,https://www.batterx.io,,,"{Battery/Storage,Germany}",google,,{},"German company, batterX GmbH, focused on battery storage solutions.",,,f,
a13338a3-15dc-43ff-b3db-ac52e0609c0c,,Danpres A/S,danpres@danpres.dk,+4586952300,,,,2026-07-08 13:55:51.515841+00,2026-07-08 15:37:37.303214+00,Danpres A/S,,,,,,Denmark,https://www.danpres.dk,,,"{Mounting/Tracker,Denmark,""Solar PV""}",google,,{},"Danish supplier of solar panel mounting systems, Danpres A/S.",,,f,
a1449cf8-b9f3-46b9-a6b5-cb0465b4c93c,,Moshell Ltd,wangxinbei@chinamoshell.com,+860510-68825087,,,,2026-07-08 13:56:41.027682+00,2026-07-08 15:37:37.303214+00,"Moshell Group Co., Ltd",,,,,,China,https://www.chinamoshell.com/,,,"{Battery/Storage,China}",google,,{},"Chinese manufacturer, Moshell Group, producing batteries/power banks.",,,f,
a1676897-0829-4dfa-afc0-caa67c35a81b,,Chintiyan LTD,,+86 400-1635661,,,,2026-07-08 13:55:47.553056+00,2026-07-08 15:37:37.303214+00,"Chintiyan New Energy (Hubei) CO.,LTD",,,,Hubei,,China,https://www.chintiyanpower.com,,,"{""Module Mfr"",China,""Solar PV""}",google,,{},"Hubei-based Chinese new energy company, likely solar module manufacturing.",,,f,
a16e7d03-56f1-4035-9ec5-7347e5e47736,,SYD Ltd.,,+8607552899 2974,,,,2026-07-08 13:57:18.89346+00,2026-07-08 15:37:37.303214+00,"SYD Network Technology Co., Ltd.",,,,,,China,https://de.abokpower.com,,,"{Battery/Storage,China}",google,,{},Chinese network technology company marketing power stations via German domain.,,,f,
a1861c12-aa54-4656-9371-dadf00197e6a,,Fujian Ltd.,,,,,,2026-07-08 13:56:09.531964+00,2026-07-08 15:37:37.303214+00,"Fujian Huaqing Electronic Material Technology Co., Ltd.",,,,Fujian,,China,https://www.huaqingcn.com,,,"{Other,China}",google,,{},Fujian-based Chinese electronic materials manufacturer.,,,f,
a1ad146c-b34f-445f-9673-a4ff43503c90,,GCL Ltd.,gclsisales@gclsi.com,+86 0512-69832999,,,,2026-07-08 13:56:10.865218+00,2026-07-08 15:37:37.303214+00,"GCL System Integration Technology (Su Zhou) Co., Ltd.",,,,Suzhou,,China,https://en.gclsi.com,,,"{""Module Mfr"",China,""Solar PV""}",google,,{},"Suzhou-based subsidiary of GCL, manufacturing solar module system integration products.",,,f,
a1b33fd4-7cfe-444c-a6c1-b12974301ce4,,Elprom Industries,bborisova@elpromgroup.com,+359895714750,,,,2026-07-08 13:55:58.760435+00,2026-07-08 15:37:37.303214+00,Elprom Heavy Industries,,,,,,Bulgaria,https://www.elpromgroup.com/,,,"{Other,Bulgaria}",google,,{},"Heavy industry group producing transformers, motors and electrical equipment.",,,f,
a1e13df6-5721-4230-81df-457efd19228e,,CobraSol Gmbh,info@cobrasol.de,+4917672525393,,,,2026-07-08 13:55:48.75967+00,2026-07-08 15:37:37.303214+00,CobraSol Gmbh,,,,,,Germany,https://www.cobrasol.de,,,"{EPC/Installer,Germany,""Solar PV""}",google,,{},German solar PV installation and EPC company.,,,f,
a209b7fd-9663-4fc8-afb0-3724fb0280f4,,SUNTREE,support@chinasuntree.com,+86 18967793252,,,,2026-07-08 13:57:17.685142+00,2026-07-08 15:37:37.303214+00,SUNTREE,,,,,,China,https://www.chinasuntree.com,,,"{Mounting/Tracker,China,""Solar PV""}",google,,{},Chinese manufacturer of solar mounting and racking systems.,,,f,
a2455607-0985-4ab4-8b6d-c88d912f9f95,,inavitas,info@inavitas.com,+905425787784,,,,2026-07-08 13:56:23.374138+00,2026-07-08 15:37:37.303214+00,inavitas,,,,,,Turkey,https://www.inavitas.com,,,"{Software,Turkey,Grid}",google,,{},Turkish software provider for energy monitoring and smart grid management.,,,f,
a246bce3-b54f-4511-bb2b-84ac606d0ed0,,Pfannenberg GmbH,marketing@pfannenberg.com,+49 40 73412 132,,,,2026-07-08 13:56:48.917353+00,2026-07-08 15:37:37.303214+00,Pfannenberg Europe GmbH,,,,Hamburg,,Germany,https://www.pfannenberg.com,,,"{Other,Germany}",google,,{},German manufacturer of industrial enclosure cooling and climate control systems.,,,f,
a273b044-53e6-44eb-bfcc-afe5c41f053c,,in. GmbH,kontakt@inpower.de,+49 6131 696 57 0,,,,2026-07-08 13:56:23.330531+00,2026-07-08 15:37:37.303214+00,in.power Services GmbH,,,,,,Germany,https://www.inpower.de,,,"{EPC/Installer,Germany,""Solar PV""}",google,,{},German provider of PV installation and technical services.,,,f,
a2854a10-db90-4b65-b938-6125f21bea66,,Senseca,sales.padua@senseca.com,+39 049 8977150,,,,2026-07-08 13:57:01.604297+00,2026-07-08 15:37:37.303214+00,Senseca,,,,Padua,Veneto,Italy,https://environmental.senseca.com/,,,"{Metering/Monitoring,Italy}",google,,{},Italian manufacturer of environmental monitoring and sensor equipment.,,,f,
a2a6080e-2b67-496d-a444-97b7086c48cd,,AKKU GmbH,y.mueller@akkusys.de,+49 4101 854 75 616,,,,2026-07-08 13:55:32.079385+00,2026-07-08 15:37:37.303214+00,AKKU SYS Akkumulator- und Batterietechnik Nord GmbH,,,,,,Germany,https://www.akkusys.de,,,"{Battery/Storage,Germany}",google,,{},German manufacturer of batteries and accumulator technology.,,,f,
a2e65192-6fc4-4c25-b4e5-c3bb0e23334c,,Kirac Galvaniz,export@tck.com.tr,+90 224 384 15 36,,,,2026-07-08 13:56:32.048499+00,2026-07-08 15:37:37.303214+00,Kirac Galvaniz,,,,,,Turkey,https://www.tck.com.tr,,,"{Mounting/Tracker,Turkey}",google,,{},Turkish galvanizing company producing steel structures for solar mounting.,,,f,
a30815e9-f5af-4371-9f1b-1eba5f47656f,,KIELGO z,kontakt@kielgo.pl,+48500583255,,,,2026-07-08 13:56:31.771613+00,2026-07-08 15:37:37.303214+00,KIELGO Sp. z o.o.,,,,,,Poland,https://www.kielgo.pl,,,"{Mounting/Tracker,Poland,""Solar PV""}",google,,{},Polish manufacturer of solar mounting and carport structures.,,,f,
a316cea8-67e6-4124-a443-5f06fe7feff6,,BSW e.,info@bsw-solar.de,+49 30 29777880,,,,2026-07-08 13:55:43.858025+00,2026-07-08 15:37:37.303214+00,BSW – Bundesverband Solarwirtschaft e. V.,,,,Berlin,,Germany,https://www.solarwirtschaft.de,,,"{Association,Germany,""Solar PV""}",google,,{},German federal solar industry association (BSW-Solar).,,,f,
a33db62b-731d-46b6-ac23-53e36b578998,,MyGrid BV,jan@mygrid.energy,+32473692758,,,,2026-07-08 13:56:41.639761+00,2026-07-08 15:37:37.303214+00,MyGrid BV,,,,,,Netherlands,https://www.mygrid.energy/,,,"{Software,Netherlands,Grid}",google,,{},Dutch company providing energy management and smart grid software.,,,f,
a34b18df-5cac-43a2-b751-4321c83d92f2,,Guangdong Ltd.,business@mespalsolar.com,+86 400 0448399,,,,2026-07-08 13:56:14.380299+00,2026-07-08 15:37:37.303214+00,"Guangdong MesPal Technology Co.,Ltd.",,,,Guangdong,,China,https://www.mespalsolar.com/,,,"{Mounting/Tracker,China,""Solar PV""}",google,,{},Chinese manufacturer of solar mounting systems.,,,f,
a3513c67-1a56-40af-9fb0-f14d90e5c0f3,,Zhejiang Ltd.,ess-europe@wolong.com,8675526165980,,,,2026-07-08 13:57:39.606127+00,2026-07-08 15:37:37.303214+00,"Zhejiang Wolong Energy Storage System Co., Ltd.",,,,Zhejiang,,China,https://ess.wolong.com,,,"{Battery/Storage,China}",google,,{},Chinese manufacturer of energy storage system batteries.,,,f,
a3840561-6a76-448d-8eb5-12c1c9d1dc16,,Astronergy/ CHINT,marketing.astro@astronergy.com,+49 030-21456800,,,,2026-07-08 13:55:36.644087+00,2026-07-08 15:37:37.303214+00,Astronergy/ CHINT,,,,,,China,https://www.astronergy.com/,,,"{""Module Mfr"",China,""Solar PV""}",google,,{},"Chinese manufacturer of solar PV modules, part of CHINT group.",,,f,
a3885b4f-9dfa-4b28-bf9b-f187a6bea5c1,,WiseGlow GmbH,contacts@wiseglow.com,+49 91147733820,,,,2026-07-08 13:57:32.895191+00,2026-07-08 15:37:37.303214+00,WiseGlow Invest Germany GmbH,,,,,,Germany,https://wiseglow.com,,,"{Developer/IPP,Germany,""Solar PV""}",google,,{},German investment company developing renewable energy projects.,,,f,
a38d90ec-6450-48aa-aa20-d18d06b3bbd0,,LANGFANG TECHNOLOGY,wangxuyao@solbrighttech.com,19322466403,,,,2026-07-08 13:56:34.098961+00,2026-07-08 15:37:37.303214+00,LANGFANG SOL-BRIGHT NEW ENERGY TECHNOLOGY,,,,Langfang,Hebei,China,https://www.solbrighttech.com/,,,"{Mounting/Tracker,China,""Solar PV""}",google,,{},Chinese new energy technology company producing solar structures.,,,f,
a3a93146-5770-4c5e-aa89-65010f816cba,,Prysmian GmbH,kontakt@prysmian.com,+49 30 367540,,,,2026-07-08 13:56:52.55491+00,2026-07-08 15:37:37.303214+00,Prysmian Kabel und Systeme GmbH,,,,,,Germany,https://www.prysmian.de,,,"{Cable/BOS,Germany}",google,,{},German subsidiary of Prysmian producing cables and cable systems.,,,f,
a3d00994-72de-49bd-9744-a8c8947cbd60,,Woertz AG,direktion@woertz.ch,+41614663209,,,,2026-07-08 13:57:33.088264+00,2026-07-08 15:37:37.303214+00,Woertz AG,,,,,,Switzerland,https://www.woertz.ch,,,"{Cable/BOS,Switzerland}",google,,{},Swiss manufacturer of cable and connector systems.,,,f,
a3e025d0-08ca-462e-a0cd-842471320225,,CESI S.p.a.,events@kema.com,,,,,2026-07-08 13:55:46.246532+00,2026-07-08 15:37:37.303214+00,CESI S.p.a.,,,,Milan,,Italy,https://www.cesi.it/,,,"{Testing/Certification,Italy,Grid}",google,,{},"Italian company providing testing, certification and consulting for power systems.",,,f,
a426eb71-ddc3-4698-b3d2-d5637477f163,,BAYO. skid and carports,info@bayosystem.com,+420 771 133 441,,,,2026-07-08 13:55:39.799953+00,2026-07-08 15:37:37.303214+00,"BAYO.S screw foundations for BESS, skid and carports",,,,,,Germany,https://www.bayosystem.com,,,"{Mounting/Tracker,Germany,Storage}",google,,{},"Manufacturer of screw foundation systems for BESS, skids and carports.",,,f,
a442e129-39b1-4e11-b6a1-f1fd76066553,,Hukx Technology,info@hukx.com,+31 15 2142669,,,,2026-07-08 13:56:21.555975+00,2026-07-08 15:37:37.303214+00,Hukx Sensor Technology,,,,,,China,,,,"{Metering/Monitoring,China}",google,,{},Chinese sensor technology manufacturer.,,,f,
a4520e0d-e49a-4f9a-9306-88abbdeb7fbf,,BAE GmbH,info@bae-berlin.de,+4930530010,,,,2026-07-08 13:55:38.409302+00,2026-07-08 15:37:37.303214+00,BAE Batterien GmbH,,,,Berlin,,Germany,https://bae-berlin.de,,,"{Battery/Storage,Germany}",google,,{},German manufacturer of industrial batteries.,,,f,
a455fd2e-9eef-40f8-bb85-f0205ed79065,,GE4A Group,,,,,,2026-07-08 13:56:10.95321+00,2026-07-08 15:37:37.303214+00,GE4A Group,,,,,,Netherlands,,,,"{Other,""""}",google,,{},Company with no available website or contact details for classification.,,,f,
a497d0cc-079b-453e-add8-8042b96f0b44,,Adamczewski GmbH,info@ad-messtechnik.de,+497046875,,,,2026-07-08 13:55:30.486534+00,2026-07-08 15:37:37.303214+00,Adamczewski Elektronische Messtechnik GmbH,,,,,,Germany,https://www.adamczewski.com,,,"{Metering/Monitoring,Germany}",google,,{},German manufacturer of electronic measurement technology instruments.,,,f,
a4e04c6e-bf32-4fa9-8065-5b2a5581445b,,DifferPower Ltd.,,+4306765751146,,,,2026-07-08 13:55:53.316069+00,2026-07-08 15:37:37.303214+00,"DifferPower Innovation (ShenZhen) Technology Co., Ltd.",,,,Shenzhen,Guangdong,China,https://www.differpower.com,,,"{Battery/Storage,China}",google,,{},Chinese manufacturer of power electronics and energy storage products.,,,f,
a4e749d2-2daf-4b4f-9274-afff19e8892f,,Hanko Ltd.,ada@hankointl.com,+86 400-160-1566,,,,2026-07-08 13:56:16.971716+00,2026-07-08 15:37:37.303214+00,"Hanko International Trade Co., Ltd.",,,,,,China,https://www.hankointl.com,,,"{Distributor,China}",google,,{},International trading company distributing energy and electronics products.,,,f,
a5044813-732c-42b4-8bc5-41ae4c5544c0,,Fast Ltd,david@fast-sense.com,+447700169380,,,,2026-07-08 13:56:06.872411+00,2026-07-08 15:37:37.303214+00,Fast Sense Ltd,,,,,,Israel,https://www.fast-sense.com,,,"{Metering/Monitoring,Israel}",google,,{},Provider of sensing and monitoring technology solutions.,,,f,
a50efff4-7ce4-4246-a07a-0793531fec3f,,Berufsgenossenschaft Medienerzeugnisse,info@bgetem.de,+4922137780,,,,2026-07-08 13:55:41.488563+00,2026-07-08 15:37:37.303214+00,Berufsgenossenschaft Energie Textil Elektro Medienerzeugnisse,,,,Cologne,North Rhine-Westphalia,Germany,https://www.bgetem.de,,,"{Association,Germany}",google,,{},"German statutory accident insurance and prevention association for energy, textile and electrical sectors.",,,f,
a51274b1-16fd-4893-8eac-dcb796bb4f12,,NingBo Ltd.,sales@hongjie.zj.cn,86-574-88370847,,,,2026-07-08 13:56:43.557676+00,2026-07-08 15:37:37.303214+00,"NingBo HongJie Electronic Technology Co., Ltd.",,,,Ningbo,Zhejiang,China,https://www.hongjie.zj.cn,,,"{Cable/BOS,China}",google,,{},Chinese electronic components manufacturer supplying the energy industry.,,,f,
a51a8706-6248-4ef9-9c28-7798e4c3450d,,SolarEdge GmbH,efrat.e@solaredge.com,+491733564157,,,,2026-07-08 13:57:11.335114+00,2026-07-08 15:37:37.303214+00,SolarEdge Technologies GmbH,,,,Munich,Bavaria,Germany,https://www.solaredge.com/en,,,"{""Inverter Mfr"",Germany,""Solar PV""}",google,,{},"German subsidiary of SolarEdge, maker of solar inverters and power optimizers.",,,f,
a5373ad8-c510-4e38-b313-93a63c57e1ef,,Hengtong Ltd,ompd@htgd.com.cn,+86 512 63957797,,,,2026-07-08 13:56:18.392224+00,2026-07-08 15:37:37.303214+00,"Hengtong Optic-Electric Co.,Ltd",,,,Suzhou,Jiangsu,China,https://www.hengtonggroup.com/en,,,"{Cable/BOS,China}",google,,{},Chinese manufacturer of optical fiber and electric cables for energy infrastructure.,,,f,
a5920417-9947-48a6-b179-6071032265d2,,PROSOLAR BIRDS,prosolarbirds@prosolarbirds.com,+34938330936,,,,2026-07-08 13:56:52.421511+00,2026-07-08 15:37:37.303214+00,PROSOLAR BIRDS S.L,,,,,,Spain,https://www.prosolarbirds.com,,,"{Other,Spain,""Solar PV""}",google,,{},Spanish supplier of bird protection systems for solar power plants.,,,f,
a5b9377a-e7b3-4973-bc8e-2c90b784f3cc,,Brite Hellas,info@britesolar.com,+30 231 0321342,,,,2026-07-08 13:55:43.716404+00,2026-07-08 15:37:37.303214+00,Brite Hellas S.A.,,,,,,Greece,https://www.britesolar.com,,,"{""Module Mfr"",Greece,""Solar PV""}",google,,{},Greek manufacturer of solar photovoltaic modules.,,,f,
a5d77dca-ccce-40f6-92e0-685813b8bb0c,,Webdyn,priscillia.colleaux@webdyn.com,+33 139 042940,,,,2026-07-08 13:57:31.042796+00,2026-07-08 15:37:37.303214+00,Webdyn,,,,Trappes,,France,https://www.webdyn.com,,,"{Metering/Monitoring,France}",google,,{},French provider of IoT M2M remote monitoring solutions for energy assets.,,,f,
a5dc1e8b-2ba8-4f5c-be04-f3ba72c7d9d6,,PHENOGY AG,hello.ch@phenogy.com,+41414854085,,,,2026-07-08 13:56:49.178605+00,2026-07-08 15:37:37.303214+00,PHENOGY AG,,,,,,Switzerland,https://www.phenogy.com,,,"{Battery/Storage,Switzerland}",google,,{},Swiss company developing thermal energy storage technology.,,,f,
a61d7693-6621-43f1-af1f-550926470abb,,TechniSat GmbH,info@technisat.de,+496592712600,,,,2026-07-08 13:57:20.491049+00,2026-07-08 15:37:37.303214+00,TechniSat Digital GmbH,,,,Daun,Rhineland-Palatinate,Germany,https://www.technisat.de,,,"{Metering/Monitoring,Germany}",google,,{},German manufacturer of digital electronics including smart metering and satellite equipment.,,,f,
a651e8fb-cfdf-458f-9125-fc88aab26181,,Shenzhen Ltd,,+86 0755-83835280,,,,2026-07-08 13:57:07.316339+00,2026-07-08 15:37:37.303214+00,"Shenzhen Yunji Intellligent Technology Co.,Ltd",,,,Shenzhen,Guangdong,China,https://eu.oukitel.com,,,"{Battery/Storage,China}",google,,{},Chinese manufacturer of portable power stations and batteries (Oukitel).,,,f,
a6567d1a-7593-4409-802c-1430b6b940e7,,Sunwave Ltd,today610@naver.com,+82448672565,,,,2026-07-08 13:57:17.824651+00,2026-07-08 15:37:37.303214+00,"Sunwave Co.,Ltd",,,,,,South Korea,,,,"{Other,""South Korea""}",google,,{},South Korean company in the energy trading sector; limited public information.,,,f,
a660caa3-d41f-45ed-baf9-b8fa72a32034,,Shenzhen Ltd.,info@sosen-eu.com,+86-36 19 011 013,,,,2026-07-08 13:57:06.634734+00,2026-07-08 15:37:37.303214+00,"Shenzhen Sosen Innovation Technology Co., Ltd.",,,,Shenzhen,Guangdong,China,https://www.sosen-eu.com,,,"{""Inverter Mfr"",China}",google,,{},Chinese manufacturer of inverters and power conversion equipment for EU market.,,,f,
a66871b2-ceec-489a-bda5-477c5d90cb46,,Energy GmbH,info@energy-depot.eu,+4975319452490,,,,2026-07-08 13:56:00.724612+00,2026-07-08 15:37:37.303214+00,Energy Depot EU GmbH,,,,,,Switzerland,https://www.energydepot.ch,,,"{Battery/Storage,Switzerland}",google,,{},Swiss/German company trading energy storage products.,,,f,
a66eae8c-9165-41a5-a99b-80ad2b0445f3,,Sigenergy Technology,info.nl@sigenergy.com,+31 970 1026 5231,,,,2026-07-08 13:57:08.373515+00,2026-07-08 15:37:37.303214+00,Sigenergy Technology B.V.,,,,,,Netherlands,https://www.sigenergy.com/en,,,"{Battery/Storage,Netherlands,""Solar PV""}",google,,{},"Dutch entity of Sigenergy, maker of hybrid inverters and residential battery storage.",,,f,
a6898208-9680-43a3-bd8b-073f95dc49df,,Telelink EAD,infra.office@telelinkinfra.com,+35929704545,,,,2026-07-08 13:57:20.997772+00,2026-07-08 15:37:37.303214+00,Telelink Infra Services EAD,,,,Sofia,,Bulgaria,https://www.telelinkinfra.com,,,"{EPC/Installer,Bulgaria}",google,,{},Bulgarian provider of telecom and energy infrastructure services.,,,f,
a69f6e10-cb2b-417a-85e5-6180c9c6fd4d,,QUADRA GmbH,info@quadra-energy.com,+49 211 960690 0,,,,2026-07-08 13:56:54.242347+00,2026-07-08 15:37:37.303214+00,QUADRA Energy GmbH,,,,,,Germany,https://www.quadra-energy.com,,,"{Developer/IPP,Germany}",google,,{},German developer of renewable energy projects.,,,f,
a6cb7df6-ef35-447e-8c93-9eba7eebb1e5,,Stadtwerke AG,direktvermarktung@wvv.de,0931 36-1155,,,,2026-07-08 13:57:15.141668+00,2026-07-08 15:37:37.303214+00,Stadtwerke Würzburg AG,,,,Würzburg,Bavaria,Germany,https://www.wvv.de/business,,,"{Utility,Germany}",google,,{},German municipal utility company providing energy services.,,,f,
a6d90406-915b-4a30-82c7-76f677f7a786,,SOLTOP GmbH,info@soltop-energie.eu,+49 8385 27899 0,,,,2026-07-08 13:57:13.707851+00,2026-07-08 15:37:37.303214+00,SOLTOP Energie GmbH,,,,,,Germany,https://www.soltop-energie.eu,,,"{EPC/Installer,Germany,""Solar PV""}",google,,{},German solar energy installation and services company.,,,f,
a71d11de-cc46-48d6-bd2a-dee5f59754dd,,Statkraft AS,events@statkraft.com,+4791106057,,,,2026-07-08 13:57:15.430977+00,2026-07-08 15:37:37.303214+00,Statkraft AS,,,,Oslo,,Norway,https://www.statkraft.com/,,,"{Developer/IPP,Norway,Utility-scale}",google,,{},"Norwegian renewable energy company operating hydropower, wind and solar plants.",,,f,
a721f3ca-fb22-45c0-9df1-54818aa11a4a,,CORNEX LTD,sales@cn-ne.cn,+86-712-2595555,,,,2026-07-08 13:55:50.303246+00,2026-07-08 15:37:37.303214+00,"CORNEX NEW ENERGY CO.,LTD",,,,,,China,https://www.cn-ne.cn/,,,"{Battery/Storage,China}",google,,{},Chinese new energy company manufacturing batteries and related equipment.,,,f,
a72ad6e8-6e16-4e7e-b63f-7fa28f8e4c6c,,JY Frames,sales.jyled@gmail.com,+88665930785,,,,2026-07-08 13:56:30.59397+00,2026-07-08 15:37:37.303214+00,JY Aluminum Solar Frames,,,,,,China,https://www.jingyuansolarframes.com/en,,,"{Mounting/Tracker,China,""Solar PV""}",google,,{},Chinese manufacturer of aluminum solar panel frames.,,,f,
a73fb42c-f439-4c83-8739-f101e2ec3427,,Norvento TECHnPower,norvento@norvento.com,+34 982 227889,,,,2026-07-08 13:56:44.370311+00,2026-07-08 15:37:37.303214+00,Norvento TECHnPower,,,,Lugo,Galicia,Spain,https://www.norvento.com/en/norvento-technpower/,,,"{""Inverter Mfr"",Spain,Wind}",google,,{},"Spanish power electronics division of Norvento, a renewable energy technology group.",,,f,
a7565e35-ac9d-41ed-ae6d-bf8b5fe6b155,,electricar,kontakt@cda-verlag.com,+436707773300,,,,2026-07-08 13:55:58.094638+00,2026-07-08 15:37:37.303214+00,electricar,,,,,,Germany,https://www.electricar-magazin.de,,,"{Other,Germany}",google,,{},German-language e-mobility and electric vehicle magazine publisher.,,,f,
a75ff1d2-4f35-410a-a62c-064eaefb48cc,,Guangdong Ltd.,sales@szbely.com,+86769-85600021,,,,2026-07-08 13:56:14.012152+00,2026-07-08 15:37:37.303214+00,"Guangdong Bely Energy Technology Co., Ltd.",,,,Shenzhen,Guangdong,China,https://www.belybattery.com,,,"{Battery/Storage,China,Storage}",google,,{},Manufactures lithium battery packs for energy storage applications.,,,f,
a7809a6e-09af-428a-b6cd-f660956d9981,,MK Ltd.,,+86 0755-86546690,,,,2026-07-08 13:56:40.241586+00,2026-07-08 15:37:37.303214+00,"MK Lithium Energy (Guangdong) Co., Ltd.",,,,,Guangdong,China,https://mk-lithium.com/,,,"{Battery/Storage,China,Storage}",google,,{},Manufactures lithium battery cells and packs.,,,f,
a7d4a3fd-3850-4025-ac68-0cbfb52fd232,,Ecoprogetti Srl,info@ecoprogetti.com,+39 049 7444900,,,,2026-07-08 13:55:56.845082+00,2026-07-08 15:37:37.303214+00,Ecoprogetti Srl,,,,,,Italy,https://www.ecoprogetti.com,,,"{Other,Italy,""Solar PV""}",google,,{},Manufactures automated production equipment and machinery for solar module assembly lines.,,,f,
a7fcfe16-5bd2-49fe-b0dc-ddcb3985a37a,,MARS TASIMACILIGI,info@marslogistics.com,+902124114444,,,,2026-07-08 13:56:37.763634+00,2026-07-08 15:37:37.303214+00,MARS HAVA VE DENIZ KARGO TASIMACILIGI A.S.,,,,,,Turkey,https://www.marslogistics.com,,,"{Other,Turkey}",google,,{},Air and sea freight logistics and cargo transportation company.,,,f,
a811f6f6-99f5-41eb-a5f7-b449643e80d6,,Sika,,+41 58 4365801,,,,2026-07-08 13:57:08.464201+00,2026-07-08 15:37:37.303214+00,Sika,,,,Baar,,Switzerland,https://www.sika.com/en/construction/roof-systems/solar-roofs.html,,,"{Other,Switzerland,""Solar PV""}",google,,{},Global construction chemicals company offering roofing systems including solar roof solutions.,,,f,
a816ae2c-2fde-4c63-887a-438f4ae535d0,,QSUN Ltd,info@q-sunsolar.com,+86-0550-2391617,,,,2026-07-08 13:56:54.197771+00,2026-07-08 15:37:37.303214+00,"QSUN SOLAR (Jiangsu) Co., Ltd",,,,,Jiangsu,China,https://www.q-sunsolar.com,,,"{""Module Mfr"",China,""Solar PV""}",google,,{},Manufactures photovoltaic solar modules.,,,f,
a85a80b4-e2ba-4688-955b-511a9adbfdbd,,LORENZ-Montagesysteme GmbH,info@lorenz-ms.de,+49 2234 933090,,,,2026-07-08 13:56:36.253828+00,2026-07-08 15:37:37.303214+00,LORENZ-Montagesysteme GmbH,,,,,,Germany,https://www.lorenz-ms.de,,,"{Mounting/Tracker,Germany,""Solar PV""}",google,,{},Manufactures mounting and racking systems for solar PV installations.,,,f,
a86f7f9b-565f-48c3-85b9-62c4f5a2117f,,PremiumCAD LLP,ajay.g@premiumcad.com,+919910398768,,,,2026-07-08 13:56:51.857981+00,2026-07-08 15:37:37.303214+00,PremiumCAD Solar LLP,,,,,,India,https://www.premiumcad.com,,,"{Software,India,""Solar PV""}",google,,{},Provides CAD design and engineering services for solar projects.,,,f,
a8889f3b-2d60-4d83-9adf-e7c1591850dc,,Search4solar,sales@search4solar.com,+31619589810,,,,2026-07-08 13:57:01.043215+00,2026-07-08 15:37:37.303214+00,Search4solar,,,,,,United Kingdom,https://search4solar.com,,,"{Distributor,""United Kingdom"",""Solar PV""}",google,,{},Online marketplace and directory connecting buyers with solar equipment suppliers.,,,f,
a88da763-a7b0-4300-b7c0-fd51b3a44d42,,Zhejiang Ltd.,daniel@kingaut.com,+8657488407861,,,,2026-07-08 13:57:39.061011+00,2026-07-08 15:37:37.303214+00,Zhejiang Kingaut Intelligent Drive Technology Co. Ltd.,,,,,Zhejiang,China,https://www.kingautdrive.com,,,"{Mounting/Tracker,China}",google,,{},Develops intelligent tracker drive systems and automation technology.,,,f,
a8d555e3-b09d-472e-b0d8-f5a7a1c55093,,International AD,info@ips-group.net,+359 2 4265410,,,,2026-07-08 13:56:24.696464+00,2026-07-08 15:37:37.303214+00,International Power Supply AD,,,,,,Bulgaria,https://www.exeron.com,,,"{Other,Bulgaria}",google,,{},Manufactures power supply and power electronics equipment.,,,f,
a8eee05a-a746-41ad-bb3a-1a022009e81b,,Hubject GmbH,info@hubject.com,+493058708890,,,,2026-07-08 13:56:21.097414+00,2026-07-08 15:37:37.303214+00,Hubject GmbH,,,,Berlin,,Germany,https://www.hubject.com/,,,"{Software,Germany,""EV Charging""}",google,,{},Operates a global roaming platform connecting EV charging networks.,,,f,
a9075e99-a89f-48de-a5aa-3d48a5d76e1b,,Hanshow GmbH,,,,,,2026-07-08 13:56:17.017526+00,2026-07-08 15:37:37.303214+00,Hanshow Germany GmbH,,,,,,Germany,https://www.hanshow.com/en/digital-energy,,,"{Other,Germany}",google,,{},Provides digital energy and electronic display/labeling technology solutions.,,,f,
a90c01a7-ad91-4aa2-ab68-c8bf55159c6f,,nihito gmbh,info@nihito.io,+41762917832,,,,2026-07-08 13:56:43.284017+00,2026-07-08 15:37:37.303214+00,nihito gmbh,,,,,,Germany,https://www.nihito.io,,,"{Software,Germany}",google,,{},Technology company offering digital software solutions.,,,f,
a913cc4e-2a7d-476b-96ac-728794e12894,,Factiun,mkt.fs@factiun.com,+34688783712,,,,2026-07-08 13:56:06.559372+00,2026-07-08 15:37:37.303214+00,Factiun,,,,,,Spain,https://www.factiun.com,,,"{Financing,Spain}",google,,{},Provides financial services related to invoice factoring.,,,f,
a916f8a2-9e4b-4ba3-b328-8f61f896d995,,Suzhou Ltd.,info@cnhuntec.com,+86-0512-65577928,,,,2026-07-08 13:57:18.305607+00,2026-07-08 15:37:37.303214+00,"Suzhou Huntec International Trading Co.,Ltd.",,,,Suzhou,Jiangsu,China,https://www.chikuconatct.com,,,"{Distributor,China}",google,,{},International trading company exporting industrial and electronics products.,,,f,
a929471b-fd39-4592-a24e-e36b823b25d4,,KNIPEX-Werk KG,info@knipex.de,+49202-47940,,,,2026-07-08 13:56:32.443411+00,2026-07-08 15:37:37.303214+00,KNIPEX-Werk C. Gustav Putsch KG,,,,Wuppertal,,Germany,,,,"{Other,Germany}",google,,{},Manufactures precision hand tools including pliers used in electrical/solar installation.,,,f,
a92f83ca-df76-4c7d-aac5-eb8a9374bbe0,,Hauber GmbH,info@hg-electronics.de,+497144339050,,,,2026-07-08 13:56:17.461422+00,2026-07-08 15:37:37.303214+00,Hauber &amp; Graf Electronics GmbH,,,,,,Germany,https://www.hg-electronics.de,,,"{Other,Germany}",google,,{},Electronics manufacturing and engineering company.,,,f,
a94e5f17-2917-4f58-a611-4579b4bf77d9,,GermanSolar Ltd.,melody.cheng@germansolarasia.com,+886926930749,,,,2026-07-08 13:56:11.284413+00,2026-07-08 15:37:37.303214+00,"GermanSolar Asia Co., Ltd.",,,,,,Taiwan,https://www.germansolarasia.com/tw-about.php,,,"{Distributor,Taiwan,""Solar PV""}",google,,{},Distributes German solar PV products and technology in Asia.,,,f,
a980ef0f-f06f-4d2b-915e-dfa4ab21ec63,,BLS GmbH,info@bls-lasertechnology.de,+4915227069271,,,,2026-07-08 13:55:42.580511+00,2026-07-08 15:37:37.303214+00,BLS Lasertechnology GmbH,,,,,,Germany,https://www.bls-lasertechnology.de,,,"{Other,Germany}",google,,{},Provides laser marking and laser processing technology equipment.,,,f,
a99e1406-b1db-4ddc-9228-31a75ded7dbd,,TokWise,krasimir@tokwise.com,+359898668464,,,,2026-07-08 13:57:22.867249+00,2026-07-08 15:37:37.303214+00,TokWise,,,,,,Bulgaria,https://www.tokwise.com,,,"{Software,Bulgaria}",google,,{},Technology company providing software solutions.,,,f,
a9a472fe-23fe-44ff-bc27-cb2be00a2ba1,,SIMTEL SA,ana-maria.mihailescu@simtel.ro,+40747079250,,,,2026-07-08 13:57:08.510533+00,2026-07-08 15:37:37.303214+00,SIMTEL TEAM SA,,,,,,Romania,https://www.simtel.ro,,,"{Distributor,Romania}",google,,{},Distributes electrical and technical equipment in Romania.,,,f,
a9b2e7e7-befb-4ab8-a6c9-9909748960c9,,Circunomics,hello@circunomics.com,,,,,2026-07-08 13:55:47.836734+00,2026-07-08 15:37:37.303214+00,Circunomics,,,,,,Germany,https://www.circunomics.com,,,"{Battery/Storage,Germany,Storage}",google,,{},Focuses on circular economy solutions and second-life battery recycling.,,,f,
a9e09891-8673-4378-8c9e-765e848e4677,,Wirtschaftsförderung GmbH,info@wfs.saxony.de,+49 351 21380,,,,2026-07-08 13:57:32.8463+00,2026-07-08 15:37:37.303214+00,Wirtschaftsförderung Sachsen GmbH,,,,Dresden,Saxony,Germany,https://www.standort-sachsen.de,,,"{Association,Germany}",google,,{},"Regional economic development agency promoting investment in Saxony, Germany.",,,f,
aa053f3d-fe30-446c-a851-076cc205111e,,Danfoss GmbH,cs@danfoss.de,+49 69 89020,,,,2026-07-08 13:55:51.419139+00,2026-07-08 15:37:37.303214+00,Danfoss GmbH,,,,,,Germany,https://www.danfoss.com,,,"{""Inverter Mfr"",Germany}",google,,{},"Manufactures power electronics, drives and heat exchangers including solar inverters.",,,f,
aa063241-ccfd-4ebc-9e34-14c99af0bcf9,,Energy Expo,keyenergy@iegexpo.it,+390541744111,,,,2026-07-08 13:56:01.179451+00,2026-07-08 15:37:37.303214+00,KEY - The Energy Transition Expo,,,,,,Italy,https://www.key-expo.com/en,,,"{Association,Italy}",google,,{},Organizes the KEY energy transition trade expo.,,,f,
aa103db6-284f-48eb-b423-4d4d06022099,,Ekos Electric,atacan.guray@ekoselectric.com,+905396668992,,,,2026-07-08 13:55:57.800015+00,2026-07-08 15:37:37.303214+00,Ekos Electric,,,,,,Turkey,https://www.ekoselectric.com/en/,,,"{Other,Turkey,""EV Charging""}",google,,{},Manufactures EV charging cables and connectors.,,,f,
aa16cc6f-e877-418e-aa45-d7d69b227edf,,AKTIF GmbH,vertrieb@aktif.energy,+49 3573 36318600,,,,2026-07-08 13:55:32.128516+00,2026-07-08 15:37:37.303214+00,AKTIF Technology GmbH,,,,,,Germany,https://www.aktif.energy,,,"{Software,Germany,Grid}",google,,{},Provides energy management and grid technology software.,,,f,
aa58996c-f801-44d8-be43-d2583ec970c0,,SPIE GmbH,klara.thomas@spie.com,+49 175 110 3969,,,,2026-07-08 13:57:14.678141+00,2026-07-08 15:37:37.303214+00,SPIE SAG GmbH,,,,,,Germany,https://www.spie.de/netzanschluss-erneuerbarer-energien,,,"{EPC/Installer,Germany,Grid}",google,,{},Provides grid connection services for renewable energy plants.,,,f,
aa7d2597-80ca-4d33-897e-3ef5f153fdba,,Reca Solar,office@reca-solar.com,+489135094 38,,,,2026-07-08 13:56:55.742371+00,2026-07-08 15:37:37.303214+00,Reca Solar,,,,,,Germany,https://reca-solar.com,,,"{EPC/Installer,Germany,""Solar PV""}",google,,{},Solar installation and EPC services provider.,,,f,
aa871fa1-14a4-496c-9d6d-c5ff0d16fc1a,,Payter BV,info@payter.nl,+31 6 10942513,,,,2026-07-08 13:56:48.243355+00,2026-07-08 15:37:37.303214+00,Payter BV,,,,,,Netherlands,https://www.payter.com,,,"{Other,Netherlands,""EV Charging""}",google,,{},Provides payment terminals for EV charging stations.,,,f,
aa9194fc-a773-428e-930b-2dda9c17f31e,,CHENGDU LTD.,info@ecosentec.com,+86 13688147831,,,,2026-07-08 13:55:47.327511+00,2026-07-08 15:37:37.303214+00,"CHENGDU SENTEC TECHNOLOGY CO., LTD.",,,,Chengdu,,China,https://www.ecosentec.com,,,"{Metering/Monitoring,China}",google,,{},Manufactures smart metering and energy monitoring technology.,,,f,
aa95691c-de6e-4707-aa5d-b962b1e9f1c6,,Arctech Ltd,sales@arctechsolar.com,86-512-57353472,,,,2026-07-08 13:55:35.862539+00,2026-07-08 15:37:37.303214+00,"Arctech Solar Holding Co., Ltd",,,,,,China,https://www.arctechsolar.com/,,,"{Mounting/Tracker,China,Utility-scale}",google,,{},Manufactures solar tracker and mounting systems.,,,f,
aac7234d-fa70-40a1-9dbb-a59b9a34965f,,Shenzhen Ltd,,,,,,2026-07-08 13:57:04.979266+00,2026-07-08 15:37:37.303214+00,"Shenzhen HNergy Co., Ltd",,,,Shenzhen,,China,https://www.hnergy.com,,,"{Other,China}",google,,{},Shenzhen-based energy technology company.,,,f,
aad1731f-10e0-4d6c-af1f-9f99ee97a0b7,,BayWa GmbH,operation-services@baywa-re.com,+49 89 383932-0,,,,2026-07-08 13:55:40.10486+00,2026-07-08 15:37:37.303214+00,BayWa r.e. Operation Services GmbH,,,,,,Germany,https://www.baywa-re.com,,,"{EPC/Installer,Germany,""Solar PV""}",google,,{},Provides operation and maintenance services for renewable energy plants.,,,f,
aadb3e68-6257-4e47-b36d-6caa5f7e0dbb,,BA Ltd.,info@babm.co.kr,+82625711062,,,,2026-07-08 13:55:38.172669+00,2026-07-08 15:37:37.303214+00,"BA Energy Co.,Ltd.",,,,,,South Korea,https://english.baenergy.co.kr/,,,"{Other,""South Korea""}",google,,{},South Korean energy company.,,,f,
aae25e84-a422-4d6c-9758-e33b980adb61,,Citel GmbH,info@citel.de,+49 2327 6057 0,,,,2026-07-08 13:55:47.876302+00,2026-07-08 15:37:37.303214+00,Citel Electronics GmbH,,,,,,Germany,https://citel.de,,,"{Cable/BOS,Germany}",google,,{},Manufactures surge protection devices and electronic components.,,,f,
aaeeedc3-0091-4b67-84c4-d705f87d2d9a,,JIANGSU LTD,rdlee4@gmail.com,02552255511,,,,2026-07-08 13:56:27.175532+00,2026-07-08 15:37:37.303214+00,"JIANGSU GUONING POWER CABLE CO.,LTD",,,,,,China,https://www.guoningcable.com/,,,"{Cable/BOS,China}",google,,{},Manufactures power cables.,,,f,
aafa1f84-e3fe-44a8-ae27-9cc1fdb9aca4,,SKE GmbH,hannah.eder@ske-solar.at,+436649190928,,,,2026-07-08 13:57:08.935799+00,2026-07-08 15:37:37.303214+00,SKE Engineering GmbH,,,,,,Austria,https://www.ske-solar.com,,,"{EPC/Installer,Austria,""Solar PV""}",google,,{},Provides solar engineering and EPC services.,,,f,
ab0117e4-dcbb-4759-8d6f-7cad4600e2d5,,Reduxi GmbH,dach@reduxi.eu,+436763618951,,,,2026-07-08 13:56:55.783625+00,2026-07-08 15:37:37.303214+00,Reduxi DACH GmbH,,,,,,Germany,https://www.reduxi.eu,,,"{Other,Germany,""EV Charging""}",google,,{},Provides EV charging infrastructure solutions.,,,f,
ab029ea7-4d5e-401c-b924-d155853a8e48,,Fujian Ltd,longkingfengchaosc@longking.com.cn,+86-597-3097660,,,,2026-07-08 13:56:09.580145+00,2026-07-08 15:37:37.303214+00,"Fujian Longking Svolt Energy Storage Technology Co.,Ltd",,,,,,China,https://www.longking.com.cn/en,,,"{Battery/Storage,China}",google,,{},Manufactures energy storage battery systems.,,,f,
ab394d69-18e7-4a8b-9fb5-a9ee614605a5,,Infypower GmbH,contact@infypower.com,+4917632241037,,,,2026-07-08 13:56:23.734775+00,2026-07-08 15:37:37.303214+00,Infypower Electric GmbH,,,,,,Germany,https://www.infypower.com,,,"{""Inverter Mfr"",Germany}",google,,{},Manufactures power electronics and inverters.,,,f,
ab413ec3-cff0-4f6e-801b-58b817553e1c,,Anand Limited,manav@anandebeam.com,+918469500548,,,,2026-07-08 13:55:33.934636+00,2026-07-08 15:37:37.303214+00,Anand E-Beam Cables India Limited,,,,,,India,https://www.anandebeam.com,,,"{Cable/BOS,India}",google,,{},Manufactures e-beam cross-linked cables.,,,f,
ab4581cc-77af-4714-9b69-d5c76ed49225,,Suzhou LTD,orange.xu@szyhcable.com,0512-80838799,,,,2026-07-08 13:57:18.710448+00,2026-07-08 15:37:37.303214+00,"Suzhou Yonghao Cable Co., LTD",,,,Suzhou,,China,https://www.yonghao-cn.com,,,"{Cable/BOS,China}",google,,{},Manufactures electrical cables.,,,f,
ab4a912d-839d-44b5-b8d9-4e41b7fd114f,,HUTH GmbH,info@huth.org,+49224148630,,,,2026-07-08 13:56:21.883671+00,2026-07-08 15:37:37.303214+00,HUTH Elektronik Systeme GmbH,,,,,,Germany,https://www.huth-elektronik.de,,,"{Cable/BOS,Germany}",google,,{},Manufactures electronic connectors and components.,,,f,
ab618c16-8aec-4605-bc6d-e7a411065a2d,,Digital Solutions,customer@digitalchargingsolutions.com,+493083799779,,,,2026-07-08 13:55:53.359239+00,2026-07-08 15:37:37.303214+00,Digital Charging Solutions,,,,,,Germany,https://digitalchargingsolutions.com,,,"{Software,Germany,""EV Charging""}",google,,{},Provides digital EV charging software solutions.,,,f,
ab6dbee7-db77-4bb7-a1e4-5791b0c5d486,,EEnovance z,tuo@eenovance.com,+8615271811108,,,,2026-07-08 13:55:57.129365+00,2026-07-08 15:37:37.303214+00,EEnovance Poland Sp. z o.o,,,,,,Poland,https://www.eenovance.com,,,"{EPC/Installer,Poland,""Solar PV""}",google,,{},Provides solar energy installation and services.,,,f,
ab8c078d-13cc-4e68-bee5-5889e425b04d,,Smart-Red GmbH,info@smartred.de,+497348 9870510,,,,2026-07-08 13:57:09.737234+00,2026-07-08 15:37:37.303214+00,Smart-Red GmbH,,,,,,Germany,https://www.smartred.de,,,"{Other,Germany,""EV Charging""}",google,,{},Provides EV charging solutions.,,,f,
ab8e444b-b7e9-4cbd-9ca5-2c5a44f62570,,Bergstrom Inc.,energystoragethermalmanagement@bergstrominc.com,+1 815 8747821,,,,2026-07-08 13:55:41.446054+00,2026-07-08 15:37:37.303214+00,Bergstrom Inc.,,,,,,United States,https://us.bergstrominc.com/battery-energy-storage-thermal-management-system/,,,"{Battery/Storage,""United States"",""EV Charging""}",google,,{},Manufactures battery thermal management systems for energy storage.,,,f,
ab923fa0-4330-4910-8c96-747cb8246a8d,,Yizheng Ltd,info@yizheng.engley.net,+86 51489371198,,,,2026-07-08 13:57:36.927232+00,2026-07-08 15:37:37.303214+00,"Yizheng Honghan Engley Technology Co.,Ltd",,,,Yizheng,Jiangsu,China,https://cness.engley.com,,,"{Cable/BOS,China}",google,,{},Chinese manufacturer of cables and electrical components for energy systems.,,,f,
aba0b356-6ddd-40ae-bae6-1a8a3990802b,,embee GmbH,falko.waehner@profilioenergy.de,+491783249319,,,,2026-07-08 13:55:59.159116+00,2026-07-08 15:37:37.303214+00,embee GmbH,,,,,,Germany,https://www.profilioenergy.de,,,"{Software,Germany,""Solar PV""}",google,,{},German provider of PV asset and portfolio management software.,,,f,
abaf2eda-1ffd-492a-a409-8733917c9064,,Phage OÜ,anzhelika.kravchenko@phage.energy,+37254277177,,,,2026-07-08 13:56:49.001675+00,2026-07-08 15:37:37.303214+00,Phage Technologies OÜ,,,,,,Estonia,https://phage.energy/,,,"{Battery/Storage,Estonia}",google,,{},Estonian company developing battery/energy storage technology.,,,f,
abb9df93-e6d7-4212-a8c6-4e966ec7ce9c,,Over AS,trygve@overeasy.no,+4799228200,,,,2026-07-08 13:56:47.658075+00,2026-07-08 15:37:37.303214+00,Over Easy Solar AS,,,,,,Norway,https://www.overeasy.no,,,"{""Module Mfr"",Norway,""Solar PV""}",google,,{},Norwegian manufacturer of floating solar PV module systems.,,,f,
abc1dd0b-f75a-452d-b9bd-e24e0fc73ed5,,Sociedad de Asturias,joseramonnc@asturex.org,+34985269002,,,,2026-07-08 13:57:10.407922+00,2026-07-08 15:37:37.303214+00,Sociedad de Promocion Exterior Principado de Asturias (ASTUREX),,,,,Asturias,Spain,https://www.asturex.org,,,"{Association,Spain}",google,,{},"Regional trade and investment promotion agency for Asturias, Spain.",,,f,
abc82ceb-125b-4096-98c8-1fddf597551c,,ZheJiang Ltd.,sales@cardiffcable.cn,4008218920,,,,2026-07-08 13:57:38.229068+00,2026-07-08 15:37:37.303214+00,ZheJiang Cardiff Cable Co. Ltd.,,,,,Zhejiang,China,https://www.cardiffcable.com,,,"{Cable/BOS,China}",google,,{},Chinese manufacturer of electrical cables including solar cable products.,,,f,
abe98e7a-eb19-4787-814b-97bad81b3b2f,,Shenzhen Ltd.,info@kstar.com,+86-755-21389008,,,,2026-07-08 13:57:05.360711+00,2026-07-08 15:37:37.303214+00,"Shenzhen KSTAR New Energy Co., Ltd.",,,,Shenzhen,Guangdong,China,https://www.kstarnewenergy.com/,,,"{""Inverter Mfr"",China,""Solar PV""}",google,,{},Chinese manufacturer of solar inverters and new energy power products.,,,f,
abed44ce-c1cf-4bee-bf34-02a0fc4be0cf,,ACCURE GmbH,info@accure.net,+49 111 111111,,,,2026-07-08 13:55:30.283904+00,2026-07-08 15:37:37.303214+00,ACCURE Battery Intelligence GmbH,,,,Aachen,North Rhine-Westphalia,Germany,https://www.accure.net,,,"{Software,Germany,Storage}",google,,{},German provider of battery analytics and intelligence software.,,,f,
ac1ecf02-3569-41b3-9ec2-a27927ca05d0,,Coresun Ltd.,sales@coresundrive.com,+8651988900526,,,,2026-07-08 13:55:50.258359+00,2026-07-08 15:37:37.303214+00,"Coresun Drive Equipment Changzhou Co.,Ltd.",,,,Changzhou,Jiangsu,China,https://www.coresundrive.com,,,"{Mounting/Tracker,China}",google,,{},Chinese manufacturer of drive equipment for solar tracker systems.,,,f,
ac3c1c67-0f34-4efd-8b16-6e98a763b6ba,,ees Challenge,,+49 761 38813700,,,,2026-07-08 13:55:57.320082+00,2026-07-08 15:37:37.303214+00,ees Island Challenge,,,,,,Germany,,,,"{Association,Germany,Storage}",google,,{},Energy storage industry challenge/event program.,,,f,
ac49c9a8-1eb7-4c52-83ba-42815ab47017,,EVE Ltd.,128287@evebattery.com,+86-752-2630809,,,,2026-07-08 13:56:05.487312+00,2026-07-08 15:37:37.303214+00,"EVE Energy Co., Ltd.",,,,Huizhou,Guangdong,China,https://www.evebattery.com/en,,,"{Battery/Storage,China}",google,,{},Chinese manufacturer of lithium batteries for energy storage and EV applications.,,,f,
ac51ddbd-2fbf-4ad1-b46f-00c695bf64fc,,FARADY LTD,sale@farady.cn,+86-0577-61722510,,,,2026-07-08 13:56:06.824325+00,2026-07-08 15:37:37.303214+00,"FARADY ELECTRIC CO.,LTD",,,,,,China,https://www.farady-electric.com,,,"{Cable/BOS,China,""EV Charging""}",google,,{},Chinese manufacturer of electrical connectors and cable products.,,,f,
ac8979df-b246-4a76-ad34-b118fe972fd1,,PONOVO Ltd.,info@relaytest.com,+861059089666,,,,2026-07-08 13:56:50.592723+00,2026-07-08 15:37:37.303214+00,"PONOVO Power Co., Ltd.",,,,,,China,https://www.ponovo.net,,,"{Testing/Certification,China}",google,,{},Chinese manufacturer of relay testing and protection equipment.,,,f,
acbf65d2-3f3c-449b-a575-e60c9c0be5d3,,Valeo,anaelle.cinq@valeo.com,,,,,2026-07-08 13:57:27.077184+00,2026-07-08 15:37:37.303214+00,Valeo,,,,Paris,,France,,,,"{Other,France,""EV Charging""}",google,,{},French automotive technology supplier with electrification and mobility products.,,,f,
acbf7014-c593-4373-a141-5e4b59ddc5f0,,Secure AB,sales_europe@securemeters.com,+39 0464 890300,,,,2026-07-08 13:57:01.183873+00,2026-07-08 15:37:37.303214+00,Secure Meters (Sweden) AB,,,,,,Sweden,https://www.securemeters.com/eu/,,,"{Metering/Monitoring,Sweden}",google,,{},"Swedish subsidiary of Secure Meters, supplying energy metering solutions.",,,f,
acca3819-379c-4022-a094-9ae45e966219,,reev GmbH,info@reev.com,+49 892 44143699,,,,2026-07-08 13:56:55.822393+00,2026-07-08 15:37:37.303214+00,reev GmbH,,,,Munich,Bavaria,Germany,https://www.reev.com,,,"{Software,Germany,""EV Charging""}",google,,{},German provider of EV charging management software.,,,f,
acd4e249-6fc5-4937-994a-7023874a9576,,SHENZHEN LTD,2851@woerxny.com,+86 0755-28299595,,,,2026-07-08 13:57:07.232659+00,2026-07-08 15:37:37.303214+00,"SHENZHEN WOER NEW ENERGY ELECTRICAL TECHNOLOGY CO.,LTD",,,,Shenzhen,Guangdong,China,https://www.woer-ev.com,,,"{Cable/BOS,China,""EV Charging""}",google,,{},Chinese manufacturer of new energy cables and EV charging cable products.,,,f,
acfac345-bae1-467d-8f26-24491bc4b53f,,suena GmbH,info@suena.energy,,,,,2026-07-08 13:57:16.126139+00,2026-07-08 15:37:37.303214+00,suena GmbH,,,,,,Germany,https://www.suena.energy/,,,"{Software,Germany}",google,,{},German provider of energy management software and services.,,,f,
ad0d8df1-918e-49fd-bcad-0badc5c26001,,Canadian Cube,ep.sales.emea@csisolar.com,+498951996890,,,,2026-07-08 13:55:44.982464+00,2026-07-08 15:37:37.303214+00,Canadian Solar EP Cube,,,,,,China,https://www.epcube.com,,,"{Battery/Storage,China,Residential}",google,,{},Residential energy storage product line (EP Cube) from Canadian Solar.,,,f,
ad24a2e4-0222-4ba3-b62e-0f96badbd8c3,,Zhejiang LTD.,market@etek-china.com,+86-577-62751118,,,,2026-07-08 13:57:38.575355+00,2026-07-08 15:37:37.303214+00,"Zhejiang ETEK Electrical Technology Co.,LTD.",,,,,Zhejiang,China,https://www.eteksolar.com,,,"{Cable/BOS,China,""Solar PV""}",google,,{},Chinese manufacturer of solar connectors and electrical components.,,,f,
ad64d34d-9f00-47a9-894a-bb10ebd16d87,,RITTER KG,ralf.schuch@ritter.info,+492595381261,,,,2026-07-08 13:56:57.647525+00,2026-07-08 15:37:37.303214+00,RITTER Starkstromtechnik GmbH &amp; Co. KG,,,,,,Germany,https://www.ritter-starkstromtechnik.de,,,"{Cable/BOS,Germany}",google,,{},German electrical engineering company for power switchgear and energy technology.,,,f,
ad7d2906-0c41-4de0-9934-8e560b6b2b56,,synfis GmbH,emobility@synfis.com,05136 8850,,,,2026-07-08 13:57:19.070708+00,2026-07-08 15:37:37.303214+00,synfis Service GmbH,,,,,,Germany,https://www.synfis.com,,,"{Software,Germany,""EV Charging""}",google,,{},German service provider for e-mobility and charging infrastructure solutions.,,,f,
adaa5738-6bc2-48e4-aea3-3deb9f4a936f,,Hangzhou Ltd.,,,,,,2026-07-08 13:56:16.618582+00,2026-07-08 15:37:37.303214+00,"Hangzhou Freedom Import &amp; Export Co., Ltd.",,,,Hangzhou,Zhejiang,China,https://en.confirmware.com,,,"{Metering/Monitoring,China}",google,,{},Chinese trading company supplying energy monitoring hardware.,,,f,
adb7a6b2-711b-4410-878c-74fe1c3c02e0,,Energy Europe,info@energystorageeurope.eu,+3227432982,,,,2026-07-08 13:56:01.064152+00,2026-07-08 15:37:37.303214+00,Energy Storage Europe,,,,,,Germany,https://www.energystorageeurope.eu,,,"{Association,Germany,Storage}",google,,{},Trade fair and conference dedicated to the energy storage industry.,,,f,
adbd1c9d-41db-4b75-bcd5-9ddc5af2b242,,Proa Intelligence,sales@proa.energy,+971563817920,,,,2026-07-08 13:56:51.938981+00,2026-07-08 15:37:37.303214+00,Proa Energy Intelligence,,,,,,Spain,https://www.proa.energy,,,"{Software,Spain}",google,,{},Spanish provider of energy intelligence and monitoring software.,,,f,
b0c638a7-b198-4074-9d59-952446588b58,,AccuVice,,,,,,2026-07-08 13:55:30.327768+00,2026-07-08 15:37:37.303214+00,AccuVice,,,,,,Germany,https://accuvice.de/?lang=de,,,"{Consultancy,Germany,Storage}",google,,{},German consultancy focused on battery storage strategy and business development.,,,f,
b0c9f974-830f-4008-8547-8adb8c36318e,,HEITEC Innovations,info@heitec.de,+49 (9131) 877-0,,,,2026-07-08 13:56:18.01128+00,2026-07-08 15:37:37.303214+00,HEITEC Innovations,,,,,,Germany,https://www.heitec.de/,,,"{Other,Germany}",google,,{},German industrial automation and engineering firm providing test and manufacturing systems.,,,f,
b0d4dbc4-adad-4941-8911-529c2a5a32d5,,Meiser GmbH,,,,,,2026-07-08 13:56:38.653591+00,2026-07-08 15:37:37.303214+00,Meiser Solar GmbH,,,,,,Germany,https://solar.meiser.de,,,"{Mounting/Tracker,Germany,""Solar PV""}",google,,{},German maker of grating and mounting structures for solar installations.,,,f,
b0d9eb37-bf9e-4798-98c4-cb13bacd7fb2,,Hectronic GmbH,mail@hectronic.com,+49770393880,,,,2026-07-08 13:56:17.760709+00,2026-07-08 15:37:37.303214+00,Hectronic GmbH,,,,,,Germany,https://www.hectronic.com,,,"{Metering/Monitoring,Germany,""EV Charging""}",google,,{},German maker of fuel dispensing and EV charging metering technology.,,,f,
b0eff235-f1e9-489c-b5bd-c7bd89b145c5,,Avasco Ground,tc@re-sol.lu,+32492318182,,,,2026-07-08 13:55:37.458881+00,2026-07-08 15:37:37.303214+00,Avasco Solar Ground,,,,,,Belgium,https://www.avasco-solarground.be/en/home,,,"{Mounting/Tracker,Belgium,Utility-scale}",google,,{},Belgian supplier of ground-mounted solar racking systems.,,,f,
b124c8df-62d5-4609-a3d4-947b44a2c525,,Zendure,lei.zheng@zendure.com,+8615338897635,,,,2026-07-08 13:57:37.426392+00,2026-07-08 15:37:37.303214+00,Zendure,,,,Shenzhen,,China,https://www.zendure.de,,,"{Battery/Storage,China,Residential}",google,,{},Chinese manufacturer of portable and home battery energy storage systems.,,,f,
b133cf31-0e83-4c1a-bbfe-9f374665d6ac,,Energoin Sti,info@energointrafo.com,+9026237113222324,,,,2026-07-08 13:56:00.676989+00,2026-07-08 15:37:37.303214+00,Energoin Trafo San. ve Tic. Ltd. Sti,,,,,,Turkey,https://www.energointrafo.com/tr/anasayfa,,,"{Cable/BOS,Turkey}",google,,{},Turkish manufacturer of transformers and electrical equipment.,,,f,
b14907c2-9758-4cbc-8ce5-1cca6026a462,,Xiamen Ltd,sales@mbt-energy.com,+86-592-3754999,,,,2026-07-08 13:57:35.537508+00,2026-07-08 15:37:37.303214+00,"Xiamen Mibet New Energy Co., Ltd",,,,Xiamen,,China,https://www.mbtenergy.com,,,"{Mounting/Tracker,China,""Solar PV""}",google,,{},Chinese manufacturer of solar mounting and tracking systems.,,,f,
b161a18e-309d-4184-be6d-765fac88dfbf,,Shenzhen Ltd.,,0755-26656345,,,,2026-07-08 13:57:04.121868+00,2026-07-08 15:37:37.303214+00,"Shenzhen EN Plus Tech Co., Ltd.",,,,Shenzhen,,China,https://www.en-plustech.com/,,,"{Cable/BOS,China,""Solar PV""}",google,,{},Chinese manufacturer of connectors and balance-of-system components for solar.,,,f,
b167e8ec-41d7-43c5-a76e-8a8e86a337d9,,Tilt Energy,romain@tilt-energy.com,+33658149553,,,,2026-07-08 13:57:22.483612+00,2026-07-08 15:37:37.303214+00,Tilt Energy,,,,,,France,https://tilt-energy.com/en/tilt-energy-en/,,,"{Mounting/Tracker,France,Utility-scale}",google,,{},French provider of solar tracking and mounting solutions.,,,f,
b1935a91-cd09-4479-91c9-ad9af21f8563,,UL Solutions,eu.events@ul.com,+49694898100,,,,2026-07-08 13:57:25.830043+00,2026-07-08 15:37:37.303214+00,UL Solutions,,,,,,Germany,https://germany.ul.com,,,"{Testing/Certification,Germany}",google,,{},"Testing, inspection and certification services for solar and energy products.",,,f,
b1a59227-f802-4eff-88c8-085234ed81e1,,Gayk GmbH,info@gayk-baumaschinen.de,+49 6026 978850,,,,2026-07-08 13:56:10.727632+00,2026-07-08 15:37:37.303214+00,Gayk Baumaschinen GmbH,,,,,,Germany,https://www.gayk-rammen.com,,,"{Mounting/Tracker,Germany}",google,,{},German manufacturer of pile-driving machines used for solar and construction foundations.,,,f,
b1b04497-4850-419b-8201-7bc0127dc35a,,Inlux Technology,cassius@infypower.com,+86-13006368307,,,,2026-07-08 13:56:23.925138+00,2026-07-08 15:37:37.303214+00,Inlux Energy Technology B.V.,,,,,,Netherlands,https://www.inluxenergy.com,,,"{""Inverter Mfr"",Netherlands,Storage}",google,,{},Netherlands-based supplier of inverters and energy storage power equipment.,,,f,
b1c0104e-bae3-4fcf-81d4-06330475654f,,Gokin Ltd.,gk@gokinsolar.com,0756-6836188,,,,2026-07-08 13:56:11.89928+00,2026-07-08 15:37:37.303214+00,"Gokin Solar Co., Ltd.",,,,,,China,https://www.gokinsolar.com,,,"{""Cell/Wafer Mfr"",China,""Solar PV""}",google,,{},Chinese manufacturer of solar cells and wafers.,,,f,
b1c965f6-84db-42ab-9bf4-a559d64d8d4b,,GLS GmbH,kontakt@gls-mobility.de,+4923462201203,,,,2026-07-08 13:56:11.718403+00,2026-07-08 15:37:37.303214+00,GLS Mobility GmbH,,,,,,Germany,https://www.gls-mobility.de,,,"{EPC/Installer,Germany,""EV Charging""}",google,,{},German provider of EV charging infrastructure and mobility services.,,,f,
b1cf880d-41a8-430a-ae30-8dabc0b0732c,,pv group,info@pv-magazine.com,+49 30 213005018,,,,2026-07-08 13:56:03.810288+00,2026-07-08 15:37:37.303214+00,pv magazine group,,,,,,Germany,https://www.pv-magazine.com,,,"{Other,Germany,""Solar PV""}",google,,{},German publisher of solar and clean energy industry news and market intelligence.,,,f,
b1d017c6-1542-4173-9be9-1ddb249443e3,,envia GmbH,,,,,,2026-07-08 13:56:02.957093+00,2026-07-08 15:37:37.303214+00,envia SERVICE GmbH,,,,,,Germany,https://www.envia-service.de,,,"{Utility,Germany}",google,,{},German utility services provider for energy metering and grid operations.,,,f,
b1f0c55a-b549-4950-8915-7d4ab241cfd2,,Prime Technology,fairs@primebatteries.com,+40 778 766 816,,,,2026-07-08 13:56:51.898319+00,2026-07-08 15:37:37.303214+00,Prime Batteries Technology,,,,,,Israel,https://primebatteries.com/,,,"{Battery/Storage,Israel}",google,,{},Manufacturer of lithium battery cells and energy storage technology.,,,f,
b21fb2b1-c5bc-45ec-a00f-654096fd652b,,ABS GmbH,info@absturzsicherung.de,+492832972810,,,,2026-07-08 13:55:30.002614+00,2026-07-08 15:37:37.303214+00,ABS Safety GmbH,,,,,,Germany,https://www.absturzsicherung.de,,,"{Other,Germany}",google,,{},German manufacturer of fall protection and roof safety systems for rooftop solar work.,,,f,
b22d14db-2f0a-4b4b-9946-24a79ed69e46,,Fenexity,blatbelmonte@fenexity.com,+491738899316,,,,2026-07-08 13:56:07.047527+00,2026-07-08 15:37:37.303214+00,Fenexity,,,,,,Spain,https://www.fenexity.com,,,"{Software,Spain}",google,,{},Spanish provider of energy trading and management software solutions.,,,f,
b24147b7-5be0-4976-9bd4-0929ff22114e,,XYZ Ltd.,,+861060604766,,,,2026-07-08 13:57:36.098163+00,2026-07-08 15:37:37.303214+00,"XYZ Storage Technology Corp., Ltd.",,,,,,China,https://www.xyzc.co/,,,"{Battery/Storage,China}",google,,{},Chinese manufacturer of energy storage battery systems.,,,f,
b25d7fe7-04b4-486e-b2a2-05c41c4a53bf,,Chemitek SA,marketing@chemitek.pt,+351253148695,,,,2026-07-08 13:55:47.198893+00,2026-07-08 15:37:37.303214+00,Chemitek SA,,,,,,Portugal,https://www.chemiteksolar.com,,,"{Mounting/Tracker,Portugal,""Solar PV""}",google,,{},Portuguese manufacturer of solar mounting structures.,,,f,
b2749035-0c80-487f-b227-8ae9684caf51,,COMEXIO GmbH,info@comexio.com,+496351478040,,,,2026-07-08 13:55:49.094432+00,2026-07-08 15:37:37.303214+00,COMEXIO GmbH,,,,,,Germany,https://www.comexio.com,,,"{Software,Germany,Grid}",google,,{},German provider of energy management and smart building automation software.,,,f,
b2930bbe-08f6-4870-9c12-20b519d74bcc,,BINTECH TEKNOLOJILERI,info@rob-sys.com,+90902162060096,,,,2026-07-08 13:55:42.165985+00,2026-07-08 15:37:37.303214+00,BINTECH ROBOT TEKNOLOJILERI A.S.,,,,,,Turkey,https://rob-sys.com/en/homepage/,,,"{Other,Turkey,""Solar PV""}",google,,{},Turkish maker of robotic cleaning systems for solar panels.,,,f,
adc8edf0-6b54-4d8c-9b54-8624ebb0742f,,Fibox GmbH,info.de@fibox.com,+49 5731 869460,,,,2026-07-08 13:56:07.229361+00,2026-07-08 15:37:37.303214+00,Fibox GmbH,,,,,,Germany,,,,"{Other,Germany}",google,,{},Manufactures industrial enclosures and junction boxes.,,,f,
b64693c4-dfd5-4b53-a570-04e4aac1e58e,,SIBA GmbH,info@siba.de,+49 2306 70010,,,,2026-07-08 13:57:07.804455+00,2026-07-08 15:37:37.303214+00,SIBA GmbH,,,,,,Germany,https://www.siba.de,,,"{Cable/BOS,Germany}",google,,{},German manufacturer of fuses and circuit protection components.,,,f,
ae3d007e-df9f-4fdf-940b-66391672a266,,Xiamen Ltd.,allen.chen@owon.com,+8613806956351,,,,2026-07-08 13:57:35.580575+00,2026-07-08 15:37:37.303214+00,"Xiamen OWON Technology Co., Ltd.",,,,Xiamen,,China,https://www.owon-smart.com/,,,"{Testing/Certification,China,""Solar PV""}",google,,{},Manufactures test and measurement instruments including power analyzers for PV.,,,f,
ae5b0460-c9c7-4a4f-b122-26780e79e537,,Faber Group,info@faberkabel.de,+4968197110,,,,2026-07-08 13:56:06.510932+00,2026-07-08 15:37:37.303214+00,Faber Group,,,,,,Germany,https://www.faberkabel.de,,,"{Cable/BOS,Germany,""Solar PV""}",google,,{},Manufactures cables and wiring solutions including for solar installations.,,,f,
ae8e4019-68b7-499b-881a-40617f270762,,Ingenieurbüro GmbH,info@ifegmbh.de,+493684754970,,,,2026-07-08 13:56:23.827907+00,2026-07-08 15:37:37.303214+00,Ingenieurbüro für Energiewirtschaft Dr. -Ing. Dirk Schramm GmbH,,,,,,Germany,https://www.ifegmbh.de,,,"{Consultancy,Germany}",google,,{},Engineering consultancy for energy economics and energy systems planning.,,,f,
aee73001-2313-47db-a5a0-2892c4208864,,eta gmbh,sales@eta-uv.com,+49 (0)7022 789390,,,,2026-07-08 13:56:03.972672+00,2026-07-08 15:37:37.303214+00,eta plus electronic gmbh,,,,,,Germany,https://www.eta-uv.com,,,"{Other,Germany}",google,,{},Manufactures UV and electronic power supply systems.,,,f,
aee88ba0-a183-4592-b58e-052e33d6b450,,Zhejiang Ltd.,marketing@beyondsunpv.com,+86-572-2826999,,,,2026-07-08 13:57:38.051749+00,2026-07-08 15:37:37.303214+00,"Zhejiang Beyondsun Green Energy Technology Co., Ltd.",,,,,Zhejiang,China,https://www.beyondsunpv.com,,,"{""Module Mfr"",China,""Solar PV""}",google,,{},Manufactures solar PV modules and panels.,,,f,
af0d06c5-d61a-46c0-815b-32ea9536bce6,,Sichuan Ltd,,,,,,2026-07-08 13:57:07.950668+00,2026-07-08 15:37:37.303214+00,"Sichuan Yingfa Ruineng Technology Co., Ltd",,,,,Sichuan,China,https://www.yingfa.com,,,"{""Cell/Wafer Mfr"",China,""Solar PV""}",google,,{},Manufactures polysilicon and solar wafer products.,,,f,
af175737-e4f8-40e6-ad82-9eaaa2f25e5c,,JIANG LTD,,,,,,2026-07-08 13:56:26.762247+00,2026-07-08 15:37:37.303214+00,"JIANG XI LV C-CHONG CHARGING TECHNOLOGY CO., LTD",,,,,Jiangxi,China,https://www.cnlvcc.com/sy,,,"{Other,China,""EV Charging""}",google,,{},Manufactures EV charging equipment and chargers.,,,f,
af1e5012-41d8-4011-9de8-eb3d403dc39c,,Rooftop Energy,lucas@rooftop.my,+601154503878,,,,2026-07-08 13:56:58.225149+00,2026-07-08 15:37:37.303214+00,Rooftop Energy,,,,,,Malaysia,https://rooftop.my,,,"{EPC/Installer,Malaysia,""Solar PV""}",google,,{},Provides rooftop solar installation services.,,,f,
af419342-aecd-499d-9b1a-3c4101eed409,,Istanbul Commerce,ito@ito.org.tr,+902124556110,,,,2026-07-08 13:56:25.848949+00,2026-07-08 15:37:37.303214+00,Istanbul Chamber of Commerce,,,,Istanbul,,Turkey,https://www.ito.org.tr,,,"{Association,Turkey}",google,,{},Chamber of commerce representing Istanbul businesses.,,,f,
af510287-11eb-4241-8859-bde803096eaf,,comemso GmbH,randy.gutsche@comemso.de,+49711982980,,,,2026-07-08 13:55:49.05059+00,2026-07-08 15:37:37.303214+00,comemso electronics GmbH,,,,,,Germany,https://www.comemso.com,,,"{Testing/Certification,Germany,""Solar PV""}",google,,{},Manufactures test and simulation equipment for PV modules and inverters.,,,f,
af6abe46-feca-499b-88bf-90520517df08,,HeyCharge GmbH,chris@heycharge.com,+491733023891,,,,2026-07-08 13:56:18.819728+00,2026-07-08 15:37:37.303214+00,HeyCharge GmbH,,,,,,Germany,https://heycharge.com/,,,"{Other,Germany,""EV Charging""}",google,,{},Develops contactless payment technology for EV charging stations.,,,f,
afa4c589-0dcd-4e7e-800f-2fc0d82b2c4a,,ERINION,info@erinioncharge.com,,,,,2026-07-08 13:56:03.504685+00,2026-07-08 15:37:37.303214+00,ERINION,,,,,,Germany,https://erinioncharge.com/,,,"{Other,Germany,""EV Charging""}",google,,{},Provides EV charging solutions and infrastructure.,,,f,
afcd6902-a0a2-4186-ae03-da7a01ed6d1f,,Wilhelm KG,info@layher.com,+49 7135700,,,,2026-07-08 13:57:32.390901+00,2026-07-08 15:37:37.303214+00,Wilhelm Layher GmbH &amp; Co. KG,,,,,,Germany,https://www.layher.com,,,"{Other,Germany}",google,,{},Manufactures scaffolding and access systems for construction and industry.,,,f,
afdb1e47-414f-4c4d-81b6-e60fd73e16e5,,GOSANTECH,gosantech@gosan.kr,+821041017615,,,,2026-07-08 13:56:12.406141+00,2026-07-08 15:37:37.303214+00,GOSANTECH,,,,,,South Korea,https://www.gosan.kr,,,"{Other,""South Korea""}",google,,{},Manufactures electrical and industrial equipment.,,,f,
affa189d-1c99-41b0-bb04-c308f23aef31,,Megamap GmbH,vertrieb@megamap.de,+4969667798610,,,,2026-07-08 13:56:38.378092+00,2026-07-08 15:37:37.303214+00,Megamap GmbH,,,,,,Germany,https://megamap.de/,,,"{Software,Germany,Grid}",google,,{},Provides digital mapping and GIS software for utility infrastructure.,,,f,
b013b793-801e-484e-8583-0ebdbc8edcc8,,M. Ltd.,vaibhav@mbcontrol.com,+91 974 8899023,,,,2026-07-08 13:56:36.887679+00,2026-07-08 15:37:37.303214+00,M.B. Control &amp; Systems Pvt. Ltd.,,,,,,India,https://www.mbcontrol.com,,,"{Metering/Monitoring,India}",google,,{},Manufactures control panels and monitoring systems for industrial and energy applications.,,,f,
b014afbb-21aa-4e48-b460-32568ce4eb76,,AMDIE,lahlou.karam@amdie.gov.ma,+212661314985,,,,2026-07-08 13:55:32.933866+00,2026-07-08 15:37:37.303214+00,AMDIE,,,,Rabat,,Morocco,https://www.morocconow.com,,,"{Association,Morocco}",google,,{},Moroccan agency promoting investment and export development.,,,f,
b01ca8d3-deb7-4f4c-83cc-673444f5818f,,Wattstor,events@wattstor.com,+4402080580203,,,,2026-07-08 13:57:30.854615+00,2026-07-08 15:37:37.303214+00,Wattstor,,,,,,United Kingdom,https://www.wattstor.com,,,"{Battery/Storage,""United Kingdom"",Software}",google,,{},Provides energy storage software and hardware solutions.,,,f,
b02fcca7-ceab-4533-9d8c-be47618f4c96,,Eden ltd.,mira@edenenergies.com,+447535843497,,,,2026-07-08 13:55:56.934704+00,2026-07-08 15:37:37.303214+00,Eden Energy and Construction ltd.,,,"29 Dartmouth Place, Forest Hill",London,,United Kingdom,https://edenenergies.com/,,,"{EPC/Installer,""United Kingdom"",Utility-scale}",google,,{},Installs ground-mounted and rooftop solar farms including piling and electrical work.,,,f,
b0486c69-b841-435d-a74e-8d4dbae645d2,,BearingPoint,,,,,,2026-07-08 13:55:40.393057+00,2026-07-08 15:37:37.303214+00,BearingPoint,,,,Amsterdam,,Netherlands,https://bearingpoint.com,,,"{Consultancy,Netherlands}",google,,{},Global management and technology consulting firm.,,,f,
b063f967-ddce-4778-81e1-fe9319c69f51,,KREISEL GmbH,info@kreiselelectric.com,+43 7949 21400,,,,2026-07-08 13:56:33.217546+00,2026-07-08 15:37:37.303214+00,KREISEL Electric GmbH,,,,,,Austria,https://chimero.kreiselelectric.com,,,"{Battery/Storage,Austria}",google,,{},Manufactures high-performance lithium-ion battery systems.,,,f,
b067b17e-6916-4253-8106-912b2cf9ae60,,GAS&amp;FUEL SRL,office@gas-systems.ro,+40720001200,,,,2026-07-08 13:56:10.629472+00,2026-07-08 15:37:37.303214+00,GAS&amp;FUEL SYSTEMS SRL,,,,,,Romania,,,,"{Other,Romania}",google,,{},Supplies gas and fuel system equipment.,,,f,
b06819da-6b85-4095-a7c9-1abe8a47395d,,Exide GmbH,marketing.emea@exidegroup.com,+49 6042 810,,,,2026-07-08 13:56:06.242812+00,2026-07-08 15:37:37.303214+00,Exide Technologies Energy Solutions GmbH,,,,,,Germany,https://www.exidegroup.com/eu/en/solutions/customized-energy-systems,,,"{Battery/Storage,Germany}",google,,{},Manufactures customized battery energy storage systems.,,,f,
b07cdcba-4a02-4c58-8ae6-5df325564ce0,,VESTEL MOBILITY,info@vestelmobility.com,+902362332584,,,,2026-07-08 13:57:28.15228+00,2026-07-08 15:37:37.303214+00,VESTEL MOBILITY,,,,,,Turkey,https://vestelmobility.com/,,,"{Other,Turkey,""EV Charging""}",google,,{},Manufactures EV charging stations and mobility solutions.,,,f,
b2dd14b6-b013-436c-8e49-4a7b432d3d68,,NKT KG,info@nkt.com,+49 221 6760,,,,2026-07-08 13:56:44.050875+00,2026-07-08 15:37:37.303214+00,NKT GmbH &amp; Co. KG,,,,Brondby,,Denmark,http://www.nkt.com,,,"{Cable/BOS,Denmark}",google,,{},Manufactures power and fiber optic cables for energy infrastructure.,,,f,
b316adfc-ca5f-4e73-b986-09df2f2747f0,,TESVOLT GmbH,anahita.pandey@tesvolt-energy.com,,,,,2026-07-08 13:57:21.795043+00,2026-07-08 15:37:37.303214+00,TESVOLT Energy GmbH,,,,Wittenberg,,Germany,https://www.tesvolt-energy.com,,,"{Battery/Storage,Germany,""Solar PV""}",google,,{},Manufactures lithium battery storage systems for commercial and residential use.,,,f,
b362b9da-5d96-4ade-9827-eada9a70ee81,,Orbis Electrica,luis.espada@orbis.es,+34 915 672277,,,,2026-07-08 13:56:46.980921+00,2026-07-08 15:37:37.303214+00,Orbis Tecnologia Electrica S.A.,,,,Cordoba,,Spain,https://www.orbis.es,,,"{Metering/Monitoring,Spain}",google,,{},Manufactures electrical control and automation devices including timers and relays.,,,f,
b379c1b9-ede3-464c-a9a7-281300dcec1c,,Solarflux GmbH,info@solar-flux.com,+4915253660137,,,,2026-07-08 13:57:11.377908+00,2026-07-08 15:37:37.303214+00,Solarflux GmbH,,,,,,Germany,,,,"{EPC/Installer,Germany,""Solar PV""}",google,,{},"Solar energy installation company, classified from domain and name only.",,,f,
b38d9aeb-7449-4ae4-982d-7065a56faa2e,,Pronutec,njc@pronutec.com,+34 946 313234,,,,2026-07-08 13:56:52.342222+00,2026-07-08 15:37:37.303214+00,Pronutec,,,,,,Spain,https://pronutec.gorlan.com/,,,"{Other,Spain}",google,,{},Company classified from domain and name only; limited public information available.,,,f,
b3dd5229-8a25-4164-aa3b-9e01001f47d1,,Wolfgang KG,hannes.findling@loch.de,+496784902336,,,,2026-07-08 13:57:33.23106+00,2026-07-08 15:37:37.303214+00,Wolfgang Loch GmbH &amp; Co. KG,,,,,,Germany,https://www.loch.de,,,"{Cable/BOS,Germany}",google,,{},Manufactures cables and wire products for industrial and energy applications.,,,f,
b425d359-aa59-4159-a6c6-28a5feaed318,,Siel S.p.A.,marketing@sielups.com,,,,,2026-07-08 13:57:08.037706+00,2026-07-08 15:37:37.303214+00,Siel S.p.A.,,,,,,Italy,https://www.sielups.com,,,"{""Inverter Mfr"",Italy}",google,,{},Manufactures UPS systems and power conversion equipment.,,,f,
b42e92c3-fd5e-4909-88f6-77c08e4bb97f,,Suzhou Ltd.,globalcontact@inovance.com,+8651266376666,,,,2026-07-08 13:57:18.408587+00,2026-07-08 15:37:37.303214+00,"Suzhou Inovance Technology Co., Ltd.",,,,Suzhou,Jiangsu,China,https://www.inovance.com/global,,,"{""Inverter Mfr"",China}",google,,{},"Manufactures inverters, drives and industrial automation equipment.",,,f,
b438e94e-22b2-44ba-bbe3-d0241ad7c2ce,,Shenzhen Ltd.,marketing@hopewind.com,+86 755-86026786,,,,2026-07-08 13:57:05.089219+00,2026-07-08 15:37:37.303214+00,"Shenzhen Hopewind Electric Co., Ltd.",,,,Shenzhen,Guangdong,China,https://www.hopewind.com,,,"{""Inverter Mfr"",China,""Solar PV""}",google,,{},Manufactures solar and wind power inverters.,,,f,
b454352a-e2f7-4f68-b5f6-788515e5bc29,,SHENZHEN LIMITED,olys@olys-digital.com,+86-755-29533796,,,,2026-07-08 13:57:05.718909+00,2026-07-08 15:37:37.303214+00,SHENZHEN OLYS COMPANY LIMITED,,,,Shenzhen,Guangdong,China,https://www.olyssolar.com,,,"{Distributor,China,""Solar PV""}",google,,{},Distributes solar PV products and equipment.,,,f,
b4778549-30dd-40d8-bef5-6fe7cfaa6cdb,,OMEXOM,giulia.giurlani@omexom.com,+33699138511,,,,2026-07-08 13:56:46.198809+00,2026-07-08 15:37:37.303214+00,OMEXOM,,,,,,France,https://www.omexom.com/,,,"{EPC/Installer,France,Grid}",google,,{},Provides engineering and construction services for energy and grid infrastructure.,,,f,
b4959129-a8a5-4a5b-93ed-9f0804becab9,,Nanjing Ltd.,zhangtaizhi@sunsharetek.com,+86-17705162842,,,,2026-07-08 13:56:41.73692+00,2026-07-08 15:37:37.303214+00,"Nanjing Guangxian Technology Co., Ltd.",,,,Nanjing,Jiangsu,China,https://de.sunsharetek.com/,,,"{""Module Mfr"",China,""Solar PV""}",google,,{},Manufactures solar panels and related PV equipment.,,,f,
b4ae3f41-827a-4368-beed-aba146ed6a92,,VATAN TIC.,rabia.sunger@vatan.com.tr,+902122103331,,,,2026-07-08 13:57:27.3917+00,2026-07-08 15:37:37.303214+00,VATAN KABLO METAL END. VE TIC. A.S.,,,,,,Turkey,https://www.vatan.com.tr,,,"{Cable/BOS,Turkey}",google,,{},Manufactures cables and metal products for industrial use.,,,f,
b4d111a6-a6ad-43f9-a81f-7a04f916c699,,Renac Ltd.,info@renacpower.com,,,,,2026-07-08 13:56:56.385321+00,2026-07-08 15:37:37.303214+00,"Renac Power Technology Co., Ltd.",,,,,,China,https://www.renacpower.com,,,"{""Inverter Mfr"",China,""Solar PV""}",google,,{},Manufactures solar inverters and power conversion equipment.,,,f,
b502b4d2-16f9-400a-a38c-9bdb5ddcb7a1,,Mobility GmbH,energy@mobilityhouse.com,+4989416143092,,,,2026-07-08 13:56:40.431091+00,2026-07-08 15:37:37.303214+00,The Mobility House Energy GmbH,,,,Munich,,Germany,https://mobilityhouse-energy.com,,,"{Battery/Storage,Germany,""EV Charging""}",google,,{},Provides energy storage and EV charging solutions.,,,f,
b5154afd-5639-49c5-be6a-dbc79ff7aefb,,Obermoser GmbH,mimra.marlene@obermoser.com,+4372722493,,,,2026-07-08 13:56:45.565654+00,2026-07-08 15:37:37.303214+00,Obermoser GmbH,,,,,,Germany,https://www.obermoser.com,,,"{Mounting/Tracker,Germany,""Solar PV""}",google,,{},Manufactures solar mounting and roofing systems.,,,f,
b52bddba-8c37-48ad-938b-21ae6de231a3,,Isotec Enerji,muhasebe@isotec.com.tr,+905444504058,,,,2026-07-08 13:56:25.75784+00,2026-07-08 15:37:37.303214+00,Isotec Enerji A.S.,,,,,,Turkey,https://www.isotec.com.tr,,,"{Other,Turkey}",google,,{},Energy sector company classified from domain and name only.,,,f,
b542e408-4c89-4b76-abfc-60f3428ab79e,,DGS,jc@dg-s.gmbh,+497151480566,,,,2026-07-08 13:55:52.990878+00,2026-07-08 15:37:37.303214+00,DGS,,,,,,Germany,https://www.dg-s.gmbh,,,"{Consultancy,Germany}",google,,{},Provides consulting or association services in the energy sector.,,,f,
b553d637-c003-4b6f-9ca4-0f41fb2b0a16,,NETRO GmbH,mortontubec@gmail.com,+4917645189996,,,,2026-07-08 13:56:42.471294+00,2026-07-08 15:37:37.303214+00,NETRO Sparkle GmbH,,,,,,Germany,,,,"{Other,Germany}",google,,{},Company classified from domain and name only; limited public information available.,,,f,
b56ad12f-fb33-49cc-aef9-89ee852989d3,,Guangdong Ltd,sales@zeyang-ai.com,,,,,2026-07-08 13:56:15.12082+00,2026-07-08 15:37:37.303214+00,"Guangdong Zeyang Intelligent Technology Co.,Ltd",,,,,Guangdong,China,https://www.zeyang-ai.com,,,"{Other,China}",google,,{},Provides intelligent technology and automation products.,,,f,
b580e5e7-a4a6-47ef-a4d8-5951a030e8b2,,Uni-Trend GmbH,mindy.hui@uni-trend.com,+4982188799806,,,,2026-07-08 13:57:26.05718+00,2026-07-08 15:37:37.303214+00,Uni-Trend Technology EU GmbH,,,,,,Germany,https://www.uni-trend.com,,,"{Testing/Certification,Germany}",google,,{},Manufactures electronic test and measurement instruments.,,,f,
b5a353eb-e566-4909-aff2-f186717a5044,,Jiangsu Ltd.,,,,,,2026-07-08 13:56:26.907899+00,2026-07-08 15:37:37.303214+00,"Jiangsu Dingxin Electric Co., Ltd.",,,,,Jiangsu,China,https://www.dishinelectric.com,,,"{Cable/BOS,China}",google,,{},Manufactures electrical cables and wire products.,,,f,
b5af87b3-7b00-4de2-8e6f-ae485a53e106,,Re:notch AB,,,,,,2026-07-08 13:56:55.565319+00,2026-07-08 15:37:37.303214+00,Re:notch Energy AB,,,,,,Sweden,https://www.renotch.com/,,,"{Battery/Storage,Sweden}",google,,{},"Provides energy storage products, classified from domain and name only.",,,f,
b5c1c89a-a181-475d-a2bf-db0546b3594d,,Special 24/7,,+49 761 38813700,,,,2026-07-08 13:57:14.3396+00,2026-07-08 15:37:37.303214+00,Special Exhibit Renewables 24/7,,,,,,United States,,,,"{Other,""United States""}",google,,{},Trade show exhibit listing with no verifiable company website.,,,f,
b5df75e2-12fb-4129-93fe-d68d743891a2,,RWE GmbH,,,,,,2026-07-08 13:56:58.782054+00,2026-07-08 15:37:37.303214+00,RWE Renewables Europe &amp; Australia GmbH,,,,Essen,,Germany,https://www.rwe.com,,,"{Developer/IPP,Germany,Utility-scale}",google,,{},Develops and operates renewable energy projects across Europe and Australia.,,,f,
b610aff1-5e3f-4b12-a76d-6e87c13f28d3,,Runda Solar,sales@rundapv.com,+86 510-83801000,,,,2026-07-08 13:56:58.697251+00,2026-07-08 15:37:37.303214+00,Runda Solar,,,,,,China,https://www.rundapv.com/,,,"{""Module Mfr"",China,""Solar PV""}",google,,{},Chinese manufacturer of solar PV modules.,,,f,
b637f7eb-b5ae-4889-a0e8-f5045427084e,,Lithmic GmbH,info@lithmic.com,+491624572288,,,,2026-07-08 13:56:35.979119+00,2026-07-08 15:37:37.303214+00,Lithmic GmbH,,,,,,Germany,https://lithmic.com,,,"{Battery/Storage,Germany}",google,,{},German battery/storage technology company.,,,f,
b64095a0-b219-4005-a134-0259bd26ed12,,Nantong LTD,info@ntsanxin.com,+86-513-83214154,,,,2026-07-08 13:56:41.972567+00,2026-07-08 15:37:37.303214+00,"Nantong Sanxin Plastics Equipment Technology Co., LTD",,,,,,China,https://www.ntsanxin.cn,,,"{Other,China}",google,,{},Chinese manufacturer of plastics processing equipment.,,,f,
b67cace3-53f3-42aa-927d-d77715d38e91,,Huizhou LTD,s7@voir-tech.com.cn,,,,,2026-07-08 13:56:21.509366+00,2026-07-08 15:37:37.303214+00,"Huizhou Voir Science &amp; Technology Co., LTD",,,,,,China,https://en.voir-tech.com.cn/,,,"{Cable/BOS,China}",google,,{},Chinese manufacturer of connectors and electrical components.,,,f,
b67d4431-3959-4f35-aa30-678cbebbae6d,,Aiko GmbH,suminghua@aikosolar.com,+49 152 23187743,,,,2026-07-08 13:55:31.583304+00,2026-07-08 15:37:37.303214+00,Aiko Energy Germany GmbH,,,,,,Germany,https://www.aikosolar.com,,,"{""Module Mfr"",Germany,""Solar PV""}",google,,{},"German entity of Aiko Solar, manufacturer of solar PV modules.",,,f,
b694f7e1-c5e5-4426-9b69-b0c0f317134c,,3onedata Ltd.,ims@3onedata.com,+8617820689976,,,,2026-07-08 13:55:29.293419+00,2026-07-08 15:37:37.303214+00,"3onedata Co., Ltd.",,,,,,China,https://www.3onedata.com,,,"{Metering/Monitoring,China,Grid}",google,,{},Chinese manufacturer of industrial networking and communication equipment.,,,f,
b6c692db-2f13-4ada-9071-4b09d067acaf,,Techno Ltd.,sales2@tgbgroup.com.cn,+8619352120029,,,,2026-07-08 13:57:20.634982+00,2026-07-08 15:37:37.303214+00,"Techno Gear Bearings (Shanghai) Co., Ltd.",,,,,,China,https://www.tgbgroup.com.cn,,,"{Mounting/Tracker,China}",google,,{},Chinese manufacturer of bearings used in solar tracker systems.,,,f,
b6c753aa-d598-4bff-b616-7b763df92b92,,Qingdao Ltd.,,+86 0532-88606788,,,,2026-07-08 13:56:53.801587+00,2026-07-08 15:37:37.303214+00,"Qingdao Hardhitter Electric Co., Ltd.",,,,,,China,https://www.hardhitter.net,,,"{Cable/BOS,China}",google,,{},Chinese manufacturer of electrical switches and components.,,,f,
b6c7d003-ba59-4a8d-8830-fe4e4b95f09f,,JPEmbedded,sales@jpembedded.eu,+48122662544,,,,2026-07-08 13:56:30.045024+00,2026-07-08 15:37:37.303214+00,JPEmbedded,,,,,,Estonia,https://www.jpembedded.eu,,,"{Software,Estonia}",google,,{},European embedded systems and electronics engineering company.,,,f,
b6d048b3-8cd1-4ea1-8879-5326c7b58943,,SUNSPEKER,fabrizio@sunspeker.com,+393508255170,,,,2026-07-08 13:57:17.551533+00,2026-07-08 15:37:37.303214+00,SUNSPEKER,,,,,,Italy,https://www.sunspeker.com/,,,"{""Inverter Mfr"",Italy,""Solar PV""}",google,,{},Italian solar energy equipment company.,,,f,
b6ddaef4-7897-49fb-bf5f-d7fb14d6a477,,YEO TECHNOLOGY,abbas.kharabaf@yeo.com.tr,+905346658486,,,,2026-07-08 13:57:36.384802+00,2026-07-08 15:37:37.303214+00,YEO TECHNOLOGY,,,,,,Turkey,https://yeo.com.tr,,,"{Other,Turkey}",google,,{},Turkish electrical/energy technology company.,,,f,
b7159ccd-65bd-4453-9de9-e754ab8c6f39,,TOENERGY LTD,susie@toenergysolar.com,+86-571-2283-1033,,,,2026-07-08 13:57:22.768457+00,2026-07-08 15:37:37.303214+00,"TOENERGY TECHNOLOGY HANGZHOU CO., LTD",,,,,,China,https://www.toensolar.com,,,"{""Module Mfr"",China,""Solar PV""}",google,,{},Chinese manufacturer of solar PV modules.,,,f,
b722f239-8219-47cd-af32-590768a4c4ab,,SATEC Ltd.,vitalys@satec-global.com,+972547716764,,,,2026-07-08 13:57:00.32774+00,2026-07-08 15:37:37.303214+00,SATEC Ltd.,,,,,,Israel,https://www.satec-global.com,,,"{Metering/Monitoring,Israel,Grid}",google,,{},Israeli manufacturer of energy metering and power quality monitoring devices.,,,f,
b7366cc0-7ec9-419f-99fb-b4d2aedfba3b,,Wagner GmbH,info@wagner-solar.com,+49 6421 80070,,,,2026-07-08 13:57:30.329751+00,2026-07-08 15:37:37.303214+00,Wagner Solar GmbH,,,,,,Germany,https://www.wagner-solar.com,,,"{Distributor,Germany,""Solar PV""}",google,,{},German distributor of solar thermal and PV systems.,,,f,
b753c8c9-a0c7-4793-a3a7-e1e434230c45,,GAP Sti.,yonetim@gapgrup.com,+90 342 337 55 55,,,,2026-07-08 13:56:10.586249+00,2026-07-08 15:37:37.303214+00,GAP Gal Enerji Dis Tic. Ve San. Ltd. Sti.,,,,,,Turkey,https://www.gapgrup.com,,,"{Distributor,Turkey}",google,,{},Turkish trading company for energy equipment.,,,f,
b755c0ff-cfd0-4754-b3f2-d91f7db81837,,Soluna Ltd,sales@solunabattery.com,+86 02157475835,,,,2026-07-08 13:57:13.791628+00,2026-07-08 15:37:37.303214+00,"Soluna(Shanghai) Co., Ltd",,,,,,China,https://www.soluna.co,,,"{Battery/Storage,China}",google,,{},Chinese manufacturer of battery energy storage systems.,,,f,
b77fddfe-8be3-4f7f-b108-c15d206f5a0d,,Montel,sales@montel.energy,+4722994200,,,,2026-07-08 13:56:40.846364+00,2026-07-08 15:37:37.303214+00,Montel,,,,,,Norway,https://montel.energy/,,,"{Software,Norway,Grid}",google,,{},Provider of energy market data and analytics software.,,,f,
b7c18894-b1c0-4d12-9a63-e2d32b254c3e,,ees Stage,,+49 761 38813700,,,,2026-07-08 13:55:57.278258+00,2026-07-08 15:37:37.303214+00,ees Innovation Hub Stage,,,,Munich,,Germany,,,,"{Association,Germany}",google,,{},Energy storage industry event/innovation hub associated with ees Europe.,,,f,
b7dc0a14-5540-424d-a5d5-78a604970b03,,CellCube GmbH,office@cellcube.com,+43 2236 379 000 - 0,,,,2026-07-08 13:55:45.819823+00,2026-07-08 15:37:37.303214+00,CellCube Energy Storage GmbH,,,,,,Austria,https://www.cellcube.com,,,"{Battery/Storage,Austria}",google,,{},Austrian manufacturer of vanadium flow battery energy storage systems.,,,f,
b7e6d00d-a8f9-4008-8fe2-2da800021a4d,,Anhui Ltd.,info@xinbosolar.com,,,,,2026-07-08 13:55:34.59734+00,2026-07-08 15:37:37.303214+00,"Anhui Xinbo Solar Material Co., Ltd.",,,,,,China,https://www.xinboalu.com,,,"{Other,China,""Solar PV""}",google,,{},Chinese manufacturer of aluminum solar material/frame products.,,,f,
b7f577a2-3381-4153-b01f-3e25d1b6514e,,Europower Tic.,can.keles@europowersolar.com,+90 555 9705721,,,,2026-07-08 13:56:04.707525+00,2026-07-08 15:37:37.303214+00,Europower Enerji ve Otomasyon Teknolojileri San. Tic. A.S.,,,,,,Turkey,https://www.europowerenerji.com.tr,,,"{EPC/Installer,Turkey,""Solar PV""}",google,,{},Turkish energy engineering and automation technology company.,,,f,
b807c412-98ff-49b9-bdbc-7a0862742cc4,,Trade Intersolar,,+49 761 38813700,,,,2026-07-08 13:57:23.444466+00,2026-07-08 15:37:37.303214+00,Trade Press Booth Intersolar,,,,Munich,,Germany,,,,"{Association,Germany}",google,,{},Trade press booth contact for the Intersolar exhibition.,,,f,
b80d2d4e-1432-4be5-8204-095544776c53,,Shanghai Corp.,info@rivet-china.com,+86-21-58912860,,,,2026-07-08 13:57:02.390141+00,2026-07-08 15:37:37.303214+00,Shanghai Fast-Fix Rivet Corp.,,,,,,China,https://www.rivet-china.com,,,"{Other,China}",google,,{},Chinese manufacturer of rivets and fastening hardware.,,,f,
babb14f0-7f45-43f4-8009-d57633f1c312,,BEST Transformer,esra.gurel@besttransformer.com,+902662811070,,,,2026-07-08 13:55:41.674835+00,2026-07-08 15:37:37.303214+00,BEST Transformer,,,,,,Turkey,https://www.besttransformer.com,,,"{Cable/BOS,Turkey,Grid}",google,,{},Turkish manufacturer of power and distribution transformers.,,,f,
babbbd73-4aaa-40fa-bc55-76d4e0476645,,Harbin Ltd.,dysales@cospowers.com,+86-0451-51016603,,,,2026-07-08 13:56:17.157244+00,2026-07-08 15:37:37.303214+00,"Harbin Coslight New Energy Co., Ltd.",,,,Harbin,,China,https://en.cospowers.com,,,"{Battery/Storage,China}",google,,{},Chinese manufacturer of lithium batteries for energy storage and EV applications.,,,f,
babecd32-d3ed-47d3-b32d-c334f7cc78ef,,Adani Solar,eshant.jindal@adani.com,+919205408740,,,,2026-07-08 13:55:30.538316+00,2026-07-08 15:37:37.303214+00,Adani Solar,,,,Ahmedabad,Gujarat,India,https://www.adanisolar.com/,,,"{""Module Mfr"",India,""Solar PV""}",google,,{},"Indian manufacturer of solar PV modules and cells, part of Adani Group.",,,f,
bac8b463-4ff9-467a-a3e1-f870543f89e5,,Kyon GmbH,info@kyon-energy.com,+49 (0) 89 413261042,,,,2026-07-08 13:56:33.611089+00,2026-07-08 15:37:37.303214+00,Kyon Energy Solutions GmbH,,,,Berlin,,Germany,https://www.kyon-energy.de,,,"{Developer/IPP,Germany,Storage}",google,,{},German developer of battery energy storage system projects.,,,f,
badb7498-c3ea-4d3c-ab33-87bd489e3b83,,JinkoSolar Europe,contact.eu@jinkosolar.eu,+49 891433246-131,,,,2026-07-08 13:56:29.314306+00,2026-07-08 15:37:37.303214+00,JinkoSolar Europe,,,,Munich,,Germany,https://www.jinkosolar.eu,,,"{""Module Mfr"",Germany,""Solar PV""}",google,,{},"European sales arm of JinkoSolar, manufacturer of solar PV modules.",,,f,
baf4add3-33b4-4e7b-96c3-ca3477e821b1,,Ardomus Corporation,jenny.lai@ardomusnet.com,+88635780158,,,,2026-07-08 13:55:35.90998+00,2026-07-08 15:37:37.303214+00,Ardomus Networks Corporation,,,,Vancouver,British Columbia,Canada,https://www.ardomusnet.com/,,,"{Metering/Monitoring,Canada}",google,,{},Canadian company providing IoT-based solar monitoring and cloud platform solutions.,,,f,
baff5198-3f0a-4a99-aac8-83c05d7d938f,,Becquerel Institute,admin@becquerelinstitute.eu,+33775785138,,,,2026-07-08 13:55:40.534881+00,2026-07-08 15:37:37.303214+00,Becquerel Institute,,,,Brussels,,Belgium,https://www.becquerelinstitute.eu,,,"{Research/Academic,Belgium,""Solar PV""}",google,,{},Belgian research and consultancy institute focused on solar PV market and technology.,,,f,
bb703e78-306b-4f7c-ac83-57294134fac1,,AIOT LTD.,jason@mypvtech.com,+86-0510-88530666,,,,2026-07-08 13:55:31.687952+00,2026-07-08 15:37:37.303214+00,"AIOT ENERGY CO,LTD.",,,,,,China,https://www.mypvtech.com,,,"{Metering/Monitoring,China,""Solar PV""}",google,,{},Chinese manufacturer of solar monitoring devices and microinverters.,,,f,
bb7cdd8b-eead-4862-ad94-d387108145e8,,KERN KG,info@kern-liebers.com,+49 7422 511 - 0,,,,2026-07-08 13:56:31.574633+00,2026-07-08 15:37:37.303214+00,KERN LIEBERS GmbH &amp; Co. KG,,,,Schramberg,Baden-Württemberg,Germany,https://www.kern-liebers.com,,,"{Mounting/Tracker,Germany}",google,,{},German manufacturer of precision springs and stamped/formed components including PV mounting clips.,,,f,
bb91eeb2-412e-4cad-bed9-613da430c341,,H&amp;MV Engineering,info@hmveng.ie,+35361357496,,,,2026-07-08 13:56:15.934109+00,2026-07-08 15:37:37.303214+00,H&amp;MV Engineering,,,,,,Ireland,,,,"{EPC/Installer,Ireland}",google,,{},Irish electrical and mechanical engineering contractor serving energy projects.,,,f,
bbb6b7f5-8981-4324-baa0-8a665f719038,,JAE Ltd,sales@jae.co.uk,+492103929819200,,,,2026-07-08 13:56:26.436368+00,2026-07-08 15:37:37.303214+00,"JAE Europe, Ltd",,,,,,United Kingdom,https://www.jae.com/en/,,,"{Cable/BOS,""United Kingdom""}",google,,{},"European branch of JAE, a Japanese manufacturer of electronic connectors used in solar equipment.",,,f,
bbd9253c-9fbe-48d3-9bc3-c601b5c81899,,SUNVEON,jzelada@sunveon.com,+34669577846,,,,2026-07-08 13:57:17.730646+00,2026-07-08 15:37:37.303214+00,SUNVEON,,,,,,Spain,https://sunveon.com/,,,"{Developer/IPP,Spain,""Solar PV""}",google,,{},Company involved in solar energy project development.,,,f,
bbe41987-0c9d-43a5-b613-c2b633328cb9,,Prolux GmbH,info@prolux-solutions.com,+49 9931 702 77 - 0,,,,2026-07-08 13:56:52.295032+00,2026-07-08 15:37:37.303214+00,Prolux Solutions · c/o Kermi GmbH,,,,Plattling,Bavaria,Germany,https://www.prolux-solutions.com/de/de/,,,"{Mounting/Tracker,Germany,""Solar PV""}",google,,{},German PV mounting/system solutions unit operating under Kermi GmbH.,,,f,
bc02c47b-4dd5-4e0c-9e32-c67031746f37,,PROFINESS Photovoltaik,info@profiness.de,+49 208 3096190,,,,2026-07-08 13:56:52.078524+00,2026-07-08 15:37:37.303214+00,PROFINESS GmbH - Montagesysteme für Photovoltaik,,,,,,Germany,https://www.profiness.de,,,"{Mounting/Tracker,Germany,""Solar PV""}",google,,{},German manufacturer of mounting systems for photovoltaic installations.,,,f,
bc0c464a-02d8-428e-8d90-83ba707730a3,,Enphase Energy,deutschland@enphaseenergy.com,+49 (0) 89 38037726,,,,2026-07-08 13:56:02.550095+00,2026-07-08 15:37:37.303214+00,Enphase Energy,,,,Fremont,California,United States,https://Enphase.com/de-de,,,"{""Inverter Mfr"",""United States"",Residential}",google,,{},US manufacturer of microinverters and home energy management systems.,,,f,
bc3c0335-7827-4f39-adea-aba705aeb737,,seplugs GmbH,office@seplugs.com,+4915772173350,,,,2026-07-08 13:57:01.695804+00,2026-07-08 15:37:37.303214+00,seplugs GmbH,,,,,,Germany,https://seplugs.com/,,,"{Cable/BOS,Germany,""Solar PV""}",google,,{},German manufacturer of connectors and plug systems for solar installations.,,,f,
bc3d8708-b542-4efd-ab21-d5e4db17d174,,BayWa GmbH,energytrading@baywa-re.com,+49 341 33967600,,,,2026-07-08 13:55:40.054103+00,2026-07-08 15:37:37.303214+00,BayWa r.e. Energy Trading GmbH,,,,Munich,Bavaria,Germany,http://www.baywa-re.de,,,"{Developer/IPP,Germany,Utility-scale}",google,,{},German energy trading unit of BayWa r.e. dealing in power and renewable energy commodities.,,,f,
bc4c801d-26fd-4431-958c-d053ca2e3c86,,Valentin GmbH,info@valentin-software.com,+49 (0) 30 588439-0,,,,2026-07-08 13:57:27.033471+00,2026-07-08 15:37:37.303214+00,Valentin Software GmbH,,,,Berlin,,Germany,https://www.valentin-software.com,,,"{Software,Germany,""Solar PV""}",google,,{},German developer of PV and renewable energy design/simulation software (PVSOL).,,,f,
bc8c4883-522b-426d-8d9b-422a8693b966,,Astor Enerji,yahsan.gecgel@astoras.com.tr,+903122670156,,,,2026-07-08 13:55:36.548218+00,2026-07-08 15:37:37.303214+00,Astor Enerji A.S.,,,,,,Turkey,https://www.astoras.com.tr,,,"{Cable/BOS,Turkey,Grid}",google,,{},Turkish manufacturer of transformers and electrical equipment for power distribution.,,,f,
bcad3d49-8db5-4665-a451-10c80847ed52,,Wieland GmbH,info@wieland-electric.com,+49 951 93240,,,,2026-07-08 13:57:32.348396+00,2026-07-08 15:37:37.303214+00,Wieland Electric GmbH,,,,Bamberg,Bavaria,Germany,https://www.wieland-electric.com,,,"{Cable/BOS,Germany,Grid}",google,,{},German manufacturer of electrical connection and safety technology components.,,,f,
bcae6e1f-f777-44b0-8e3d-f260f382c14c,,Hydro GmbH,office@hydro-future.de,+4989444399730,,,,2026-07-08 13:56:22.117764+00,2026-07-08 15:37:37.303214+00,Hydro Future GmbH,,,,,,Germany,https://www.hydro-future.de,,,"{Other,Germany,Hydrogen}",google,,{},German company focused on hydrogen and hydropower energy solutions.,,,f,
bcd459d0-2afc-479c-9db1-4b15ee5ec3ec,,Eltas Tic.,info@eltas.com.tr,+90 232 3981500,,,,2026-07-08 13:55:58.905535+00,2026-07-08 15:37:37.303214+00,Eltas Transformatör San. ve Tic. A.S.,,,,,,Turkey,https://www.eltas.com.tr,,,"{Cable/BOS,Turkey,Grid}",google,,{},Turkish manufacturer of distribution and power transformers.,,,f,
bcecb430-c25b-47b4-bbdd-7b98eda784df,,IVY LTD,ebp@ivy-metering.com,+86(21)6220 9608,,,,2026-07-08 13:56:26.119761+00,2026-07-08 15:37:37.303214+00,"IVY METERING CO.,LTD",,,,,,China,https://www.ivy-metering.com/,,,"{Metering/Monitoring,China}",google,,{},Chinese manufacturer of smart electricity meters and metering solutions.,,,f,
bcf273d7-16d5-4124-94f6-7969f9f25b7e,,Ganzhou Ltd.,,,,,,2026-07-08 13:56:10.493377+00,2026-07-08 15:37:37.303214+00,"Ganzhou Comking Energy Storage Technology Co., Ltd.",,,,Ganzhou,Jiangxi,China,https://www.comkingpower.com,,,"{Battery/Storage,China}",google,,{},Chinese manufacturer of lithium battery energy storage technology.,,,f,
bd2f8553-1e09-4bfc-89a5-6f59ca65532b,,Reonic,kontakt@reonic.de,+49 151 27191156,,,,2026-07-08 13:56:56.786231+00,2026-07-08 15:37:37.303214+00,Reonic,,,,Karlsruhe,,Germany,https://www.reonic.com,,,"{""Inverter Mfr"",Germany,""EV Charging""}",google,,{},German startup developing power electronics including inverters and EV charging technology.,,,f,
b816fcbe-f483-4bb6-b25d-f503dc5a6593,,Opcar-EV,galb@dan.co.il,+972972507395131,,,,2026-07-08 13:56:46.622343+00,2026-07-08 15:37:37.303214+00,Opcar-EV,,,Yahadut Canada 3,Or-Yehuda,,Israel,https://opcar-ev.com/,,,"{Software,Israel,""EV Charging""}",google,,{},Develops fleet management software for electric bus charging and scheduling.,,,f,
b83066cf-5a55-4b6d-b16e-8b99ab95aaca,,GreenFlux,sales@greenflux.com,+31 202257200,,,,2026-07-08 13:56:13.050552+00,2026-07-08 15:37:37.303214+00,GreenFlux,,,,,,Netherlands,,,,"{Software,Netherlands,""EV Charging""}",google,,{},Provides EV charging network management software and platform services.,,,f,
b8513d80-329c-4183-8979-4f4bd3f5c26a,,XPRON GmbH,info@xpron.com,+49213170830,,,,2026-07-08 13:57:36.004926+00,2026-07-08 15:37:37.303214+00,XPRON Systems GmbH,,,,Dusseldorf,,Germany,https://www.xpron.com,,,"{Software,Germany}",google,,{},"IT service provider offering IT infrastructure, cloud and digitalization services.",,,f,
b866f26e-3944-4602-a8cc-00b95bf62cc2,,Szermann Ltd.,vezetes@szermann.hu,+36 30 179 2052,,,,2026-07-08 13:57:19.111551+00,2026-07-08 15:37:37.303214+00,Szermann Ltd.,,,,,,Hungary,https://www.szermann.hu,,,"{Other,Hungary}",google,,{},Hungarian company; business focus unclear from available data.,,,f,
b87a8bec-11e2-4730-8867-132e93a12099,,S. Invest,abenea@ebs-electric.eu,+40725681682,,,,2026-07-08 13:56:58.972162+00,2026-07-08 15:37:37.303214+00,S.C. Electro Promex Invest S.R.L.,,,,,,Romania,https://www.ebs-electric.eu,,,"{Cable/BOS,Romania}",google,,{},Electrical equipment and components supplier operating as EBS Electric.,,,f,
b8b90443-1744-4dcd-9427-35faf17bc0ef,,Trialog,contact@trialog.com,+33144706100,,,,2026-07-08 13:57:23.979609+00,2026-07-08 15:37:37.303214+00,Trialog,,,,,,France,https://www.trialog.com,,,"{Consultancy,France,Grid}",google,,{},French consultancy specializing in embedded systems and energy/IoT technology.,,,f,
b8dcbd2b-120e-4b0f-ae38-b7f1fee391e7,,eCHARGE GmbH,p.barth@echarge.de,+499666188000,,,,2026-07-08 13:55:56.262962+00,2026-07-08 15:37:37.303214+00,eCHARGE Hardy Barth GmbH,,,,,,Germany,https://www.echarge.de,,,"{Other,Germany,""EV Charging""}",google,,{},Manufactures EV charging stations (wallboxes) for residential and commercial use.,,,f,
b8dfe87d-daa9-42a4-a286-675b66f626bc,,Amelia Hub,marketing@ameliahub.com,+34648008509,,,,2026-07-08 13:55:32.984293+00,2026-07-08 15:37:37.303214+00,Amelia Hub,,,,,,Spain,https://ameliahub.com,,,"{Software,Spain,Utility-scale}",google,,{},Provides QA/QC software and hardware for solar tracker pile-driving inspection.,,,f,
b91b3455-fcc6-4817-91a0-bbdc7a7769ad,,NINGBO LTD.,sales@cntoplighting.com,+86 574 63739608,,,,2026-07-08 13:56:43.916039+00,2026-07-08 15:37:37.303214+00,"NINGBO TOP OPTOELECTRONIC TECHNOLOGY CO., LTD.",,,,Ningbo,,China,https://www.cntoplighting.com,,,"{Other,China}",google,,{},Manufactures optoelectronic and lighting products.,,,f,
b935629e-0d61-42ab-ab29-cb1b0e497afc,,Wanzhen Ltd.,liuyan@wanz.com,86-21-60298911,,,,2026-07-08 13:57:30.564249+00,2026-07-08 15:37:37.303214+00,"Wanzhen New Energy Technology (Shanghai) Co., Ltd.",,,,Shanghai,,China,https://www.wanzn.com,,,"{Battery/Storage,China}",google,,{},New energy technology company producing battery and energy storage products.,,,f,
b94c29b9-d07c-4a8c-817c-71ddb85ce5e7,,QINGDAO LTD,lilubochong@qdxingbang.com,0532-83866831,,,,2026-07-08 13:56:53.97878+00,2026-07-08 15:37:37.303214+00,"QINGDAO XINGBANG KITCHEN AND BATHROOM APPLIANCES CO., LTD",,,,Qingdao,,China,https://qdxb-evcharger.com,,,"{Other,China,""EV Charging""}",google,,{},Manufactures kitchen/bathroom appliances and EV chargers.,,,f,
b96763e3-a93f-4147-8768-2ed885f2d1f7,,MENNEKES KG,info@mennekes.de,+49 272 34141,,,,2026-07-08 13:56:38.74412+00,2026-07-08 15:37:37.303214+00,MENNEKES Elektrotechnik GmbH &amp; Co. KG,,,,,,Germany,https://www.mennekes.de/emobility/,,,"{Other,Germany,""EV Charging""}",google,,{},Manufactures EV charging connectors and infrastructure equipment.,,,f,
b9766511-1fb3-4587-ad44-f41bbb1d4719,,Top Cable,evay@topcable.com,+34935880911,,,,2026-07-08 13:57:23.108046+00,2026-07-08 15:37:37.303214+00,Top Cable,,,,,,Spain,https://www.topcable.com,,,"{Cable/BOS,Spain}",google,,{},Manufactures electrical and EV charging cables.,,,f,
b9900408-0b7e-4e39-9f2a-f5aca83673c5,,Tresun s.r.l.,info@tresun.it,+3995398199,,,,2026-07-08 13:57:23.934322+00,2026-07-08 15:37:37.303214+00,Tresun s.r.l.,,,"Via Luigi Pirandello, s.n.c. Piano Tavola",Belpasso,Catania,Italy,https://www.tresun.it,,,"{EPC/Installer,Italy,Utility-scale}",google,,{},"Manages O&M, revamping and repowering for utility-scale photovoltaic plants.",,,f,
b990207b-a354-484e-acdd-a58af5376bf0,,greentech group,contact@greentech.energy,+4940743251100,,,,2026-07-08 13:56:13.184266+00,2026-07-08 15:37:37.303214+00,greentech group,,,,,,Germany,https://www.greentech.energy,,,"{Developer/IPP,Germany,""Solar PV""}",google,,{},Renewable energy group developing solar energy projects.,,,f,
b9d23c99-e6e0-4270-83a6-f20897e8e086,,Karl GmbH,info@karlgross.de,+49 421 17620,,,,2026-07-08 13:56:31.087909+00,2026-07-08 15:37:37.303214+00,Karl Gross Internationale Spedition GmbH,,,,,,Germany,https://www.karlgross.de,,,"{Other,Germany}",google,,{},International freight forwarding and logistics company.,,,f,
b9db132f-3c1c-42aa-9a56-f1a41d7dce5b,,Staad Group,,,,,,2026-07-08 13:57:14.954871+00,2026-07-08 15:37:37.303214+00,Staad Group,,,,,,United States,,,,"{Other,""United States""}",google,,{},No website or contact data available; business focus unclear.,,,f,
b9ffe30d-2113-4773-8abf-8b8bca1bfe5b,,HUNAN LTD,,,,,,2026-07-08 13:56:21.702387+00,2026-07-08 15:37:37.303214+00,"HUNAN HUAXING LITHIUM BATTERY NEW ENERGY CO., LTD",,,,Hunan,,China,https://www.hnpengbo.com/gsjs.html,,,"{Battery/Storage,China}",google,,{},Manufactures lithium battery new energy products.,,,f,
ba00a92c-217d-44a9-a1bc-8a66aba2de59,,Octopus GmbH,,,,,,2026-07-08 13:56:45.779317+00,2026-07-08 15:37:37.303214+00,Octopus Energy Germany GmbH,,,,,,Germany,https://www.octopusenergy.de,,,"{Utility,Germany}",google,,{},"German subsidiary of Octopus Energy, an electricity and gas retailer.",,,f,
ba268a10-a22a-4ba4-a773-4d3713e5d689,,Truth LTD,,+86 0551-66020758,,,,2026-07-08 13:57:24.717703+00,2026-07-08 15:37:37.303214+00,"Truth Equipment Co., LTD",,,,,,China,https://www.truth-equipment.com,,,"{Other,China}",google,,{},Manufactures industrial equipment; likely PV or battery manufacturing machinery.,,,f,
ba3a508f-f99a-412e-bdf1-a8d33e204f47,,Hebei Ltd.,admin@wgd-tech.com,18630796999,,,,2026-07-08 13:56:17.613067+00,2026-07-08 15:37:37.303214+00,"Hebei Huitai Photovoltaic Technolgoy Co., Ltd.",,,,Hebei,,China,https://www.htphotovoltaic.com/,,,"{""Module Mfr"",China,""Solar PV""}",google,,{},Manufactures photovoltaic modules and related products.,,,f,
ba4b8ec9-3d98-4343-a5f3-ee2a423aabf2,,ViscoTec GmbH,mail@viscotec.de,+49863192740,,,,2026-07-08 13:57:28.775293+00,2026-07-08 15:37:37.303214+00,ViscoTec Pumpen- u. Dosiertechnik GmbH,,,,,,Germany,https://www.viscotec.de,,,"{Other,Germany,""Solar PV""}",google,,{},Manufactures dosing and pumping technology used in solar cell production.,,,f,
ba690fc2-ffe9-4bf6-87b9-7bba1d88be55,,Elvan S.A.,kkastanis@elvan.gr,+306932433054,,,,2026-07-08 13:55:59.004757+00,2026-07-08 15:37:37.303214+00,Elvan S.A.,,,,,,Greece,https://www.elvansolar.gr,,,"{EPC/Installer,Greece,""Solar PV""}",google,,{},Greek company involved in solar PV project development and installation.,,,f,
ba794857-ea24-44f5-a1e5-bc0eb309eb62,,Ernst AG,info@ernstschweizer.ch,+41 44 763 61 11,,,,2026-07-08 13:56:03.633029+00,2026-07-08 15:37:37.303214+00,Ernst Schweizer AG,,,,,,Switzerland,https://www.ernstschweizer.com,,,"{Mounting/Tracker,Switzerland}",google,,{},Manufactures solar mounting systems and building facade/metal components.,,,f,
ba8ff64c-02ab-44ce-9cdc-a6994809a899,,QBI Solutions,info@qbisolutions.com,,,,,2026-07-08 13:56:53.621002+00,2026-07-08 15:37:37.303214+00,QBI Solutions S.L.,,,"C/ de Mendez Alvaro, 56, 6a planta",Madrid,,Spain,https://www.qbisolutions.com,,,"{Software,Spain,Utility-scale}",google,,{},Provides SaaS business management/ERP software for renewable energy asset lifecycle.,,,f,
bd608dce-751e-44fe-998d-fad17cb7af5d,,Australia Ltd.,albs@nps.energy,+61450300368,,,,2026-07-08 13:55:37.044366+00,2026-07-08 15:37:37.303214+00,Australia National Power Storage Holding Pty Ltd.,,,,,,Australia,https://www.anpsh.com.au/,,,"{Battery/Storage,Australia}",google,,{},Australian company developing large-scale battery energy storage projects.,,,f,
bd6d59aa-9506-4da4-9b5a-ed6a649c034c,,Fraunhofer-Center CSP,info@csp.fraunhofer.de,+49 345 55890,,,,2026-07-08 13:56:08.993848+00,2026-07-08 15:37:37.303214+00,Fraunhofer-Center für Silizium-Photovoltaik CSP,,,,Halle,Saxony-Anhalt,Germany,https://www.csp.fraunhofer.de,,,"{Research/Academic,Germany,""Solar PV""}",google,,{},Fraunhofer research center for silicon photovoltaic technology (CSP).,,,f,
bd90ddca-2c5a-4045-9bd3-853abc8c6143,,E-Mobility aisbl,k.kramer@emobilityeurope.org,+32490298712,,,,2026-07-08 13:55:55.556231+00,2026-07-08 15:37:37.303214+00,E-Mobility Europe aisbl,,,,Brussels,,Belgium,https://www.emobilityeurope.org,,,"{Association,Belgium,""EV Charging""}",google,,{},European association promoting e-mobility and electric vehicle policy.,,,f,
bdb018f0-ddb6-4630-b0f0-3e002a6cab92,,DEKRA Testing and Certification,info.es@dekra.com,+34952619100,,,,2026-07-08 13:55:52.253341+00,2026-07-08 15:37:37.303214+00,DEKRA Testing and Certification,,,,Stuttgart,,Germany,https://www.dekra.com,,,"{Testing/Certification,Germany}",google,,{},"Provides testing, inspection and certification services including for solar products.",,,f,
bdd8f6e5-5196-4288-a4a1-c58ccd17a9c6,,Trianel GmbH,info@trianel.com,+49 241 413200,,,,2026-07-08 13:57:24.032394+00,2026-07-08 15:37:37.303214+00,Trianel GmbH,,,,Aachen,North Rhine-Westphalia,Germany,https://www.trianel.com,,,"{Utility,Germany}",google,,{},German municipal utility group operating power generation and energy trading.,,,f,
bdfa415d-5ee5-4e80-8c52-c1f3bc8a44ef,,Tianneng Ltd,wangh@tianneng.com,+86 13511264965,,,,2026-07-08 13:57:22.332154+00,2026-07-08 15:37:37.303214+00,"Tianneng Battery Group Co., Ltd",,,,Huzhou,Zhejiang,China,https://www.tiannengglobal.com,,,"{Battery/Storage,China}",google,,{},Chinese manufacturer of lead-acid and lithium batteries for e-mobility and storage.,,,f,
be2bfcd8-d203-4e9b-863b-14017ba14ecb,,Panasonic GmbH,info.pieu@eu.panasonic.com,+49089453541000,,,,2026-07-08 13:56:47.83609+00,2026-07-08 15:37:37.303214+00,Panasonic Industry Europe GmbH,,,,Munich,Bavaria,Germany,https://industry.panasonic.eu/,,,"{Battery/Storage,Germany}",google,,{},European industrial arm of Panasonic supplying electronic components and batteries.,,,f,
be43f483-3918-4000-bbf0-29b412c2291d,,EcoFlow,alexandra.holub@ecoflow.com,+49 152 2614 3905,,,,2026-07-08 13:55:56.60415+00,2026-07-08 15:37:37.303214+00,EcoFlow,,,,Shenzhen,Guangdong,China,https://energy.ecoflow.com/de,,,"{Battery/Storage,China,Residential}",google,,{},Manufacturer of portable power stations and home energy storage systems.,,,f,
be635cea-155a-44c7-98d3-bf0ae03b6304,,chargecloud GmbH,sales@chargecloud.de,+49 0221 2927 2500,,,,2026-07-08 13:55:46.969277+00,2026-07-08 15:37:37.303214+00,chargecloud GmbH,,,,Karlsruhe,Baden-Wurttemberg,Germany,https://www.chargecloud.de,,,"{Software,Germany,""EV Charging""}",google,,{},German provider of cloud-based EV charging station management software.,,,f,
be6876cc-ed4a-46ac-90d0-3d5f5d31055f,,WT GmbH,p.meinhardt@wt-energiesysteme.de,+491752672379,,,,2026-07-08 13:57:33.585778+00,2026-07-08 15:37:37.303214+00,WT Energiesysteme GmbH,,,,,,Germany,https://www.wt-energiesysteme.de,,,"{EPC/Installer,Germany,""Solar PV""}",google,,{},German company providing solar energy system installation services.,,,f,
be7f0b35-a1c2-45e9-ab70-7770183a1c71,,APsystems,emea@apsystems.com,+31-85-3018499,,,,2026-07-08 13:55:35.336645+00,2026-07-08 15:37:37.303214+00,APsystems,,,,Shenzhen,Guangdong,China,https://emea.apsystems.com/de/,,,"{""Inverter Mfr"",China,""Solar PV""}",google,,{},Manufacturer of microinverters and module-level power electronics for solar.,,,f,
be8543e3-8430-4682-8375-55bac8eded61,,BlueSun GmbH,info@bluesun.de,+4999429699020,,,,2026-07-08 13:55:42.858044+00,2026-07-08 15:37:37.303214+00,BlueSun Energy Service GmbH,,,,,,Germany,https://www.bluesun.de,,,"{EPC/Installer,Germany,""Solar PV""}",google,,{},German solar energy service provider offering installation and maintenance.,,,f,
bea30ee5-24d9-47c3-b368-db8bb44a8662,,Inc. SenseHawk,sales@sensehawk.com,+1 (415) 779-2787,,,,2026-07-08 13:56:23.415477+00,2026-07-08 15:37:37.303214+00,"SenseHawk, Inc.",,,,San Jose,California,United States,https://www.sensehawk.com,,,"{Software,""United States"",Utility-scale}",google,,{},Software platform for managing utility-scale solar construction and O&M.,,,f,
bec3abf1-6f34-45a7-8b10-2247db81399c,,enwitec GmbH,info@enwitec.eu,+49 8725 96640,,,,2026-07-08 13:56:03.059606+00,2026-07-08 15:37:37.303214+00,enwitec electronic GmbH,,,,,,Germany,https://www.enwitec.eu,,,"{Metering/Monitoring,Germany}",google,,{},German manufacturer of monitoring and control electronics for PV and storage systems.,,,f,
bef4cd47-64f7-4777-a249-afedfd679ab4,,Shidi Ltd.,,,,,,2026-07-08 13:57:07.458391+00,2026-07-08 15:37:37.303214+00,"Shidi Photovoltaic Technology (Taizhou) Co., Ltd.",,,,Taizhou,Zhejiang,China,https://sdnewenergy.com.cn,,,"{""Module Mfr"",China,""Solar PV""}",google,,{},Chinese manufacturer of photovoltaic modules based in Taizhou.,,,f,
befdbbed-dd08-4504-b909-eaefc8fa1812,,evems AG,,,,,,2026-07-08 13:56:05.581262+00,2026-07-08 15:37:37.303214+00,evems AG,,,,,,Germany,,,,"{Software,Germany,""EV Charging""}",google,,{},"German provider of energy and EV charging management systems, classified by name.",,,f,
beffc7b9-395f-4e99-b251-03d269dbd325,,FGH mbH,info@zertifizierung.de,+49 621 976807-50,,,,2026-07-08 13:56:07.137759+00,2026-07-08 15:37:37.303214+00,FGH Zertifizierungsgesellschaft mbH,,,,Mannheim,,Germany,https://www.fgh-zertifizierung.de/de/,,,"{Testing/Certification,Germany}",google,,{},German certification body for power grid and electrical equipment testing.,,,f,
bf461dd4-09f3-452b-a62e-6806a207ee40,,deeeper. GmbH,office@deeeper.de,+49 176 80592666,,,,2026-07-08 13:55:51.925869+00,2026-07-08 15:37:37.303214+00,deeeper.technology GmbH,,,,,,Germany,https://www.deeeper-technology.de,,,"{Software,Germany}",google,,{},"German technology company, likely in energy digitalization based on domain name.",,,f,
bf812994-56c2-4176-a032-7c955a2cacc6,,INPLAF SRL,info@inplaf.it,+39575536469,,,,2026-07-08 13:56:24.295674+00,2026-07-08 15:37:37.303214+00,INPLAF SRL,,,,,,Italy,https://www.inplaf.it,,,"{Other,Italy}",google,,{},"Italian manufacturer of plastic components, classified from domain name.",,,f,
bfa5c5f2-3b4d-41b8-9402-6e8e6ed17aa7,,NEWENERGIE LTD,s.agarwal@newenergie.co.in,+919320012508,,,,2026-07-08 13:56:42.6974+00,2026-07-08 15:37:37.303214+00,NEWENERGIE RENEWABLES P LTD,,,,,,India,https://www.newenergie.co.in,,,"{EPC/Installer,India,""Solar PV""}",google,,{},Indian renewable energy company offering solar EPC and installation services.,,,f,
bfb023cf-ff3c-42f6-b9c6-9abe191575de,,JINNENG LTD,sales@jinergy.com,18535417915,,,,2026-07-08 13:56:29.363352+00,2026-07-08 15:37:37.303214+00,JINNENG CLEAN ENERGY TECHNOLOGY LTD (Jinergy),,,,Xi'an,Shaanxi,China,https://www.jinergy.com,,,"{""Module Mfr"",China,""Solar PV""}",google,,{},Chinese manufacturer of heterojunction solar cells and modules (Jinergy).,,,f,
bfcbb7ce-fdc4-468d-8d64-b276538c4139,,Saferoad GmbH,solar-solutions@saferoad.com,+49 6435 90800,,,,2026-07-08 13:56:59.634677+00,2026-07-08 15:37:37.303214+00,Saferoad Restraint Systems GmbH,,,,,,Germany,https://www.saferoad-solarsolutions.com/de/,,,"{Mounting/Tracker,Germany,""Solar PV""}",google,,{},Provides solar mounting solutions as part of Saferoad restraint systems group.,,,f,
bfd4f0a1-1c46-494c-a6fd-4e608f7f7775,,Janitza GmbH,info@janitza.de,+49 6441 96420,,,,2026-07-08 13:56:26.486311+00,2026-07-08 15:37:37.303214+00,Janitza electronics GmbH,,,,Lahnau,Hesse,Germany,https://www.janitza.com,,,"{Metering/Monitoring,Germany}",google,,{},German manufacturer of power measurement and monitoring devices.,,,f,
c0146a0e-f803-4705-98a2-22d91d7b9a39,,ladenetz. mbH,info@smartlab.de,+492419160920,,,,2026-07-08 13:56:33.788028+00,2026-07-08 15:37:37.303214+00,ladenetz.de &amp; ladebusiness - electrified by SMART/LAB Innovationsgesellschaft mbH,,,,Wurzburg,Bavaria,Germany,https://smartlab-gmbh.com,,,"{Software,Germany,""EV Charging""}",google,,{},Operates ladenetz.de EV charging network and provides charging business software.,,,f,
c04ec2fd-6f92-4e94-b399-1d5cd5835a43,,Guangdong LTD.,salesmye@mingyang-electric.com,+86 0760-28138198,,,,2026-07-08 13:56:14.426879+00,2026-07-08 15:37:37.303214+00,"Guangdong Mingyang Electric Co., LTD.",,,,,,China,https://www.mingyang-electric.com,,,"{Cable/BOS,China}",google,,{},Chinese manufacturer of electric equipment and components for power systems.,,,f,
c070582b-e578-48a7-8007-63c013edfee0,,Zhejiang Ltd.,sales05@dongjuecable.com,,,,,2026-07-08 13:57:38.448418+00,2026-07-08 15:37:37.303214+00,"Zhejiang Dongjue Precision Technology Co., Ltd.",,,,,,China,,,,"{Cable/BOS,China}",google,,{},Manufactures precision cables and connectors for solar and power applications.,,,f,
c07cd554-32ee-416a-832c-607fe3ee5d05,,Stäubli AG,,,,,,2026-07-08 13:57:15.481596+00,2026-07-08 15:37:37.303214+00,Stäubli Electrical Connectors AG,,,,Pfaeffikon,,Switzerland,https://www.staubli.com,,,"{Cable/BOS,Switzerland}",google,,{},Manufactures electrical connectors including MC4-type PV connectors.,,,f,
c0923e28-7561-4210-8695-a0c136df4291,,Jiangsu Ltd.,sales-inform@runergy.com,0512-57921098,,,,2026-07-08 13:56:27.818832+00,2026-07-08 15:37:37.303214+00,"Jiangsu Runergy New Energy Technology Co., Ltd.",,,,Changzhou,Jiangsu,China,https://www.runergy.com/en/,,,"{""Cell/Wafer Mfr"",China,""Solar PV""}",google,,{},Manufactures solar cells and modules.,,,f,
c0b50b9e-d344-4897-82ad-89fcfacc160f,,Pixii AS,post@pixii.com,,,,,2026-07-08 13:56:49.770137+00,2026-07-08 15:37:37.303214+00,Pixii AS,,,,Oslo,,Norway,https://www.pixii.com,,,"{Battery/Storage,Norway}",google,,{},Develops battery energy storage systems for residential and commercial use.,,,f,
c0c0c297-8c06-425f-9d66-83841b284d38,,ENACO GmbH,info@enaco.de,+4981419070,,,,2026-07-08 13:55:59.448076+00,2026-07-08 15:37:37.303214+00,ENACO Energieanlagen- und Kommunikationstechnik GmbH,,,,,,Germany,https://www.enaco.de,,,"{EPC/Installer,Germany,""Solar PV""}",google,,{},Installs energy systems and communication technology including solar PV.,,,f,
c0cde9fa-3b3b-424c-a206-eadeeef24319,,Westrafo S.p.A.,marketing@westrafo.com,+394441831601,,,,2026-07-08 13:57:32.040683+00,2026-07-08 15:37:37.303214+00,Westrafo S.p.A.,,,,,,Italy,https://www.westrafo.com,,,"{Cable/BOS,Italy,Grid}",google,,{},Manufactures transformers and electrical equipment for power grids.,,,f,
c1183687-a919-41d3-9532-b4622088fc05,,Energy GmbH,info@energy-hub-alliance.com,+49541760286261,,,,2026-07-08 13:56:00.819146+00,2026-07-08 15:37:37.303214+00,Energy Hub Alliance GmbH,,,,,,Germany,https://www.energy-hub.io/,,,"{Software,Germany,Grid}",google,,{},Provides an energy hub platform connecting energy assets and stakeholders.,,,f,
c146c10a-a77f-47cb-a0bc-15dafeef863a,,Joh. KG,torsten.heidemann@berenberg.de,,,,,2026-07-08 13:56:29.476884+00,2026-07-08 15:37:37.303214+00,"Joh. Berenberg, Gossler &amp; Co. KG",,,,Hamburg,,Germany,https://www.berenberg.de,,,"{Financing,Germany}",google,,{},Private bank offering financing and investment services including energy sector deals.,,,f,
c14f28d9-3b82-452b-a85a-1d8ee70e5632,,KÖNIG KG,spezialprofile@koenigkg.de,+49554204-919,,,,2026-07-08 13:56:32.723316+00,2026-07-08 15:37:37.303214+00,KÖNIG Profilsysteme GmbH &amp; Co KG,,,,,,Germany,https://www.koenig-solar.de,,,"{Mounting/Tracker,Germany,""Solar PV""}",google,,{},Manufactures special aluminum profile systems including solar mounting profiles.,,,f,
c160d901-91e4-432a-9508-bc590b043546,,Hula GmbH,,,,,,2026-07-08 13:56:21.608064+00,2026-07-08 15:37:37.303214+00,Hula Technologies GmbH,,,,,,Germany,https://hula.earth/,,,"{Software,Germany}",google,,{},Develops software technology for energy and climate applications.,,,f,
c1615e75-aecc-4449-adf4-04683871a3b1,,HICI Ltd.,yangqinghao@hicitech.com,,,,,2026-07-08 13:56:19.101647+00,2026-07-08 15:37:37.303214+00,"HICI Digital Power Trading Co., Ltd.",,,,,,China,https://en.hicitech.com,,,"{Battery/Storage,China,Grid}",google,,{},Provides digital power trading and energy storage technology solutions.,,,f,
c1695228-a7a9-4cd2-ae62-888e6224c74d,,TWAICE Analytics,connect@twaice.com,+49 (0)89 997 324 58,,,,2026-07-08 13:57:25.380756+00,2026-07-08 15:37:37.303214+00,TWAICE BESS Analytics,,,,Munich,Bavaria,Germany,https://www.twaice.com,,,"{Software,Germany,Storage}",google,,{},Provides AI-driven analytics software for battery energy storage systems.,,,f,
c17c8b33-dfd4-4763-bd2a-459b53e4c10a,,Marstek Limited,market@marstekenergy.com,+86-755-28398778,,,,2026-07-08 13:56:37.85946+00,2026-07-08 15:37:37.303214+00,"Marstek Energy Co., Limited",,,,,,China,https://eu.marstekenergy.com,,,"{Battery/Storage,China,Residential}",google,,{},Manufactures residential battery storage and balcony power systems.,,,f,
c19de286-61d2-4bf3-8eda-1b459f6fbcb7,,Allume Energy,jack.taylor@allumeenergy.com,,,,,2026-07-08 13:55:32.556811+00,2026-07-08 15:37:37.303214+00,Allume Energy,,,,Melbourne,,Australia,https://allumeenergy.com/en-au/,,,"{Metering/Monitoring,Australia,""Solar PV""}",google,,{},Develops solar-sharing technology enabling multi-tenant buildings to share PV output.,,,f,
c1a2fd20-7b55-424c-b1ae-cf4a082aae00,,Bercman Energy,arsen.muradov@bercman-energy.com,,,,,2026-07-08 13:55:41.346246+00,2026-07-08 15:37:37.303214+00,Bercman Energy,,,,,,Turkey,https://bercman-energy.com/,,,"{Other,Turkey,""EV Charging""}",google,,{},Provides EV charging equipment and energy technology solutions.,,,f,
c1bc197f-7cb2-4893-89cc-fbd426515441,,DONGYING LTD,lixueqing@dahaisolar.com,+860546-7082005,,,,2026-07-08 13:55:54.421579+00,2026-07-08 15:37:37.303214+00,"DONGYING DAHAI KELIN SOLAR POWER CO., LTD",,,,Dongying,Shandong,China,https://www.dahaisolar.com,,,"{""Module Mfr"",China,""Solar PV""}",google,,{},Manufactures solar photovoltaic modules.,,,f,
c1d45242-6230-4d7d-8734-d07bee056824,,FlexHome. GmbH,j.kranzfelder@flexhome.energy,+491716555738,,,,2026-07-08 13:56:07.80013+00,2026-07-08 15:37:37.303214+00,FlexHome.Energy GmbH,,,,,,Germany,https://www.flexhome.energy,,,"{Software,Germany,Residential}",google,,{},Provides home energy management software and services.,,,f,
c1dbc36d-3fa5-411b-9307-08d1015afb8e,,Green Technologie,contact@greenpower-technologie.com,+33230080350,,,,2026-07-08 13:56:12.776833+00,2026-07-08 15:37:37.303214+00,Green Power Technologie,,,,,,France,https://www.greenpower-technologie.com,,,"{EPC/Installer,France,""Solar PV""}",google,,{},Provides solar power installation and green energy technology services.,,,f,
c23dede3-ef63-4cf2-9d53-4421340234dd,,Invertix GmbH,joseph@invertix.ai,+4915738251908,,,,2026-07-08 13:56:25.021146+00,2026-07-08 15:37:37.303214+00,Invertix GmbH,,,,,,Germany,https://www.invertix.ai,,,"{""Inverter Mfr"",Germany,""Solar PV""}",google,,{},Develops AI-based inverter and power electronics technology.,,,f,
c25582df-2e5c-45f9-acaf-bd91210e4235,,Zhejiang Ltd.,andrea@era.com.cn,86-0576-84166262,,,,2026-07-08 13:57:38.5325+00,2026-07-08 15:37:37.303214+00,"Zhejiang ERA Solar Technology Co., Ltd.",,,,,Zhejiang,China,https://www.erasolar.com.cn,,,"{""Module Mfr"",China,""Solar PV""}",google,,{},Manufactures solar photovoltaic modules.,,,f,
c2615d2d-dea4-4adb-b18b-46b635a2b29d,,Adhesives Research,marketing@arglobal.com,+353 61 300 300,,,,2026-07-08 13:55:30.682125+00,2026-07-08 15:37:37.303214+00,Adhesives Research,,,,Glen Rock,Pennsylvania,United States,https://www.adhesivesresearch.com,,,"{Other,""United States""}",google,,{},Manufactures adhesive materials including components used in solar module lamination.,,,f,
c2690b87-8ad0-48e7-b47e-5b7cf8e1fdf2,,Anhui Ltd,sales@huasunsolar.com,+86-563-3318095,,,,2026-07-08 13:55:34.035158+00,2026-07-08 15:37:37.303214+00,"Anhui Huasun Energy Co., Ltd",,,,,Anhui,China,https://www.huasunsolar.com,,,"{""Cell/Wafer Mfr"",China,""Solar PV""}",google,,{},Manufactures heterojunction (HJT) solar cells.,,,f,
c29c6129-c49f-4c2d-901b-0f28f2675d40,,FORM-TEC GmbH,info@form-tec.de,+492922878200,,,,2026-07-08 13:56:08.233373+00,2026-07-08 15:37:37.303214+00,FORM-TEC GmbH,,,,,,Germany,https://www.form-tec.de,,,"{Mounting/Tracker,Germany,""Solar PV""}",google,,{},Manufactures mounting and formwork systems including solar racking components.,,,f,
c29eb4a7-95fc-45cc-975e-51a684204f71,,Xiamen Ltd,sales@farsunpv.com,+865922238235,,,,2026-07-08 13:57:35.013885+00,2026-07-08 15:37:37.303214+00,"Xiamen FarSun Technology Co.,Ltd",,,,Xiamen,Fujian,China,https://www.farsunpv.com,,,"{""Module Mfr"",China,""Solar PV""}",google,,{},Manufactures solar photovoltaic modules.,,,f,
c2a98007-9ee5-44c6-aba9-0b7ffb74ca0a,,RePower ，Ltd,tjj@newrptech.com,+86 075526703611,,,,2026-07-08 13:56:56.866457+00,2026-07-08 15:37:37.303214+00,RePower New Energy Technology (HK) Co.，Ltd,,,,,,China,https://www.newrptech.com,,,"{Battery/Storage,China}",google,,{},Develops new energy technology including power and battery storage products.,,,f,
c501d20f-00b6-4611-99b2-9e188c27911f,,PCTEL doo,petar.matunovic2@gmail.com,+381644400088,,,,2026-07-08 13:56:48.334749+00,2026-07-08 15:37:37.303214+00,PCTEL doo,,,,,,Serbia,https://www.pctel.rs,,,"{Other,Serbia}",google,,{},Serbian branch dealing in wireless/RF and electronic equipment.,,,f,
c50d4128-ee54-40d4-b87c-9e91e053223c,,Dimas SA,kt@dimas-solar.gr,+306999522089,,,,2026-07-08 13:55:53.502414+00,2026-07-08 15:37:37.303214+00,Dimas SA,,,,,,Greece,https://dimas-solar.gr,,,"{EPC/Installer,Greece,""Solar PV""}",google,,{},Greek company installing and supplying solar PV systems.,,,f,
c52c781f-b883-48af-8eb9-861560fae386,,Off-Grid GmbH,info@offgrideurope.com,+49 7552 9379908,,,,2026-07-08 13:56:45.924401+00,2026-07-08 15:37:37.303214+00,Off-Grid Europe GmbH,,,,,,Germany,https://www.offgrideurope.com,,,"{Distributor,Germany,Off-grid}",google,,{},German distributor of off-grid solar and power system components.,,,f,
c548f0e2-c668-4e86-b0b6-f8b76bfff3f5,,VEGA CHARGERS,olga.rybakova@vegachargers.com,+34938599586,,,,2026-07-08 13:57:27.711331+00,2026-07-08 15:37:37.303214+00,VEGA CHARGERS,,,,,,Russia,https://www.vegachargers.com,,,"{Other,Russia,""EV Charging""}",google,,{},Manufacturer of EV charging stations and equipment.,,,f,
c55ed1eb-b741-49c8-bb4f-38edb5e50797,,Eplan KG,info@eplan.de,+49 2173 39640,,,,2026-07-08 13:56:03.373938+00,2026-07-08 15:37:37.303214+00,Eplan GmbH &amp; Co. KG,,,,Monheim am Rhein,,Germany,https://www.eplan.de,,,"{Software,Germany}",google,,{},German provider of electrical engineering CAE design software.,,,f,
c5637e07-e934-4a02-a9b4-8fa06b0d4867,,K&#39;ELECTRIC GmbH,office@k-electric-gmbh.de,+4992115126780,,,,2026-07-08 13:56:30.64287+00,2026-07-08 15:37:37.303214+00,K&#39;ELECTRIC GmbH,,,,,,Germany,https://k-electric-gmbh.de,,,"{Distributor,Germany}",google,,{},German electrical and electronics equipment supplier.,,,f,
c5863df3-3f67-4e2c-b945-167f169536e3,,BENEDICT GmbH,t.legenstein@benedict.at,+43 125 1510,,,,2026-07-08 13:55:41.258529+00,2026-07-08 15:37:37.303214+00,BENEDICT GmbH,,,,,,Austria,https://www.benedict.at,,,"{Consultancy,Austria}",google,,{},Austrian engineering and electrical services company.,,,f,
c5a691bf-b951-40f1-abd9-d64f9c36f72d,,sunaffairs s.r.o.,josef.stauner@sunaffairs.eu,+420778784714,,,,2026-07-08 13:57:16.312306+00,2026-07-08 15:37:37.303214+00,sunaffairs s.r.o.,,,,,,Czech Republic,https://sunaffairs.energy,,,"{Consultancy,""Czech Republic"",""Solar PV""}",google,,{},Czech solar energy consultancy and project services firm.,,,f,
c5abf5d6-2359-46dd-a55b-c197a9113a36,,Hudson Ltd.,sales1.ex@hudsonep.com,86-510-88330568,,,,2026-07-08 13:56:21.145433+00,2026-07-08 15:37:37.303214+00,"Hudson Electric(Wuxi)Co.,Ltd.",,,,Wuxi,,China,https://www.hudsonep.com,,,"{Cable/BOS,China}",google,,{},Chinese manufacturer of electrical cables and connectors.,,,f,
c5de2f02-58eb-483d-bc5f-2350da548f51,,BEC-Energie GmbH,info@bec-berlin.de,+49 30 616576-0,,,,2026-07-08 13:55:40.440531+00,2026-07-08 15:37:37.303214+00,BEC-Energie Consult GmbH,,,,Berlin,,Germany,https://www.bec-berlin.de,,,"{Consultancy,Germany}",google,,{},Berlin-based energy consulting firm.,,,f,
c5ec38ec-2286-4f19-bc1b-a78db63ba223,,Zhejiang Ltd.,,,,,,2026-07-08 13:57:39.473783+00,2026-07-08 15:37:37.303214+00,"Zhejiang Sunohoo Technology Co., Ltd.",,,,,Zhejiang,China,https://www.sunorensolar.com,,,"{""Module Mfr"",China,""Solar PV""}",google,,{},Chinese manufacturer of solar PV modules.,,,f,
c5f436dc-c2b2-42c1-a6f9-a9be21081c86,,PRANASOLUTION Ltd,sales@pranasolution.co.kr,+82448672565,,,,2026-07-08 13:56:51.677775+00,2026-07-08 15:37:37.303214+00,"PRANASOLUTION Co.,Ltd",,,,,,South Korea,https://www.pranasolution.co.kr,,,"{""Inverter Mfr"",""South Korea"",""Solar PV""}",google,,{},South Korean solar power equipment and solutions provider.,,,f,
c605adca-ffbb-4032-92ec-fa58951a11fc,,Enevo SRL,raluca.starkey@enevogroup.ro,+40722405256,,,,2026-07-08 13:56:02.078586+00,2026-07-08 15:37:37.303214+00,Enevo Group SRL,,,,,,Romania,https://enevogroup.com/,,,"{Developer/IPP,Romania,""Solar PV""}",google,,{},Romanian renewable energy project developer.,,,f,
c62cbcde-993e-48b9-9b1d-0fafdd0c2fda,,Tellus Europe,sales@eu.telluspowergroup.com,+31102590001,,,,2026-07-08 13:57:21.098173+00,2026-07-08 15:37:37.303214+00,Tellus Power Europe B.V.,,,,,,Netherlands,https://www.telluspowergroup.com/eu/en,,,"{Battery/Storage,Netherlands}",google,,{},"European arm of Tellus Power, lithium battery manufacturer.",,,f,
c63d7b64-0edf-4757-a686-7c123f5c8b73,,Allianz e.,fabian.flade@allianz-bipv.org,+4915110608572,,,,2026-07-08 13:55:32.509216+00,2026-07-08 15:37:37.303214+00,Allianz Bauwerkintegrierte Photovoltaik e. V.,,,,,,Germany,https://www.allianz-bipv.org,,,"{Association,Germany,""Solar PV""}",google,,{},German association for building-integrated photovoltaics.,,,f,
c68596ef-b75e-4e88-be79-ec47bd9d2f4d,,Edlike GmbH,info@edlike.com,+4978437051199,,,,2026-07-08 13:55:57.080178+00,2026-07-08 15:37:37.303214+00,Edlike GmbH,,,,,,Germany,https://www.edlike.com,,,"{Distributor,Germany}",google,,{},German supplier of electrical/energy equipment.,,,f,
c688bafa-30be-402d-bc42-4312723623e1,,Shenzhen Ltd.,sales@ostar-power.com,+86 755 2891 6609,,,,2026-07-08 13:57:05.764584+00,2026-07-08 15:37:37.303214+00,"Shenzhen Ostar Power Tech Co., Ltd.",,,,Shenzhen,,China,https://www.ostar-power.com,,,"{Other,China}",google,,{},Chinese manufacturer of power supply and adapter products.,,,f,
c6b27672-30f4-4c99-b4e5-30b345152d62,,icotek KG,info@icotek.com,+497175923800,,,,2026-07-08 13:56:22.721506+00,2026-07-08 15:37:37.303214+00,icotek GmbH &amp; Co. KG,,,,,,Germany,https://www.icotek.com,,,"{Cable/BOS,Germany}",google,,{},German manufacturer of cable entry and strain relief systems.,,,f,
c6c3088c-e6f4-4f2c-ac37-57446553cfc6,,Reuniwatt,info@reuniwatt.com,+33 (0) 977 216 150,,,,2026-07-08 13:56:57.09702+00,2026-07-08 15:37:37.303214+00,Reuniwatt,,,,,,France,https://www.reuniwatt.com,,,"{Software,France,""Solar PV""}",google,,{},French provider of solar irradiance forecasting and monitoring software.,,,f,
c6c4151a-ebd2-41e8-9c48-591b159f2842,,CE+T Power,marketing@cet-power.com,+32 470230455,,,,2026-07-08 13:55:45.58954+00,2026-07-08 15:37:37.303214+00,CE+T Power,,,,,,Belgium,https://www.cet-power.com,,,"{""Inverter Mfr"",Belgium}",google,,{},Belgian manufacturer of power electronics and inverters.,,,f,
c6dc1c69-156c-47f1-873a-759c4517777d,,Dongguan Ltd.,masteryw1@dgysdx.com,+86 13723538691,,,,2026-07-08 13:55:54.328607+00,2026-07-08 15:37:37.303214+00,"Dongguan Yongsheng Cables Technology Co., Ltd.",,,,Dongguan,,China,https://www.ys-cables.com/,,,"{Cable/BOS,China}",google,,{},Chinese manufacturer of electrical cables.,,,f,
c71135c3-6e0c-4f4e-95cc-d65789cbb633,,Neware GmbH,,,,,,2026-07-08 13:56:42.651309+00,2026-07-08 15:37:37.303214+00,Neware Technology GmbH,,,,,,Germany,,,,"{Testing/Certification,Germany,Storage}",google,,{},"German unit of Neware, maker of battery testing equipment.",,,f,
c75877e1-e5d1-4925-867c-2436093610d6,,Test Drive,,+49 761 38813700,,,,2026-07-08 13:57:21.650758+00,2026-07-08 15:37:37.303214+00,Test Drive,,,,,,Germany,,,,"{Other,Unknown}",google,,{},Test/placeholder record with no identifiable company data.,,,f,
c7999100-57af-4085-aacc-5571db730eea,,Shenzhen Ltd.,sales@luxpowertek.com,+86-755-85209056,,,,2026-07-08 13:57:05.515422+00,2026-07-08 15:37:37.303214+00,"Shenzhen Lux Power Technology Co., Ltd.",,,,Shenzhen,,China,https://www.luxpowertek.com,,,"{""Inverter Mfr"",China,Storage}",google,,{},Chinese manufacturer of hybrid solar inverters and storage systems.,,,f,
c7a1f1b6-4c87-4b1b-9ff9-c0f3b769b8f1,,Voltage GmbH,hello.europe@voltageenergy.com,49 (0)151 1449 5527,,,,2026-07-08 13:57:29.081882+00,2026-07-08 15:37:37.303214+00,Voltage Clean Energy GmbH,,,,,,Germany,https://www.voltageenergy.com,,,"{Developer/IPP,Germany,""Solar PV""}",google,,{},German clean energy project development company.,,,f,
c2af9a25-62fb-48e6-a8fb-c6246903b416,,Volthein s.r.o.,lukas.busa@volthein.com,+421918765852,,,,2026-07-08 13:57:29.701878+00,2026-07-08 15:37:37.303214+00,Volthein s.r.o.,,,,,,Czech Republic,https://volthein.com,,,"{Battery/Storage,""Czech Republic"",Utility-scale}",google,,{},Provides end-to-end large-scale battery energy storage system integration from DC through grid connection.,,,f,
c2b59b5c-727a-40d0-b82c-1633250cf44f,,HERING KG,,,,,,2026-07-08 13:56:18.590402+00,2026-07-08 15:37:37.303214+00,HERING Bau GmbH &amp; Co.KG,,,,,,Germany,,,,"{Cable/BOS,Germany}",google,,{},German construction and infrastructure engineering group producing steel and cable-related building components.,,,f,
c2e5621d-368b-449f-93c2-f5d27626bf5a,,EVbee Holding,daniel.tang@evbee.com,+31631690982,,,,2026-07-08 13:56:05.299535+00,2026-07-08 15:37:37.303214+00,EVbee Holding B.V.,,,Tennesseedreef 3,Utrecht,,Netherlands,https://www.evbee.com,,,"{""EV Charging"",Netherlands,Storage}",google,,{},"Develops AC/DC EV charging solutions, battery energy storage systems and smart energy management systems.",,,f,
c9fa6c78-7815-4cc3-959b-d14bb625c679,,SGS SA,,+34913138000,,,,2026-07-08 13:57:01.933104+00,2026-07-08 15:37:37.303214+00,SGS TECNOS SA,,,,Madrid,,Spain,https://www.sgs.com/es-es,,,"{Testing/Certification,Spain}",google,,{},"Provides testing, inspection and certification services including for PV and energy sectors.",,,f,
c3382884-7857-4b1d-9f74-a65a34789f7a,,Comal,info.comal@comalgroup.com,0766 879718,,,,2026-07-08 13:55:48.895063+00,2026-07-08 15:37:37.303214+00,Comal,,,"Zona Industriale 2 Pini, S.S. Aurelia km 113",Montalto di Castro,VT,Italy,https://www.comalgroup.com,,,"{EPC/Installer,Italy,Utility-scale}",google,,{},"Designs and installs large-scale photovoltaic systems, including O&M, revamping and solar tracking.",,,f,
c339d53c-42b8-46d2-9074-103adcd05711,,OBO KG,info@obo.de,+49 2373 890,,,,2026-07-08 13:56:45.60668+00,2026-07-08 15:37:37.303214+00,OBO Bettermann Holding GmbH &amp; Co. KG,,,,Drensteinfurt,North Rhine-Westphalia,Germany,http://www.obo.de,,,"{Cable/BOS,Germany}",google,,{},"Manufacturer of electrical installation systems including cable management, grounding and surge protection.",,,f,
c35eef76-3a3f-45a4-8507-47fcf8e8b088,,JIANGXI LTD,,,,,,2026-07-08 13:56:28.522101+00,2026-07-08 15:37:37.303214+00,"JIANGXI EAST CHAMPION POWER CO.,LTD",,,"Yanhuacheng Industrial Park, Dayangzhou",Ji'an,Jiangxi,China,https://www.eastchampion.com,,,"{Battery/Storage,China}",google,,{},"Manufactures VRLA lead-acid and lithium batteries for renewable energy storage, backup power and EV applications.",,,f,
c39e78ba-2b8a-46d3-bfc2-e78e52813a7c,,Estral S.p.a.,estral@estral.it,+39 030 93 73 101,,,,2026-07-08 13:56:03.853438+00,2026-07-08 15:37:37.303214+00,Estral S.p.a.,,,,,,Italy,https://www.estral.it,,,"{Cable/BOS,Italy}",google,,{},"Manufactures custom-extruded aluminum profiles for construction, automotive and solar shading applications.",,,f,
c39fc164-5812-447c-8ea3-f481a6caedb9,,EnBW Kraftwerk,,,,,,2026-07-08 13:55:59.64671+00,2026-07-08 15:37:37.303214+00,EnBW Virtuelles Kraftwerk,,,Durlacher Allee 93,Karlsruhe,,Germany,https://www.interconnector.de/,,,"{Software,Germany,Grid}",google,,{},Operates a digital platform aggregating decentralized renewable generators for direct marketing and grid balancing.,,,f,
c3acb310-5b88-4dc0-84ea-81b77345fc5e,,SL GmbH,info@sl-rack.com,+49 8072 3767-0,,,,2026-07-08 13:57:09.171717+00,2026-07-08 15:37:37.303214+00,SL Rack GmbH,,,,,,Germany,https://www.sl-rack.de,,,"{Mounting/Tracker,Germany,""Solar PV""}",google,,{},Manufactures mounting and racking systems for photovoltaic installations.,,,f,
c3b958c1-0ded-4c0c-994f-e3b6025795b1,,SMATRICS KG,markus.karner@smatrics.com,+436648286135,,,,2026-07-08 13:57:10.164068+00,2026-07-08 15:37:37.303214+00,SMATRICS GmbH &amp; Co KG,,,,,,Austria,https://www.smatrics.com,,,"{""EV Charging"",Austria}",google,,{},"Full-service e-mobility provider offering public and fleet EV charging infrastructure, software and billing.",,,f,
c3d2d744-8ed1-43df-b3c4-fa700a0d3a8b,,AMPECO,sales@ampeco.com,+442038784385,,,,2026-07-08 13:55:33.531074+00,2026-07-08 15:37:37.303214+00,AMPECO,,,"167-169 Great Portland Street, 5th Floor",London,,United Kingdom,https://ampeco.com,,,"{Software,""United Kingdom"",""EV Charging""}",google,,{},AI-native SaaS platform for managing electric vehicle charging network operations.,,,f,
c3f2d545-8eae-42b5-929c-fd2b3b4bea52,,Task gmbh,,,,,,2026-07-08 13:57:19.82243+00,2026-07-08 15:37:37.303214+00,Task 53 c/o novatlantis gmbh,,,Technoparkstrasse 1,Zurich,,Switzerland,https://task53.org,,,"{Association,Switzerland,""EV Charging""}",google,,{},Nonprofit IEA project consortium developing standards for bidirectional EV charging interoperability.,,,f,
c3ff1663-7593-45fd-9f42-ee60d08029bd,,NOVUM GmbH,info@novum-engineering.com,+49 351 47591150,,,,2026-07-08 13:56:44.660868+00,2026-07-08 15:37:37.303214+00,NOVUM Engineering GmbH,,,Weisseritzstr. 3,Dresden,,Germany,https://www.novum-engineering.com,,,"{Software,Germany,Storage}",google,,{},"Develops AI-based battery diagnostics technology monitoring state of charge, capacity and service life.",,,f,
c40302be-9d61-4740-a4a2-7b2aa63aadda,,Powernaut BV,florentijn@powernaut.io,+32499253466,,,,2026-07-08 13:56:51.30143+00,2026-07-08 15:37:37.303214+00,Powernaut BV,,,Hubert Frere-Orbanlaan 318,Gent,,Belgium,https://www.powernaut.io,,,"{Software,Belgium,Grid}",google,,{},"Provides a virtual power plant platform pooling solar, batteries, EVs and HVAC for forecasting and trading.",,,f,
c4177406-ab4c-46bf-82e7-c6b653aca8a8,,Sungrow Ltd.,overseas@sungrow.cn,86-4001197799,,,,2026-07-08 13:57:16.862128+00,2026-07-08 15:37:37.303214+00,"Sungrow FPV Sci. &amp; Tech. Co., Ltd.",,,,Hefei,Anhui,China,https://www.sungrowfpv.com,,,"{Mounting/Tracker,China,""Solar PV""}",google,,{},Develops floating photovoltaic system solutions for water surfaces including reservoirs and hydro stations.,,,f,
c42a7afb-85ff-4afd-b806-5a7cad0aae8e,,Romanian Association,adriana.petre@rpia.ro,+40720289227,,,,2026-07-08 13:56:58.093415+00,2026-07-08 15:37:37.303214+00,Romanian Photovoltaic Industry Association,,,,,,Romania,https://rpia.ro/,,,"{Association,Romania,""Solar PV""}",google,,{},"Represents solar power industry stakeholders in Romania, advocating for clean energy expansion.",,,f,
c44e7ecb-29a1-466e-b8b9-194a71f0dc12,,DOMMEL GmbH,info@dommel.de,+49983268660,,,,2026-07-08 13:55:53.877611+00,2026-07-08 15:37:37.303214+00,DOMMEL GmbH,,,Westring 15,Wassertrudingen,,Germany,https://www.dommel.de/,,,"{Software,Germany}",google,,{},"Electronics development and manufacturing services company covering hardware, firmware and PCB assembly.",,,f,
c4527efc-c652-4c39-a3c0-4766632783a1,,Hydrogen GmbH,contact@hydrogen-moves.de,+49 159 06485048,,,,2026-07-08 13:56:22.210369+00,2026-07-08 15:37:37.303214+00,Hydrogen Moves GmbH,,,Lise-Meitner-Strasse 20,Winnenden,,Germany,https://hydrogen-moves.de/,,,"{Consultancy,Germany,Hydrogen}",google,,{},Provides business development and networking consultancy for companies in the hydrogen industry.,,,f,
c46caf73-4020-4c9d-b234-8528bb57c02c,,BIG LTD.,jasonzhao@bigrivermetal.com,13123880886,,,,2026-07-08 13:55:42.025302+00,2026-07-08 15:37:37.303214+00,"BIG RIVER INDUSTRIES (NINGBO) CO.,LTD.",,,,Ningbo,,China,https://www.brico.com.cn,,,"{Cable/BOS,China}",google,,{},"Manufactures aluminum and metal products, likely including racking or BOS components.",,,f,
c47fe877-204b-4366-97b4-5bf47300fbbe,,ARSLAN ALUMINYUM,arslan@arslanaluminyum.com,+902282160221,,,,2026-07-08 13:55:36.19941+00,2026-07-08 15:37:37.303214+00,ARSLAN ALUMINYUM A.S.,,,"Hurriyet Mah. Dr. Cemil Bengu Cad. No: 40, Kagithane",Istanbul,,Turkey,https://www.arslanaluminyum.com,,,"{Cable/BOS,Turkey}",google,,{},"Manufactures aluminum extrusion profiles, anodizing and powder coating for construction and industrial use.",,,f,
c482bba6-9509-4f37-932e-cb5fed5bb73a,,IVOSIS Ticaret,info@ivosis.com,+904449663,,,,2026-07-08 13:56:26.029998+00,2026-07-08 15:37:37.303214+00,IVOSIS Çelik Sanayi Ticaret A.Ş.,,,,,,Turkey,https://www.ivosis.com,,,"{Cable/BOS,Turkey}",google,,{},Turkish steel industry company producing steel products for industrial and construction applications.,,,f,
c4a19315-1dd0-454c-9b87-970f36ee3995,,pomodoi GmbH,info@pomodoi.com,+491731418242,,,,2026-07-08 13:56:50.548706+00,2026-07-08 15:37:37.303214+00,pomodoi GmbH,,,,,Saxony,Germany,https://www.pomodoi.com,,,"{Other,Germany,Storage}",google,,{},"Develops PVD particle coating technology for functional layers used in batteries, fuel cells and hydrogen tech.",,,f,
c4c115ff-8b96-41ae-812c-29e817b0c055,,HFIE GmbH,info@hfie-energy.de,+4951159106676,,,,2026-07-08 13:56:19.011203+00,2026-07-08 15:37:37.303214+00,HFIE Energy Service GmbH,,,,Hannover,,Germany,https://www.hfiepower.com/de,,,"{Battery/Storage,Germany,""Solar PV""}",google,,{},"Manufactures solar panels, inverters, lithium batteries and BESS containers for residential and C&I use.",,,f,
c4c64aee-25ac-4661-8306-0ba23499743e,,FIB FAAM,marketing@faam.com,+39 0823 1442200,,,,2026-07-08 13:56:07.17774+00,2026-07-08 15:37:37.303214+00,FIB SPA FAAM,,,"Strada Provinciale per Gioia, Centro Az. Quercete",San Potito Sannitico,CE,Italy,https://www.faam.com,,,"{Battery/Storage,Italy}",google,,{},"Manufactures lithium-ion and lead-acid battery cells, modules and systems for storage and electric mobility.",,,f,
ca0ccf0d-64c0-4115-a951-a21174206fec,,SHORI LTD.,,,,,,2026-07-08 13:57:07.700699+00,2026-07-08 15:37:37.303214+00,"SHORI ELECTRIC CO., LTD.",,,,,,Taiwan,https://www.shori.com.tw,,,"{Cable/BOS,Taiwan}",google,,{},Taiwanese manufacturer of electrical wiring and connection components.,,,f,
c4cf860c-ce1d-4144-a912-7ff7d301aff9,,PARTEX GmbH,andreas.blankenhorn@partex.de,+491738381576,,,,2026-07-08 13:56:48.064197+00,2026-07-08 15:37:37.303214+00,PARTEX Marking Systems GmbH,,,Steigstrasse 46,Aichelberg,,Germany,https://www.partex.de,,,"{Cable/BOS,Germany}",google,,{},"Manufactures cable markers, labeling solutions and marking equipment for electrical and industrial applications.",,,f,
c7aa42aa-63ad-4c91-bc59-a0255ac40641,,Degson GmbH,sale@degson.com,+86-0574-63510770,,,,2026-07-08 13:55:52.115317+00,2026-07-08 15:37:37.303214+00,Degson Germany GmbH,,,,,,Germany,https://www.degson.com,,,"{Cable/BOS,Germany,""Solar PV""}",google,,{},Makes terminal blocks and connectors for electrical and PV applications.,,,f,
c7ad594d-5044-4d7a-aa0c-6454012d190a,,Zhejiang Ltd.,trade2@cndongya.com,+8657762812228,,,,2026-07-08 13:57:38.493792+00,2026-07-08 15:37:37.303214+00,"Zhejiang Dongya Electronic Co.,Ltd.",,,,,,China,https://www.dc-contactors.com,,,"{Cable/BOS,China,""Solar PV""}",google,,{},Manufactures DC contactors used in solar and EV applications.,,,f,
c7ae6634-d584-4928-963e-d9b7eaa6b4b4,,VSB GmbH,info@vsb.energy,+49 351 21183 400,,,,2026-07-08 13:57:30.170518+00,2026-07-08 15:37:37.303214+00,VSB Neue Energien Deutschland GmbH,,,,,,Germany,https://www.vsb.energy,,,"{Developer/IPP,Germany,Wind}",google,,{},Develops wind and solar energy projects.,,,f,
c7c655bd-3269-429d-9736-e4b033169751,,Alexform,ahmed.magdy@alexform.com,+201220407000,,,,2026-07-08 13:55:32.275231+00,2026-07-08 15:37:37.303214+00,Alexform,,,,,,Egypt,https://www.alexform.com/,,,"{Mounting/Tracker,Egypt}",google,,{},"Manufactures metal forming and structural products, including mounting components.",,,f,
c7edfe9d-9bbc-4c5d-aeff-a7517cc8b4c1,,DJI GmbH,,,,,,2026-07-08 13:55:53.73192+00,2026-07-08 15:37:37.303214+00,DJI GmbH,,,,,,Germany,https://www.enterprise.dji.com,,,"{Other,Germany,""Solar PV""}",google,,{},Provides enterprise drones used for solar and industrial inspection.,,,f,
c8046dc0-45c1-4ab4-b7d0-2d6bf3c1caf4,,smarter Europe,,,,,,2026-07-08 13:57:09.92242+00,2026-07-08 15:37:37.303214+00,The smarter E Europe,,,,Munich,Bavaria,Germany,,,,"{Association,Germany}",google,,{},"Organizes The smarter E Europe, a trade fair for the energy industry.",,,f,
c8272d67-9d21-476d-839f-c304cfe0d7cd,,SA INTORD,info@intord.com,+34916426384,,,,2026-07-08 13:56:59.240151+00,2026-07-08 15:37:37.303214+00,"INTORD, SA",,,,,,Spain,https://www.intord.com,,,"{Distributor,Spain}",google,,{},Distributes electrical and energy equipment.,,,f,
c830261a-4b36-48d8-bc0f-39da318face6,,Changzhou Ltd.,export9198@czfisher.com,+8651982598166,,,,2026-07-08 13:55:46.606399+00,2026-07-08 15:37:37.303214+00,"Changzhou Fisher Electronic Technology Co.,Ltd.",,,,Changzhou,Jiangsu,China,,,,"{Cable/BOS,China}",google,,{},Manufactures electronic components for power and connection systems.,,,f,
c85c7e1f-69b0-43c8-8c4d-f727f9c763fd,,Kern Wechselrichter,simon.demant@kern-studer.de,+4993249786040,,,,2026-07-08 13:56:31.630465+00,2026-07-08 15:37:37.303214+00,Kern Studer GmbH - Schutzgitter für Wechselrichter,,,,,,Germany,https://www.kern-studer.de,,,"{Mounting/Tracker,Germany,""Solar PV""}",google,,{},Makes protective grids and guards for PV inverters.,,,f,
c87270ce-bd06-4190-aa4e-5d2b7dd37ca3,,Connectika GmbH,info@connectika.eu,+498677918680,,,,2026-07-08 13:55:49.906267+00,2026-07-08 15:37:37.303214+00,Connectika GmbH,,,,,,Germany,https://www.connectika.eu,,,"{Cable/BOS,Germany}",google,,{},Supplies electrical connectors and connection technology.,,,f,
c89a5b82-326d-4cad-8b4f-aadd972449aa,,Espe S.p.A.,espe@espe.it,+390499455033,,,,2026-07-08 13:56:03.72028+00,2026-07-08 15:37:37.303214+00,Espe S.p.A.,,,,,,Italy,https://www.espe.it,,,"{Cable/BOS,Italy}",google,,{},Manufactures electrical enclosures and connection components.,,,f,
c8a0e09b-0b54-41e7-ab72-7fefc7e30713,,WEDE LTD,niki.li@wede-electrical.com,+867972831888,,,,2026-07-08 13:57:31.144279+00,2026-07-08 15:37:37.303214+00,"WEDE INTELLIGENT ELECTRIC CO.,LTD",,,,,,China,https://www.wede-powerplus.com,,,"{""Inverter Mfr"",China,""Solar PV""}",google,,{},Manufactures solar inverters and power electronics.,,,f,
c8aeafc3-44b5-479b-a5f7-40f34007c953,,SUNOTEC,h.arabadzhov@sunotec-group.com,+359878277173,,,,2026-07-08 13:57:17.141383+00,2026-07-08 15:37:37.303214+00,SUNOTEC,,,,,,Bulgaria,https://sunotec-group.com/home/,,,"{EPC/Installer,Bulgaria,""Solar PV""}",google,,{},Provides solar EPC and energy services.,,,f,
c8b7dc83-6796-42f0-b8e9-3bdb5f28fa8b,,Shelly GmbH,,+49 89 1500 18490,,,,2026-07-08 13:57:03.368392+00,2026-07-08 15:37:37.303214+00,Shelly DACH GmbH,,,,,,Germany,https://www.shelly.com,,,"{Metering/Monitoring,Germany,Residential}",google,,{},Sells smart home IoT devices including energy monitoring products.,,,f,
c8bb9a41-9be1-419e-8f77-eff031c410c2,,Union Fotovoltaica,,+34 091 7817512,,,,2026-07-08 13:57:26.146265+00,2026-07-08 15:37:37.303214+00,Union Espanola Fotovoltaica,,,,Madrid,,Spain,https://www.unef.es,,,"{Association,Spain,""Solar PV""}",google,,{},Spanish photovoltaic industry association (UNEF).,,,f,
c8d7f93e-3d78-4ffe-8297-8cebb5210597,,POSCO,wcpa2001@posco.com,+82 2 3457 2576,,,,2026-07-08 13:56:50.632094+00,2026-07-08 15:37:37.303214+00,POSCO,,,,Pohang,,South Korea,https://www.posco.co.kr,,,"{Other,""South Korea""}",google,,{},Global steel manufacturer supplying materials to energy and industrial sectors.,,,f,
c8f4c1fd-41e6-4721-b4da-9dec6b9c262d,,G. GmbH,info@kettnergmbh.de,+49648291310,,,,2026-07-08 13:56:10.163533+00,2026-07-08 15:37:37.303214+00,G.A. Kettner GmbH,,,,,,Germany,https://www.kettner-gmbh.de,,,"{Cable/BOS,Germany}",google,,{},Supplies electrical and connection equipment.,,,f,
c929961c-35ce-4ee0-bfe1-38c28e7b35be,,Beijing Ltd.,info@hyperstrong.com,+86 10 82896288,,,,2026-07-08 13:55:40.790004+00,2026-07-08 15:37:37.303214+00,"Beijing HyperStrong Technology Co., Ltd.",,,,Beijing,,China,https://www.hyperstrong.com/,,,"{Battery/Storage,China,Utility-scale}",google,,{},Manufactures grid-scale battery energy storage systems.,,,f,
c936a579-bb3e-4e83-a376-ddc83e242657,,Ganz Plc.,sales@ganzelectric.com,+3614836600,,,,2026-07-08 13:56:10.402733+00,2026-07-08 15:37:37.303214+00,Ganz Transformers and Electric Rotating machines Plc.,,,,,,Hungary,https://www.ganzelectric.com/en,,,"{Cable/BOS,Hungary,Grid}",google,,{},Manufactures transformers and electric rotating machines.,,,f,
c9391b76-e9b5-4646-a82b-cdf94fadc7e9,,Guangdong LTD,,,,,,2026-07-08 13:56:14.6315+00,2026-07-08 15:37:37.303214+00,"Guangdong Tuqiang Electronic Technology Co., LTD",,,,,,China,https://www.tuestrongpower.com,,,"{""Inverter Mfr"",China,""Solar PV""}",google,,{},Manufactures solar power electronics and inverter products.,,,f,
c948b51e-df13-4edc-b76e-43cba98cc5d7,,RoofTech GmbH,f.strobel@rooftech.de,+4970317696520,,,,2026-07-08 13:56:58.178336+00,2026-07-08 15:37:37.303214+00,RoofTech GmbH,,,,,,Germany,https://www.rooftech.de,,,"{Mounting/Tracker,Germany,Residential}",google,,{},Provides roof mounting systems for solar installations.,,,f,
c9514c7d-ec57-4f2c-845b-5a918f95a8e0,,Enetool Ltd.,,,,,,2026-07-08 13:56:02.030137+00,2026-07-08 15:37:37.303214+00,"Enetool (Shenzhen) Technology Co., Ltd.",,,,Shenzhen,Guangdong,China,https://www.enetool.com.cn,,,"{Other,China}",google,,{},Supplies tools and equipment for solar installation.,,,f,
c9b292d8-24b8-4162-b848-164599312cf5,,Rotovia Deventer,marketing@rotovia.com,+31570660706,,,,2026-07-08 13:56:58.360942+00,2026-07-08 15:37:37.303214+00,Rotovia Deventer B.V.,,,,Deventer,,Netherlands,https://www.rotovia.com,,,"{Other,Netherlands,Wind}",google,,{},Manufactures bearings and slewing rings used in wind turbines.,,,f,
c9c0c982-dbee-4ad2-8899-b5c9573c8fdc,,Nanjing Ltd.,echo@huamai.cn,+8625 52707173,,,,2026-07-08 13:56:41.78442+00,2026-07-08 15:37:37.303214+00,"Nanjing Huamai Technology Co., Ltd.",,,,Nanjing,Jiangsu,China,https://www.innovation-hm.com,,,"{Cable/BOS,China}",google,,{},Manufactures electrical connection and technology products.,,,f,
c9ede447-95cf-487a-82db-f63387af7ff9,,Pixasolar,allen.chu@pixasolar.com,+3131850605206,,,,2026-07-08 13:56:49.722609+00,2026-07-08 15:37:37.303214+00,Pixasolar,,,,,,China,https://www.pixasolar.com,,,"{Distributor,China,""Solar PV""}",google,,{},Trades and distributes solar panels and PV equipment.,,,f,
ca40a8d4-b982-45a1-9ca9-e11361e2ac41,,Cone LTD,sales@conedrive.com.cn,+8651086366170,,,,2026-07-08 13:55:49.44727+00,2026-07-08 15:37:37.303214+00,"Cone Drive (Jiangsu) Power Transmission Co., LTD",,,,,Jiangsu,China,https://www.conedrive.com.cn,,,"{Mounting/Tracker,China}",google,,{},Manufactures gearboxes and slew drives used in solar tracker systems.,,,f,
ca4b476f-c8cd-4489-a1b9-9f9e1ab24be7,,WHES,jovana.bogdanovic@whes-eu.com,+381652987008,,,,2026-07-08 13:57:32.199428+00,2026-07-08 15:37:37.303214+00,WHES,,,,,,China,https://www.whes.com/,,,"{Battery/Storage,China,Storage}",google,,{},"Provides digital, intelligent battery energy storage systems for residential, C&I and utility-scale use.",,,f,
ca81f9d5-3be0-45ed-b94f-a07ca3023450,,Shenzhen Ltd.,,,,,,2026-07-08 13:57:05.129135+00,2026-07-08 15:37:37.303214+00,"Shenzhen Hysincere Battery Co., Ltd.",,,,Shenzhen,Guangdong,China,https://www.hysincere.com,,,"{Battery/Storage,China}",google,,{},Shenzhen-based manufacturer of lithium batteries and energy storage cells.,,,f,
ca89edfe-57c6-4393-8b25-ce971e3af65c,,Soltechnik GmbH,m.sila@soltechnik.at,+436648554254,,,,2026-07-08 13:57:13.628413+00,2026-07-08 15:37:37.303214+00,Soltechnik GmbH,,,,,,Austria,https://www.soltechnik.at,,,"{EPC/Installer,Austria,""Solar PV""}",google,,{},Austrian solar installation and EPC company.,,,f,
ca8a652a-69b4-43db-b670-62bab6839ffd,,Shoals Group,sales@shoals.com,+1 615 451 1400,,,,2026-07-08 13:57:07.65258+00,2026-07-08 15:37:37.303214+00,Shoals Technologies Group,,,1400 Shoals Way,Portland,Tennessee,United States,https://www.shoals.com,,,"{Cable/BOS,""United States"",Utility-scale}",google,,{},US manufacturer of electrical balance-of-system and cable management products for solar.,,,f,
caa1e094-b80d-4db8-afec-aefbc2196929,,Consolinno GmbH,office@consolinno.de,+4994120300000,,,,2026-07-08 13:55:49.957627+00,2026-07-08 15:37:37.303214+00,Consolinno Energy GmbH,,,,,,Germany,https://consolinno.de/,,,"{Software,Germany,Grid}",google,,{},German provider of smart energy and grid management software.,,,f,
cad4279e-dcb7-4015-9f1d-8497d620c770,,Milwaukee Tool,dejvi.bregu@tti-emea.com,+491743355346,,,,2026-07-08 13:56:39.605689+00,2026-07-08 15:37:37.303214+00,Milwaukee Tool,,,,Milwaukee,Wisconsin,United States,https://www.milwaukeetool.eu/,,,"{Other,""United States""}",google,,{},"Manufactures power tools and equipment, marketed in Europe via TTI EMEA.",,,f,
cadabb0a-f3e8-46ef-a1c6-1287e873f289,,Must Ltd,gm@mustenergy.com,+86-0757-82983699,,,,2026-07-08 13:56:41.391995+00,2026-07-08 15:37:37.303214+00,Must Energy (Guangdong) Technology Co. Ltd,,,,,Guangdong,China,https://www.mustenergy.com,,,"{""Inverter Mfr"",China,Storage}",google,,{},Chinese manufacturer of inverters and energy storage products.,,,f,
cae64542-920b-43c1-83c4-66493c013380,,Huanghua Ltd,fuyuanwj@126.com,8603178889088,,,,2026-07-08 13:56:20.625391+00,2026-07-08 15:37:37.303214+00,"Huanghua Zhaoyuanli Hardware Products Co.,Ltd",,,,Huanghua,,China,https://www.hhzylhardware.com,,,"{Mounting/Tracker,China}",google,,{},Chinese manufacturer of hardware products including solar mounting fasteners.,,,f,
cae89f9d-136e-47ab-a778-8ea83984a51f,,Bayern GmbH,info@bayern-innovativ.de,+49 911 206710,,,,2026-07-08 13:55:39.312755+00,2026-07-08 15:37:37.303214+00,Bayern Innovativ GmbH,,,,,Bavaria,Germany,,,,"{Consultancy,Germany}",google,,{},Bavarian innovation and technology transfer agency supporting companies including in energy sector.,,,f,
caed0f94-cee2-4a2c-b0b5-c11f985fe64f,,Cable-Sherpa GmbH,helmut.kastler@cable-sherpa.com,+43 732210403,,,,2026-07-08 13:55:44.368347+00,2026-07-08 15:37:37.303214+00,Cable-Sherpa GmbH,,,,,,Germany,https://www.cable-sherpa.com,,,"{Cable/BOS,Germany}",google,,{},Provides cable management systems for solar installations.,,,f,
caf8e3ff-a6f5-4bb6-96c7-05967e37ef92,,Mondragon Coop.,info@mondragon-assembly.com,+34943712080,,,,2026-07-08 13:56:40.704444+00,2026-07-08 15:37:37.303214+00,Mondragon Assembly S.Coop.,,,,Mondragon,Basque Country,Spain,https://www.mondragon-assembly.com,,,"{Other,Spain,""Solar PV""}",google,,{},Spanish manufacturer of automated assembly equipment for solar module production.,,,f,
cb3a6ad9-d69c-4699-91de-828a36c13292,,O-Metall SA,info@o-metall.com,+352 99 73 23 20,,,,2026-07-08 13:56:45.468283+00,2026-07-08 15:37:37.303214+00,O-Metall Luxembourg SA,,,,,,Luxembourg,https://www.o-metall.com,,,"{Mounting/Tracker,Luxembourg}",google,,{},Manufactures metal building materials including trapezoidal roof and wall profiles.,,,f,
cb52b5ae-a36d-48df-92a0-c570594ac670,,Voltaware,enquiries@voltaware.com,+44 20 7460 1521,,,,2026-07-08 13:57:29.222047+00,2026-07-08 15:37:37.303214+00,Voltaware,,,,London,,United Kingdom,https://voltaware.com,,,"{Metering/Monitoring,""United Kingdom""}",google,,{},Provides energy consumption monitoring and analytics software.,,,f,
cb7c72ec-27c8-452a-9684-8b2217957bb1,,GRIDSIDE GmbH,info@gridside.de,+4935120788200,,,,2026-07-08 13:56:13.500169+00,2026-07-08 15:37:37.303214+00,GRIDSIDE Energy Consult GmbH,,,,,,Germany,https://www.gridside.de,,,"{Consultancy,Germany,Grid}",google,,{},German consultancy specializing in grid connection and energy systems.,,,f,
cb8067a4-96e9-438d-b0e3-3cbd54eace2d,,ABB E-mobility,de-events-e-mobility@abb.com,,,,,2026-07-08 13:55:29.858186+00,2026-07-08 15:37:37.303214+00,ABB E-mobility,,,,Zurich,,Switzerland,https://e-mobility.abb.com,,,"{Other,Switzerland,""EV Charging""}",google,,{},ABB business unit providing EV charging infrastructure and solutions.,,,f,
cb98401f-918d-4d13-8ba1-be6e0ca22fb6,,Jiangxi Ltd.,faye@bygd.com,+86 18970179704,,,,2026-07-08 13:56:28.427753+00,2026-07-08 15:37:37.303214+00,"Jiangxi Baiying High-Tech Holdings Co., Ltd.",,,,,Jiangxi,China,https://www.bygd.com,,,"{Other,China}",google,,{},Chinese high-tech holdings company; specific product line unconfirmed.,,,f,
cb9ad90f-8d79-4925-a5f6-06ddf395f075,,Solargis s.r.o.,monika.okosiova@solargis.com,+421 2 4319 1708,,,,2026-07-08 13:57:11.478393+00,2026-07-08 15:37:37.303214+00,Solargis s.r.o.,,,,Bratislava,,Slovakia,https://www.solargis.com,,,"{Software,Slovakia,""Solar PV""}",google,,{},"Provides solar resource and weather data, and PV performance software.",,,f,
cbc72197-6b45-4655-bab6-e1af403417b9,,snipKI GmbH,support@snipki.de,+491602390573,,,,2026-07-08 13:57:10.364768+00,2026-07-08 15:37:37.303214+00,snipKI GmbH,,,,,,Germany,https://www.snipki.de,,,"{Software,Germany}",google,,{},German software company.,,,f,
cbd14b24-dfed-415c-b3ad-7b2090f0daea,,Arau GmbH - Arausol,j.arau@arausol.de,+49 7181 92200,,,,2026-07-08 13:55:35.530916+00,2026-07-08 15:37:37.303214+00,Arau Technik GmbH - Arausol,,,,,,Germany,https://www.arausol.de,,,"{Mounting/Tracker,Germany,""Solar PV""}",google,,{},German manufacturer of solar mounting systems (Arausol brand).,,,f,
cbe4b5c7-940e-416c-952a-38f7b5110e4b,,XIAMEN LTD.,info@hopergy.com,+86-592-5689685,,,,2026-07-08 13:57:35.161156+00,2026-07-08 15:37:37.303214+00,"XIAMEN HOPERGY PHOTOVOLTAIC TECHNOLOGY CO., LTD.",,,,Xiamen,Fujian,China,https://www.hopergy.com,,,"{Mounting/Tracker,China,""Solar PV""}",google,,{},Chinese manufacturer of photovoltaic mounting and balance-of-system products.,,,f,
cbecdaba-4f23-48f3-a6a2-3ee3729292da,,Zhejiang Ltd,info@ronmasolar.com,+86 (0579) 8320 1559,,,,2026-07-08 13:57:39.338753+00,2026-07-08 15:37:37.303214+00,"Zhejiang Ronma Solar Group Co.,Ltd",,,,,Zhejiang,China,https://www.ronmasolar.com,,,"{""Module Mfr"",China,""Solar PV""}",google,,{},Chinese manufacturer of solar PV modules.,,,f,
cbecfa43-7c80-4853-bb51-ea2ce998a30e,,SOLARC GmbH,messe@solarc.de,+4930319855410,,,,2026-07-08 13:57:11.145228+00,2026-07-08 15:37:37.303214+00,SOLARC Innovative Solarprodukte GmbH,,,,,,Germany,https://www.solarc.de,,,"{Consultancy,Germany,""Solar PV""}",google,,{},German company providing innovative solar products and planning consultancy.,,,f,
cc0e7b34-ad5b-4194-9b42-03bfd27db86e,,CNBM GmbH,zhuliying@cnbmoverseas.com,+49 1744623444,,,,2026-07-08 13:55:48.611191+00,2026-07-08 15:37:37.303214+00,CNBM GERMANY GmbH,,,,,,Germany,,,,"{""Module Mfr"",Germany,""Solar PV""}",google,,{},German unit of China National Building Material Group; supplies glass and PV modules.,,,f,
cc0ec6b8-22da-4d4a-a629-f4857f15305c,,NINGBO LTD.,market@deye.com.cn,+86(0)574 86228841,,,,2026-07-08 13:56:43.466156+00,2026-07-08 15:37:37.303214+00,"NINGBO DEYE INVERTER INTERNATIONAL TRADE CO., LTD.",,,,Ningbo,Zhejiang,China,https://www.deyeinverter.com/,,,"{""Inverter Mfr"",China,""Solar PV""}",google,,{},Manufactures solar and hybrid inverters for residential and commercial PV systems.,,,f,
cc1eca1a-6961-478f-8ea9-a1199438bce9,,Solar LLP,geetikakhandelwal25@gmail.com,+919871124999,,,,2026-07-08 13:57:10.685823+00,2026-07-08 15:37:37.303214+00,Solar Manifest LLP,,,,,,India,https://www.solarmanifest.com,,,"{EPC/Installer,India,""Solar PV""}",google,,{},Provides solar EPC and installation services for residential and commercial customers.,,,f,
cc274cd4-40aa-4d72-bb20-15c9d52a4cd6,,Liebherr GmbH,,,,,,2026-07-08 13:56:35.652319+00,2026-07-08 15:37:37.303214+00,Liebherr Energy Solutions GmbH,,,,,,Germany,https://liebherr.energy,,,"{Software,Germany,Grid}",google,,{},Liebherr subsidiary offering energy management and storage solutions.,,,f,
cc2cf763-b213-499b-bcdf-2ca6369b3894,,Hongqi Ltd.,marketing@cnevcable.com,+8618868283890,,,,2026-07-08 13:56:19.931476+00,2026-07-08 15:37:37.303214+00,"Hongqi Cable Electric Instrument Group Co., Ltd.",,,,,,China,https://hongqi-china.en.alibaba.com,,,"{Cable/BOS,China,""EV Charging""}",google,,{},Manufactures electric cables including EV charging cables and instrumentation cable.,,,f,
cc407653-fead-4acf-b0d8-72ef7c51adff,,autarc GmbH,hello@autarc.energy,+493075436808,,,,2026-07-08 13:55:37.093565+00,2026-07-08 15:37:37.303214+00,autarc GmbH,,,,,,Germany,https://www.autarc.energy,,,"{Software,Germany,Residential}",google,,{},Provides software platform for planning and selling residential solar and heat pump systems.,,,f,
cc466c55-1cbe-475b-a75b-3230351ce493,,ABAO GmbH,,,,,,2026-07-08 13:55:29.700168+00,2026-07-08 15:37:37.303214+00,ABAO Energy GmbH,,,,,,Germany,https://odj@abao.energy,,,"{EPC/Installer,Germany,""Solar PV""}",google,,{},German solar energy company providing installation and project services.,,,f,
cc4d8475-0bab-4410-9bd5-29050dac430c,,Etecnic Electrica,a.serra@etecnic.es,+34977276952,,,,2026-07-08 13:56:04.054072+00,2026-07-08 15:37:37.303214+00,"Etecnic Movilidad Electrica, S.L",,,,,,Spain,https://www.etecnic.es,,,"{Other,Spain,""EV Charging""}",google,,{},Spanish company specializing in electric mobility and EV charging solutions.,,,f,
cc63eadc-42bf-4eac-8384-c291546130b4,,VB-C KG,vb-c@zuerich.de,+492663919740,,,,2026-07-08 13:57:27.480231+00,2026-07-08 15:37:37.303214+00,VB-C GmbH &amp; Co. KG,,,,,,Germany,https://www.versicherungsbrueder.com,,,"{Other,Germany}",google,,{},German insurance brokerage (Versicherungsbrueder) serving business clients.,,,f,
ccc232a1-5461-4c07-a4d3-cecf391cafef,,Winline Ltd.,,+49 151 2204 1186,,,,2026-07-08 13:57:32.653964+00,2026-07-08 15:37:37.303214+00,"Winline Technology (Changshu) Co., Ltd.",,,,Changshu,Jiangsu,China,,,,"{Other,China}",google,,{},Chinese technology manufacturer based in Changshu; details limited.,,,f,
ccdadf7e-26a6-43c1-9108-1d98dbc83c7b,,BauWatch GmbH,tseemann@bauwatch.com,+4915204896326,,,,2026-07-08 13:55:39.076952+00,2026-07-08 15:37:37.303214+00,BauWatch Projekt Service GmbH,,,,,,Germany,https://www.bauwatch.com,,,"{Other,Germany}",google,,{},Provides construction site surveillance camera services in Germany.,,,f,
cd081890-a96a-4de6-b15b-d554aa13edea,,KIJO Ltd.,info@kijo.com.cn,+86-755-86535872,,,,2026-07-08 13:56:31.816774+00,2026-07-08 15:37:37.303214+00,"KIJO Power (Shenzhen) Co., Ltd.",,,,Shenzhen,Guangdong,China,https://www.kijo-battery.com/,,,"{Battery/Storage,China}",google,,{},Manufactures lithium battery cells and energy storage products.,,,f,
cd46511b-a9ad-4dcd-98b4-3c5dcabc2cf0,,Golen Ltd.,overseas@golenpower.com,+86-025-58186239,,,,2026-07-08 13:56:12.127841+00,2026-07-08 15:37:37.303214+00,"Golen Power Technology Co.,Ltd.",,,,,,China,https://www.golen-power.com/,,,"{Battery/Storage,China}",google,,{},Manufactures batteries and power products for energy storage applications.,,,f,
cd6a9712-1611-491e-ba6a-f8a00aaea0de,,Shen Ltd.,dh@hcctop.com,0755-81461866,,,,2026-07-08 13:57:03.419293+00,2026-07-08 15:37:37.303214+00,"Shen Zhen Topway New Energy Co., Ltd.",,,,Shenzhen,Guangdong,China,https://www.hcctop.com,,,"{""Inverter Mfr"",China}",google,,{},Manufactures inverters and power conversion equipment for new energy applications.,,,f,
cd7e0223-65c6-40be-b5d2-c1c27119b9c2,,PECOL SA,tito.pinheiro@pecol.pt,+351935800440,,,,2026-07-08 13:56:48.52217+00,2026-07-08 15:37:37.303214+00,PECOL SA,,,,,,Portugal,https://www.pecol.pt,,,"{Mounting/Tracker,Portugal}",google,,{},Portuguese manufacturer of metal structures including solar mounting systems.,,,f,
cd9e0a3c-331e-4889-8849-052679aad155,,Dinto Ltd.,sales@dintosolar.com,+86 577 6861 0777,,,,2026-07-08 13:55:53.591996+00,2026-07-08 15:37:37.303214+00,"Dinto Solar Co., Ltd.",,,,,,China,https://www.dintosolar.com,,,"{""Module Mfr"",China,""Solar PV""}",google,,{},Manufactures photovoltaic solar modules.,,,f,
cdaddfdf-7809-4950-ab81-f21a152eb82c,,VENSYS GmbH,sales@vensys-elektrotechnik.de,+49 5441 926300,,,,2026-07-08 13:57:27.756509+00,2026-07-08 15:37:37.303214+00,VENSYS Elektrotechnik GmbH,,,,,,Germany,https://www.vensys-elektrotechnik.de,,,"{Other,Germany,Wind}",google,,{},German electrical engineering firm supplying components for wind turbines.,,,f,
cdbf15b8-afae-4cd9-9941-8a3f670c9ad2,,CESC Ltd,info@cescpower.com,+86 0572-2126666,,,,2026-07-08 13:55:46.194447+00,2026-07-08 15:37:37.303214+00,"CESC New Energy Technology Co., Ltd",,,,,,China,https://www.cescpower.cn,,,"{Battery/Storage,China}",google,,{},Manufactures new energy storage battery products.,,,f,
cdd81db0-4981-4923-b5da-688ea7c7bee6,,HellermannTyton KG,tim.jansen@hellermanntyton.com,+4941227015531,,,,2026-07-08 13:56:18.156792+00,2026-07-08 15:37:37.303214+00,HellermannTyton GmbH &amp; Co. KG,,,,,,Germany,,,,"{Cable/BOS,Germany}",google,,{},Manufactures cable management and fastening products including for solar installations.,,,f,
cdf9944f-10bf-498a-9a52-399f8bc98531,,Sensata Technologies,marketing.industrial@sensata.com,+31743578000,,,,2026-07-08 13:57:01.555066+00,2026-07-08 15:37:37.303214+00,Sensata Technologies,,,,,,United States,https://www.sensata.com,,,"{Other,""United States"",Grid}",google,,{},Manufactures sensors and electrical protection components for industrial and energy markets.,,,f,
cdfff409-cada-4e90-9a2e-59066a580345,,Xiamen Ltd.,info@sic-solar.com,+86-0592-7161176,,,,2026-07-08 13:57:35.779267+00,2026-07-08 15:37:37.303214+00,"Xiamen Sic New Energy Co., Ltd.",,,,Xiamen,Fujian,China,https://www.sic-solar.com,,,"{""Module Mfr"",China,""Solar PV""}",google,,{},Manufactures solar photovoltaic modules and cells.,,,f,
ce16bbfa-828a-43a0-a641-9f63d38a8adc,,QUINTO ARMÓNICO,info@quintoarmonico.com,+34983347641,,,,2026-07-08 13:56:54.423777+00,2026-07-08 15:37:37.303214+00,QUINTO ARMÓNICO,,,,,,Spain,https://www.quintoarmonico.es,,,"{Other,Spain,Grid}",google,,{},Spanish company specializing in harmonic filtering and power quality solutions.,,,f,
ce2ddbc1-8100-4bd2-aef8-6a2f22edcbab,,Shenzhen LTD,,+86-0755-2324 2585,,,,2026-07-08 13:57:06.770638+00,2026-07-08 15:37:37.303214+00,"Shenzhen TIMXON Energy Technology Co., LTD",,,,Shenzhen,Guangdong,China,https://www.timxon.com,,,"{Battery/Storage,China}",google,,{},Manufactures energy storage batteries and related power products.,,,f,
ce4c5e2d-d75e-4084-8867-a7ee58a77d7c,,B. München,info@best-fs.de,+49 895 40419941,,,,2026-07-08 13:55:38.075209+00,2026-07-08 15:37:37.303214+00,B.E.S.T. Fluidsysteme GmbH München,,,,Munich,Bavaria,Germany,https://www.muenchen.swagelok.solutions,,,"{Other,Germany}",google,,{},Munich-based supplier of fluid system components (Swagelok solutions) for industrial use.,,,f,
ce87e372-b95a-4bcb-9f74-0ad9f6969bde,,FranklinWH Inc.,info@franklinwh.com,+18888372655,,,,2026-07-08 13:56:08.763938+00,2026-07-08 15:37:37.303214+00,FranklinWH Energy Storage Inc.,,,,,,United States,https://www.franklinwh.com,,,"{Battery/Storage,""United States"",Residential}",google,,{},Manufactures home battery energy storage systems for residential use.,,,f,
ce984ad2-8b63-4232-b8d7-0e445348da49,,Sunchaser GmbH,de@sunchaserx.com,+498969304333,,,,2026-07-08 13:57:16.535674+00,2026-07-08 15:37:37.303214+00,Sunchaser GmbH,,,,,,Germany,,,,"{EPC/Installer,Germany,""Solar PV""}",google,,{},German solar installation/distribution company.,,,f,
ceab63b4-de78-4f16-9bfc-0883a888f82e,,TDV RIBBON,j.mangin@tdv-profile.com,+33329666750,,,,2026-07-08 13:57:20.149693+00,2026-07-08 15:37:37.303214+00,TDV PV RIBBON,,,,,,France,https://tdv-profile.com,,,"{Cable/BOS,France,""Solar PV""}",google,,{},Supplies PV interconnection ribbon for solar cell manufacturing.,,,f,
ceae1568-7ac9-4258-b48b-5860c06867d4,,Knoop BV,info@knoopbv.nl,+31592559385,,,,2026-07-08 13:56:32.489106+00,2026-07-08 15:37:37.303214+00,Knoop BV,,,,,,Netherlands,https://www.knoopbv.nl,,,"{Mounting/Tracker,Netherlands}",google,,{},Dutch metalwork/mounting structure supplier.,,,f,
cec1fc3c-37d2-4205-a472-a1677a7e16d8,,Avasco NV,info@avasco-solar.be,+31 627 200 068,,,,2026-07-08 13:55:37.503429+00,2026-07-08 15:37:37.303214+00,Avasco Solar NV,,,,,,Belgium,https://www.avasco-solar.be,,,"{EPC/Installer,Belgium,""Solar PV""}",google,,{},Belgian solar installation company.,,,f,
cec6310a-c0ac-4eca-ac7e-08a764b50a04,,Danish Limited,hr3@danish.co.in,+918947822222,,,,2026-07-08 13:55:51.467443+00,2026-07-08 15:37:37.303214+00,Danish Power Limited,,,,,,India,https://www.danish.co.in,,,"{Other,India}",google,,{},Indian power equipment manufacturer.,,,f,
cf028d97-f2d6-4a6b-9aa8-df1f724ea8d3,,Sanelpan Ticaret,info@sanelpan.com.tr,+902662454343,,,,2026-07-08 13:57:00.009532+00,2026-07-08 15:37:37.303214+00,Sanelpan Elektrik Pano Sanayi Ticaret A.S.,,,,,,Turkey,https://sanelpan.com.tr/,,,"{Cable/BOS,Turkey}",google,,{},Turkish manufacturer of electrical panels/switchgear.,,,f,
cf2449b5-e76a-430e-a98f-ba72fff69f60,,Elestor - Long Storage,floris.vandijk@elestor.com,+31621391959,,,,2026-07-08 13:55:58.428636+00,2026-07-08 15:37:37.303214+00,Elestor - Long Duration Energy Storage,,,,,,Netherlands,https://www.elestor.com,,,"{Battery/Storage,Netherlands}",google,,{},Develops long-duration energy storage technology.,,,f,
cf32dffe-d5e7-4ac9-9907-a348174eeb0a,,INOVOLTIS Tic.,kaan.akgul@inovoltis.com,+90 542 799 03 15,,,,2026-07-08 13:56:24.250567+00,2026-07-08 15:37:37.303214+00,INOVOLTIS Enerji Ve Elektronik  San. Tic. A.S.,,,,,,Turkey,https://www.inovoltis.com/en,,,"{""Inverter Mfr"",Turkey,""Solar PV""}",google,,{},Turkish manufacturer of solar inverters/power electronics.,,,f,
cf391020-4d58-43d8-909e-c7681077b51c,,Uniper GmbH,info@uniper.energy,+49 211 73275-0,,,,2026-07-08 13:57:26.241575+00,2026-07-08 15:37:37.303214+00,Uniper Renewables GmbH,,,,,,Germany,https://www.uniper.energy,,,"{Developer/IPP,Germany,Utility-scale}",google,,{},Uniper subsidiary developing renewable energy projects.,,,f,
cf4159b4-ae82-40d8-b687-30c64b37b1e8,,Rida Ltd,info@ridapump.com,+86 15168680088,,,,2026-07-08 13:56:57.426544+00,2026-07-08 15:37:37.303214+00,"Rida Pump Co.,Ltd",,,,,,China,https://www.ridapumps.com,,,"{Other,China,Off-grid}",google,,{},"Chinese pump manufacturer, incl. solar water pumps.",,,f,
cf44bd22-9d04-4205-af19-b41ae3674328,,PRAMAC GmbH,info.de@pramac.com,+49 711 5174290,,,,2026-07-08 13:56:51.637156+00,2026-07-08 15:37:37.303214+00,PRAMAC GmbH,,,,,,Germany,https://www.pramac.com,,,"{""Inverter Mfr"",Germany}",google,,{},"German subsidiary of Pramac, maker of generators and power products.",,,f,
cf4682f0-139b-4ed8-9900-75e7c0995204,,Perovion,,,,,,2026-07-08 13:56:48.824826+00,2026-07-08 15:37:37.303214+00,Perovion,,,,,,Germany,,,,"{Research/Academic,Germany,""Solar PV""}",google,,{},Develops perovskite solar cell technology.,,,f,
cf6d68fd-63e3-4528-a6f2-62bcfb12c6af,,Next2Sun AG,info@next2sun.de,+49 6831 126900,,,,2026-07-08 13:56:42.925792+00,2026-07-08 15:37:37.303214+00,Next2Sun AG,,,,,,Germany,https://www.next2sun.de,,,"{""Module Mfr"",Germany,""Solar PV""}",google,,{},Manufactures bifacial vertical solar modules.,,,f,
cf7a6271-bbec-4244-8dfd-235489f3e675,,Batsand,,,,,,2026-07-08 13:55:38.856885+00,2026-07-08 15:37:37.303214+00,Batsand,,,,,,Sweden,https://www.batsand.com/,,,"{Battery/Storage,Sweden}",google,,{},Develops sand-based thermal energy storage.,,,f,
cf861140-0b80-4697-b1b1-82778b4b3b63,,Shenzhen Ltd.,rdmarketing@absen.com,+86 18873389107,,,,2026-07-08 13:57:03.467591+00,2026-07-08 15:37:37.303214+00,"Shenzhen Absen Optoelectronic Co., Ltd.",,,,,,China,https://www.absenenergy.com/en/,,,"{Battery/Storage,China}",google,,{},Chinese electronics company with energy storage products division.,,,f,
cfdc7507-4aab-4002-b10b-f2882d7198d0,,Intis Ltd,tea.sergon@intis.hr,+3859111288614,,,,2026-07-08 13:56:24.976341+00,2026-07-08 15:37:37.303214+00,Intis Ltd (Televend),,,,,,Croatia,https://televend.com/solutions/chargeport/,,,"{Other,Croatia,""EV Charging""}",google,,{},Provider of EV charging solutions (Televend brand).,,,f,
cfe4ac18-51dd-48b2-ac1a-6e8e0ffda68f,,Buima Ltd.,amos.yu@buimaenergy.com,+886225080656,,,,2026-07-08 13:55:43.954061+00,2026-07-08 15:37:37.303214+00,"Buima Energy Co., Ltd.",,,,,,China,https://www.buimaenergy.com/,,,"{Battery/Storage,China}",google,,{},Chinese energy storage battery manufacturer.,,,f,
cfe51a4f-e3da-4670-9eaf-b03b91af4b97,,Ming Techology,chingmei@mail.mcut.edu.tw,+886229089899,,,,2026-07-08 13:56:39.651581+00,2026-07-08 15:37:37.303214+00,Ming Chi University of Techology,,,,,,Taiwan,https://www.mcut.edu.tw,,,"{Research/Academic,Taiwan}",google,,{},Taiwanese university with engineering/energy research programs.,,,f,
d007ae36-d066-45a2-aec4-8274107e4f02,,Gossen GmbH,info@gossenmetrawatt.com,+49 911 86020,,,,2026-07-08 13:56:12.457671+00,2026-07-08 15:37:37.303214+00,Gossen Metrawatt GmbH,,,,,,Germany,https://www.gossenmetrawatt.com,,,"{Metering/Monitoring,Germany}",google,,{},German manufacturer of test and measurement instruments.,,,f,
d007cf07-50c3-4b35-ad3f-4956a37e9466,,EVBOX,estelle.grave@evbox.com,+33756104770,,,,2026-07-08 13:56:05.344138+00,2026-07-08 15:37:37.303214+00,EVBOX,,,,,,Netherlands,,,,"{Other,Netherlands,""EV Charging""}",google,,{},EV charging hardware and software provider.,,,f,
d048d8c0-97a2-4f07-8691-912715066f83,,Kalzip GmbH,info@dicoanl.de,+4967633080,,,,2026-07-08 13:56:30.956016+00,2026-07-08 15:37:37.303214+00,Kalzip GmbH,,,,,,Germany,https://www.kalzip.com,,,"{Mounting/Tracker,Germany}",google,,{},German manufacturer of metal roofing and solar mounting systems.,,,f,
d04d0030-01ea-4768-ae0e-b90f16eb9448,,KMC Tic.,sozyurt@mekometal.com.tr,+905422517852,,,,2026-07-08 13:56:32.399983+00,2026-07-08 15:37:37.303214+00,KMC GROUP - Meko Metal San. Tic. A.Ş.,,,,,,Turkey,https://www.mekometal.com.tr,,,"{Mounting/Tracker,Turkey}",google,,{},Turkish metal fabrication company producing mounting structures.,,,f,
d0844005-ee45-4b4d-8808-b3c9e9857ab7,,Fairland Ltd.,sales@fairland.com.cn,+86-755-26669924,,,,2026-07-08 13:56:06.601313+00,2026-07-08 15:37:37.303214+00,"Fairland iGarden Co., Ltd.",,,,,,China,https://www.fairlandgroup.com,,,"{Other,China}",google,,{},Chinese manufacturer of heat pumps and thermal products.,,,f,
d08dba16-db38-4644-b028-11bb2cdeb6e7,,AcePower and Technologies Ltd,,+86 021-58303058,,,,2026-07-08 13:55:30.375824+00,2026-07-08 15:37:37.303214+00,"AcePower and Technologies Co.,Ltd",,,,,,China,https://www.acepowerenergy.com,,,"{Battery/Storage,China}",google,,{},Chinese power and battery technology company.,,,f,
d0ac1b87-d15f-46a9-a928-e4d1a17690b1,,Green GmbH,,,,,,2026-07-08 13:56:12.823434+00,2026-07-08 15:37:37.303214+00,Green Solar GmbH,,,,,,Austria,https://www.greensolar.at,,,"{EPC/Installer,Austria,""Solar PV""}",google,,{},Austrian solar installation company.,,,f,
d0bf7114-92f1-4f85-9d81-28988b7d58b6,,PARK-SOLAR GmbH,mail@park-solar.com,+4971150628870,,,,2026-07-08 13:56:48.014782+00,2026-07-08 15:37:37.303214+00,PARK-SOLAR GmbH,,,Mozartstr. 16,Stuttgart,Baden-Wurttemberg,Germany,https://www.park-solar.com,,,"{Mounting/Tracker,Germany,""Solar PV""}",google,,{},Designs and installs parking-lot canopy photovoltaic systems and solar facades.,,,f,
d0cbc258-f875-4863-82f1-490255b56f02,,Scotra Ltd,vn83@scotra.co.kr,+82634522006,,,,2026-07-08 13:57:00.914823+00,2026-07-08 15:37:37.303214+00,"Scotra Co.,Ltd",,,,,,South Korea,https://scotra.co.kr/en/index.asp,,,"{Other,""South Korea""}",google,,{},"South Korean manufacturing/trading company; website unreachable, classified from domain.",,,f,
d0ce27fb-733f-4a04-88f5-1736baf6bd26,,Hansol Ltd,solar@hansol.com,+821032726555,,,,2026-07-08 13:56:17.062509+00,2026-07-08 15:37:37.303214+00,"Hansol EnergyON co., Ltd",,,,,,South Korea,https://www.hansolsolar.com,,,"{""Module Mfr"",""South Korea"",""Solar PV""}",google,,{},Hansol EnergyON manufactures solar PV modules and energy solutions.,,,f,
d0d88635-79b1-4d4c-9bd2-024d3509d918,,Trade Europe,,+49 761 38813700,,,,2026-07-08 13:57:23.400765+00,2026-07-08 15:37:37.303214+00,Trade Press Booth EM-Power Europe,,,,,,Germany,,,,"{Association,Germany}",google,,{},Trade press booth entity associated with EM-Power Europe solar/energy trade fair.,,,f,
d0dfd9ac-3ebd-4c3d-a74f-b15940aca9cb,,Shanghai Ltd,kb@ikbvip.com,+86 021-65197806,,,,2026-07-08 13:57:03.107804+00,2026-07-08 15:37:37.303214+00,"Shanghai Sunnic New Energy Technology Co.,Ltd",,,,Shanghai,,China,https://www.isunnic.com/en,,,"{Battery/Storage,China,""EV Charging""}",google,,{},"Provides intelligent battery energy storage, EV charging and battery diagnosis solutions (PBCD).",,,f,
d0f3e311-bc1e-4f3c-9c47-35fede63b970,,ADITYA ENERGY,marketing@adityaenergy.co.in,+919824064417,,,,2026-07-08 13:55:30.779034+00,2026-07-08 15:37:37.303214+00,ADITYA ENERGY,,,"Block No. 1129, POR-Ramangamdi Road",Vadodara,Gujarat,India,https://www.adityaenergy.co.in,,,"{Other,India}",google,,{},"Manufactures transformers, servo voltage stabilizers and electrical panels including solar/wind types.",,,f,
d0f41655-05ea-490a-8eb8-0ec85aca9260,,Syna,,,,,,2026-07-08 13:57:18.940772+00,2026-07-08 15:37:37.303214+00,Syna,,,,,,Germany,https://www.syna.de/corp/ueber-syna,,,"{Utility,Germany,Grid}",google,,{},Syna operates as a German electricity distribution network operator; site access restricted.,,,f,
d111dd0b-a6c7-4b81-83b0-d3c6dad3ab66,,m8mit GmbH,info@m8mit.de,+49 345 2799041909,,,,2026-07-08 13:56:37.050982+00,2026-07-08 15:37:37.303214+00,m8mit mobility GmbH | Kraftwerk Software Holding GmbH,,,,,,Germany,https://www.m8mit.de,,,"{Software,Germany,""EV Charging""}",google,,{},m8mit operates an EV charging network app/card providing access to public charging points across Europe.,,,f,
d11a00a5-0627-4772-a139-9a89fd272fc7,,Kortmann GmbH,info@kortmann-beton.de,+49592396630,,,,2026-07-08 13:56:32.996351+00,2026-07-08 15:37:37.303214+00,Kortmann Beton GmbH,,,,,,Germany,https://www.kortmann-beton.de,,,"{Cable/BOS,Germany}",google,,{},"Manufactures precast concrete elements including facade, energy infrastructure and e-mobility foundation components.",,,f,
d15b4835-4bde-4b90-8abb-bd383a6eeb9c,,Schweizer GmbH,s.kettenmann.stp@schweizer-net.de,+49621878790,,,,2026-07-08 13:57:00.867866+00,2026-07-08 15:37:37.303214+00,Schweizer Transformer Products GmbH,,,Schreiberstrasse 9,Mannheim,Baden-Wurttemberg,Germany,https://www.schweizer-stp.com,,,"{Other,Germany,Grid}",google,,{},Schweizer Transformer Products manufactures transformers; website under construction.,,,f,
d1667383-09ec-44b8-9208-e637e59588c9,,BESS GmbH,contact@besst-pv.com,+4988416781905,,,,2026-07-08 13:55:41.627453+00,2026-07-08 15:37:37.303214+00,BESS(t) PV GmbH,,,Leitenweg 24,Murnau am Staffelsee,Bavaria,Germany,https://www.besst-pv.com,,,"{Battery/Storage,Germany,""Solar PV""}",google,,{},"BESS(t) PV supplies solar modules, inverters and battery/energy storage systems.",,,f,
d1c034d5-727b-4b67-b622-51e5c4a9eb6a,,YASALAR STI.,yasalar@yasalar.com.tr,+902242611140,,,,2026-07-08 13:57:36.271522+00,2026-07-08 15:37:37.303214+00,YASALAR KALIP YEDEK PARCA SAN. TIC. LTD. STI.,,,"Demirtas Dumlupinar, Acelya Sok. D:9",Bursa,,Turkey,https://www.yasalar.com.tr,,,"{Cable/BOS,Turkey}",google,,{},"Metal forming manufacturer producing components for automotive, solar energy and other industrial sectors.",,,f,
d1deb53b-996f-4683-99c1-1c23858102ce,,Netherlands Agency,,,,,,2026-07-08 13:56:42.421853+00,2026-07-08 15:37:37.303214+00,Netherlands Enterprise Agency,,,,,,Netherlands,,,,"{Association,Netherlands}",google,,{},"Netherlands Enterprise Agency (RVO), Dutch government agency supporting business and sustainability programs.",,,f,
d1e12cd9-d7f7-4ab8-a559-ca040612bcd0,,Bayerischer (BIHK),prock@muenchen.ihk.de,+49498951161816,,,,2026-07-08 13:55:39.261805+00,2026-07-08 15:37:37.303214+00,Bayerischer Industrie- und Handelskammertag (BIHK) e.V.,,,Max-Joseph-Strasse 2,Munich,Bavaria,Germany,https://www.bihk.de,,,"{Association,Germany}",google,,{},Umbrella association for Bavaria's nine chambers of commerce and industry.,,,f,
d1f9fd99-e538-4980-adbe-3f1dfcc13d17,,SHOTO,marketing@chinashoto.com,0523-88521888,,,,2026-07-08 13:57:07.763946+00,2026-07-08 15:37:37.303214+00,SHOTO,,,,,,China,https://www.chinashoto.com,,,"{Battery/Storage,China}",google,,{},SHOTO manufactures lead-acid and other industrial/energy storage batteries.,,,f,
d1fb5eb8-c2c4-477f-871f-5c7ac45d68c2,,SEM Transformator,areej.fatima@semtransformator.com.tr,+90 541 629 5288,,,,2026-07-08 13:57:01.322874+00,2026-07-08 15:37:37.303214+00,SEM Transformator A.S.,,,Baskent OSB Inonu Bulvari No:8 Maliköy Sincan,Ankara,,Turkey,https://www.semtransformator.com.tr,,,"{Other,Turkey,Grid}",google,,{},"SEM Transformatör manufactures special, power and distribution transformers.",,,f,
d2064256-4763-415c-8bdb-d500dcab1825,,T. GmbH,info@t-werk.eu,+49 8283 9979040,,,,2026-07-08 13:57:19.156097+00,2026-07-08 15:37:37.303214+00,T.Werk GmbH,,,Greisbacherstrasse 6,Burgau,Bavaria,Germany,https://www.t-werk.eu,,,"{Mounting/Tracker,Germany,""Solar PV""}",google,,{},"T.Werk manufactures photovoltaic mounting/substructure systems for roof, facade and ground installations.",,,f,
d213da10-2148-49f9-9ba5-7e9ca5f800e9,,Teplore Ltd.,media@teplore.com,+8617351788502,,,,2026-07-08 13:57:21.195939+00,2026-07-08 15:37:37.303214+00,"Teplore  Co., Ltd.",,,"8/F, Building 2, 59 Tianyuan West Road",Nanjing,,China,https://www.teplore.com,,,"{Battery/Storage,China,C&I}",google,,{},"Teplore manufactures commercial, industrial and utility-scale battery energy storage systems.",,,f,
d22e3c94-c175-4bdc-9e78-6086125c5289,,Anyang Ltd.,yuhao@ayyhgf.cn,,,,,2026-07-08 13:55:34.984233+00,2026-07-08 15:37:37.303214+00,"Anyang Yuhao Photovoltaic Technology Co., Ltd.",,,,Anyang,Henan,China,https://www.yhscrewpile.com,,,"{Mounting/Tracker,China,""Solar PV""}",google,,{},"Manufactures screw-pile foundations, brackets and tracking systems for PV projects.",,,f,
d237b599-a6ec-465a-b1ff-f1e4cc7647c6,,EDF GmbH,hallo@edf-power.com,+49711238600,,,,2026-07-08 13:55:56.989187+00,2026-07-08 15:37:37.303214+00,EDF power solutions Deutschland GmbH,,,,,,Germany,https://www.edf-power.com,,,"{Developer/IPP,Germany,""Solar PV""}",google,,{},EDF power solutions Deutschland develops and operates renewable power generation and storage assets.,,,f,
d2572954-0ccd-4031-a700-127cd4b3c96c,,Reverion GmbH,info@reverion.com,+4981933639274,,,,2026-07-08 13:56:57.150655+00,2026-07-08 15:37:37.303214+00,Reverion GmbH,,,Am Mittelfeld 11,Eresing,Bavaria,Germany,https://www.reverion.com,,,"{Other,Germany,Hydrogen}",google,,{},Reverion develops reversible fuel cell systems converting biogas and hydrogen into electricity.,,,f,
d25f3746-3387-4ebe-ab02-e30959eb3688,,Sanyo GmbH,y-kashiki@sanyo-trading.co.jp,+4915251026944,,,,2026-07-08 13:57:00.231935+00,2026-07-08 15:37:37.303214+00,Sanyo Trading Europe GmbH,,,,,,Japan,https://www.sanyo-trading.co.jp/eng/home/,,,"{Distributor,Japan}",google,,{},"Sanyo Trading imports and distributes fine chemicals, industrial products and green/energy technology.",,,f,
d2824f91-568f-4a07-8485-9ff1fc8e5f68,,Elephant GmbH,alexander.cordes@elephant.pw,+4915116220269,,,,2026-07-08 13:55:58.375836+00,2026-07-08 15:37:37.303214+00,Elephant Power GmbH,,,Sieglestrasse 33H,Stuttgart,Baden-Wurttemberg,Germany,https://www.elephant.pw,,,"{Other,Germany,Residential}",google,,{},Elephant Power develops AI-controlled heat pump and home energy management systems.,,,f,
d2959443-0997-483f-bd79-b2fcedb19fb4,,Institute Technology,firmapost@ife.no,+4763806000,,,,2026-07-08 13:56:24.458205+00,2026-07-08 15:37:37.303214+00,Institute for Energy Technology (IFE),,,Instituttveien 18,Kjeller,,Norway,https://www.ife.no/en,,,"{Research/Academic,Norway}",google,,{},"IFE is a research institute focused on energy technology, nuclear safety and materials science.",,,f,
d2ca4e7d-3a8b-4ba4-9bef-6f7053f0ae12,,Shanghai Ltd,,+86-216-1610900,,,,2026-07-08 13:57:02.913291+00,2026-07-08 15:37:37.303214+00,"Shanghai Sieyuan Watten Technology Co., Ltd",,,"No. 3399, Huaning Road, Minhang District",Shanghai,,China,https://www.swatten.com,,,"{""Inverter Mfr"",China,Battery/Storage}",google,,{},Swatten develops hybrid inverters and battery energy storage systems for residential and C&I applications.,,,f,
d2e14ef4-48f5-4462-b441-fb4fa8d15d07,,Nuventura GmbH,,+4917645775280,,,,2026-07-08 13:56:45.328187+00,2026-07-08 15:37:37.303214+00,Nuventura GmbH,,,,Berlin,,Germany,https://www.nuventura.com/,,,"{Other,Germany,Grid}",google,,{},"Manufactures eco-efficient, SF6-free gas-insulated switchgear for medium-voltage grids.",,,f,
d30f5935-b409-40d8-b4cd-381737050963,,SolarNL,,,,,,2026-07-08 13:57:11.861352+00,2026-07-08 15:37:37.303214+00,SolarNL,,,,,,Netherlands,,,,"{EPC/Installer,Netherlands,""Solar PV""}",google,,{},Dutch solar organization/installer network for residential and commercial PV.,,,f,
d3771062-c8c7-43ba-9345-20a168e4b261,,Xuzhou Ltd,admin@everstarmachinery.com,+ 86 15252103728,,,,2026-07-08 13:57:36.053929+00,2026-07-08 15:37:37.303214+00,"Xuzhou Hengxing Jinqiao Machinery Technology Co., Ltd",,,,Xuzhou,Jiangsu,China,https://www.everstarmachinery.com,,,"{Other,China}",google,,{},Manufactures machinery equipment including solar panel production lines.,,,f,
d394069a-f06b-4c91-b463-e7e19248e272,,Siguesol,info@siguesol.com,+32 864 56664,,,,2026-07-08 13:57:08.416691+00,2026-07-08 15:37:37.303214+00,Siguesol,,,,,,Spain,https://www.siguesol.com,,,"{EPC/Installer,Spain,""Solar PV""}",google,,{},Spanish company providing solar PV installation and EPC services.,,,f,
d396ddc3-eb58-4fed-aeb7-9babaf4875d1,,Envision GmbH,yang.stratton@envision-energy.com,,,,,2026-07-08 13:56:03.011618+00,2026-07-08 15:37:37.303214+00,Envision Energy CoE GmbH,,,,Hamburg,,Germany,https://www.envision-group.com,,,"{Developer/IPP,Germany,Wind}",google,,{},"European center of excellence of Envision Energy, global renewable energy technology group.",,,f,
d39d175c-bad7-4fe9-a00f-360f5c264ad3,,S.A. Elmya,pnunez@elmya.com,+34654967287,,,,2026-07-08 13:56:59.015972+00,2026-07-08 15:37:37.303214+00,"Elmya, S.A.",,,,,,Spain,https://www.elmya.com,,,"{Distributor,Spain}",google,,{},Spanish distributor of electrical and electromechanical equipment.,,,f,
d39f9010-bcc9-4761-ad70-23f523e77c83,,SPSCap GmbH,info@spscap.de,+498020339960,,,,2026-07-08 13:57:14.862141+00,2026-07-08 15:37:37.303214+00,SPSCap Europe GmbH,,,,,,Germany,https://www.spscap.de,,,"{Battery/Storage,Germany}",google,,{},European arm of a supercapacitor manufacturer for energy storage applications.,,,f,
d3aaecd9-3e8c-465d-a559-63dc38a0a53e,,FXNWING Ltd.,fit-ir@fit-foxconn.com,+886-2-7705-1818,,,,2026-07-08 13:56:10.114785+00,2026-07-08 15:37:37.303214+00,"FXNWING New Energy Technology Co., Ltd.",,,,,,China,https://www.fit-foxconn.com/,,,"{Battery/Storage,China}",google,,{},Foxconn-affiliated new energy technology subsidiary focused on battery and energy products.,,,f,
d3b76e3b-59fb-4c04-b11a-c59b7df66def,,Hong Limited,mary@58doit.com,+8615012998040,,,,2026-07-08 13:56:19.793046+00,2026-07-08 15:37:37.303214+00,"Hong Kong Doit Energy Technology Co.,Limited",,,,Hong Kong,,China,https://www.58doit.com,,,"{Distributor,China}",google,,{},Hong Kong-based trading company for energy and lithium battery products.,,,f,
d3d59e67-117b-4180-b2af-baf533ff5229,,Shanghai Ltd,groupheadquarter@cxxcl.cn,+86 021-20977221,,,,2026-07-08 13:57:02.34676+00,2026-07-08 15:37:37.303214+00,"Shanghai Energy New Materials Technology Co., Ltd",,,,Shanghai,,China,https://www.semcorp.com/en,,,"{Battery/Storage,China}",google,,{},Shanghai-based developer of new energy materials including battery materials.,,,f,
d3d822b7-7b4f-47c6-8eb2-69e7c7190641,,PIVIT o.,michal.sarnecki@pivit.pl,+48669863594,,,,2026-07-08 13:56:49.685044+00,2026-07-08 15:37:37.303214+00,PIVIT Sp. z o. o.,,,,,,Poland,https://www.pivit.pl,,,"{""EV Charging"",Poland}",google,,{},Polish company providing electric vehicle charging infrastructure solutions.,,,f,
d3fe7730-f067-41f6-83d2-6ccd051b812c,,Monolithic Systems,eu-central-csr@monolithicpower.com,+4989809135124,,,,2026-07-08 13:56:40.75227+00,2026-07-08 15:37:37.303214+00,Monolithic Power Systems (MPS),,,,Kirkland,Washington,United States,https://www.monolithicpower.com/en/,,,"{Other,""United States""}",google,,{},US semiconductor company producing power management ICs used in solar and energy applications.,,,f,
d40dfe45-73fa-4ce6-934c-260502cb5317,,YUPONT LTD.,sales.se@yupont.com,18105153193,,,,2026-07-08 13:57:37.123602+00,2026-07-08 15:37:37.303214+00,"YUPONT SMART ENERGY TECHNOLOGY(JIAXING)CO.,LTD.",,,,Jiaxing,Zhejiang,China,https://www.yupontse.com,,,"{Cable/BOS,China,""Solar PV""}",google,,{},Manufactures encapsulant films and smart materials for solar PV modules.,,,f,
d43f37ef-02f2-4547-9f76-d5d93fee68f4,,ASE GmbH,r.kundt@ase-schaltanlagenbau.de,+494102462611,,,,2026-07-08 13:55:36.345274+00,2026-07-08 15:37:37.303214+00,ASE Schaltanlagenbau Ströhl GmbH,,,,,,Germany,https://www.ase-schaltanlagenbau.de,,,"{Other,Germany,Grid}",google,,{},German manufacturer of switchgear and switchboard systems.,,,f,
d443383a-d7cc-43cc-8f1b-fbcb9c43b553,,Comau,ilaria.polinetti@comau.com,+393357982712,,,,2026-07-08 13:55:49.000443+00,2026-07-08 15:37:37.303214+00,Comau,,,,Grugliasco,Piedmont,Italy,https://www.comau.com,,,"{Other,Italy}",google,,{},Italian industrial automation and robotics company serving multiple manufacturing sectors.,,,f,
d453e41e-1c14-4560-bd70-35670e883a30,,ETI Elektroelement,eti@eti.si,+386 3 5657570,,,,2026-07-08 13:56:04.240533+00,2026-07-08 15:37:37.303214+00,"ETI Elektroelement, d.o.o.",,,,,,Slovenia,https://www.etigroup.eu,,,"{Cable/BOS,Slovenia}",google,,{},Slovenian manufacturer of electrical components including fuses and switches.,,,f,
d46d8916-81c0-483a-b6b1-b762cb377d4c,,Yuens Ltd.,sales@yuen-s.com,+86 592 5231969,,,,2026-07-08 13:57:37.065038+00,2026-07-08 15:37:37.303214+00,"Yuens (Xiamen) New Material Co., Ltd.",,,,Xiamen,Fujian,China,https://www.yuen-s.com,,,"{Cable/BOS,China,""Solar PV""}",google,,{},Xiamen-based manufacturer of new materials such as encapsulants for PV modules.,,,f,
d48789e8-6b66-4a58-999d-13a27bd88eea,,iwell,info@iwell.eu,+49 211 54249653,,,,2026-07-08 13:56:26.163821+00,2026-07-08 15:37:37.303214+00,iwell,,,,,,Netherlands,https://www.iwell.eu,,,"{Battery/Storage,Netherlands}",google,,{},Dutch company producing modular battery energy storage systems.,,,f,
d4972b50-735c-4a15-80ee-28179dcd573e,,Lynxeo,virginie.greppa@lynxeogroup.com,+33685236530,,,,2026-07-08 13:56:36.752442+00,2026-07-08 15:37:37.303214+00,Lynxeo,,,,,,France,https://www.lynxeogroup.com,,,"{Cable/BOS,France}",google,,{},French group manufacturing electrical cables and connectivity solutions.,,,f,
d4b524a3-9f96-46db-8085-131da1a780e3,,Focus Ltd.,expo@made-in-china.com,+862566677777,,,,2026-07-08 13:56:08.138047+00,2026-07-08 15:37:37.303214+00,"Focus Technology Co., Ltd. (Made-in-China.com)",,,,Nanjing,Jiangsu,China,https://www.made-in-china.com,,,"{Distributor,China}",google,,{},"Operates Made-in-China.com, a B2B marketplace connecting global buyers with Chinese suppliers.",,,f,
d4bc6829-a8a8-4a9d-be5a-1cbdfaf89dbd,,Die GmbH,service@trafomacher.de,+4987196570090,,,,2026-07-08 13:55:53.268318+00,2026-07-08 15:37:37.303214+00,Die Trafomacher GmbH,,,,,,Germany,https://www.trafomacher.de/,,,"{Other,Germany,Grid}",google,,{},German company manufacturing and servicing transformers.,,,f,
d4db2742-dba1-4ea9-bb04-c319af6d4fec,,Herholdt Controls,marie.huntzinger@hagergroup.com,+39 02 89054000,,,,2026-07-08 13:56:18.541746+00,2026-07-08 15:37:37.303214+00,Herholdt Controls,,,,,,France,https://www.hhcontrols.com/,,,"{Cable/BOS,France}",google,,{},"Herholdt Controls, part of Hager Group, makes electrical control and distribution products.",,,f,
d4ec84f8-37a1-4ae5-8585-083139e0aaf5,,Moonwatt,contact@moonwatt.com,+31640860345,,,,2026-07-08 13:56:40.888954+00,2026-07-08 15:37:37.303214+00,Moonwatt,,,,,,France,https://www.moonwatt.com,,,"{""EV Charging"",France}",google,,{},French company offering electric vehicle charging solutions.,,,f,
d501d9aa-f610-4932-a307-ff67b576fcea,,LichtBlick SE,info@lichtblick.de,+494080803030,,,,2026-07-08 13:56:35.609103+00,2026-07-08 15:37:37.303214+00,LichtBlick SE,,,,Hamburg,,Germany,https://www.lichtblick.de,,,"{Utility,Germany}",google,,{},German green energy supplier providing electricity and smart energy services to consumers.,,,f,
d51eedc6-f080-425c-b2a4-43cac513028b,,Heyday Ventures,mp@heydayventures.co.in,+91 97899 78233,,,,2026-07-08 13:56:18.908357+00,2026-07-08 15:37:37.303214+00,Heyday Ventures,,,,,,India,https://heyday-ventures.com,,,"{Financing,India}",google,,{},Indian venture capital firm investing in climate and energy startups.,,,f,
d5490190-3f76-479f-8cc9-f3b52ac22883,,terralayr KG,ls@trlyr.com,+491628393298,,,,2026-07-08 13:57:21.549801+00,2026-07-08 15:37:37.303214+00,terralayr Germany GmbH &amp; Co. KG,,,,,,Germany,https://www.trlyr.com/,,,"{Battery/Storage,Germany,""Solar PV""}",google,,{},Develops and supplies battery energy storage systems.,,,f,
d562fe00-c307-4bdb-b7fe-72761938f705,,Bytewatt Ltd.,info@byte-watt.com,0512-69161558,,,,2026-07-08 13:55:44.231755+00,2026-07-08 15:37:37.303214+00,"Bytewatt Technology Co.,Ltd.",,,,,,China,https://www.byte-watt.com,,,"{Battery/Storage,China,""Solar PV""}",google,,{},Manufactures battery storage inverters and energy storage systems.,,,f,
d56d6d79-adcc-47c4-89bb-86101122e189,,Jolywood Ltd.,info@jolywood.cn,+86-0523-80612799,,,,2026-07-08 13:56:29.811653+00,2026-07-08 15:37:37.303214+00,"Jolywood (Taizhou) Solar Technology Co.,Ltd.",,,,Taizhou,,China,https://www.jolywood.com,,,"{""Cell/Wafer Mfr"",China,""Solar PV""}",google,,{},Manufactures high-efficiency N-type solar cells and modules.,,,f,
d589ca7c-49ee-49e7-bfbf-c18db18b606c,,WEESS GmbH,info@eu.weess.com,0211 65097777,,,,2026-07-08 13:57:31.196384+00,2026-07-08 15:37:37.303214+00,WEESS GmbH,,,,,,Germany,https://www.weess.com,,,"{Battery/Storage,Germany,""Solar PV""}",google,,{},Supplies residential and commercial battery storage systems.,,,f,
d5be5fbb-61dc-4757-975c-4af64fb65672,,WKK Europe,sales@wkk-europe.com,+49215713890,,,,2026-07-08 13:57:33.040096+00,2026-07-08 15:37:37.303214+00,WKK Europe,,,,,,Belgium,https://www.wkk-europe.com,,,"{Distributor,Belgium,""Solar PV""}",google,,{},Distributes electronic components and solar/PV related products in Europe.,,,f,
d5d1e91a-2885-4259-8d8f-22c86cf99653,,STI GmbH,info@sti-solar.de,+4937647956125,,,,2026-07-08 13:57:15.752369+00,2026-07-08 15:37:37.303214+00,STI Solar-Technologie-International GmbH,,,,,,Germany,https://www.sti-solar.de,,,"{EPC/Installer,Germany,""Solar PV""}",google,,{},Provides solar technology installation and engineering services.,,,f,
d60d0f67-8ae2-49d4-80c5-f660833700c8,,Mako365 GmbH,info@mako365.com,+49 621 8775278115,,,,2026-07-08 13:56:37.430124+00,2026-07-08 15:37:37.303214+00,Mako365 GmbH,,,,,,Germany,https://www.mako365.com,,,"{Software,Germany,""Solar PV""}",google,,{},Provides software solutions for solar and energy management.,,,f,
d61445e7-903c-408a-89e1-7c8e8c286301,,HT GmbH,info@ht-instruments.de,+49 2161 564581,,,,2026-07-08 13:56:20.464198+00,2026-07-08 15:37:37.303214+00,HT Instruments GmbH,,,,,,Germany,https://www.ht-instruments.de,,,"{Testing/Certification,Germany}",google,,{},Manufactures test and measurement instruments including electrical testers.,,,f,
d6258009-6407-40fc-9070-9d46f765f27a,,Yichun Ltd.,,,,,,2026-07-08 13:57:36.484912+00,2026-07-08 15:37:37.303214+00,"Yichun Hertz Energy Storage Co., Ltd.",,,,Yichun,,China,https://www.energydawnice.com/products/,,,"{Battery/Storage,China}",google,,{},Manufactures lithium battery energy storage products.,,,f,
d6351da3-ef1d-4c29-b827-b54f25b04ae5,,Xiamen Ltd.,info@grengysolar.com,86-592-5720957,,,,2026-07-08 13:57:35.108061+00,2026-07-08 15:37:37.303214+00,"Xiamen Grengy Photovoltaic Technology Co.,Ltd.",,,,Xiamen,,China,https://www.grengysolar.com,,,"{""Module Mfr"",China,""Solar PV""}",google,,{},Manufactures photovoltaic solar modules.,,,f,
d636c373-032f-4217-809d-e9c1beac63c4,,Rheidon Tech,support@rheidon.com,+49 1511 946 3830,,,,2026-07-08 13:56:57.245142+00,2026-07-08 15:37:37.303214+00,Rheidon Tech,,,,,,China,https://rheidon.com,,,"{Battery/Storage,China}",google,,{},Develops energy storage and battery technology products.,,,f,
d63cfdfc-9a09-4593-ba99-e3a212aed6c1,,CSG Hefei,serena.qian@csg.com.cn,0551-62782697,,,,2026-07-08 13:55:50.730143+00,2026-07-08 15:37:37.303214+00,"CSG Science and Technology Co., Ltd, Hefei",,,,Hefei,,China,https://en.soongopower.com,,,"{""Inverter Mfr"",China,""Solar PV""}",google,,{},Manufactures solar power inverters and power electronics.,,,f,
d63e9b3b-08da-492c-87b6-add3b3989973,,Suzhou Ltd.,zhangjing@maxwell-gp.com.cn,+8613815249506,,,,2026-07-08 13:57:18.450709+00,2026-07-08 15:37:37.303214+00,"Suzhou Maxwell Technologies Co., Ltd.",,,,Suzhou,,China,https://www.maxwell-gp.com/en/,,,"{""Cell/Wafer Mfr"",China,""Solar PV""}",google,,{},Supplies photovoltaic cell and module manufacturing equipment.,,,f,
d6512137-866d-404a-abc7-012256e033b6,,iPLON GmbH,schneider@iplon.de,+49791930500,,,,2026-07-08 13:56:25.411754+00,2026-07-08 15:37:37.303214+00,iPLON Solutions GmbH,,,,,,Germany,https://www.iplon.de,,,"{Metering/Monitoring,Germany,""Solar PV""}",google,,{},Provides monitoring and control software for solar and energy plants.,,,f,
d6542576-0558-4f29-b2a2-28bb99c92515,,MALCAST ENGINEERS,vaibhav@malcast.in,+919888418189,,,,2026-07-08 13:56:37.475814+00,2026-07-08 15:37:37.303214+00,MALCAST ENGINEERS,,,,,,India,https://www.malcast.in,,,"{Mounting/Tracker,India,""Solar PV""}",google,,{},Engineers and manufactures structural mounting solutions for solar plants.,,,f,
d66da9a5-097a-4b9d-bd31-971620d7da1a,,UltraSense Suppression,ldillon@statx.com,952-935-9745,,,,2026-07-08 13:57:25.87971+00,2026-07-08 15:37:37.303214+00,UltraSense Systems and Stat-X Aerosol Fire Suppression (Fireaway Inc.),,,,,,United States,,,,"{Other,""United States""}",google,,{},"Supplies sensor and aerosol fire suppression technology, unrelated to core solar manufacturing.",,,f,
d670b652-b229-4a6d-8c35-7e6602323f66,,Shandong Ltd.,chenqianqian@zkfnsolar.com,+86 186 2171 3125,,,,2026-07-08 13:57:02.160392+00,2026-07-08 15:37:37.303214+00,"Shandong ZKFN Solar Technology Co., Ltd.",,,,Shandong,,China,https://www.zkfnsolar.com/,,,"{""Module Mfr"",China,""Solar PV""}",google,,{},Manufactures photovoltaic solar modules.,,,f,
d69b6b2e-ffdb-4505-a7ec-59530a800dc0,,Q3 KG,info@q3-energie.de,+4983419080334,,,,2026-07-08 13:56:53.543436+00,2026-07-08 15:37:37.303214+00,Q3 ENERGIE GmbH &amp; Co. KG,,,,,,Germany,https://q3-energie.de/,,,"{EPC/Installer,Germany,""Solar PV""}",google,,{},Installs and engineers solar energy systems.,,,f,
d69cdd6c-d512-4654-aba2-fcd8ed246360,,Mars Energy,rey.zhao@marsrenewable.com,,,,,2026-07-08 13:56:37.81266+00,2026-07-08 15:37:37.303214+00,Mars Renewable Energy B.V.,,,,,,Netherlands,https://www.marsrenewable.com,,,"{Distributor,Netherlands,""Solar PV""}",google,,{},Distributes and trades renewable energy equipment.,,,f,
d6a1bdf1-053c-409f-9496-e2b5d0a05f24,,Zhejiang Ltd.,info@apsolway.com,+86-0573-83705988,,,,2026-07-08 13:57:37.887827+00,2026-07-08 15:37:37.303214+00,"Zhejiang APsolway Technology Co., Ltd.",,,,,Zhejiang,China,https://www.apsolway.com,,,"{""Module Mfr"",China,""Solar PV""}",google,,{},Manufactures photovoltaic solar modules and components.,,,f,
d6a64467-ab91-4d5c-8a0a-03b76b408cf1,,HUBER+SUHNER AG,tatjana.blum@hubersuhner.com,+41713534111,,,,2026-07-08 13:56:21.005619+00,2026-07-08 15:37:37.303214+00,HUBER+SUHNER AG,,,,Herisau,,Switzerland,https://www.hubersuhner.com/en,,,"{Cable/BOS,Switzerland}",google,,{},Manufactures electrical and fiber-optic connectivity components including for renewable energy.,,,f,
d6bb7e10-c8f0-4083-bb34-8467881c49c9,,smart1 GmbH,info@smart1.eu,+4986777679010,,,,2026-07-08 13:57:09.784353+00,2026-07-08 15:37:37.303214+00,smart1 solutions GmbH,,,,,,Germany,https://www.smart1.eu,,,"{Software,Germany,""Solar PV""}",google,,{},Provides smart energy and solar management solutions.,,,f,
d6bd0c9b-71e6-4555-9a72-ebe1e8ac7c3c,,WATTICAL GmbH,he.zhou@wattical.com,+49 174 894 2289,,,,2026-07-08 13:57:30.720683+00,2026-07-08 15:37:37.303214+00,WATTICAL Energon Tech GmbH,,,,,,Germany,https://wattical.com/,,,"{Battery/Storage,Germany}",google,,{},Develops energy storage battery technology products.,,,f,
d6ccdf29-2d2a-4410-aeb6-fb52b4318ccf,,Solarhome Ltd,office@solarhome.bg,+35970010789,,,,2026-07-08 13:57:11.524653+00,2026-07-08 15:37:37.303214+00,Solarhome Ltd,,,,,,Bulgaria,https://solarhome.bg,,,"{EPC/Installer,Bulgaria,Residential}",google,,{},Installs residential solar power systems.,,,f,
d6ce3063-8252-4c03-8f3b-8a5f230f6dd9,,Hunan Ltd.,,,,,,2026-07-08 13:56:21.658443+00,2026-07-08 15:37:37.303214+00,"Hunan GCE Technology Co.,Ltd.",,,,Hunan,,China,https://www.hngce.com,,,"{Other,China}",google,,{},Technology company supplying industrial and energy-related equipment.,,,f,
d6d97cbe-3379-44c7-86e3-5ebf64ca65ca,,SGB-SMIT Group,sgb@sgb-smit.group,+49 941 78410,,,,2026-07-08 13:57:01.885727+00,2026-07-08 15:37:37.303214+00,SGB-SMIT Group,,,,Regensburg,,Germany,https://www.sgb-smit.com,,,"{Other,Germany}",google,,{},Manufactures power and distribution transformers for grid and industrial applications.,,,f,
d6e5ad00-149c-46b1-8568-7d4d58a86781,,Second GmbH,info.germany@second-foundation.eu,,,,,2026-07-08 13:57:01.134924+00,2026-07-08 15:37:37.303214+00,Second Foundation Germany GmbH,,,,,,Germany,https://second-foundation.de,,,"{Other,Germany}",google,,{},Provides supply chain and staffing/consulting services for industrial clients including energy sector.,,,f,
d7120841-256f-4738-8927-6bc62d558faf,,Blue Warehousing,,,,,,2026-07-08 13:55:42.672586+00,2026-07-08 15:37:37.303214+00,Blue Flag Warehousing B.V.,,,,,,Netherlands,https://www.blueflag-warehousing.nl,,,"{Other,Netherlands}",google,,{},"Provides warehousing and logistics services, including for solar and energy equipment.",,,f,
d721bdbe-e80d-46d7-916a-a54348afd165,,Nanotechnology COPE-Nano,info@ltfn.gr,+30 2310 998952,,,,2026-07-08 13:56:41.925109+00,2026-07-08 15:37:37.303214+00,Nanotechnology Lab LTFN / COPE-Nano,,,,,,Greece,https://www.ltfn.gr,,,"{Research/Academic,Greece,""Solar PV""}",google,,{},University nanotechnology laboratory researching nanomaterials for energy applications.,,,f,
d7363e80-0624-4c40-bb83-159384e74917,,MAX LTD,info@maxlipower.com,+86 0755-23763072,,,,2026-07-08 13:56:38.10246+00,2026-07-08 15:37:37.303214+00,"MAX LI-POWER ENERGY TECHNOLOGY CO., LTD",,,,,,Taiwan,https://www.mlp-energy.com,,,"{Battery/Storage,Taiwan}",google,,{},Manufactures lithium battery cells and energy storage products.,,,f,
d737ec9a-feb0-480f-af89-f5327e6b140b,,Podero GmbH,ops@podero.com,+4367761503429,,,,2026-07-08 13:56:50.364322+00,2026-07-08 15:37:37.303214+00,Podero GmbH,,,,,,Germany,https://www.podero.com,,,"{Software,Germany,""EV Charging""}",google,,{},Provides software platform for EV charging operations and management.,,,f,
d7ad66fa-41d7-4f96-b382-b8910256cb76,,HydoTech Ltd.,business@hydo.tech,+86 17372793089,,,,2026-07-08 13:56:22.024541+00,2026-07-08 15:37:37.303214+00,"HydoTech Hydrogen Energy Technology Co., Ltd.",,,,,,China,https://www.hydotech.com,,,"{Other,China,Hydrogen}",google,,{},Develops hydrogen energy technology and equipment.,,,f,
d7bff64e-9cb6-4ea2-acca-03865327edaf,,Fraunhofer IVI,info@ivi.fraunhofer.de,+49 351 4640-683,,,,2026-07-08 13:56:08.81029+00,2026-07-08 15:37:37.303214+00,Fraunhofer Institut für Verkehrs- und Infrastruktursysteme IVI,,,,Dresden,,Germany,https://www.ivi.fraunhofer.de,,,"{Research/Academic,Germany}",google,,{},Fraunhofer institute researching transport and infrastructure systems including energy grids.,,,f,
d7e92497-20ef-462b-bc2e-908dc88fc2e6,,TÜV GmbH,info@tuvsud.com,089 5190-4001,,,,2026-07-08 13:57:25.289679+00,2026-07-08 15:37:37.303214+00,TÜV SÜD Industrie Service GmbH,,,,Munich,,Germany,https://www.tuvsud.com,,,"{Testing/Certification,Germany}",google,,{},"Provides industrial testing, inspection and certification services including for renewable energy.",,,f,
d8468d59-f92e-42c3-be07-4302ed4e5397,,JSolar Incorporated,intl.contact@jsolarinc.com,+86 0512-5631 6610,,,,2026-07-08 13:56:30.408952+00,2026-07-08 15:37:37.303214+00,JSolar Incorporated,,,,,,United States,https://www.jsolarinc.com,,,"{""Module Mfr"",""United States"",""Solar PV""}",google,,{},Supplies and distributes solar PV modules.,,,f,
d8511aef-a4df-42dc-b3b8-ce9308237e09,,Neotrafo Limited,luther.jyothi@neotrafo.com,+917093055019,,,,2026-07-08 13:56:42.377927+00,2026-07-08 15:37:37.303214+00,Neotrafo Solutions India Private Limited,,,,,,India,https://www.neotrafo.com,,,"{Other,India}",google,,{},Manufactures transformers and electrical equipment.,,,f,
d866f5e7-f0fb-45d6-8a73-3f0e2a30fa92,,FlexGen,info@flexgen.com,+18553275674,,,,2026-07-08 13:56:07.751925+00,2026-07-08 15:37:37.303214+00,FlexGen,,,,Durham,North Carolina,United States,https://flexgen.com,,,"{Battery/Storage,""United States"",Utility-scale}",google,,{},Provides battery energy storage systems and software for utility-scale projects.,,,f,
d8883857-fb27-4bb9-a7c2-ef9ab30c2104,,Concentrix,kontakt@concentrix.com,+49 541 9462-0,,,,2026-07-08 13:55:49.278756+00,2026-07-08 15:37:37.303214+00,Concentrix,,,,Fremont,California,United States,,,,"{Other,""United States""}",google,,{},Global business process outsourcing and customer experience services company.,,,f,
d8977693-c53f-4b7d-9390-7ab39b9b6859,,BBR ENERGIE,benjamin.barrallon@bbr-energie.fr,+33768976643,,,,2026-07-08 13:55:40.296707+00,2026-07-08 15:37:37.303214+00,BBR ENERGIE,,,,,,France,https://www.bbr-energie.fr,,,"{EPC/Installer,France,""Solar PV""}",google,,{},Solar energy installation and EPC services provider.,,,f,
d8eff59f-ccc1-441d-8dfd-6f9308065905,,Sunlumo GmbH,office@sunlumo.at,+43 720 531222,,,,2026-07-08 13:57:17.043922+00,2026-07-08 15:37:37.303214+00,Sunlumo Technology GmbH,,,,,,Austria,https://www.sunlumo.at,,,"{Mounting/Tracker,Austria,""Solar PV""}",google,,{},Develops mounting and technology solutions for solar photovoltaic installations.,,,f,
d903da6d-f260-4b6c-973a-ea2cdb753852,,FTC Spain,vsah@ftcsolar.com,,,,,2026-07-08 13:56:09.475749+00,2026-07-08 15:37:37.303214+00,"FTC Solar Spain, S.L.",,,,,,Spain,https://www.ftcsolar.com,,,"{Mounting/Tracker,Spain,Utility-scale}",google,,{},"Spanish subsidiary of FTC Solar, supplying solar tracker systems for utility-scale projects.",,,f,
d919c562-f09d-46cd-81c2-7836bc5a8e64,,RCT GmbH,info@rct-solutions.com,,,,,2026-07-08 13:56:55.476389+00,2026-07-08 15:37:37.303214+00,RCT Solutions GmbH,,,,,,Germany,https://www.rct-solutions.com,,,"{Battery/Storage,Germany}",google,,{},Develops battery management systems and energy storage solutions.,,,f,
d91f569a-a068-46a2-b341-b2d71c0b83d0,,PATON-PTH - Patentmanagement Hochschulen,,+493677694556,,,,2026-07-08 13:56:48.149608+00,2026-07-08 15:37:37.303214+00,PATON-PTH - Patentmanagement Thüringer Hochschulen,,,,,Thuringia,Germany,https://www.paton.de,,,"{Association,Germany}",google,,{},Patent management and technology transfer office for Thuringian universities.,,,f,
d9313462-aa6c-4a58-acf5-58d44de4f2d5,,Ingenieurbüro Lüneburg,d.tischler@idtlg.de,+491714058677,,,,2026-07-08 13:56:23.782379+00,2026-07-08 15:37:37.303214+00,Ingenieurbüro Dierk Tischler Lüneburg,,,,Lüneburg,,Germany,https://www.idtlg.de,,,"{Consultancy,Germany}",google,,{},Engineering consultancy office providing technical planning services.,,,f,
d94e20b3-1074-4d17-8471-c26b544583f7,,HECO-Schrauben KG,info@heco-schrauben.de,+4974229890,,,,2026-07-08 13:56:17.708456+00,2026-07-08 15:37:37.303214+00,HECO-Schrauben GmbH &amp; Co. KG,,,,,,Germany,https://www.heco-schrauben.de,,,"{Cable/BOS,Germany}",google,,{},"Manufactures screws and fastening systems, including for solar mounting.",,,f,
d97a6c3b-5f3b-45de-bd3b-071fd3558815,,Daqo Ltd.,info.eu@daqo.com,+8651185123952,,,,2026-07-08 13:55:51.559342+00,2026-07-08 15:37:37.303214+00,"Daqo Group Co., Ltd.",,,,,,China,https://en.daqo.com,,,"{""Cell/Wafer Mfr"",China,""Solar PV""}",google,,{},Manufactures polysilicon and wafer materials for solar cell production.,,,f,
d9bbae66-7d4e-4015-bd52-58b5062a0208,,Tuya Smart,business@conow.com,+49015156201158,,,,2026-07-08 13:57:25.3389+00,2026-07-08 15:37:37.303214+00,Tuya Smart,,,,,,China,https://www.conow.com,,,"{Software,China}",google,,{},Provides IoT and smart device connectivity platform.,,,f,
d9c73486-29f8-4af2-be37-aa15587b69fe,,Kooi Guard,sales.de@247kooi.com,+49 4421 500166,,,,2026-07-08 13:56:32.757449+00,2026-07-08 15:37:37.303214+00,Kooi Security Deutschland / Video Guard,,,,,,Germany,https://www.247kooi.com,,,"{Other,Germany}",google,,{},German branch of a security systems provider offering video surveillance solutions.,,,f,
d9e65b7c-9cb9-46da-8259-a1a1a815d7d1,,Contemporary Ltd.,cntepower@cntepower.com,+86 591 83970008,,,,2026-07-08 13:55:50.209838+00,2026-07-08 15:37:37.303214+00,"Contemporary Nebula Technology Energy Co., Ltd.(CNTE)",,,,,,China,https://en.cntepower.com,,,"{Battery/Storage,China,""Solar PV""}",google,,{},Manufactures lithium battery cells and energy storage systems.,,,f,
d9e6ac15-f774-420c-825e-120d8fa0859b,,ODESKABEL PJSC,ryaboy@odeskabel.com,+380672514450,,,,2026-07-08 13:56:45.827755+00,2026-07-08 15:37:37.303214+00,ODESKABEL PJSC,,,,Odessa,,Russia,https://odeskabel.com,,,"{Cable/BOS,Russia}",google,,{},Russian manufacturer of power and control cables including PV cabling.,,,f,
da025c0d-1ed0-49ea-ba0f-aa037d7836ba,,ZHEJIANG LTD,contact@bsbelectric.com,+86-578-2517333,,,,2026-07-08 13:57:38.191414+00,2026-07-08 15:37:37.303214+00,"ZHEJIANG BSB ELECTRICAL APPLIANCES CO.,LTD",,,,,Zhejiang,China,https://www.bsbeletric.com,,,"{Cable/BOS,China}",google,,{},Chinese manufacturer of electrical appliances and components.,,,f,
da0e9f97-14e0-4e9e-8bef-4f96e97a4758,,VERBUND GmbH,martha.salaquarda@verbund.com,,,,,2026-07-08 13:57:27.79452+00,2026-07-08 15:37:37.303214+00,VERBUND Energy4Business GmbH,,,,Vienna,,Austria,,,,"{Utility,Austria}",google,,{},Energy services subsidiary of Austrian utility VERBUND serving business customers.,,,f,
da10c243-e035-489c-90b5-92404141e441,,BayWa GmbH,solarenergysystems@baywa-re.com,+49 7071 989870,,,,2026-07-08 13:55:40.156146+00,2026-07-08 15:37:37.303214+00,BayWa r.e. Solar Energy Systems GmbH,,,,Munich,Bavaria,Germany,https://www.solar-distribution.baywa-re.de,,,"{Distributor,Germany,""Solar PV""}",google,,{},"BayWa r.e. subsidiary distributing solar modules, inverters and BOS components.",,,f,
da1d9feb-07df-440e-a5b5-844627fb9ee5,,Atender AS,ba@atender.com,+4795982582,,,,2026-07-08 13:55:36.744277+00,2026-07-08 15:37:37.303214+00,Atender AS,,,Alameda Colon 34,Malaga,,Spain,https://www.atender.com,,,{Software},google,,{},AI-powered customer service and support automation platform provider.,,,f,
da4249bd-114c-4f0a-8c47-b2a592872674,,Salzstrom GmbH,info@salzstrom.com,+43 664 1470593,,,,2026-07-08 13:56:59.86083+00,2026-07-08 15:37:37.303214+00,Salzstrom Vertrieb GmbH,,,,,,Germany,https://www.salzstrom.com,,,"{Battery/Storage,Germany}",google,,{},German distributor of salt-based and other battery storage systems.,,,f,
da84fd8b-e708-438c-8842-66b44fb1ad14,,Talesun Solar,sales@talesun.com,+8651282355888,,,,2026-07-08 13:57:19.72343+00,2026-07-08 15:37:37.303214+00,Talesun Solar,,,,Suzhou,Jiangsu,China,https://www.talesun.com,,,"{""Module Mfr"",China,""Solar PV""}",google,,{},Chinese manufacturer of crystalline silicon solar PV modules.,,,f,
dad6834b-1946-45f1-a5e2-0610bdaad78a,,BMAI GmbH,benjamin.mangold@bmai.energy,+494915561209489,,,,2026-07-08 13:55:43.000633+00,2026-07-08 15:37:37.303214+00,BMAI GmbH,,,,,,Germany,https://www.bmai.energy,,,"{Consultancy,Germany}",google,,{},German energy consultancy operating under an agentic energy ecosystem concept (EXAIOS).,,,f,
daf3e564-4f44-437e-a5f0-b966c252ede9,,FLAGSUN LTD,harvey@flagsun.com,+86-512-53724676,,,,2026-07-08 13:56:07.553755+00,2026-07-08 15:37:37.303214+00,"FLAGSUN (SUZHOU) NEW ENERGY CO.,LTD",,,,Suzhou,Jiangsu,China,https://www.flagsun.com,,,"{""Module Mfr"",China,""Solar PV""}",google,,{},Chinese new-energy company manufacturing solar PV modules.,,,f,
daf5c657-0a8f-45d5-82c8-b4267fc1c9e9,,SolarHub GmbH,david@solarhub24.de,+491743491624,,,,2026-07-08 13:57:11.632595+00,2026-07-08 15:37:37.303214+00,SolarHub GmbH,,,,,,Germany,https://www.solarhub24.de,,,"{Distributor,Germany,""Solar PV""}",google,,{},German distributor of solar PV components and systems.,,,f,
daf7f8fc-d366-4bc0-9e35-700d1d0586c0,,KYROS GmbH,info@kyroshydrogensolutions.com,+49 367 6480980,,,,2026-07-08 13:56:33.650564+00,2026-07-08 15:37:37.303214+00,KYROS Hydrogen Solutions GmbH,,,,,,Germany,https://www.kyroshydrogensolutions.com,,,"{Other,Germany,Hydrogen}",google,,{},German company developing hydrogen energy solutions.,,,f,
db2335ee-b4cd-40b0-a9dd-454b65b7d63d,,Steinfort Glas,jellejanwissmann@steinfort.nl,+31645888117,,,,2026-07-08 13:57:15.562397+00,2026-07-08 15:37:37.303214+00,Steinfort Glas B.V.,,,,,,Netherlands,https://www.steinfort.nl,,,"{Other,Netherlands}",google,,{},Dutch glass manufacturer supplying glass products including for solar applications.,,,f,
db29465d-4fc0-4a43-902a-7da6d09354c5,,Koyne-System-Elektronik,,+493047032182,,,,2026-07-08 13:56:33.07935+00,2026-07-08 15:37:37.303214+00,Koyne-System-Elektronik,,,,,,Germany,,,,"{Metering/Monitoring,Germany}",google,,{},"German electronics/electrical systems firm, likely serving metering or control applications.",,,f,
db3edd67-5b3a-4c57-9385-4ff745118220,,Verve Ltd.,wu.sa@verveconnet.co.uk,+447884367802,,,,2026-07-08 13:57:28.071287+00,2026-07-08 15:37:37.303214+00,Verve Connect Ltd.,,,,London,,United Kingdom,https://www.verveconnect.co.uk,,,"{""EV Charging"",""United Kingdom"",Battery/Storage}",google,,{},UK company providing EV charging and power storage solutions under the V.Go brand.,,,f,
db58d8e5-20e0-4079-8887-3b9aea946fd5,,ads-tec GmbH,info@ads-tec-energy.com,+49 7022 25220,,,,2026-07-08 13:55:30.966429+00,2026-07-08 15:37:37.303214+00,ads-tec Energy GmbH,,,,Nurtingen,Baden-Wurttemberg,Germany,https://www.ads-tec-energy.com,,,"{Battery/Storage,Germany,""EV Charging""}",google,,{},German manufacturer of battery storage and fast-charging systems.,,,f,
db934754-01b9-430b-ac1d-cbc796e948e0,,Wuxi Ltd.,sales@solinteg.com,+86 189 15369506,,,,2026-07-08 13:57:12.991765+00,2026-07-08 15:37:37.303214+00,"Wuxi Solinteg Power Co., Ltd.",,,,Wuxi,Jiangsu,China,https://www.solinteg.com,,,"{""Inverter Mfr"",China,Storage}",google,,{},Chinese manufacturer of hybrid solar inverters and energy storage systems.,,,f,
dba1113c-d6b8-4d3d-ae62-f910320719f7,,Nordwest KG,info@nw-assekuranz.de,+49 421 9896070,,,,2026-07-08 13:56:44.315895+00,2026-07-08 15:37:37.303214+00,Nordwest Assekuranzmakler GmbH &amp; Co. KG,,,,,,Germany,https://www.nw-assekuranz.de,,,"{Other,Germany}",google,,{},German insurance broker (Assekuranzmakler) providing coverage including for energy projects.,,,f,
dbbcf3c6-27ca-4e80-874e-fd87a2d94a55,,Soluciones Group,kcappelletti@mtechgroup.com,+34634829219,,,,2026-07-08 13:57:13.749077+00,2026-07-08 15:37:37.303214+00,Soluciones Técnicas Mtech Group S.L.,,,,,,Spain,https://mtechgroup.es/,,,"{EPC/Installer,Spain}",google,,{},Spanish technical solutions and engineering group.,,,f,
dbc04f08-459c-4ac3-bdc8-cff73a187d51,,TDC Energy,info@tdc-energy.com,,,,,2026-07-08 13:57:20.096936+00,2026-07-08 15:37:37.303214+00,TDC Energy,,,"36 Man Yue Street, Hung Hom",Kowloon,,Hong Kong,https://tdc-energy.com,,,"{""EV Charging"",""Hong Kong""}",google,,{},Hong Kong-based provider of AC and DC EV charging solutions and home backup power products.,,,f,
dbd2cbd3-8f35-4b3f-88b3-639ff5644bdd,,Volatile GmbH,mail@volatile.de,,,,,2026-07-08 13:57:28.997074+00,2026-07-08 15:37:37.303214+00,Volatile GmbH,,,,,,Germany,https://www.volatile.de,,,"{Software,Germany,Grid}",google,,{},German fintech providing price signals and forecasts for short-term European power markets.,,,f,
dbda1f6c-e588-4f61-b4fa-2b670356284f,,Anhui Ltd.,1591990609@qq.com,+86 0563-6985070,,,,2026-07-08 13:55:34.08631+00,2026-07-08 15:37:37.303214+00,"Anhui Krant Aluminum Products Co.,Ltd.",,,,,Anhui,China,https://www.krant-china.com/,,,"{Mounting/Tracker,China}",google,,{},Chinese manufacturer of aluminum products including solar mounting frame components.,,,f,
dc148cdd-6995-4e4a-a0cc-91012d1c2491,,Zhejiang Ltd.,peak@pntech.com.cn,4008871128,,,,2026-07-08 13:57:39.300808+00,2026-07-08 15:37:37.303214+00,"Zhejiang PNTECH Technology Co., Ltd.",,,No. 108 West Section of Yinxian Avenue,Ningbo,Zhejiang,China,https://www.pntech.com.cn,,,"{Cable/BOS,China,""Solar PV""}",google,,{},"Chinese manufacturer of solar PV cables, connectors and extension leads.",,,f,
dc4970d3-5169-4b26-ac4e-0d2628d72adf,,ebm-papst KG,info1@de.ebmpapst.com,+497938810,,,,2026-07-08 13:55:56.177675+00,2026-07-08 15:37:37.303214+00,ebm-papst Mulfingen GmbH &amp; Co. KG,,,,Mulfingen,Baden-Wurttemberg,Germany,https://www.ebmpapst.com,,,"{Other,Germany}",google,,{},German manufacturer of fans and motors used in industrial and energy cooling applications.,,,f,
dc518de4-f17c-4e7a-ad4d-581070c87c0a,,Re-Twin GmbH,info@re-twin.energy,+491625926239,,,,2026-07-08 13:56:55.519285+00,2026-07-08 15:37:37.303214+00,Re-Twin Energy GmbH,,,,,,Germany,https://re-twin.energy/,,,"{Developer/IPP,Germany,""Solar PV""}",google,,{},German renewable energy project developer.,,,f,
dc5ffed7-2f1b-4f64-8189-f9a37187dfce,,GUANGXI LTD,business@xfxglass.com,+867795306608,,,,2026-07-08 13:56:15.212688+00,2026-07-08 15:37:37.303214+00,"GUANGXI XINFUXING SILICON TECHNOLOGY CO., LTD",,,,,Guangxi,China,https://www.xfxglass.com,,,"{Other,China,""Solar PV""}",google,,{},Chinese manufacturer of silicon-based glass products used in solar modules.,,,f,
dc7ad161-22ea-4250-b2c6-6cc2174c356f,,SolNet GmbH,,,,,,2026-07-08 13:57:13.263115+00,2026-07-08 15:37:37.303214+00,SolNet GmbH,,,,,,Germany,,,,"{Other,Germany}",google,,{},German company name suggests solar/energy services; no website available to confirm details.,,,f,
dc7b112c-0d64-4020-9718-05ef07f96fae,,Kabeck GmbH,info@kabeck.de,+49683197830,,,,2026-07-08 13:56:30.774826+00,2026-07-08 15:37:37.303214+00,Kabeck Hans Dieter Becker GmbH,,,,,,Germany,https://www.kabeck.de,,,"{Cable/BOS,Germany}",google,,{},German supplier of cables and electrical components (Kabeck).,,,f,
dc8b3f4e-440e-4bb0-8f0f-9d5b98f4d425,,Pionix GmbH,contact@pionix.de,+49 7253 9793480,,,,2026-07-08 13:56:49.637759+00,2026-07-08 15:37:37.303214+00,Pionix GmbH,,,,,,Germany,,,,"{Software,Germany,""EV Charging""}",google,,{},Develops open-source software for EV charging stations (EVerest/OCPP).,,,f,
dca1571b-b67f-4243-a01e-5985ff9bb7eb,,whatwatt AG,hallo@whatwatt.ch,+41793000232,,,,2026-07-08 13:57:32.145683+00,2026-07-08 15:37:37.303214+00,whatwatt AG,,,,,,Switzerland,https://whatwatt.ch,,,"{Metering/Monitoring,Switzerland}",google,,{},Swiss maker of smart electricity meters and monitoring devices.,,,f,
dca9fe27-16a0-439b-bb1a-176271dadf19,,Greencells GmbH,marketing@greencells.com,+4999266910,,,,2026-07-08 13:56:12.960296+00,2026-07-08 15:37:37.303214+00,Greencells GmbH,,,,,,Germany,https://www.greencells.com,,,"{EPC/Installer,Germany,""Solar PV""}",google,,{},German EPC contractor building utility-scale solar PV plants.,,,f,
dcae1e5d-6224-478c-9f5d-1801a5e18712,,re. GmbH,info@reventure.de,+493022379391,,,,2026-07-08 13:56:55.606402+00,2026-07-08 15:37:37.303214+00,re.venture GmbH,,,,,,Germany,https://reventure.de/,,,"{Developer/IPP,Germany}",google,,{},German renewable energy project developer.,,,f,
dd0a63ed-ae7d-47d5-ad63-6e76dbc250c0,,AESOLAR GmbH,,+4982319782680,,,,2026-07-08 13:55:31.161508+00,2026-07-08 15:37:37.303214+00,AESOLAR Energy GmbH,,,,,,Germany,https://ae-solar.com,,,"{""Module Mfr"",Germany,""Solar PV""}",google,,{},German manufacturer of solar PV modules (AE Solar).,,,f,
dd29aec3-e8a1-4aba-b9f7-0193f1e61f78,,Jiangsu Ltd.,zhanggk@highstar.com,+8618224756689,,,,2026-07-08 13:56:27.265191+00,2026-07-08 15:37:37.303214+00,"Jiangsu Highstar Battery Manufacturing Co.,Ltd.",,,,,,China,https://www.highstar.com/,,,"{Battery/Storage,China}",google,,{},Chinese manufacturer of industrial and energy storage batteries.,,,f,
dd3d5e75-c570-4091-bb94-46cbd6cebd06,,UAB PVcase,volha.v@pvcase.com,+37061801058,,,,2026-07-08 13:57:25.690264+00,2026-07-08 15:37:37.303214+00,"PVcase, UAB",,,,,,Lithuania,https://www.pvcase.com,,,"{Software,Lithuania,""Solar PV""}",google,,{},Lithuanian company producing solar PV system design software.,,,f,
dd4d6a8a-b70e-4a94-8d20-ca007e91af0b,,beegy GmbH,info@beegy.com,0800 9867233,,,,2026-07-08 13:55:40.59069+00,2026-07-08 15:37:37.303214+00,beegy GmbH,,,,,,Germany,,,,"{Software,Germany}",google,,{},German energy management and digital platform provider for utilities.,,,f,
dd4e1381-6a92-4c78-a401-b1c398db3da1,,Energy Ireland,,,,,,2026-07-08 13:56:01.135853+00,2026-07-08 15:37:37.303214+00,Energy Storage Ireland,,,,,,Ireland,,,,"{Association,Ireland,Storage}",google,,{},Irish industry association representing the energy storage sector.,,,f,
dd577d88-0f1f-4d2f-b4b2-d6195ca447eb,,Autel Netherlands,zehua.sun@autel.com,+4917623601280,,,,2026-07-08 13:55:37.16508+00,2026-07-08 15:37:37.303214+00,Autel Netherlands B.V.,,,,,,Netherlands,,,,"{Other,Netherlands,""EV Charging""}",google,,{},"Netherlands entity of Autel, maker of EV charging equipment.",,,f,
dd8e478a-888a-44ff-91c9-99ab168f5013,,Haier Ltd.,solar.de@haier-europe.com,+49 21141873173,,,,2026-07-08 13:56:16.167244+00,2026-07-08 15:37:37.303214+00,"Haier Energy Technology Co., Ltd.",,,,,,China,https://www.haier-energy.com/,,,"{Battery/Storage,China,""Solar PV""}",google,,{},Chinese Haier subsidiary producing solar and energy storage products.,,,f,
dd9256ab-14e5-421e-8953-58f1e4fde69d,,Shandong Ltd.,robin.zhang@winabattery.com,+865365675088,,,,2026-07-08 13:57:02.114642+00,2026-07-08 15:37:37.303214+00,"Shandong Wina Green Power Technology Co., Ltd.",,,,,,China,https://www.winabattery.com,,,"{Battery/Storage,China}",google,,{},Chinese manufacturer of lithium battery cells for energy storage.,,,f,
ddc077cf-a38d-42fe-82c9-ed135cb77b1e,,espeicher GmbH,kontakt@espeicher.at,+43621720368,,,,2026-07-08 13:56:03.767277+00,2026-07-08 15:37:37.303214+00,espeicher GmbH,,,,,,Austria,https://www.espeicher.at,,,"{Battery/Storage,Austria}",google,,{},Austrian provider of home battery storage systems.,,,f,
ddc8fc6a-a435-4a44-9408-ba59c50b666a,,Solar GmbH,info@solar-manager.com,+4951193678448,,,,2026-07-08 13:57:10.634571+00,2026-07-08 15:37:37.303214+00,Solar Manager GmbH,,,,,,Switzerland,https://www.solar-manager.com,,,"{Software,Switzerland,""Solar PV""}",google,,{},Swiss maker of energy management software for solar and storage systems.,,,f,
ddda37b6-0e06-4e20-9b10-c9b6f4b0d555,,Zhejiang Ltd.,ess@ihuapower.com,,,,,2026-07-08 13:57:38.825978+00,2026-07-08 15:37:37.303214+00,"Zhejiang Hua Power Co.,Ltd.",,,,,,China,https://www.ihuapower.com,,,"{Battery/Storage,China}",google,,{},Chinese manufacturer of energy storage system batteries.,,,f,
dde2fc2d-789c-4f45-b77c-68ffb46a563c,,ETREL d.o.o.,info@etrel.com,+38659076330,,,,2026-07-08 13:56:04.287177+00,2026-07-08 15:37:37.303214+00,ETREL d.o.o.,,,,,,Slovenia,https://www.etrel.com,,,"{Other,Slovenia,""EV Charging""}",google,,{},Slovenian developer of EV charging management software and hardware.,,,f,
ddf556b0-4024-457c-bab3-f27e54f475e0,,MERZ KG,info@merz-schaltgeraete.de,+49 7971 252-252,,,,2026-07-08 13:56:38.873379+00,2026-07-08 15:37:37.303214+00,MERZ Schaltgeräte GMBH + CO KG,,,,,,Germany,https://www.merz-schaltgeraete.de,,,"{Cable/BOS,Germany}",google,,{},German manufacturer of switchgear and electrical distribution equipment.,,,f,
de083afa-2054-4fca-a072-761b284aa759,,BNL Supplies,hflee@bnlsupplies.com,+31646723399,,,,2026-07-08 13:55:43.082926+00,2026-07-08 15:37:37.303214+00,BNL Supplies B.V.,,,,,,Netherlands,https://www.bnlsupplies.com,,,"{Distributor,Netherlands,""Solar PV""}",google,,{},Dutch distributor of solar PV components and supplies.,,,f,
de2453c9-3d26-45bb-95c6-cc2ecb387a22,,Meteotest AG,office@meteotest.ch,+41 31 3072626,,,,2026-07-08 13:56:39.016074+00,2026-07-08 15:37:37.303214+00,Meteotest AG,,,,,,Switzerland,https://www.meteotest.ch,,,"{Consultancy,Switzerland,""Solar PV""}",google,,{},Swiss provider of weather and solar irradiance data services.,,,f,
de365c5c-cdc5-4e2f-8c42-44d8f79ef54c,,Ceramic GmbH,s.heuser@wolbring-gruppe.de,+49 262 418089140,,,,2026-07-08 13:55:46.04584+00,2026-07-08 15:37:37.303214+00,Ceramic Colors Wolbring GmbH,,,,,,Germany,https://colorquant.cc/,,,"{Other,Germany}",google,,{},German producer of ceramic pigments including materials for solar cell pastes.,,,f,
de6414a9-3647-4da8-9026-8619a5e2b35e,,bayme Arbeitgeber,michael.lippenberger@baymevbm.de,+498955178560,,,,2026-07-08 13:55:39.748323+00,2026-07-08 15:37:37.303214+00,bayme vbm - Bayerische M+E Arbeitgeber,,,,,,Germany,https://www.baymevbm.de/baymevbm/index.jsp,,,"{Association,Germany}",google,,{},Bavarian employers association for the metal and electrical industry.,,,f,
de72811f-0d20-4156-80e8-bf70ccaeab06,,Jiangsu Ltd,admin@transformeryawei.com,18651392209,,,,2026-07-08 13:56:28.245919+00,2026-07-08 15:37:37.303214+00,"Jiangsu Yawei Transformer Co., Ltd",,,,,,China,https://www.transformeryawei.com,,,"{Cable/BOS,China,Grid}",google,,{},Chinese manufacturer of power transformers.,,,f,
e19fb8b4-779d-4959-bc45-d2b1c983e86f,,MORLUEX,gong.chao@morlus.com,+8613996410521,,,,2026-07-08 13:56:40.935619+00,2026-07-08 15:37:37.303214+00,MORLUEX,,,,Nantong,,China,https://www.morlus.com/en,,,"{Battery/Storage,China,Storage}",google,,{},Manufactures lithium-ion battery cells and packs for energy storage and mobile charging.,,,f,
e1c62c80-71f9-4773-a69c-dc149892d9cc,,SERMA Group,contact@serma.com,+33557260888,,,,2026-07-08 13:57:01.793216+00,2026-07-08 15:37:37.303214+00,SERMA Group,,,,,,France,https://www.serma.com,,,"{Testing/Certification,France}",google,,{},"Provides electronics testing, reliability engineering and certification services.",,,f,
e1f28fcb-ce00-480b-b4eb-c960d46285a2,,Alpiq GmbH,christine.muellersinz@alpiq.com,+41763286825,,,,2026-07-08 13:55:32.693943+00,2026-07-08 15:37:37.303214+00,Alpiq Energie Deutschland GmbH,,,,,,Germany,https://www.alpiq.com,,,"{Utility,Germany}",google,,{},"German subsidiary of Alpiq, an energy trading and supply utility.",,,f,
e1f60942-6529-439a-a2d8-60a20690a970,,IED SL,uunamuno@iedcompany.com,+34674053266,,,,2026-07-08 13:56:22.868322+00,2026-07-08 15:37:37.303214+00,"IED Electronics Solutions, SL",,,"Poligono Industrial Plazaola, Manzana E - Nave 6","Aizoain, Navarra",Navarra,Spain,https://www.iedcompany.com,,,"{Metering/Monitoring,Spain,Wind}",google,,{},"Designs electronic control devices, sensors and monitoring systems for renewables and industry.",,,f,
e1f700ff-c5f5-4f22-86f9-21fa322e199b,,Schäfer + Peters GmbH,info@schaefer-peters.com,+49 7941 60940,,,,2026-07-08 13:57:00.539168+00,2026-07-08 15:37:37.303214+00,Schäfer + Peters GmbH,,,,Bad Mergentheim,Baden-Wurttemberg,Germany,https://www.schaefer-peters.com,,,"{Mounting/Tracker,Germany}",google,,{},Wholesaler of stainless steel fasteners including solar mounting hardware.,,,f,
e2120f9b-9c17-4714-8c25-b0a7131235b9,,RR Ltd.,deepak.mandhana@rrglobal.com,,,,,2026-07-08 13:56:58.550397+00,2026-07-08 15:37:37.303214+00,RR Kabel Ltd.,,,,,,India,https://www.rrkabel.com,,,"{Cable/BOS,India}",google,,{},"Manufactures wires and cables, including solar cabling products.",,,f,
e27f6d0b-cd8c-4a5a-9193-0fa80e3c9acc,,FLEXeCHARGE ApS,christophe@flexecharge.com,,,,,2026-07-08 13:56:07.701238+00,2026-07-08 15:37:37.303214+00,FLEXeCHARGE ApS,,,"Nordre Fasanvej 108C, 2. sal",Frederiksberg,,Denmark,,,,"{Software,Denmark,""EV Charging""}",google,,{},Provides energy management software for commercial EV charging infrastructure.,,,f,
e289d196-e25e-4c6a-a2a8-e9f149ccf31a,,WUXI LTD.,sales@wxtn-solar.com,+86-0510-87328999,,,,2026-07-08 13:57:33.974421+00,2026-07-08 15:37:37.303214+00,"WUXI TNSOLAR CO.,LTD.",,,,Wuxi,,China,,,,"{""Module Mfr"",China,""Solar PV""}",google,,{},Chinese manufacturer of solar photovoltaic modules.,,,f,
e28dd9a8-d907-4d3a-916c-048a597cad56,,LGI GmbH,info@lgi.de,+49 7031 2009 0,,,,2026-07-08 13:56:35.466902+00,2026-07-08 15:37:37.303214+00,LGI Logistics Group International GmbH,,,,,,Germany,https://www.lgigroup.com,,,"{Other,Germany}",google,,{},International logistics group providing freight and supply chain services.,,,f,
e2b65969-4505-441d-b147-b21ab06faec3,,Terra GmbH,support@terra-energy.de,+4957326809220,,,,2026-07-08 13:57:21.497027+00,2026-07-08 15:37:37.303214+00,Terra Connect GmbH,,,,,,Germany,https://terra-energy.de/,,,"{Distributor,Germany,""Solar PV""}",google,,{},"B2B distributor of solar panels, inverters, storage and portable power products.",,,f,
e303cdc0-ee97-4950-82b9-432c43b9393e,,Team GmbH,steffen.keller@edda.team,+491702808233,,,,2026-07-08 13:57:20.260424+00,2026-07-08 15:37:37.303214+00,Team EDDA GmbH,,,Kolonnenstrasse 8,Berlin,,Germany,https://www.edda.team,,,"{Battery/Storage,Germany}",google,,{},Manages battery energy storage projects for PV and wind hybrid parks.,,,f,
e3079105-20c2-4744-808d-0e928e5ed6b9,,Gridwiz,ran@gridwiz.com,+821040316201,,,,2026-07-08 13:56:13.549565+00,2026-07-08 15:37:37.303214+00,Gridwiz,,,,,,South Korea,https://www.gridwiz.com/kr/,,,"{Software,""South Korea"",Grid}",google,,{},Provides grid and energy management software solutions.,,,f,
e3088238-0f45-42f9-ba9e-9a62a54b71b0,,Chengdu Ltd,sales@huaersen.net,+86 028-83779959,,,,2026-07-08 13:55:47.283443+00,2026-07-08 15:37:37.303214+00,"Chengdu Huaersen Environmental Protection Technology Co., Ltd",,,,Chengdu,,China,https://www.huaersen.net,,,"{Other,China}",google,,{},Chinese environmental protection technology company.,,,f,
e310aea9-dbd7-4949-820e-3a2fc63b3c3c,,SPiNE GmbH,info@spine.energy,+498941332560,,,,2026-07-08 13:57:14.723918+00,2026-07-08 15:37:37.303214+00,SPiNE GmbH,,,,Munich,Bavaria,Germany,https://spine.energy,,,"{Software,Germany,Grid}",google,,{},"Software platform for smart meter gateway networking, grid control and home energy management.",,,f,
e31cbf0e-d4e2-47c9-8d76-22da3a618201,,Wattkraft KG,marketing@wattkraft.com,+49 511 72757600,,,,2026-07-08 13:57:30.812831+00,2026-07-08 15:37:37.303214+00,Wattkraft GmbH &amp; Co. KG,,,,,,Germany,https://www.wattkraft.com,,,"{EPC/Installer,Germany,""Solar PV""}",google,,{},German company offering solar installation and energy services.,,,f,
e32cf0b5-5c7c-4a57-ad2d-2ae7978cdd4c,,Suzhou Ltd.,sales@blackshields.com,+86 512 88180000,,,,2026-07-08 13:57:18.008087+00,2026-07-08 15:37:37.303214+00,"Suzhou BlackShields Environment Co., Ltd.",,,,Suzhou,,China,https://www.blackshields.com,,,"{Other,China}",google,,{},Chinese environmental protection company.,,,f,
e344907f-906a-4f08-bfc9-994fee836d71,,QC Corporation,sales028@qc-solar.com.cn,183511878186-0512-62603391,,,,2026-07-08 13:56:53.670409+00,2026-07-08 15:37:37.303214+00,QC Solar Corporation,,,,,,China,https://www.qc-solar.com,,,"{""Module Mfr"",China,""Solar PV""}",google,,{},Chinese manufacturer of solar photovoltaic modules.,,,f,
e34b3bfe-8f74-4776-97ec-00eed48b4b74,,MTR GROUP,mirela.secan@mtr.ro,+40742222260,,,,2026-07-08 13:56:41.206312+00,2026-07-08 15:37:37.303214+00,MTR MEDIA GROUP S.R.L.,,,,,,Romania,https://www.energymagazine.ro,,,"{Other,Romania}",google,,{},Publisher of an energy industry trade magazine.,,,f,
e3542148-1b44-4107-ac4a-a49b6b8f30ca,,zebotec GmbH,info@zebotec.de,+497531127930,,,,2026-07-08 13:57:37.332197+00,2026-07-08 15:37:37.303214+00,zebotec GmbH,,,,,,Germany,https://www.zebotec.de,,,"{Software,Germany,""Solar PV""}",google,,{},Provides PV plant monitoring and performance analysis software.,,,f,
e36ecc5d-2cbd-4678-a2e4-c12340a0bbe0,,Furo,info@furoenergy.com,+4915773900523,,,,2026-07-08 13:56:09.676812+00,2026-07-08 15:37:37.303214+00,Furo (ehemals Lumera Energy),,,,,,Germany,https://www.furoenergy.com,,,"{Software,Germany,Storage}",google,,{},"Develops AI software for planning, operating and marketing industrial battery storage systems.",,,f,
e3804c00-5224-4e72-a8ab-3ced05bab10f,,Photonic SRL.,irem@photonpowerinv.com,+393496553703,,,,2026-07-08 13:56:48.566442+00,2026-07-08 15:37:37.303214+00,Photonic Power Renewable Energy SRL.,,,,,,Romania,https://www.photonpowerinvestment.com/,,,"{Developer/IPP,Romania,""Solar PV""}",google,,{},Develops and invests in solar photovoltaic power projects.,,,f,
e393f73d-837e-45ee-b1c1-63da91b3e5ac,,Solar Srls,info@solarsicily.srl,+3991203869,,,,2026-07-08 13:57:10.901067+00,2026-07-08 15:37:37.303214+00,Solar Sicily Srls,,,,Sicily,Sicily,Italy,https://www.solarsicily.net,,,"{EPC/Installer,Italy,""Solar PV""}",google,,{},Italian solar photovoltaic installation company.,,,f,
e3d0d067-a554-4f53-a464-a14c5a7bbaa3,,Huzhou Ltd.,solar@fr-cable.com,86-572-2121732,,,,2026-07-08 13:56:21.935437+00,2026-07-08 15:37:37.303214+00,"Huzhou Shangfu Wire and Cable High Technology Co., Ltd.",,,,Huzhou,,China,https://www.fr-cable.com,,,"{Cable/BOS,China,""Solar PV""}",google,,{},Chinese manufacturer of wire and cable products including solar cables.,,,f,
e3ed80de-72ff-4525-8581-2fa301dd2271,,BIBUS GmbH,info@bibus.de,+49731207690,,,,2026-07-08 13:55:41.858774+00,2026-07-08 15:37:37.303214+00,BIBUS GmbH,,,,,,Germany,https://technology.bibus.com/de-de/,,,"{Distributor,Germany}",google,,{},Distributor of industrial technology and engineering components.,,,f,
e3f1f881-6959-406e-9676-60c1906180b9,,DEHN SE,info@dehn.de,+49 9181 9060,,,,2026-07-08 13:55:52.16335+00,2026-07-08 15:37:37.303214+00,DEHN SE,,,,Neumarkt,Bavaria,Germany,https://dehn.de/,,,"{Cable/BOS,Germany,Grid}",google,,{},Manufactures lightning and surge protection systems for electrical installations.,,,f,
de7ec18d-eb19-459c-ab5a-d4c152f058e0,,AFSIA Solar,john.vanzuylen@afsiasolar.com,+250782744987,,,,2026-07-08 13:55:31.319986+00,2026-07-08 15:37:37.303214+00,AFSIA Solar,,,,,,Belgium,https://afsiasolar.com,,,"{Association,Belgium,""Solar PV""}",google,,{},"Africa Solar Industry Association, a networking and advocacy body for African solar and storage businesses.",,,f,
de814d21-e62e-46c3-9102-c8671d876cc0,,carbonify,info@carbonify.de,+4915140518328,,,,2026-07-08 13:55:45.301825+00,2026-07-08 15:37:37.303214+00,carbonify,,,Lochhamer Schlag 11A,Gräfelfing,Bavaria,Germany,https://www.carbonify.de,,,"{Software,Germany}",google,,{},Platform for applying for German greenhouse gas reduction quota (THG) credits and biomethane services.,,,f,
dea3a49c-292e-4ea1-853b-92acc597d8bf,,ICSC AG,info@icsc.ch,+41564061414,,,,2026-07-08 13:56:22.770039+00,2026-07-08 15:37:37.303214+00,ICSC Beton AG,,,Seestrasse 18,Neuenhof,,Switzerland,https://www.icsc.ch,,,"{Mounting/Tracker,Switzerland,""Solar PV""}",google,,{},"Manufactures prefabricated concrete elements and substructures, including solutions used for solar installations.",,,f,
deaeadde-4e74-465b-b75c-944e7bcf4d01,,COHAUSZ Rechtsanwälte,mail@cohausz-florack.de,+49211904900,,,,2026-07-08 13:55:48.850828+00,2026-07-08 15:37:37.303214+00,COHAUSZ &amp; FLORACK Patent- und Rechtsanwälte,,,,Düsseldorf,,Germany,https://www.cohausz-florack.de,,,"{Consultancy,Germany}",google,,{},Patent and law firm providing intellectual property and legal services.,,,f,
def0fc70-d617-46fb-86ac-f4317348b9df,,KISTERS,hydromet.sales@kisters.eu,+49240893850,,,,2026-07-08 13:56:32.133546+00,2026-07-08 15:37:37.303214+00,KISTERS,,,,Aachen,,Germany,https://www.kisters.eu,,,"{Software,Germany,Grid}",google,,{},Provides hydrological and meteorological data management and monitoring software.,,,f,
defad5cd-8703-4978-b3a0-5791893ca2aa,,CFRIEND LTD.,tracy.qu@cfriend-electric.com,86-512-36698841,,,,2026-07-08 13:55:46.426473+00,2026-07-08 15:37:37.303214+00,"CFRIEND ELECTRIC (KUNSHAN) CO.,LTD.",,,,Kunshan,Jiangsu,China,https://www.cfriend-electric.com,,,"{Cable/BOS,China}",google,,{},Manufactures electrical connectors and cable assemblies.,,,f,
df0425e9-4e8c-437b-aa24-0d38d2646f0f,,CRRC Ltd,overseas@csrzic.com,+86(0731)28498304,,,,2026-07-08 13:55:50.583308+00,2026-07-08 15:37:37.303214+00,"CRRC Zhuzhou Institute.Co.,Ltd",,,,Zhuzhou,Hunan,China,https://www.crrcgc.cc/zzsen/,,,"{""Inverter Mfr"",China,Wind}",google,,{},CRRC subsidiary making power electronics and converters for rail and renewable energy applications.,,,f,
df0d319a-cff0-457b-a79f-67007b4b7f3e,,ZHEJIANG Ltd,jia.yanfei@in-power.net,+86-573-88990199,,,,2026-07-08 13:57:38.924409+00,2026-07-08 15:37:37.303214+00,"ZHEJIANG INPOWER ENERGY Co., Ltd",,,,,Zhejiang,China,https://www.inpower-global.com/,,,"{""Inverter Mfr"",China,Storage}",google,,{},Manufactures power conversion equipment and energy storage inverters.,,,f,
df2aba91-3ac1-40db-be9a-fe179fe51530,,SOLINVED SIRKETI,melek.aytac@solinved.com,+905428421543,,,,2026-07-08 13:57:13.03763+00,2026-07-08 15:37:37.303214+00,SOLINVED BATARYA TEKNOLOJILERI SANAYI VE TICARET ANONIM SIRKETI,,,,,,Turkey,https://solinved.com,,,"{Battery/Storage,Turkey}",google,,{},Manufactures battery technologies for energy storage applications.,,,f,
df3ad1f1-b09d-4287-a680-7d7fd7ed8d17,,VOSS GmbH,automotive@voss.net,+49 2267 630,,,,2026-07-08 13:57:29.931976+00,2026-07-08 15:37:37.303214+00,VOSS Automotive GmbH,,,,Wipperfürth,,Germany,https://www.voss.net,,,"{Cable/BOS,Germany,""EV Charging""}",google,,{},Manufactures fluid and cable connection systems for automotive and EV charging applications.,,,f,
df3ba9b4-62d8-4c47-8533-66cf13a0d465,,Volterica GmbH,info@volterica.com,+4915735486393,,,,2026-07-08 13:57:29.319005+00,2026-07-08 15:37:37.303214+00,Volterica GmbH,,,,,,Germany,https://www.volterica.com/,,,"{Software,Germany,Grid}",google,,{},Provides digital twin and simulation software for electricity distribution grid operators.,,,f,
df6dc4ce-a1cb-4a0a-9b49-69e1de0b361a,,Shenzhen Ltd.,info@rising.cc,+86-0755-2819 3659,,,,2026-07-08 13:57:06.033382+00,2026-07-08 15:37:37.303214+00,"Shenzhen RISING Co., Ltd.",,,"6F, Longsheng Commercial Building, Longhua District",Shenzhen,Guangdong,China,https://www.rising.cc,,,"{Battery/Storage,China}",google,,{},"Global provider of battery energy storage systems and hybrid inverters for residential, commercial and industrial use.",,,f,
df6dcd59-7243-4f34-b5b7-ef0cc64e4ab5,,EcoG GmbH,veronika@ecog.io,+4989693113010,,,,2026-07-08 13:55:56.653845+00,2026-07-08 15:37:37.303214+00,EcoG GmbH,,,,Darmstadt,,Germany,https://www.ecog.io,,,"{Software,Germany,""EV Charging""}",google,,{},Develops software platform for EV charging hardware and station operations.,,,f,
df8873c0-b69f-41af-8a0c-9d2639c83314,,Jiangxi Ltd,sales3@renjiangkj.com,86-15116138311,,,,2026-07-08 13:56:28.812735+00,2026-07-08 15:37:37.303214+00,"Jiangxi Renjiang Technology Co.,Ltd",,,,,Jiangxi,China,https://www.renjiangenergy.com,,,"{Battery/Storage,China}",google,,{},Manufactures batteries and energy storage products.,,,f,
dfcfab59-e06f-43c9-a6ca-1bf56c0bb85b,,Norconsult AS,,,,,,2026-07-08 13:56:44.227311+00,2026-07-08 15:37:37.303214+00,Norconsult Norge AS,,,,,,Norway,,,,"{Consultancy,Norway}",google,,{},"Norwegian engineering and consultancy firm covering energy, infrastructure and construction projects.",,,f,
dff93bb5-3c20-4a6c-a7fb-8231fa2a34e0,,Guangdong LTD.,joyce.yan@aokly-battery.com,+8613822104886,,,,2026-07-08 13:56:13.91869+00,2026-07-08 15:37:37.303214+00,"Guangdong Aokly Group Co., LTD.",,,,,Guangdong,China,https://www.aokly-battery.com,,,"{Battery/Storage,China}",google,,{},Manufactures lithium batteries for energy storage and power applications.,,,f,
e020b666-b028-4bfe-88ce-3d51c261bceb,,Taizhou LTD,vincent@suneast-solar.com,0523-80509588,,,,2026-07-08 13:57:19.643375+00,2026-07-08 15:37:37.303214+00,"Taizhou Dongsheng New Energy Technology Co.,LTD",,,,Taizhou,Zhejiang,China,https://www.suneast-solar.com,,,"{""Module Mfr"",China,""Solar PV""}",google,,{},Manufactures solar PV modules.,,,f,
e0471c6b-6c2e-4950-af8c-cf6d524d9a47,,Suzhou LTD,jian.cao@evergreen-dynamics.com,+86 512 8166 3163,,,,2026-07-08 13:57:18.156278+00,2026-07-08 15:37:37.303214+00,"Suzhou Eydics New Energy Technology Co.,LTD",,,,Suzhou,Jiangsu,China,https://www.evergreen-dynamics.com,,,"{Battery/Storage,China}",google,,{},Manufactures new energy batteries and storage products.,,,f,
e0542828-6648-4a14-befe-8c07f9c387c9,,Guangzhou Ltd.,sales@saj-electric.com,+49 01622748733,,,,2026-07-08 13:56:15.602684+00,2026-07-08 15:37:37.303214+00,"Guangzhou Sanjing Electric Co., Ltd.",,,,Guangzhou,Guangdong,China,https://www.saj-electric.com/,,,"{""Inverter Mfr"",China,""Solar PV""}",google,,{},SAJ Electric manufactures string inverters and energy storage inverters for residential and C&I solar.,,,f,
e0b88e52-6354-4608-96a0-66326d8502cd,,LEONI GmbH,cable-info@leonicables.com,,,,,2026-07-08 13:56:35.225772+00,2026-07-08 15:37:37.303214+00,LEONI Kabel GmbH,,,,Nuremberg,,Germany,https://www.leonicables.com,,,"{Cable/BOS,Germany}",google,,{},Manufactures power and solar cables under the LEONI cable brand.,,,f,
e0ca8258-d908-47b4-bce9-5009cbe54538,,SOCOMEC,info.scp.isd@socomec.com,+33 3 88574141,,,,2026-07-08 13:57:10.44936+00,2026-07-08 15:37:37.303214+00,SOCOMEC,,,,Benfeld,,France,https://www.socomec.com,,,"{""Inverter Mfr"",France,Grid}",google,,{},"Manufactures power conversion equipment including UPS systems, inverters and switchgear.",,,f,
e15a049b-102b-4bbf-89f8-f147f9980cca,,Hunan Ltd.,export@wenergypro.com,86-731-82566160,,,,2026-07-08 13:56:21.797241+00,2026-07-08 15:37:37.303214+00,"Hunan Wincle Digital Energy Technology Co.,Ltd.",,,,,Hunan,China,https://www.wenergystorage.com/,,,"{Battery/Storage,China}",google,,{},Manufactures digital energy storage systems.,,,f,
e1781cf4-678a-4a8f-bf4e-64c468a6b7ca,,Wuxi Ltd.,info@fengruienergy.com,+86 400 8558 766,,,,2026-07-08 13:57:33.687375+00,2026-07-08 15:37:37.303214+00,"Wuxi Fengrui New Energy Power Battery Co., Ltd.",,,,Wuxi,Jiangsu,China,https://www.wxfrxny.com/,,,"{Battery/Storage,China}",google,,{},Manufactures power batteries for new energy applications.,,,f,
eddc7477-42c0-4259-9afe-a84df358bb78,,Handan Ltd,info@yantaisensor.com,+86-310 8065079,,,,2026-07-08 13:56:16.368218+00,2026-07-08 15:37:37.303214+00,"Handan Yantai Import and Export Co., Ltd",,,,,,China,https://www.yantaisensor.com,,,"{Metering/Monitoring,China}",google,,{},Chinese import/export trading company supplying sensors.,,,f,
e1821ede-634f-40ea-ab29-34133a10c779,,B. srl,v.lupini@bpmetalmeccanica.com,+39 0759149319,,,,2026-07-08 13:55:38.126647+00,2026-07-08 15:37:37.303214+00,B.P. Metalmeccanica srl,,,,,,Italy,https://eng.bpmetalmeccanica.com/,,,"{Mounting/Tracker,Italy}",google,,{},"Metalworking company producing metal structures and components, including for solar mounting.",,,f,
e18564f6-9b4d-4a42-89be-72ef51e9bdf6,,Zhejiang Ltd.,sales@grlele.com,86577-62700791,,,,2026-07-08 13:57:38.685016+00,2026-07-08 15:37:37.303214+00,"Zhejiang GRL Electric Co.,Ltd.",,,,,Zhejiang,China,https://www.grlgroup.com,,,"{Cable/BOS,China}",google,,{},Manufactures electrical connectors and components.,,,f,
e63c7642-99ab-4504-a9d2-12d27ced5e53,,Chargitect,dagfinn@chargitect.com,+4797580741,,,,2026-07-08 13:55:47.054089+00,2026-07-08 15:37:37.303214+00,Chargitect,,,,,,Norway,https://www.chargitect.com,,,"{Software,Norway,""EV Charging""}",google,,{},Energy operating system software for managing electric vehicle fleets.,,,f,
e63e5b29-d985-4092-8666-44d06572d8a3,,TechRad Corp.,sales@radiator.cn,+8657186396977,,,,2026-07-08 13:57:20.718372+00,2026-07-08 15:37:37.303214+00,TechRad Thermal System Corp.,,,,,Zhejiang,China,https://www.radiator.cn,,,"{Other,China}",google,,{},Manufactures automotive/industrial thermal management radiator systems.,,,f,
e64877a3-7544-46c4-9ec7-302058dcd135,,Mianyang Ltd.,candy.liu@cn-ssge.com,+8618924637012,,,,2026-07-08 13:56:39.279719+00,2026-07-08 15:37:37.303214+00,"Mianyang Liyuan New Energy Co., Ltd.",,,,Mianyang,Sichuan,China,https://ssge.en.alibaba.com,,,"{Other,China}",google,,{},"Chinese manufacturer trading on Alibaba, new energy equipment supplier.",,,f,
e6607576-693d-42a5-8fdf-4d2006b14949,,Zenules GmbH,info@zenules.de,+491701161814,,,,2026-07-08 13:57:37.568895+00,2026-07-08 15:37:37.303214+00,Zenules GmbH,,,Landgraf-Georg-Strasse 4,Darmstadt,Hesse,Germany,https://www.zenules.de,,,"{Consultancy,Germany,""Solar PV""}",google,,{},Investment decision analysis and scenario modeling for PV and battery storage systems.,,,f,
e68509d7-5105-4d8a-af67-76b9a2fc9354,,SMARTFOX ENERGIEMANAGEMENT,marketing@smartfox.at,+43720302555,,,,2026-07-08 13:57:10.053499+00,2026-07-08 15:37:37.303214+00,SMARTFOX ENERGIEMANAGEMENT,,,,,,Austria,https://www.smartfox.at,,,"{Metering/Monitoring,Austria,""Solar PV""}",google,,{},Develops smart energy management systems to optimize residential PV self-consumption.,,,f,
e6da4d3d-9171-4719-b648-0facbf0f84f2,,Shenzhen Ltd.,support@fpssibot.com,+86 0755-89306059,,,,2026-07-08 13:57:05.954447+00,2026-07-08 15:37:37.303214+00,"Shenzhen Qichang Intelligent Technology Co., Ltd.",,,,,,China,https://www.fossibot.com,,,"{Other,China,Off-grid}",google,,{},Manufactures rugged consumer electronics including portable power stations and solar panels.,,,f,
e6e57402-a8e4-4def-be9a-6a2129fb4343,,RatedPower,,+34687 692 530,,,,2026-07-08 13:56:55.121146+00,2026-07-08 15:37:37.303214+00,RatedPower,,,,Madrid,,Spain,,,,"{Software,Spain,Utility-scale}",google,,{},Cloud-based software for designing and engineering utility-scale solar and storage projects.,,,f,
e6eb660d-dc3a-493d-bc76-fbab3d3ce5a5,,Alentis,johnhenry@alentisenergy.com,+447427030137,,,,2026-07-08 13:55:32.223625+00,2026-07-08 15:37:37.303214+00,Alentis,,,,,,United Kingdom,https://alentisenergy.com,,,"{Software,""United Kingdom"",""Solar PV""}",google,,{},"SaaS platform (Solar Manager Ltd) for solar asset onboarding, maintenance and billing automation.",,,f,
e74373b6-6e3a-4e92-b0da-e61ed4c3f23d,,JIANGSU LTD.,,,,,,2026-07-08 13:56:28.292137+00,2026-07-08 15:37:37.303214+00,"JIANGSU YONGFANG TECHNOLOGY GROUP CO., LTD.",,,,,Jiangsu,China,https://www.yongfangguide.com,,,"{Other,China}",google,,{},Jiangsu-based technology manufacturing group.,,,f,
e7501553-daaf-4ce0-8254-fb8e160b2112,,Hochschule Koblenz,,,,,,2026-07-08 13:56:19.552449+00,2026-07-08 15:37:37.303214+00,Hochschule Koblenz,,,,Koblenz,,Germany,,,,"{Research/Academic,Germany}",google,,{},German university of applied sciences (Hochschule Koblenz).,,,f,
e7584b46-5d6d-486a-a544-bcd892472653,,Wenzhou Ltd.,info@yeekaco.com,+86-577-89609068,,,,2026-07-08 13:57:31.851529+00,2026-07-08 15:37:37.303214+00,"Wenzhou Yeeka Lock Technology Co., Ltd.",,,,Wenzhou,Zhejiang,China,https://www.yeekaco.com,,,"{Other,China}",google,,{},Manufactures industrial mechanical and IoT intelligent locking systems.,,,f,
e75bd2b2-5d11-428c-80a1-e4ce228eb89a,,Qingan QAES,thesmartere@qaes-europe.eu,+49303001493178,,,,2026-07-08 13:56:53.754151+00,2026-07-08 15:37:37.303214+00,"QAES, Qingan Energy Storage Technology (Chongqing) Co., Ltd.",,,,Chongqing,,China,https://en.qaes.com.cn,,,"{Battery/Storage,China,Grid}",google,,{},Develops core components and integrated energy storage system products.,,,f,
e79a9c52-36e7-447d-9ef8-81e0922c53ba,,PILLAR,intersolar@pillar-de.com,+49 89 790 70472,,,,2026-07-08 13:56:49.49438+00,2026-07-08 15:37:37.303214+00,PILLAR,,,Landsberger Strasse 394,Munich,Bavaria,Germany,https://pillar-de.com/,,,"{Mounting/Tracker,Germany,""Solar PV""}",google,,{},Manufactures steel structures for solar carports and PV mounting/foundation systems.,,,f,
e7c477d7-30c0-4cdb-bfb0-17f9fa55bae9,,Hymson Ltd,info@hymson.com,+8675528197985,,,,2026-07-08 13:56:22.398538+00,2026-07-08 15:37:37.303214+00,"Hymson Laser Technology Group Co., Ltd",,,,,,China,https://www.hymson.com/,,,"{Other,China}",google,,{},Provides laser processing and automation equipment for battery and PV manufacturing.,,,f,
e7c67ae3-e609-406d-abc7-5d3f409075a4,,Keysight Technologies,marketing.sl@keysight.com,+49 234 417578018,,,,2026-07-08 13:56:31.729763+00,2026-07-08 15:37:37.303214+00,Keysight Technologies,,,,,,United States,https://www.keysight.com/us/en/industries/automotive.html,,,"{Testing/Certification,""United States"",""EV Charging""}",google,,{},Provides test and measurement equipment for EV charging and automotive electronics.,,,f,
e7d0f4b0-b11a-4c8f-b458-2a43206ac7e1,,Joint Hub,,+49 761 38813700,,,,2026-07-08 13:56:29.575894+00,2026-07-08 15:37:37.303214+00,Joint Booth ees Innovation Hub,,,,,,Germany,,,,"{Association,Germany,Storage}",google,,{},Joint exhibition booth for the ees energy storage Innovation Hub.,,,f,
e7f1741a-7dee-4ba7-b866-d5a7d0570593,,Advizeo GmbH,marco.falk@advizeo.io,+49 6842 5589973,,,,2026-07-08 13:55:31.00782+00,2026-07-08 15:37:37.303214+00,Advizeo Deutschland GmbH,,,Kastanienallee 84,Berlin,,Germany,https://www.advizeo.io/de,,,"{Software,Germany}",google,,{},Provides energy management software and services for real estate portfolios.,,,f,
e7f3b175-29a1-4c08-b277-e83efc835d64,,Gobel Ltd.,cs@gobelpower.com,,,,,2026-07-08 13:56:11.852119+00,2026-07-08 15:37:37.303214+00,"Gobel Power Energy (Shenzhen) Co., Ltd.",,,,Shenzhen,Guangdong,China,https://www.gobelpower.com,,,"{Battery/Storage,China}",google,,{},"Distributes and manufactures lithium battery cells, packs and storage systems.",,,f,
e81def1f-0bd8-4aa3-82bc-b7f3b175a258,,YANGLIN LTD,sales@yanglinxm.con,+865927189096,,,,2026-07-08 13:57:36.207633+00,2026-07-08 15:37:37.303214+00,"YANGLIN TECH CO., LTD",,,"RM 901, Building 11, Xinglin Bay Operation Center",Xiamen,Fujian,China,https://www.yanglinxm.com,,,"{Mounting/Tracker,China,""Solar PV""}",google,,{},"Develops and manufactures solar mounting systems for residential, commercial and utility applications.",,,f,
e8333209-811c-40f0-850c-8d06275f10a6,,Higeco Srl,info@higecomore.com,+39 0437 86039,,,,2026-07-08 13:56:19.150205+00,2026-07-08 15:37:37.303214+00,Higeco More Srl,,,Viale Toscana 13/B,Milan,,Italy,https://www.higecomore.com,,,"{Metering/Monitoring,Italy,""Solar PV""}",google,,{},Designs turnkey monitoring and control solutions for renewable energy plants.,,,f,
e8466520-9dfc-4c9d-937c-1d898cdf270d,,Changzhou Ltd,info@sunyooo.com,+86-519-88790861-602,,,,2026-07-08 13:55:46.791095+00,2026-07-08 15:37:37.303214+00,"Changzhou Shangyou Lianyi Electronic Co.,Ltd",,,,,,China,https://www.sunyooo.com,,,"{Other,China}",google,,{},Chinese electronics manufacturer operating under the Sunyooo brand.,,,f,
e879000f-a461-4072-9b3e-35ed9d0cac48,,Wuxi Ltd,sales@xhycable.com,+86-510-88805888,,,,2026-07-08 13:57:34.069102+00,2026-07-08 15:37:37.303214+00,"Wuxi Xinhongye Wire&amp;Cable Co., Ltd",,,,Wuxi,Jiangsu,China,https://www.xhycable.com,,,"{Cable/BOS,China}",google,,{},Manufactures wire and cable products (Xinhongye Wire & Cable).,,,f,
e87bdc87-c7da-4bcf-9d6c-294960cedb93,,Europastadt Tourismus,m.jaskolski@europastadt-goerlitz.de,+49358147570,,,,2026-07-08 13:56:04.56377+00,2026-07-08 15:37:37.303214+00,"Europastadt GörlitzZgorzelec GmbH für Wirtschaftsentwicklung, Stadtmarketing und Tourismus",,,,Goerlitz,Saxony,Germany,https://www.wirtschaft-goerlitz.de,,,"{Association,Germany}",google,,{},Regional economic development agency for the Goerlitz district (ENO mbH).,,,f,
e886fa32-82dc-407b-a43d-4c028f1c71bc,,Lightbee PowerXT,service@lightbeeenergy.com,+31657557868,,,,2026-07-08 13:56:35.750081+00,2026-07-08 15:37:37.303214+00,Lightbee PowerXT B.V.,,,,,,Netherlands,https://www.lightbeepower.com/,,,"{Battery/Storage,Netherlands}",google,,{},Provides Lightbee PowerXT branded energy/power products.,,,f,
e894b73d-49a2-44b4-bcac-8f75f97f72d4,,Designwerk AG,jan.moennich@designwerk.com,+41445154858,,,,2026-07-08 13:55:52.759819+00,2026-07-08 15:37:37.303214+00,Designwerk Technologies AG,,,,,,Switzerland,https://www.designwerk.com,,,"{""EV Charging"",Switzerland}",google,,{},"Swiss electromobility company making electric trucks, chargers and battery systems.",,,f,
e3fc52a0-ac7a-4bc5-9867-c9df5b8f01d7,,Tele-Haase GmbH,jay.joubert@tele-haase.at,+436764534544,,,,2026-07-08 13:57:20.952043+00,2026-07-08 15:37:37.303214+00,Tele-Haase GmbH,,,,,,Austria,https://www.tele-online.com,,,"{Other,Austria}",google,,{},Manufactures electronic temperature and current controllers for industrial applications.,,,f,
e9a154e4-5936-4d84-80a1-5cd50766340f,,Zhejiang Ltd.,info@boostesspower.com,,,,,2026-07-08 13:57:38.1031+00,2026-07-08 15:37:37.303214+00,"Zhejiang BOOSTESS Power Co., Ltd.",,,,,Zhejiang,China,https://www.boostesspower.com,,,"{""Inverter Mfr"",China,""Solar PV""}",google,,{},Zhejiang-based manufacturer of power electronics/inverters.,,,f,
e41a6d1b-ec13-4145-8025-fb9514f71627,,VPSitex GmbH,robin.helbing@vpsgroup.de,,,,,2026-07-08 13:57:30.084396+00,2026-07-08 15:37:37.303214+00,VPSitex Deutschland GmbH,,,Buckower Chaussee 134,Berlin,,Germany,https://www.vpsgroup.de/,,,"{Other,Germany}",google,,{},Provides temporary security services and monitoring/CCTV systems for construction and industrial sites.,,,f,
e41f2a75-ad3c-444b-9643-f8f1d589e484,,Shanghai Ltd.,sales@midapower.com,+86-21-60278206,,,,2026-07-08 13:57:02.25478+00,2026-07-08 15:37:37.303214+00,"Shanghai Mida EV Power Co., Ltd.",,,"No.50 of Maoyuan Road, Fengxian District",Shanghai,,China,https://www.midapower.com,,,"{Other,China,""EV Charging""}",google,,{},"Manufactures DC fast charging stations, AC EV chargers, and charging power modules.",,,f,
e443617b-f59d-47bc-a9ab-f744e43f3427,,GREEN SIRKETI,mert.kilic@green-transfo.com,+905379551668,,,,2026-07-08 13:56:12.873303+00,2026-07-08 15:37:37.303214+00,GREEN TRANSFO ENERGY TURKEY ENERJI ENDÜSTRISI SANAYI VE TICARET ANONIM SIRKETI,,,,,,Turkey,https://www.green-transfo.com,,,"{Cable/BOS,Turkey}",google,,{},Manufactures oil and dry-type power transformers including units for solar and wind installations.,,,f,
e448b0ea-eb4d-477f-b218-b447abf8b490,,Rolls Engineering,sales@rollsbattery.com,+18006819914,,,,2026-07-08 13:56:58.005985+00,2026-07-08 15:37:37.303214+00,Rolls Battery Engineering,,,,,,Canada,https://www.rollsbattery.com,,,"{Battery/Storage,Canada,Off-grid}",google,,{},Manufactures deep-cycle lead-acid batteries for renewable energy and off-grid applications.,,,f,
e467110d-2415-4e8e-80ce-49a73d0c985f,,Dome Solar,info@dome-solar.com,+33 2 40679292,,,,2026-07-08 13:55:53.832836+00,2026-07-08 15:37:37.303214+00,Dome Solar,,,Rezé,Rezé,Loire-Atlantique,France,https://www.dome-solar.com/en/,,,"{Mounting/Tracker,France,""Solar PV""}",google,,{},"Designs and manufactures mounting systems for PV panels on roofs, canopies and ground installations.",,,f,
e4b5f217-1afb-4f9e-a126-de2cd624bea4,,Luxor GmbH,info@luxor-solar.com,+49 711 88888999,,,,2026-07-08 13:56:36.565998+00,2026-07-08 15:37:37.303214+00,Luxor Solar GmbH,,,,,,Germany,https://www.luxor.solar,,,"{""Module Mfr"",Germany,""Solar PV""}",google,,{},Manufactures and distributes photovoltaic solar modules.,,,f,
e4bb4978-5af1-4f8b-b1a3-92f247310d1c,,Gaotu Ltd.,info@gt-pow.com,,,,,2026-07-08 13:56:10.540534+00,2026-07-08 15:37:37.303214+00,"Gaotu Innovation (Hunan) New Energy Technology Co., Ltd.",,,"Room 1909E, E-Building, Xinghe World, Longhua",Shenzhen,Guangdong,China,https://www.gtpowsolar.com,,,"{""Module Mfr"",China,Off-grid}",google,,{},"Manufactures portable and flexible solar panels, solar chargers and energy storage batteries.",,,f,
e4bbd1f1-5505-41e3-8fb3-e9dee4243244,,sonnen GmbH,info@sonnen.de,+49 8304 92933400,,,,2026-07-08 13:57:14.081535+00,2026-07-08 15:37:37.303214+00,sonnen GmbH,,,,,,Germany,https://www.sonnen.de,,,"{Battery/Storage,Germany,Residential}",google,,{},Manufactures home battery storage systems for residential solar self-consumption.,,,f,
e4bf8822-6927-42ce-b885-dc289d299931,,Jostec GmbH,maximilian.stoeckl@jostec-systems.de,+4915152520430,,,,2026-07-08 13:56:29.901033+00,2026-07-08 15:37:37.303214+00,Jostec Systems GmbH,,,,,,Germany,,,,"{Other,Germany}",google,,{},German company; specific products could not be determined from available data.,,,f,
e4e02247-ac80-4b4b-95ec-e86d190ca334,,LiBrick GmbH,a.schoenfeldt@librick-ess.com,+4949 151 4494 6121,,,,2026-07-08 13:56:35.557452+00,2026-07-08 15:37:37.303214+00,LiBrick ESS GmbH,,,Robert-Koch-Strasse 19a,Norderstedt,,Germany,https://www.librick-ess.com,,,"{Battery/Storage,Germany}",google,,{},Develops and delivers battery energy storage systems (BESS) for renewable and industrial applications.,,,f,
e4f310e8-5416-461d-9dc8-1cc1f5257a4d,,NHOA Energy,info@nhoa.energy,+39 02 49541830,,,,2026-07-08 13:56:43.190285+00,2026-07-08 15:37:37.303214+00,NHOA Energy S.r.l.,,,,,,Italy,https://www.nhoa.energy/,,,"{Battery/Storage,Italy,Utility-scale}",google,,{},Develops and delivers energy storage systems for utility-scale and industrial projects.,,,f,
e516bfd5-6909-45ce-99eb-86fa19043fb4,,Terabase Energy,info@terabase.energy,+1 415 7637181,,,,2026-07-08 13:57:21.280219+00,2026-07-08 15:37:37.303214+00,Terabase Energy,,,,,California,United States,https://www.terabase.energy,,,"{Software,""United States"",Utility-scale}",google,,{},Provides digital and automation software for construction and operation of utility-scale solar plants.,,,f,
e525dc9d-7f73-4e47-b0a0-4725b70b05a6,,Manorga Solar,contact@manorgasolar.com,+33320815843,,,,2026-07-08 13:56:37.577249+00,2026-07-08 15:37:37.303214+00,Manorga Solar,,,,,Hauts-de-France,France,https://www.manorga.com/,,,"{Mounting/Tracker,France}",google,,{},"Manufactures shelving, mezzanines and solar panel support/canopy structures.",,,f,
e561e73f-d474-4021-814c-79556fdd53fd,,Cabelte - Cabos Elétricos,info@cabelte.pt,+351227537500,,,,2026-07-08 13:55:44.320561+00,2026-07-08 15:37:37.303214+00,"Cabelte - Cabos Elétricos, S.A.",,,"Rua de Espirito Santo, 4410-420 Arcozelo",Vila Nova de Gaia,,Portugal,https://www.cabelte.pt,,,"{Cable/BOS,Portugal}",google,,{},"Manufactures high, medium and low voltage electrical cables for energy and telecom applications.",,,f,
e5745ee3-8180-41af-ae0f-6a52c084d08a,,i2m GmbH,aldo.ofenheimer@i2m.at,+436764501780,,,,2026-07-08 13:56:22.536379+00,2026-07-08 15:37:37.303214+00,i2m GmbH,,,Hangweg 27,Graz,,Austria,https://www.i2m.at,,,"{Software,Austria,Grid}",google,,{},"Provides energy management software optimizing storage, solar self-consumption and peak loads.",,,f,
e57ebe6d-7b48-4e15-809e-fbab2e9b91b3,,Kipp Zonen,rebecca.wheeler@otthydromet.com,+31 6 21 93 50 83,,,,2026-07-08 13:56:32.006965+00,2026-07-08 15:37:37.303214+00,Kipp &amp; Zonen,,,,,,Netherlands,https://www.kippzonen.com/,,,"{Metering/Monitoring,Netherlands,""Solar PV""}",google,,{},Manufactures pyranometers and solar radiation measurement instruments.,,,f,
e583c1c3-ebb9-4504-bbdf-38ec1e0224b9,,EVesto,,,,,,2026-07-08 13:56:05.79496+00,2026-07-08 15:37:37.303214+00,EVesto,,,,,,Netherlands,,,,"{Other,""""}",google,,{},No website or email available; unable to determine business details.,,,f,
e585f789-8119-4b65-9c44-37efb52c6b8d,,Bundesverband Mobilität,info@b-nm.de,+4982150874420,,,,2026-07-08 13:55:44.0914+00,2026-07-08 15:37:37.303214+00,Bundesverband Neue Mobilität e.V.,,,,,,Germany,https://www.b-nm.de,,,"{Association,Germany,""EV Charging""}",google,,{},German industry association promoting new/electric mobility.,,,f,
e5de3a2e-41c2-4a65-8078-7077c2b60204,,8. Group,gisela.hoffmann@8p2.de,+4993212680845,,,,2026-07-08 13:55:29.500719+00,2026-07-08 15:37:37.303214+00,8.2 Group e.V.,,,,,,Germany,https://www.8p2.de,,,"{Association,Germany}",google,,{},German registered association (e.V.); specific focus not determined from available data.,,,f,
e5e7ad9e-2d8f-4a0b-ab02-cec25d4c6fdf,,Landatu Solar,info@landatusolar.com,+34 623 958 316,,,,2026-07-08 13:56:34.009381+00,2026-07-08 15:37:37.303214+00,Landatu Solar,,,"P.I. Leguizamon, C/ Nerbioi 3, Module 1",Etxebarri,Bizkaia,Spain,https://www.landatusolar.com,,,"{Mounting/Tracker,Spain,Utility-scale}",google,,{},Provides ballasted and floating mounting systems for flat-surface and water-based solar installations.,,,f,
e5e80c63-2489-40a3-aeed-8adc54d77d0b,,metiundo GmbH,sales@metiundo.io,,,,,2026-07-08 13:56:39.10342+00,2026-07-08 15:37:37.303214+00,metiundo GmbH,,,,,,Germany,https://www.metiundo.io/,,,"{Metering/Monitoring,Germany}",google,,{},Provides smart meter installation and live energy/water data monitoring for real estate.,,,f,
e60626c3-a304-4407-a6dd-8026ec401a93,,vaylens GmbH,help@emobility.software,,,,,2026-07-08 13:57:27.433045+00,2026-07-08 15:37:37.303214+00,vaylens GmbH,,,,,,Germany,https://vaylens.com,,,"{Software,Germany,""EV Charging""}",google,,{},Provides EV charging management software for station operators including billing and access control.,,,f,
e617518d-709c-4f85-b957-9a40ab4f0c7b,,TRIENERGY GmbH,info@tritec-energy.com,+4976176998650,,,,2026-07-08 13:57:24.166751+00,2026-07-08 15:37:37.303214+00,TRIENERGY Deutschland GmbH,,,,,,Germany,https://www.tritec-energy.com,,,"{Distributor,Germany,""Solar PV""}",google,,{},Photovoltaic wholesale distributor of solar modules and planning software.,,,f,
e63071a3-5ace-4393-8ff8-582c0897db5c,,Trinasolar,europe@trinasolar.com,+41 43 299 6800,,,,2026-07-08 13:57:24.214193+00,2026-07-08 15:37:37.303214+00,Trinasolar,,,,,,China,https://www.trinasolar.com/eu-en,,,"{""Module Mfr"",China,""Solar PV""}",google,,{},Manufactures photovoltaic solar modules and provides solar energy solutions globally.,,,f,
e90760d5-1793-4731-980a-027c30062739,,Fraunhofer ISE,info@ise.fraunhofer.de,+49 761 45880,,,,2026-07-08 13:56:08.944994+00,2026-07-08 15:37:37.303214+00,Fraunhofer ISE,,,Heidenhofstr. 2,Freiburg,Baden-Württemberg,Germany,https://www.ise.fraunhofer.de,,,"{Research/Academic,Germany,""Solar PV""}",google,,{},"Fraunhofer Institute for Solar Energy Systems, leading German research institute on PV and renewables.",,,f,
e91a6606-6eac-410e-a5f8-0e9b388facee,,Ningbo Ltd,davidwu@grouphongyi.com,+8657458961974,,,,2026-07-08 13:56:43.604311+00,2026-07-08 15:37:37.303214+00,"Ningbo Hongyi Electronics Technology Co.,Ltd",,,,Ningbo,,China,https://www.hongyitechgroup.com,,,"{Cable/BOS,China}",google,,{},Chinese manufacturer of electronics components including connectors for solar applications.,,,f,
e98de43e-b424-4120-90f9-4bd3592886e9,,Solarzink Gr.,info@solarzink.com,,,,,2026-07-08 13:57:12.284861+00,2026-07-08 15:37:37.303214+00,Solarzink GmbH i. Gr.,,,,,,Germany,https://solarzink.com/,,,"{Mounting/Tracker,Germany,""Solar PV""}",google,,{},German company offering solar mounting/racking related products.,,,f,
e9b29d41-3648-4229-815a-8952229dce1a,,Italian Pavilion,espositori@monacofiere.com,+39 02 0708301,,,,2026-07-08 13:56:25.940568+00,2026-07-08 15:37:37.303214+00,Italian Pavilion,,,,,,Monaco,https://form.jotform.com/261444525471355,,,"{Other,Monaco}",google,,{},"Trade fair pavilion organizer for Italian exhibitors, using a Monaco-based exhibition registration form.",,,f,
e9c42962-993b-4b24-ac7b-e0a65711097b,,Zhejiang ltd,info@leversolar.com,+86 573 87718973,,,,2026-07-08 13:57:39.106251+00,2026-07-08 15:37:37.303214+00,"Zhejiang Lever Technology Co., ltd",,,,,Zhejiang,China,https://www.leversolar.com,,,"{""Module Mfr"",China,""Solar PV""}",google,,{},Zhejiang-based solar company (Lever Solar) manufacturing PV modules.,,,f,
e9de2830-d740-44ba-809f-eba12f16124e,,Pasan SA,christian.dreier@pasan.ch,,,,,2026-07-08 13:56:48.10293+00,2026-07-08 15:37:37.303214+00,Pasan SA,,,,,,Switzerland,https://www.pasan.ch,,,"{Testing/Certification,Switzerland,""Solar PV""}",google,,{},Swiss maker of solar simulators and cell/module testing equipment.,,,f,
e9e4072e-ac2c-4ee2-bfe7-b63c04fcf71c,,S-5! Innovation,jhaddock@s-5.com,+17193323983,,,,2026-07-08 13:56:58.873196+00,2026-07-08 15:37:37.303214+00,S-5! Metal Roofing Innovation,,,,,Colorado,United States,https://www.s-5.com,,,"{Mounting/Tracker,""United States"",""Solar PV""}",google,,{},US manufacturer of metal roofing attachment and mounting solutions used for rooftop solar.,,,f,
e9ec350e-1e54-4d06-b31b-311b956d2735,,Wöhner KG,info@woehner.de,+49 95637510,,,,2026-07-08 13:57:33.134142+00,2026-07-08 15:37:37.303214+00,Wöhner GmbH &amp; Co. KG,,,,,,Germany,https://www.woehner.de,,,"{Cable/BOS,Germany}",google,,{},German manufacturer of busbar and electrical connection components.,,,f,
e9f45da0-2f85-44d9-82b4-aa77ed635baf,,Bazhou Ltd.,sgxzrz@sqjszp.com,0316-5668959,,,,2026-07-08 13:55:40.251215+00,2026-07-08 15:37:37.303214+00,"Bazhou San&#39;gang Technology Co., Ltd.",,,,Bazhou,Hebei,China,https://www.sgkjsteel.com/,,,"{Mounting/Tracker,China,""Solar PV""}",google,,{},Chinese steel manufacturer supplying steel products for solar mounting structures.,,,f,
ea024d67-ce91-4f13-bf9f-58e9d94c8c53,,encore Gruppe,encore@deutschebahn.com,,,,,2026-07-08 13:56:00.117345+00,2026-07-08 15:37:37.303214+00,encore | DB by DB Bahnbau Gruppe,,,,,,Germany,https://encore.deutschebahn.com/encore-de,,,"{""EV Charging"",Germany}",google,,{},Deutsche Bahn subsidiary charging infrastructure platform (encore) for EV and rail-related energy needs.,,,f,
ea22a5fc-6fac-439d-8ede-61b1e2a30a19,,GLOBE Systems,hello@globefuelcell.com,+49 711 490 63 705,,,,2026-07-08 13:56:11.62947+00,2026-07-08 15:37:37.303214+00,GLOBE Fuel Cell Systems,,,,,,Germany,https://www.globefuelcell.com,,,"{Other,Germany,Hydrogen}",google,,{},Manufacturer of fuel cell systems.,,,f,
ea28c076-b47d-4ba9-b550-140c88967827,,E-mec,negrin@e-mec.it,+394451922289,,,,2026-07-08 13:55:55.507914+00,2026-07-08 15:37:37.303214+00,E-mec,,,,,,Italy,https://www.e-mec.it,,,"{Other,Italy}",google,,{},Italian electromechanical engineering company.,,,f,
ea2c50bf-ee94-416b-9003-aa731c29b0eb,,Electric GmbH,,,,,,2026-07-08 13:55:58.044072+00,2026-07-08 15:37:37.303214+00,Electric Sphere GmbH,,,,,,Germany,,,,"{Other,Germany}",google,,{},German company; no working website available for further classification.,,,f,
ea4102e6-4c41-49d2-bf95-1501f23c16ed,,PWM KG,info@pwm.com,+49226140960,,,,2026-07-08 13:56:53.41166+00,2026-07-08 15:37:37.303214+00,PWM GmbH &amp; Co. KG,,,,,,Germany,https://www.pwm.com,,,"{Other,Germany}",google,,{},German engineering/manufacturing company (PWM GmbH & Co. KG).,,,f,
ea4fba59-f4cc-4497-a003-a64edffd6e0f,,amperio GmbH,emobility@amperio.eu,+49 221 718202-0,,,,2026-07-08 13:55:33.643639+00,2026-07-08 15:37:37.303214+00,amperio GmbH,,,,,,Germany,https://www.amperio.eu,,,"{""EV Charging"",Germany}",google,,{},German company providing e-mobility/EV charging solutions.,,,f,
eabac367-895b-4481-b1b0-4b03a64f310c,,Defro komandytowa,agnieszka@defro.pl,+48602233428,,,,2026-07-08 13:55:52.023829+00,2026-07-08 15:37:37.303214+00,Defro R. Dziubela spolka komandytowa,,,,,,Poland,https://defro.pl,,,"{Other,Poland}",google,,{},Polish manufacturer of heating boilers and biomass heating systems.,,,f,
ead325c9-52f4-4c20-829a-a0e949f04d06,,Sanhe Ltd.,demi.dai@ftzl.com,+8618510617059,,,,2026-07-08 13:57:00.137098+00,2026-07-08 15:37:37.303214+00,"Sanhe Tongfei Refrigeration Co., Ltd.",,,,Sanhe,Hebei,China,https://www.tfzl.com,,,"{Other,China}",google,,{},Chinese manufacturer of refrigeration equipment.,,,f,
ee89e7ee-4c52-48f4-9b8a-9e3d1e882766,,ZELIATECH S.R.L.,chiara.codullo@zeliatech.com,+393497550196,,,,2026-07-08 13:57:37.379754+00,2026-07-08 15:37:37.303214+00,ZELIATECH S.R.L.,,,,,,Italy,,,,"{Other,Italy}",google,,{},Italian technology company.,,,f,
eaebf58b-eb16-475a-8f3a-ffbdf5ec3289,,Treesystem srl,marketing@treesystem.it,+39 049 7851916,,,,2026-07-08 13:57:23.837461+00,2026-07-08 15:37:37.303214+00,Treesystem srl,,,,,,Italy,https://www.treesystem.it,,,"{Mounting/Tracker,Italy,""Solar PV""}",google,,{},Italian manufacturer of solar PV mounting/racking systems.,,,f,
eaf5fa82-e324-40d2-abcb-327107d148d5,,TRUMPF SE,info@de.trumpf.com,+4971563030,,,,2026-07-08 13:57:24.400638+00,2026-07-08 15:37:37.303214+00,TRUMPF Laser- und Systemtechnik SE,,,,Ditzingen,Baden-Württemberg,Germany,https://www.trumpf.com,,,"{Other,Germany}",google,,{},German manufacturer of industrial laser and machine tool systems used in electronics/PV manufacturing.,,,f,
eaf73463-98d2-4b83-b6f0-7298510a06b9,,GÜRIS CONSTRUCTION AND ENGINEERING,esahin@guris.com.tr,+904840570,,,,2026-07-08 13:56:15.697173+00,2026-07-08 15:37:37.303214+00,GÜRIS CONSTRUCTION AND ENGINEERING,,,,Istanbul,,Turkey,https://www.guris.com.tr,,,"{EPC/Installer,Turkey}",google,,{},Turkish construction and engineering contractor undertaking large infrastructure and energy projects.,,,f,
eafa557e-fa14-47e4-83f7-f3293d10c6c5,,JEMA ENERGY,g.beunza@jemaenergy.com,+34 943 376400,,,,2026-07-08 13:56:26.535414+00,2026-07-08 15:37:37.303214+00,JEMA ENERGY,,,,,Basque Country,Spain,https://www.jemaenergy.com,,,"{""Inverter Mfr"",Spain,Grid}",google,,{},Spanish manufacturer of power electronics and energy conversion equipment.,,,f,
eb1180f6-6642-4d7f-a340-9b0cf36ad634,,Poweroad Ltd.,sales@poweroad.com,+865925558101,,,,2026-07-08 13:56:51.362654+00,2026-07-08 15:37:37.303214+00,"Poweroad Renewable Energy Co., Ltd.",,,,,,China,https://www.poweroad.com,,,"{""Inverter Mfr"",China,""Solar PV""}",google,,{},Chinese renewable energy company manufacturing inverters and power equipment.,,,f,
eb1f3107-6780-4904-bc35-a1f759416597,,Friedrich GmbH,c.wandel@friedrich-ideenschmiede.de,+49738294146125,,,,2026-07-08 13:56:09.089538+00,2026-07-08 15:37:37.303214+00,Friedrich GmbH,,,,,,Germany,https://www.friedrich-ideenschmiede.de,,,"{Other,Germany}",google,,{},German design/engineering company (Friedrich Ideenschmiede).,,,f,
eb2be0a7-296b-4606-be83-28e7db2ad3fd,,JIANGSU LTD,bruce@fortunes-solar.com.cn,86-512-58546915,,,,2026-07-08 13:56:27.043766+00,2026-07-08 15:37:37.303214+00,"JIANGSU FORTUNES SOLAR TECHNOLOGY CO.,LTD",,,,,Jiangsu,China,https://www.fortunes-solar.com,,,"{""Module Mfr"",China,""Solar PV""}",google,,{},Jiangsu-based manufacturer of solar PV modules.,,,f,
eb3d03ea-c586-4bfe-ba83-b7559eaa0bfc,,Lingg OHG,info@lingg-janke.de,+4977329455762,,,,2026-07-08 13:56:35.841165+00,2026-07-08 15:37:37.303214+00,Lingg &amp; Janke OHG,,,,,,Germany,https://www.lingg-janke.de,,,"{Other,Germany,Grid}",google,,{},German manufacturer of KNX building automation and electrical installation devices.,,,f,
eb52e965-2789-4b76-acd0-0607edde62be,,Efficientics consulting,machens@efficientics.com,+4915124155887,,,,2026-07-08 13:55:57.413428+00,2026-07-08 15:37:37.303214+00,Efficientics – hydrogen safety consulting,,,,,,Germany,https://www.efficientics.com,,,"{Consultancy,Germany,Hydrogen}",google,,{},Hydrogen safety engineering consulting firm.,,,f,
eb5e2e59-0c0f-4c8b-8946-b5b1bb32271f,,Tibo Energy,marketing@tibo.energy,,,,,2026-07-08 13:57:22.383323+00,2026-07-08 15:37:37.303214+00,Tibo Energy B.V.,,,,,,Netherlands,https://tibo.energy,,,"{Software,Netherlands,""EV Charging""}",google,,{},Dutch smart EV charging and energy management software provider.,,,f,
eb8d7b01-5a09-4b2a-b420-4449e2e74fc5,,EnopAI - Powered KG,info@enopai.com,,,,,2026-07-08 13:56:02.459163+00,2026-07-08 15:37:37.303214+00,EnopAI - Powered by Rudolf Hörmann GmbH &amp; Co. KG,,,,,,Germany,https://www.enopai.com/de,,,"{Software,Germany,Grid}",google,,{},German AI-based energy management platform by Rudolf Hörmann GmbH & Co. KG.,,,f,
eb90c6de-7f5c-4be0-872a-fb33c2b484b5,,Innos AS,info@innos.no,+46215489263,,,,2026-07-08 13:56:24.017971+00,2026-07-08 15:37:37.303214+00,Innos AS,,,,,,Norway,https://www.innos.no,,,"{Software,Norway,""EV Charging""}",google,,{},Norwegian energy technology company providing EV charging and energy solutions.,,,f,
ebdb6212-e843-4eb8-aecd-29efdbba591a,,ALPHATRACKER LDA,valentinatundis@alphatracker.eu,+34613648714,,,,2026-07-08 13:55:32.648079+00,2026-07-08 15:37:37.303214+00,ALPHATRACKER LDA,,,,,,Portugal,https://www.alphatracker.eu,,,"{Mounting/Tracker,Portugal,""Solar PV""}",google,,{},Portuguese manufacturer of solar tracking systems.,,,f,
ebf6df61-a88f-47b6-ab69-55705857ac54,,Leader Limited,brandon@leadergroup-cn.com,+8613480907645,,,,2026-07-08 13:56:34.506689+00,2026-07-08 15:37:37.303214+00,Leader Technology (Shenzhen) Co. Limited,,,,Shenzhen,,China,https://www.leadergroup-cn.com,,,"{Cable/BOS,China,""Solar PV""}",google,,{},Chinese manufacturer of cables and electrical components for solar applications.,,,f,
ec13df5d-b535-4827-976e-ffbfc696a1c3,,TechCore Gmbh,mubeen@tech-core.net,+4915155359165,,,,2026-07-08 13:57:20.401241+00,2026-07-08 15:37:37.303214+00,TechCore Gmbh,,,,,,Germany,https://www.tech-core.net,,,"{Other,Germany}",google,,{},German technology company in the energy sector.,,,f,
ec152082-855d-4fe3-94dc-6ae59f8230bd,,EOSOL Group,,,,,,2026-07-08 13:56:03.241862+00,2026-07-08 15:37:37.303214+00,EOSOL Group,,,,,,Spain,,,,"{EPC/Installer,Spain,""Solar PV""}",google,,{},Spanish solar EPC and renewable energy project developer.,,,f,
ec80b9f5-8d2e-4f52-981c-63cdb4dcb6c4,,V2C,info@v2charge.com,+34 960 654554,,,,2026-07-08 13:57:26.924104+00,2026-07-08 15:37:37.303214+00,V2C,,,,,,Spain,https://www.v2charge.com,,,"{Other,Spain,""EV Charging""}",google,,{},Spanish manufacturer of EV charging stations.,,,f,
ec8136f0-db3c-4227-a5b5-17102432c434,,Hanersun Ltd,info@hanersun.com,+862552791766,,,,2026-07-08 13:56:16.463048+00,2026-07-08 15:37:37.303214+00,"Hanersun ESS Solution Co., Ltd",,,,,,China,https://www.hanersun.com,,,"{Battery/Storage,China}",google,,{},Chinese manufacturer of energy storage system solutions.,,,f,
ecaa7f96-cee5-43c6-bce3-102135ed9270,,Shanghai Ltd.,pytesbv@pytesgroup.com,+86 (21) 5747 5852,,,,2026-07-08 13:57:02.718457+00,2026-07-08 15:37:37.303214+00,"Shanghai PYTES Energy Co., Ltd.",,,,Shanghai,,China,https://cn.pytesgroup.com/,,,"{Battery/Storage,China}",google,,{},Shanghai-based manufacturer of lithium battery energy storage products.,,,f,
ecabd03a-3754-4de5-9fc5-143284107bc0,,ANTEC GmbH,info@antec-solar.de,+4936285898600,,,,2026-07-08 13:55:34.931524+00,2026-07-08 15:37:37.303214+00,ANTEC Solar GmbH,,,,,,Germany,https://www.antec-solar.de,,,"{""Module Mfr"",Germany,""Solar PV""}",google,,{},German manufacturer of thin-film CdTe solar modules.,,,f,
ecc4e996-f673-4030-b21d-32ea77a42b86,,ioncentric,,,,,,2026-07-08 13:56:25.068871+00,2026-07-08 15:37:37.303214+00,ioncentric,,,,,,Germany,https://ioncentric.com/de,,,"{Battery/Storage,Germany}",google,,{},German company offering battery/energy storage related technology.,,,f,
ece41389-f1b0-4c9e-8135-a224206a58ee,,Sunpower Renewables,rahul@sunpwr.com.au,,,,,2026-07-08 13:57:17.283076+00,2026-07-08 15:37:37.303214+00,Sunpower Renewables,,,,,,Australia,https://www.sprenewables.com/,,,"{EPC/Installer,Australia,""Solar PV""}",google,,{},Australian solar EPC and renewable energy company.,,,f,
ece68a4f-b029-4703-8110-1a2fac441cf4,,Sparklin,contact@sparklin.io,+33 2 85 52 91 81,,,,2026-07-08 13:57:14.265765+00,2026-07-08 15:37:37.303214+00,Sparklin,,,,,,France,https://www.sparklin.io,,,"{Software,France,""EV Charging""}",google,,{},Provider of EV charging and energy management software.,,,f,
ecfc1b78-93fc-41d3-a0c2-88b83cdd4688,,DELPHI GmbH,info@delphi-imm.de,+493316200026,,,,2026-07-08 13:55:52.437734+00,2026-07-08 15:37:37.303214+00,DELPHI IMM GmbH,,,,,,Germany,https://www.delphi-imm.de,,,"{Other,Germany}",google,,{},German engineering and technology company.,,,f,
ed028145-6e1f-4e9f-9fd1-7616b5de93ca,,LEVE LTD.,services@levebio.com,+886227671448,,,,2026-07-08 13:56:35.320273+00,2026-07-08 15:37:37.303214+00,"LEVE BIO-GREEN ENERGY TECHNOLOGY CO., LTD.",,,,,,China,https://www.levebio.com/,,,"{Other,China}",google,,{},Chinese bio-green energy technology manufacturer.,,,f,
ed0fb03b-d74d-40df-a4ff-be36d3bc2221,,JOKARI KG,info@jokari.de,+49 2599 501970,,,,2026-07-08 13:56:29.762176+00,2026-07-08 15:37:37.303214+00,JOKARI GmbH &amp; Co. KG,,,,,,Germany,https://www.jokari.de,,,"{Cable/BOS,Germany}",google,,{},German manufacturer of cable tools and stripping equipment for electrical installations.,,,f,
ed1f1745-9a53-4af4-92b1-9f1c06b8d9ce,,CEVA Logistics,,+33149052121,,,,2026-07-08 13:55:46.335429+00,2026-07-08 15:37:37.303214+00,CEVA Logistics,,,,Marseille,,France,https://www.cevalogistics.com/en,,,"{Other,France}",google,,{},Global logistics and freight forwarding company.,,,f,
ed30eb8f-412a-445d-8501-74b7ea2e44dc,,ROSI SAS,,,,,,2026-07-08 13:56:58.27327+00,2026-07-08 15:37:37.303214+00,ROSI SAS,,,,,,France,,,,"{Other,France,""Solar PV""}",google,,{},French company specializing in solar panel recycling technology.,,,f,
ed41eade-93f1-4b4b-966d-4b219c34e4c7,,Solarmarkt GmbH,info@solarmarkt.ch,+41622006200,,,,2026-07-08 13:57:11.82291+00,2026-07-08 15:37:37.303214+00,Solarmarkt GmbH,,,,,,Switzerland,https://www.solarmarkt.ch,,,"{Distributor,Switzerland,""Solar PV""}",google,,{},Swiss distributor of solar PV equipment and components.,,,f,
ed4e7a97-e391-40ec-a55a-7902feea4ca0,,Aplus Ltd.,aplus@apluspvt.com,+88 222 7208862,,,,2026-07-08 13:55:35.126875+00,2026-07-08 15:37:37.303214+00,"Aplus Energy Co., Ltd.",,,,,,Taiwan,https://www.apluspvt.com,,,"{""Module Mfr"",Taiwan,""Solar PV""}",google,,{},Taiwanese manufacturer of photovoltaic modules.,,,f,
ed57f8a6-bccd-4b04-903a-148ab161301d,,meteocontrol GmbH,info@meteocontrol.de,+49 821 346660,,,,2026-07-08 13:56:38.974282+00,2026-07-08 15:37:37.303214+00,meteocontrol GmbH,,,,Augsburg,,Germany,https://www.meteocontrol.de,,,"{Metering/Monitoring,Germany,""Solar PV""}",google,,{},German provider of PV monitoring and energy management software.,,,f,
ed594a14-8c4c-4c9f-92d6-ff5670641006,,CALB Ltd,,+8613052532308,,,,2026-07-08 13:55:44.790168+00,2026-07-08 15:37:37.303214+00,"CALB Group Co., Ltd",,,,,,China,https://en.calb-tech.com/,,,"{Battery/Storage,China,Storage,""EV Charging""}",google,,{},Chinese manufacturer of lithium-ion battery cells for EV and energy storage.,,,f,
ed6ad380-eb51-4e79-bebe-1bc1d31d0b15,,Yingchen Ltd,sales@ycsolar.com,+86 0312-7510212,,,,2026-07-08 13:57:36.676775+00,2026-07-08 15:37:37.303214+00,"Yingchen New Energy Technology Co., Ltd",,,,,,China,https://www.ycsolar.com,,,"{""Module Mfr"",China,""Solar PV""}",google,,{},Chinese company producing solar PV modules.,,,f,
ed77da8c-f85e-4353-9038-1aca8e9c7b0a,,LACROIX KG,,,,,,2026-07-08 13:56:33.739661+00,2026-07-08 15:37:37.303214+00,LACROIX SAE GmbH &amp; Co. KG,,,,,,Germany,,,,"{Other,Germany}",google,,{},"German subsidiary entity, likely electronics/automotive components supplier.",,,f,
eda2a637-6beb-4b41-8f71-d20d60214c9c,,Adjusted GmbH,,,,,,2026-07-08 13:55:30.872892+00,2026-07-08 15:37:37.303214+00,Adjusted flow GmbH,,,,,,Germany,https://adjustedflow.com/impressum-4/,,,"{Battery/Storage,Germany,Storage}",google,,{},German company operating in the energy flow/storage technology space.,,,f,
edbd2a7a-f2d9-4b5a-84ef-15f4c40d0135,,Aurora Research,,+493012084969,,,,2026-07-08 13:55:36.900413+00,2026-07-08 15:37:37.303214+00,Aurora Energy Research,,,,,,United Kingdom,https://www.auroraer.com,,,"{Consultancy,""United Kingdom"",Grid}",google,,{},UK-based energy market research and consultancy firm.,,,f,
edc02991-07b8-469d-959e-7d99f5e2a727,,SENYO LTD.,yuhsuan@senyo.com,+886886424626979,,,,2026-07-08 13:57:01.647521+00,2026-07-08 15:37:37.303214+00,"SENYO TECHNOLOGY CO., LTD.",,,,,,Taiwan,,,,"{Cable/BOS,Taiwan}",google,,{},Taiwanese technology company supplying components/connectors.,,,f,
edd4d908-d1da-419c-a4e0-80a3242e1281,,Kinematics Suntrack,marketing@gokinematics.com,+34 944647480,,,,2026-07-08 13:56:31.867605+00,2026-07-08 15:37:37.303214+00,Kinematics &amp; Suntrack,,,,,,United States,https://suntrack.energy,,,"{Mounting/Tracker,""United States"",""Solar PV"",Utility-scale}",google,,{},Manufacturer of solar tracker systems under the Suntrack brand.,,,f,
ede82491-6024-4b44-b725-294ad4a1a4e3,,SkyVisor,sales@skyvisor.ai,+33 1 84 25 58 23,,,,2026-07-08 13:57:09.073609+00,2026-07-08 15:37:37.303214+00,SkyVisor,,,,,,United States,https://www.skyvisor.ai,,,"{Software,""United States"",""Solar PV""}",google,,{},Technology company providing AI-based visual monitoring/inspection software.,,,f,
edf8ef14-268b-4c58-ba56-2c28711b1739,,Voltara GmbH,jana@voltara.energy,+4915888364558,,,,2026-07-08 13:57:29.130314+00,2026-07-08 15:37:37.303214+00,Voltara GmbH,,,,,,Germany,https://www.voltara.energy,,,"{Battery/Storage,Germany,Storage}",google,,{},German company in the energy storage/battery technology sector.,,,f,
ee188e1b-616f-48b9-8017-f54cc82cb62b,,Shenzhen Ltd.,info@evinewenergy.com,+86 755 2335 1086,,,,2026-07-08 13:57:04.283388+00,2026-07-08 15:37:37.303214+00,"Shenzhen EVI New Energy Technology Co., Ltd.",,,,Shenzhen,,China,https://www.evinewenergy.com,,,"{Other,China,""EV Charging""}",google,,{},Shenzhen-based manufacturer of new energy and EV charging equipment.,,,f,
ee190fd2-d4b2-4266-b5ce-9179a9931472,,Cariqa,megan@cariqa.com,+49 15161056012,,,,2026-07-08 13:55:45.351332+00,2026-07-08 15:37:37.303214+00,Cariqa,,,,,,Germany,https://www.cariqa.com,,,"{Other,Germany,""EV Charging""}",google,,{},Company operating in the EV/energy technology space.,,,f,
ee19cdf1-8361-496d-be72-167b62eef6ae,,Dunext Ltd.,marketing@dunext.com,+8651268789880,,,,2026-07-08 13:55:55.084921+00,2026-07-08 15:37:37.303214+00,"Dunext Technology Suzhou Co., Ltd.",,,,Suzhou,,China,https://www.dunext.com,,,"{Battery/Storage,China}",google,,{},Chinese company based in Suzhou producing energy storage/power electronics.,,,f,
ee305477-8de5-4dea-9c45-a249ec8ff3fc,,FOXESS LTD.,michelle@fox-ess.com,,,,,2026-07-08 13:56:08.604953+00,2026-07-08 15:37:37.303214+00,"FOXESS CO., LTD.",,,,,,China,,,,"{""Inverter Mfr"",China,""Solar PV"",Storage}",google,,{},"FoxESS, Chinese manufacturer of solar inverters and battery storage systems.",,,f,
ee30b954-de94-42bd-bff7-83286145ad76,,3SUN,3sun.sales@enel.com,095 636 6147,,,,2026-07-08 13:55:29.393876+00,2026-07-08 15:37:37.303214+00,3SUN,,,,Catania,,Italy,https://www.3sun.com,,,"{""Module Mfr"",Italy,""Solar PV""}",google,,{},"3Sun, Enel-owned gigafactory manufacturing solar PV modules in Italy.",,,f,
ee51c8ca-7383-4ed5-a42d-e9ad6b482cd0,,Power Electronics,marketing@power-electronics.com,+34 961366557,,,,2026-07-08 13:56:50.675049+00,2026-07-08 15:37:37.303214+00,Power Electronics,,,,Valencia,,Spain,https://www.power-electronics.com,,,"{""Inverter Mfr"",Spain,""Solar PV"",Utility-scale}",google,,{},Spanish manufacturer of power conversion equipment including solar inverters.,,,f,
ee53f6c0-b4a0-4de3-b68b-8c25803db231,,Ocean AS,info@oceansun.no,+4797088847,,,,2026-07-08 13:56:45.696682+00,2026-07-08 15:37:37.303214+00,Ocean Sun AS,,,,,,Norway,https://www.oceansun.no,,,"{Other,Norway,""Solar PV""}",google,,{},Norwegian developer of floating solar PV technology.,,,f,
ee588e8d-cb4b-4f0a-b3ae-980e388da72a,,Shenzhen Ltd.,,,,,,2026-07-08 13:57:05.046303+00,2026-07-08 15:37:37.303214+00,"Shenzhen Hongjiali New Energy Co., Ltd.",,,,Shenzhen,,China,https://www.hjlcharger.com,,,"{Other,China,""EV Charging""}",google,,{},Shenzhen-based manufacturer of EV charging equipment.,,,f,
ee5cce72-9d1c-4168-822d-73fc71dbc202,,enermore GmbH,info@enermore.net,+49822530773240,,,,2026-07-08 13:56:01.624738+00,2026-07-08 15:37:37.303214+00,enermore GmbH,,,,,,Germany,https://www.enermore.net,,,"{Battery/Storage,Germany,Storage}",google,,{},German company operating in the energy storage sector.,,,f,
ee66f6ca-1192-44c8-9ec9-faf961cacee6,,Taian Ltd,tinadrillingrig@longyejixie.com,+86 13615486903,,,,2026-07-08 13:57:19.251076+00,2026-07-08 15:37:37.303214+00,"Taian Longye Import And Export Trade Co.,Ltd",,,,Tai'an,,China,https://www.longyejixie.com/en/,,,"{Other,China}",google,,{},Chinese import/export trading company supplying drilling rig machinery.,,,f,
ee6e13cc-7cda-40d8-a202-2851cf1a252f,,TODOME SRL,sales@todome.ro,+40724270827,,,,2026-07-08 13:57:22.717796+00,2026-07-08 15:37:37.303214+00,TODOME FERO SRL,,,,,,Romania,https://www.todome.ro,,,"{Mounting/Tracker,Romania}",google,,{},"Romanian company supplying metal/structural products, possibly mounting hardware.",,,f,
eec25d8b-62f2-4e56-9dd5-74597a331c78,,APS Systems,sandro.maciocia@aps-power.ch,+41 79 219 57 42,,,,2026-07-08 13:55:35.280624+00,2026-07-08 15:37:37.303214+00,APS Applied Power Systems,,,,,,Switzerland,https://www.aps-power.ch/,,,"{Other,Switzerland}",google,,{},"Swiss company, Applied Power Systems, supplying power electronics/systems.",,,f,
eecfdaac-e80f-497b-8942-f8e87905d2fb,,BayRobot China,service@bayrobot.cn,+86-755-2690 6686,,,,2026-07-08 13:55:39.845708+00,2026-07-08 15:37:37.303214+00,"BayRobot Co., Ltd. Shenzhen China",,,,Shenzhen,,China,https://www.bayrobot.cn,,,"{Other,China}",google,,{},"Shenzhen-based technology company, BayRobot.",,,f,
eef3058b-ca10-4487-9abe-a75e154016e5,,Eternus GmbH,info@eternus-technology.com,+4961889450870,,,,2026-07-08 13:56:04.149983+00,2026-07-08 15:37:37.303214+00,Eternus Technology GmbH,,,,,,Germany,https://eternus-technology.com,,,"{Battery/Storage,Germany,Storage}",google,,{},"German company, Eternus Technology, operating in energy storage technology.",,,f,
ef04b6f9-0003-493c-906d-e26ed0213b2c,,SAP KG,,,,,,2026-07-08 13:57:00.280695+00,2026-07-08 15:37:37.303214+00,SAP Deutschland AG &amp; Co. KG,,,,Walldorf,,Germany,,,,"{Software,Germany}",google,,{},"German subsidiary of SAP, enterprise software and ERP systems.",,,f,
ef08ae85-f383-422b-b385-b6bba7222f88,,Jiangsu Ltd.,sales@hcbyq.com,+86-15152458816,,,,2026-07-08 13:56:27.312567+00,2026-07-08 15:37:37.303214+00,"Jiangsu Huachen Transformer Co.,Ltd.",,,,,Jiangsu,China,https://www.huachenjs.com/,,,"{Other,China,Grid}",google,,{},Manufactures power transformers and transformer equipment.,,,f,
ef1f07cc-9c31-4d4a-9938-7f0753648732,,Enerhuis Ltd.,yuyiwen@enerhuis.com,+86 0512 8186 6001,,,,2026-07-08 13:56:01.515184+00,2026-07-08 15:37:37.303214+00,"Enerhuis Co., Ltd.",,,,,,China,https://www.enerhuis.com,,,"{Battery/Storage,China}",google,,{},Supplies energy storage systems and related equipment.,,,f,
ef2f0627-a14b-409a-bfc9-64b32f36280a,,Capssun Sirketi,aysenakar@capssun.com,+905458437505,,,,2026-07-08 13:55:45.208708+00,2026-07-08 15:37:37.303214+00,Capssun Plastik Yalitim ve Kimya Sanayi Anonim Sirketi,,,,,,Turkey,https://www.capssun.com/en,,,"{Cable/BOS,Turkey}",google,,{},Manufactures plastic insulation and chemical products for construction/BOS use.,,,f,
ef4564c4-a008-499d-8b22-9631c3b72b32,,Yilmaz Profil,contact@yilmazsac.com.tr,+90 352 321 39 99,,,,2026-07-08 13:57:36.63123+00,2026-07-08 15:37:37.303214+00,Yilmaz Sac Profil,,,,,,Turkey,https://www.yilmazsacprofil.com,,,"{Mounting/Tracker,Turkey}",google,,{},Produces sheet metal profiles used in mounting and structural applications.,,,f,
ef45fd21-313c-4327-9ed7-77e4c1e5456c,,CIEC Limited,tse@ciec.com.cn,+861084600550,,,,2026-07-08 13:55:47.695112+00,2026-07-08 15:37:37.303214+00,CIEC Exhibition Company Limited,,,,,,China,https://www.ciec-haihua.com.cn,,,"{Other,China}",google,,{},Trade exhibition organizer for industrial and energy sector events.,,,f,
ef49ea03-42a3-4b42-84ed-0e40bfc6c315,,Zhejiang Ltd,tony@hainasolar.com,+8657382272371,,,,2026-07-08 13:57:38.772306+00,2026-07-08 15:37:37.303214+00,"Zhejiang Haina Solar Tech Co., Ltd",,,,,Zhejiang,China,https://www.hainasolar.com,,,"{""Module Mfr"",China,""Solar PV""}",google,,{},Manufactures solar PV modules.,,,f,
ef933d24-a6fa-4ea9-aee4-4e25814d47b4,,Switchlab Inc.,arthur.lee@deca.com.tw,,,,,2026-07-08 13:57:18.844718+00,2026-07-08 15:37:37.303214+00,Switchlab Inc.,,,,,,Taiwan,https://www.deca-switchlab.com,,,"{Cable/BOS,Taiwan}",google,,{},Manufactures electrical terminal blocks and connection components.,,,f,
efa353ab-0c98-4eb7-91b1-4ef9b18d4f2e,,Schneider GmbH,de-schneider-service@se.com,+4921173743000,,,,2026-07-08 13:57:00.821399+00,2026-07-08 15:37:37.303214+00,Schneider Electric GmbH,,,,,,Germany,https://www.se.com,,,"{Metering/Monitoring,Germany,Grid}",google,,{},"German unit of Schneider Electric, providing power management and electrical equipment.",,,f,
efabcedc-3a4b-48af-8814-c308d8426da6,,YiChun Ltd,,,,,,2026-07-08 13:57:36.543704+00,2026-07-08 15:37:37.303214+00,"YiChun QinNingMeng Electronics Co., Ltd",,,,,,China,https://www.power-stationportable.com,,,"{Battery/Storage,China}",google,,{},Manufactures portable power stations and electronics.,,,f,
efbfff7b-f7d1-4f9f-89b4-83aee3174cf4,,Civ Robotics,info@civrobotics.com,+14154170234,,,,2026-07-08 13:55:47.983535+00,2026-07-08 15:37:37.303214+00,Civ Robotics,,,,,,United States,https://www.civrobotics.com,,,"{Software,""United States"",Utility-scale}",google,,{},Makes robotic total stations for automated construction/solar site layout.,,,f,
efea5a30-61c5-403b-ad9a-5fa957b65b73,,Mastercard SA,,,,,,2026-07-08 13:56:37.902349+00,2026-07-08 15:37:37.303214+00,Mastercard Europe SA,,,,Waterloo,,Belgium,,,,"{Financing,Belgium}",google,,{},European regional entity of Mastercard payment technology company.,,,f,
efffdcdd-d0ea-4ff2-a0ba-9f813c56231c,,WENZHOU LTD,ellen@chinasfim.com,+8657762627957,,,,2026-07-08 13:57:31.80438+00,2026-07-08 15:37:37.303214+00,"WENZHOU SAIFA ELECTRIC CO., LTD",,,,Wenzhou,Zhejiang,China,https://WWW.CHINASFIM.COM,,,"{Cable/BOS,China}",google,,{},Manufactures electrical switches and components.,,,f,
f0092540-f62d-47e2-8b2b-f089db48d680,,ALSO GmbH,lina.werner@also-services.de,+492921992212,,,,2026-07-08 13:55:32.791127+00,2026-07-08 15:37:37.303214+00,ALSO Deutschland GmbH,,,,,,Germany,https://www.also.com/ec/cms5/de_1010/1010/index.jsp,,,"{Distributor,Germany}",google,,{},German IT products and services distributor.,,,f,
f009f1c5-fc01-4a02-abeb-1d1c19893d80,,Evlyn. CPOs,,,,,,2026-07-08 13:56:05.843432+00,2026-07-08 15:37:37.303214+00,Evlyn.ai - AI customer support for CPOs,,,,,,United States,,,,"{Software,""United States"",""EV Charging""}",google,,{},Provides AI-based customer support tools for charge point operators.,,,f,
f051d4fa-16bf-463e-a59f-fe0c67e88517,,Shenzhen Ltd,sales@gooree.com,+8675588658100,,,,2026-07-08 13:57:04.815221+00,2026-07-08 15:37:37.303214+00,"Shenzhen Gooree Energy Storage Technology Co., Ltd",,,,Shenzhen,Guangdong,China,https://en.gooree.com,,,"{Battery/Storage,China}",google,,{},Manufactures energy storage technology systems.,,,f,
f068fdcb-12d1-48b7-9b28-0bd31dbeedba,,NINGBO LTD,jhpvbox@aliyun.com,+86-574-62499218,,,,2026-07-08 13:56:43.687573+00,2026-07-08 15:37:37.303214+00,"NINGBO JINGHUA NEW ENERGY TECHNICAL CO., LTD",,,,Ningbo,Zhejiang,China,,,,"{Metering/Monitoring,China,""Solar PV""}",google,,{},Manufactures PV combiner boxes and new energy technical equipment.,,,f,
f07e8369-5cc0-457d-9ee3-f4b721dc67de,,Ecoplant Europe,ellen@ecoplant.solar,+31627008711,,,,2026-07-08 13:55:56.795954+00,2026-07-08 15:37:37.303214+00,Ecoplant Europe B.V.,,,,,,Netherlands,https://www.ecoplant.solar,,,"{EPC/Installer,Netherlands,""Solar PV""}",google,,{},European solar EPC and installation services provider.,,,f,
f0a1093c-f6b4-4565-bc33-7b0dc9d189d2,,MAHLE GmbH,info@chargebig.com,+49 711 5010,,,,2026-07-08 13:56:37.28403+00,2026-07-08 15:37:37.303214+00,MAHLE chargeBIG GmbH,,,,,,Germany,https://www.chargebig.com,,,"{Other,Germany,""EV Charging""}",google,,{},MAHLE subsidiary producing EV charging hardware.,,,f,
f0a4e98b-a5b2-4fb3-89ac-41c0b45aa571,,Horay Ltd,sales@horaysolar.com,+86 510-8358 0688,,,,2026-07-08 13:56:19.983854+00,2026-07-08 15:37:37.303214+00,"Horay Solar Co., Ltd",,,,,,China,https://www.horaysolar.com/,,,"{""Module Mfr"",China,""Solar PV""}",google,,{},Manufactures solar PV modules.,,,f,
f0abc92d-2d82-4d54-bdf6-034a4640f2cb,,Krannich GmbH,info@krannich-solar.com,+49 7033 30420,,,,2026-07-08 13:56:33.172457+00,2026-07-08 15:37:37.303214+00,Krannich Group GmbH,,,,,,Germany,http://www.krannich-solar.com,,,"{Distributor,Germany,""Solar PV""}",google,,{},Distributes solar PV components and system equipment.,,,f,
f0d52239-1e38-4441-91d4-b0e501acbed2,,Plica,patrik.kalberer@plica.ch,+41527236720,,,,2026-07-08 13:56:50.278681+00,2026-07-08 15:37:37.303214+00,Plica,,,,,,Switzerland,https://www.plica.ch,,,"{Cable/BOS,Switzerland}",google,,{},Manufactures cable conduit and protection systems.,,,f,
f114ccd7-e2c1-4691-8d33-bba9869b3cfc,,Power GmbH,info@mspowergroup.de,+4961967768666,,,,2026-07-08 13:56:50.817166+00,2026-07-08 15:37:37.303214+00,MS Power GmbH,,,,,,Germany,https://www.mspowergroup.com/,,,"{Other,Germany}",google,,{},Power engineering and electrical equipment services company.,,,f,
f126eaaf-07eb-4ef8-a9e7-d3d44a802e8b,,solvimus GmbH,info@solvimus.de,+4936777613060,,,,2026-07-08 13:57:13.893125+00,2026-07-08 15:37:37.303214+00,solvimus GmbH,,,,,,Germany,https://www.solvimus.de,,,"{Software,Germany,""Solar PV""}",google,,{},Provides software solutions for solar/renewable asset operations.,,,f,
f13a0e7d-16b9-41e0-89bc-a1e7eaadf72e,,HS GmbH,info@hs-umspannwerke.de,+4920136146423,,,,2026-07-08 13:56:20.41742+00,2026-07-08 15:37:37.303214+00,HS Umspannwerke GmbH,,,,,,Germany,https://www.hs-umspannwerke.de,,,"{Other,Germany,Grid}",google,,{},Builds high-voltage substations (Umspannwerke) for grid infrastructure.,,,f,
f1400d7d-d4bb-45fe-945b-07911b4e249c,,Kintech Engineering,export@kintech-engineering.com,+34976221789,,,,2026-07-08 13:56:31.95511+00,2026-07-08 15:37:37.303214+00,Kintech Engineering,,,,Pamplona,Navarre,Spain,https://www.kintech-engineering.com,,,"{Mounting/Tracker,Spain,""Solar PV"",Utility-scale}",google,,{},Manufactures solar tracker systems for ground-mounted PV plants.,,,f,
f17fd322-b68c-4478-877c-c4eea7160f07,,CALIBSUN,lucile.bretteville@calibsun.com,,,,,2026-07-08 13:55:44.838917+00,2026-07-08 15:37:37.303214+00,CALIBSUN,,,,,,France,https://www.calibsun.com/fr,,,"{Software,France,""Solar PV""}",google,,{},Provides PV yield simulation and site assessment software for solar projects.,,,f,
f2087066-76fc-4463-a9ca-ea57a5868e32,,SALD B.V.,,,,,,2026-07-08 13:56:59.732645+00,2026-07-08 15:37:37.303214+00,SALD B.V.,,,,,,Netherlands,,,,"{Other,Netherlands}",google,,{},Dutch company in the energy sector; limited public information available.,,,f,
f20feb38-9ee6-4da9-bdb1-b2acf0af0767,,Jiangsu Ltd.,info@furenenergy.com,+86 13901522167,,,,2026-07-08 13:56:27.086748+00,2026-07-08 15:37:37.303214+00,"Jiangsu Furen Energy Technology Co., Ltd.",,,,,Jiangsu,China,https://www.furenenergy.com/,,,"{""Module Mfr"",China,""Solar PV""}",google,,{},Manufactures solar photovoltaic modules and related energy equipment.,,,f,
f23bcea4-ee0f-4a30-902a-2648aa4ff07e,,European World,info@eurenerworld.com,+34960045515,,,,2026-07-08 13:56:04.664592+00,2026-07-08 15:37:37.303214+00,European Energy World S.L.,,,,,,Spain,https://eurener.com/,,,"{""Module Mfr"",Spain,""Solar PV""}",google,,{},Manufactures solar photovoltaic modules under the Eurener brand.,,,f,
f2446d9a-9ac7-4e37-b114-3ecd5ba7a17b,,Teos GmbH,mail@teosenergy.com,+4940 350 85 404,,,,2026-07-08 13:57:21.148866+00,2026-07-08 15:37:37.303214+00,Teos Energy GmbH,,,,,,Germany,https://www.teosenergy.com,,,"{Battery/Storage,Germany,C&I}",google,,{},Develops battery energy storage systems for commercial and industrial applications.,,,f,
f246e2c6-eb9e-4ff5-8ba6-f55c4af52e58,,Panduit,patrick.skwara@panduit.com,+4961967853027,,,,2026-07-08 13:56:47.878329+00,2026-07-08 15:37:37.303214+00,Panduit,,,,Tinley Park,Illinois,United States,https://www.panduit.de,,,"{Cable/BOS,""United States""}",google,,{},Manufactures electrical and network infrastructure products including cable management.,,,f,
f248794f-84f9-46d8-b986-64b6eb008dca,,nobile - NIG GmbH,sales@nobile.energy,+4366081071390,,,,2026-07-08 13:56:44.139628+00,2026-07-08 15:37:37.303214+00,nobile - NIG GmbH,,,,,,Germany,https://nobile.energy,,,"{Mounting/Tracker,Germany,""Solar PV""}",google,,{},Manufactures roof and ground mounting systems for solar PV installations.,,,f,
f2597ee0-2858-4893-9cc9-8c6d6905dd11,,Dongguan Ltd.,sales4@slocable.com.cn,0769-22010201,,,,2026-07-08 13:55:54.184317+00,2026-07-08 15:37:37.303214+00,"Dongguan Slocable Photovoltaic Technology Co.,Ltd.",,,,Dongguan,Guangdong,China,https://www.slocable.com.cn,,,"{Cable/BOS,China,""Solar PV""}",google,,{},"Manufactures PV connectors, cables and balance-of-system components.",,,f,
f25c32b3-fc36-4e35-b946-06b7038a0ed3,,Akis Group,nilay.unutulmaz@akisgroup.com,+902122902464,,,,2026-07-08 13:55:32.034991+00,2026-07-08 15:37:37.303214+00,Akis Group,,,,,,Turkey,https://www.akisgroup.com,,,"{Cable/BOS,Turkey,""Solar PV""}",google,,{},Manufactures solar cables and connectors for PV systems.,,,f,
f29a4944-531f-442e-953e-f5a9cb4f7472,,Cergen GmbH,marc.dalderup@cergen.com,+4969505064345,,,,2026-07-08 13:55:46.107905+00,2026-07-08 15:37:37.303214+00,Cergen GmbH,,,,,,Germany,https://www.cergen.com,,,"{EPC/Installer,Germany,""Solar PV""}",google,,{},Provides engineering and installation services for solar energy projects.,,,f,
f2a4bbe7-970e-4beb-9924-f09fa85ca40c,,Anhui Ltd,menglimei@ivatl.com,,,,,2026-07-08 13:55:34.547138+00,2026-07-08 15:37:37.303214+00,"Anhui Volt Era New Energy Co.,Ltd",,,,,Anhui,China,https://www.ivatl.com,,,"{Battery/Storage,China}",google,,{},Manufactures lithium battery cells for energy storage and EV applications.,,,f,
f2a9d1bf-4262-4125-8a33-631b979b2e84,,Eniris,info@eniris.com,+32 9 377 12 58,,,,2026-07-08 13:56:02.367524+00,2026-07-08 15:37:37.303214+00,Eniris,,,,,,Belgium,https://www.eniris.com,,,"{Software,Belgium,Grid}",google,,{},Provides energy management and flexibility software platforms for distributed energy assets.,,,f,
f2afd0c6-9beb-492a-a432-f738eada349d,,VK GmbH,info@vk-energie.de,+4989954570851,,,,2026-07-08 13:57:28.821081+00,2026-07-08 15:37:37.303214+00,VK Energie GmbH,,,,,,Germany,https://www.vk-energie.de,,,"{EPC/Installer,Germany,""Solar PV""}",google,,{},Installs and engineers solar PV systems in Germany.,,,f,
f2e5d4d6-9643-4deb-b4df-b3348d8b8770,,TWS Limited,infoess@tws.com,+852 9568 3586,,,,2026-07-08 13:57:25.551251+00,2026-07-08 15:37:37.303214+00,TWS Technology Limited,,,,,,China,https://WWW.TWS-BESS.COM,,,"{Battery/Storage,China}",google,,{},Manufactures battery energy storage system (BESS) products.,,,f,
f328ac5f-53aa-405e-9ade-22436bb72df4,,Sunmaxx GmbH,office@sunmaxx-pvt.com,+49 35205 694010,,,,2026-07-08 13:57:17.094791+00,2026-07-08 15:37:37.303214+00,Sunmaxx PVT GmbH,,,,,,Germany,https://www.sunmaxx-pvt.com,,,"{""Module Mfr"",Germany,""Solar PV""}",google,,{},Manufactures photovoltaic-thermal (PVT) hybrid solar collector modules.,,,f,
f32fd103-72c8-4397-b454-13bd21840387,,Protex BV - KonkaEnergy,jerry@konkaenergy.com,+31651196857,,,,2026-07-08 13:56:52.510013+00,2026-07-08 15:37:37.303214+00,Protex BV - KonkaEnergy,,,,,,Netherlands,https://www.konkaenergy.com,,,"{Distributor,Netherlands,""Solar PV""}",google,,{},Distributes Konka-branded solar PV modules in Europe.,,,f,
f34dbb11-220d-41b5-b39d-c5f9113cfe34,,Soltigua SRL,marketing@soltigua.com,+39 0547 52600,,,,2026-07-08 13:57:13.670319+00,2026-07-08 15:37:37.303214+00,Soltigua SRL,,,,Rimini,,Italy,https://www.soltigua.com,,,"{Other,Italy,Utility-scale}",google,,{},Manufactures solar thermal and concentrated solar power collector systems.,,,f,
f3722e32-b4ab-4de6-aa19-7ed1b01ede68,,UNEX,vertrieb@unex.net,+49 711 78193530,,,,2026-07-08 13:57:25.961917+00,2026-07-08 15:37:37.303214+00,UNEX,,,,,,Spain,https://unex.net,,,"{Cable/BOS,Spain}",google,,{},Manufactures cable tray and cable management systems for electrical installations.,,,f,
f396b17b-fb21-46ac-b4d2-99f50fc97b83,,BISOL Group,marketing@bisol.si,+386 3 7032250,,,,2026-07-08 13:55:42.307245+00,2026-07-08 15:37:37.303214+00,"BISOL Group, d.o.o.",,,,,,Slovenia,https://www.bisol.com,,,"{""Module Mfr"",Slovenia,""Solar PV""}",google,,{},Manufactures monocrystalline and glass-glass solar photovoltaic modules.,,,f,
f3ca214c-0a27-4bcc-a9b0-e0fa23c88ab2,,Hangzhou Ltd.,intl@qre.com.cn,+86 (571) 8258 2099,,,,2026-07-08 13:56:16.921142+00,2026-07-08 15:37:37.303214+00,"Hangzhou Qiantang River Electric Group Co., Ltd.",,,,Hangzhou,Zhejiang,China,https://www.qre.com.cn,,,"{""Inverter Mfr"",China}",google,,{},Manufactures electrical equipment including inverters and power electronics.,,,f,
f3e88434-4193-43aa-b57c-dfaaa24e4f78,,IBH GmbH,jsilvester@ibh-elektrotechnik.de,+4940655888131,,,,2026-07-08 13:56:22.672542+00,2026-07-08 15:37:37.303214+00,IBH Ingenieurbüro Harm Elektrotechnik GmbH,,,,,,Germany,https://www.ibh-elektrotechnik.de,,,"{EPC/Installer,Germany}",google,,{},Electrical engineering firm providing installation services including solar systems.,,,f,
f3fe4426-c83f-42eb-b9bf-0bff3c7006fd,,Zamel z,export@zamel.pl,+48322104665,,,,2026-07-08 13:57:37.225366+00,2026-07-08 15:37:37.303214+00,Zamel Sp. z o.o.,,,,,,Poland,https://www.zamel.com,,,"{Metering/Monitoring,Poland}",google,,{},"Manufactures electrical automation, metering and smart home control devices.",,,f,
f3ffdea3-bb1b-40c0-9b2f-adb74728bb2a,,Tepto GmbH,verkauf@tepto.de,+49226440412-0,,,,2026-07-08 13:57:21.236414+00,2026-07-08 15:37:37.303214+00,Tepto GmbH,,,,,,Germany,https://www.partner.tepto.de,,,"{Distributor,Germany,""Solar PV""}",google,,{},Distributes solar PV components and systems to installer partners in Germany.,,,f,
f41c1d15-dd57-41da-94b3-5a9081b3fc2f,,Energiehelden GmbH,info@energiehelden-academy.de,+491784746428,,,,2026-07-08 13:56:00.497635+00,2026-07-08 15:37:37.303214+00,Energiehelden Academy GmbH,,,,,,Germany,https://www.energiehelden-academy.de,,,"{Consultancy,Germany,""Solar PV""}",google,,{},Provides training and certification academy for solar installers and energy professionals.,,,f,
f47ead3b-6321-4b81-bfd8-98e6a7e1fa51,,SunBrush GmbH,info@sunbrushmobil.com,+49 8332 243430,,,,2026-07-08 13:57:16.477031+00,2026-07-08 15:37:37.303214+00,SunBrush mobil GmbH,,,,,,Germany,https://www.sunbrushmobil.com,,,"{Other,Germany,""Solar PV""}",google,,{},Makes robotic brush systems for cleaning solar panels.,,,f,
f4869124-6af9-43e1-9d04-853f5650d32c,,LIFEPOWR,info@lifepowr.io,,,,,2026-07-08 13:56:35.70268+00,2026-07-08 15:37:37.303214+00,LIFEPOWR,,,,,,Italy,https://www.lifepowr.io,,,"{Battery/Storage,Italy,""Solar PV""}",google,,{},Develops portable and integrated energy storage systems.,,,f,
f48937d1-da7e-4aba-8a82-4af2ace2e507,,Lucid GmbH,munichstudio@lucidmotors.com,+498954192771,,,,2026-07-08 13:56:36.383242+00,2026-07-08 15:37:37.303214+00,Lucid Germany GmbH,,,,Munich,,Germany,https://www.lucidmotors.com,,,"{Other,Germany,""EV Charging""}",google,,{},German design studio and market entity of EV maker Lucid Motors.,,,f,
f4900066-b844-4c24-825f-19e76398e9b8,,Green Ad,sales@hydrogenera.eu,+359887595866,,,,2026-07-08 13:56:12.735642+00,2026-07-08 15:37:37.303214+00,Green Innovation Ad,,,,,,Estonia,https://www.hydrogenera.eu,,,"{Other,Estonia,Hydrogen}",google,,{},Hydrogenera develops hydrogen production and refueling equipment.,,,f,
f4a04e84-bc5b-45d3-8aff-1b53e4afe52b,,AX ROBOT,gonzague.leclercq@ax-group.com,+33673840596,,,,2026-07-08 13:55:37.743635+00,2026-07-08 15:37:37.303214+00,AX GROUP - AX SOLAR ROBOT,,,,,,France,https://www.ax-solar-robot.com,,,"{Other,France,""Solar PV""}",google,,{},AX Group makes robotic cleaning systems for solar panels.,,,f,
f4a18cc8-fefb-48a0-9e63-855c722418b8,,Stark Mounting,info@stark-mounting.com,+902325036063,,,,2026-07-08 13:57:15.244747+00,2026-07-08 15:37:37.303214+00,Stark Mounting,,,,,,Germany,https://stark-mounting.com,,,"{Mounting/Tracker,Germany,""Solar PV""}",google,,{},Manufactures mounting systems for solar PV installations.,,,f,
f4d04888-20d0-435e-82b4-7f7a70a4b2a2,,Vergo Sistemleri,info@vergo.com.tr,+902328807080,,,,2026-07-08 13:57:27.844087+00,2026-07-08 15:37:37.303214+00,Vergo Enerji Sistemleri A.S.,,,,,,Turkey,https://www.vergo.com.tr,,,"{Other,Turkey,""Solar PV""}",google,,{},Vergo Enerji supplies energy system equipment in Turkey.,,,f,
f4e87771-de35-4b1f-85b9-7cd88cc08b2e,,Xiamen Ltd.,info@enerack.com,86-592-5669285,,,,2026-07-08 13:57:34.97153+00,2026-07-08 15:37:37.303214+00,"Xiamen Enerack Technology Co., Ltd.",,,,Xiamen,,China,https://www.enerack.com,,,"{Battery/Storage,China}",google,,{},Manufactures battery storage racks and energy storage cabinets.,,,f,
f51b7739-d4ec-4f4e-a8b7-bb0538739a57,,NRG Systems,mjw@nrgsystems.com,+18024822255,,,,2026-07-08 13:56:44.799339+00,2026-07-08 15:37:37.303214+00,NRG Systems,,,,,Vermont,United States,https://www.nrgsystems.com,,,"{Metering/Monitoring,""United States"",Wind}",google,,{},Manufactures wind and solar resource assessment and monitoring instruments.,,,f,
f5351330-105c-4939-81e4-d931a79672d3,,Nextpower,bmateu@nextpower.com,+34661020981,,,,2026-07-08 13:56:43.015929+00,2026-07-08 15:37:37.303214+00,Nextpower,,,,,,Spain,https://www.nextpower.com,,,"{Developer/IPP,Spain,""Solar PV""}",google,,{},Develops and manages renewable energy generation projects.,,,f,
f54e82eb-abcd-4386-806c-024a4e846baa,,Cleveland Company,balazs.arkus@clevelandcable.com,+447955268244,,,,2026-07-08 13:55:48.319988+00,2026-07-08 15:37:37.303214+00,Cleveland Cable Company,,,,,,United Kingdom,https://www.CLEVELANDCABLE.COM,,,"{Cable/BOS,""United Kingdom""}",google,,{},Supplies power and control cables for industrial and energy applications.,,,f,
f553c0b3-8e1f-44ca-93a8-14ae480aa6b0,,ZHEJIANG LTD,info@meitongtech.com,+865722107909,,,,2026-07-08 13:57:39.207253+00,2026-07-08 15:37:37.303214+00,"ZHEJIANG MEITONG CONDUCTOR TECHNOLOGY CO., LTD",,,,Zhejiang,,China,https://www.meitongtech.com,,,"{Cable/BOS,China}",google,,{},Manufactures conductor and cable products.,,,f,
f5c4ec71-a762-467b-a496-25712007d368,,Shimge Ltd,marketing@shimge.com,+8657686339960,,,,2026-07-08 13:57:07.606357+00,2026-07-08 15:37:37.303214+00,"Shimge Pump Industry (Zhejiang) Co.,Ltd",,,,Zhejiang,,China,https://www.shimgepump.com/,,,"{Other,China,Off-grid}",google,,{},Manufactures pumps including solar-powered water pump systems.,,,f,
f5e538bb-6f90-48a1-98b8-72bce474a8a6,,Intertek CEA,marketing@cea3.com,,,,,2026-07-08 13:56:24.882725+00,2026-07-08 15:37:37.303214+00,Intertek CEA,,,,,,United States,https://www.intertekcea.com/,,,"{Testing/Certification,""United States"",""Solar PV""}",google,,{},Provides testing and certification services for PV modules and components.,,,f,
f615b933-35ad-44e5-b13b-1c74cbcab4d9,,TECNA SPA,alessandro.bazzo@tecna.net,+39516954412,,,,2026-07-08 13:57:20.809599+00,2026-07-08 15:37:37.303214+00,TECNA SPA,,,,,,Italy,https://www.tecna.net,,,"{Other,Italy}",google,,{},Manufactures welding and resistance welding equipment used in module production.,,,f,
f619e767-3d7b-4e57-9434-e2854142e901,,VP srl,info@vpsolar.com,+39 042 3632710,,,,2026-07-08 13:57:30.031446+00,2026-07-08 15:37:37.303214+00,VP Solar srl,,,,,,Italy,https://www.vpsolar.com,,,"{""Inverter Mfr"",Italy,""Solar PV""}",google,,{},Makes solar power optimizers and monitoring devices.,,,f,
f61cab7a-3492-4776-8750-6f866f1d5d73,,S.r.l.,info@siractuators.com,+39 0445 431607,,,,2026-07-08 13:56:59.105041+00,2026-07-08 15:37:37.303214+00,SIR S.r.l.,,,,,,Italy,https://www.siractuators.com,,,"{Mounting/Tracker,Italy,""Solar PV""}",google,,{},Manufactures actuators used in solar tracker systems.,,,f,
f6370d87-5f97-4c3d-a50b-37628a070212,,IT GmbH,info@itsonix.eu,+49341355760,,,,2026-07-08 13:56:25.899711+00,2026-07-08 15:37:37.303214+00,IT Sonix Custom Development GmbH,,,,,,Germany,https://www.itsonix.eu/de,,,"{Software,Germany}",google,,{},Custom software and electronics development company.,,,f,
f65ef866-e134-4659-b3a8-3d123b17e0b9,,LVFU GmbH,rickxu@lvfubattery.com,+8618382186286,,,,2026-07-08 13:56:36.658914+00,2026-07-08 15:37:37.303214+00,LVFU GmbH,,,,,,Germany,https://www.lvfuenergy.com/,,,"{Battery/Storage,Germany}",google,,{},Supplies lithium battery energy storage products.,,,f,
f6ad671b-5720-425e-895f-2759888fb02a,,Shenzhen Ltd.,joyce@voltsmile.com,,,,,2026-07-08 13:57:07.037785+00,2026-07-08 15:37:37.303214+00,"Shenzhen Voltsmile Energy Technology Co., Ltd.",,,,Shenzhen,,China,https://www.voltsmile.com,,,"{Battery/Storage,China}",google,,{},Manufactures portable power stations and battery energy storage products.,,,f,
f6db7e03-580a-4dff-9b39-e0653fb5992a,,Jiangxi Ltd,rucolxny@163.com,+86 0797-8258880,,,,2026-07-08 13:56:28.857522+00,2026-07-08 15:37:37.303214+00,"Jiangxi Rucol New Energy Co., Ltd",,,,Jiangxi,,China,https://www.rucol.com.cn,,,"{Battery/Storage,China}",google,,{},New energy company manufacturing lithium battery products.,,,f,
f6de7973-52dd-47e6-bf87-889c8b9456e7,,Ningbo Ltd,info@ulsolar.com.cn,+86 0574-28828999,,,,2026-07-08 13:56:43.958685+00,2026-07-08 15:37:37.303214+00,"Ningbo Ulica Solar Co.,Ltd",,,,Ningbo,,China,https://www.ulicasolar.com,,,"{""Module Mfr"",China,""Solar PV""}",google,,{},Manufactures solar photovoltaic modules.,,,f,
f6e32909-60ed-4309-a995-f415f1850c12,,FR Ltd.,marketing@faroe.com.cn,+86 0573-88618178,,,,2026-07-08 13:56:08.648255+00,2026-07-08 15:37:37.303214+00,"FR Electric (Zhe Jiang) Co., Ltd.",,,,Zhejiang,,China,https://www.faro-e.com,,,"{Cable/BOS,China}",google,,{},Manufactures electrical components and connectors.,,,f,
f6e53ba9-ff3e-49c2-a8f0-2fc912a38cde,,ROYTEK MOTION,info@3xmotion.net,+86-25-85521969,,,,2026-07-08 13:56:58.508336+00,2026-07-08 15:37:37.303214+00,ROYTEK &amp; 3X MOTION,,,,,,China,https://www.3xmotion.com,,,"{Mounting/Tracker,China,""Solar PV""}",google,,{},3X Motion supplies actuators and motion systems for solar trackers.,,,f,
f6e5bc3f-a1b7-4fa2-9d59-90aa6985cce8,,Vanadis AB,jan.lundquist@vanadisenergy.com,+46767695067,,,,2026-07-08 13:57:27.250659+00,2026-07-08 15:37:37.303214+00,Vanadis Energy AB,,,,,,Sweden,https://www.vanadisenergy.com,,,"{Battery/Storage,Sweden}",google,,{},Develops vanadium redox flow battery energy storage technology.,,,f,
f6f37886-de29-489b-8100-e0a24afdf157,,Forschungsprojekt Informatik,yasmine.toepfer@hszg.de,,,,,2026-07-08 13:56:08.325733+00,2026-07-08 15:37:37.303214+00,Forschungsprojekt DC-LabSaxony Hochschule Zittau/ Görlitz Fakultät Elektrotechnik und Informatik,,,,Zittau,Saxony,Germany,https://www.hzsg.de,,,"{Research/Academic,Germany,""Solar PV""}",google,,{},University research group (Hochschule Zittau/Görlitz) working on DC lab and electrical engineering topics.,,,f,
f71e1916-0158-41eb-9a42-fae360dff9af,,Weicon KG,info@weicon.de,+49 251 93220,,,,2026-07-08 13:57:31.294878+00,2026-07-08 15:37:37.303214+00,Weicon GmbH &amp; Co. KG,,,,Münster,North Rhine-Westphalia,Germany,https://www.weicon.de,,,"{Other,Germany}",google,,{},"Manufacturer of adhesives, sealants and technical chemical products used in industrial applications.",,,f,
f740488d-145d-4b8f-bdb8-1cd88ebd93c5,,Anker SOLIX,jingzhe.liu@anker.com,,,,,2026-07-08 13:55:34.742469+00,2026-07-08 15:37:37.303214+00,Anker SOLIX,,,,Shenzhen,Guangdong,China,,,,"{Battery/Storage,China,Residential}",google,,{},"Consumer and residential battery storage brand of Anker, offering solar generators and home ESS.",,,f,
f74d766a-672b-4e5d-858d-7d0325d01a10,,Jiangsu Ltd,lqj@yztongling.cn,0511-8836-8553,,,,2026-07-08 13:56:27.956814+00,2026-07-08 15:37:37.303214+00,"Jiangsu Tongling Electric Co., Ltd",,,,Yangzhou,Jiangsu,China,https://www.jstongling.com,,,"{Cable/BOS,China}",google,,{},"Manufacturer of electrical wires, cables and connectors for industrial and PV applications.",,,f,
f758ef31-06de-4e2b-afbe-162adfb84d5a,,EasyJoint Ltd.,sales01@cks.cn,+86 577 6287 5555,,,,2026-07-08 13:55:56.083677+00,2026-07-08 15:37:37.303214+00,EasyJoint Electric Co..Ltd.,,,,,,China,https://www.cks.cn,,,"{Cable/BOS,China}",google,,{},Manufacturer of electrical connectors and joint products for cabling systems.,,,f,
f75b203c-0fcb-4b85-b61e-75bde2de981f,,renewex GmbH,info@renewex.de,,,,,2026-07-08 13:56:56.517574+00,2026-07-08 15:37:37.303214+00,renewex GmbH,,,,,,Germany,https://www.renewex.de,,,"{Distributor,Germany,""Solar PV""}",google,,{},Distributor of solar PV components and system equipment to installers.,,,f,
f76a00c1-a0ea-41cd-b064-d30f208878ea,,Axial,comunicacion@axialstructural.com,+34901233814,,,,2026-07-08 13:55:37.787681+00,2026-07-08 15:37:37.303214+00,Axial,,,,,,Spain,https://www.axialstructural.com,,,"{Mounting/Tracker,Spain,""Solar PV""}",google,,{},Manufacturer of structural mounting systems for ground-mounted solar PV plants.,,,f,
f77002e4-f11d-423b-9d19-0b9ea445ac47,,Worldline,,,,,,2026-07-08 13:57:33.398138+00,2026-07-08 15:37:37.303214+00,Worldline,,,,Bezons,,France,,,,"{Other,France}",google,,{},"Global payments and transaction processing company, not a solar-industry firm.",,,f,
f77b15fd-00b2-480f-b43c-868f35c3f6e5,,HoloSolis SAS,vincent.delporte@holosolis.com,,,,,2026-07-08 13:56:19.647611+00,2026-07-08 15:37:37.303214+00,HoloSolis SAS,,,,Hambach,Grand Est,France,https://www.holosolis.com,,,"{""Module Mfr"",France,""Solar PV""}",google,,{},Developer of a large-scale photovoltaic module gigafactory project in France.,,,f,
f781a2c5-ac41-4eaa-8535-9ea0947e4912,,Glint Solar,marketing@glintsolar.com,+4790863049,,,,2026-07-08 13:56:11.499834+00,2026-07-08 15:37:37.303214+00,Glint Solar,,,,Oslo,,Norway,https://www.glintsolar.com,,,"{Software,Norway,""Solar PV""}",google,,{},Software platform for early-stage solar and wind site assessment and layout planning.,,,f,
f785f085-7e4f-4a92-b48d-ed86c50e0168,,Renusol GmbH,info@renusol.com,+49 221 7887070,,,,2026-07-08 13:56:56.697658+00,2026-07-08 15:37:37.303214+00,Renusol Europe GmbH,,,,Cologne,North Rhine-Westphalia,Germany,https://www.renusol.com,,,"{Mounting/Tracker,Germany,""Solar PV""}",google,,{},Manufacturer of mounting systems for rooftop and ground-mounted solar PV installations.,,,f,
f7867f5a-cb36-4b6e-95fe-9c217558c616,,Apollo Power,ortal.moyal@apollo-power.com,+97249071515,,,,2026-07-08 13:55:35.227955+00,2026-07-08 15:37:37.303214+00,Apollo Power,,,,Caesarea,,Israel,https://apollo-power.com/,,,"{""Module Mfr"",Israel,""Solar PV""}",google,,{},"Developer of lightweight, flexible thin-film solar PV modules.",,,f,
f7954a8b-484c-463f-bf54-5cbf052418a7,,my-PV GmbH,office@my-pv.com,+43 725 939328,,,,2026-07-08 13:56:41.485568+00,2026-07-08 15:37:37.303214+00,my-PV GmbH,,,,Neuzeug,Upper Austria,Austria,https://www.my-pv.com,,,"{Metering/Monitoring,Austria,""Solar PV""}",google,,{},Manufacturer of PV surplus power controllers for water and space heating integration.,,,f,
f7f8c858-22db-4428-897a-8a72caecb658,,SOLSOL s.r.o.,sales@solsol.cz,+420774836148,,,,2026-07-08 13:57:13.455353+00,2026-07-08 15:37:37.303214+00,SOLSOL s.r.o.,,,,,,Czech Republic,https://www.solsol.eu,,,"{Distributor,""Czech Republic"",""Solar PV""}",google,,{},Distributor of solar PV components and system equipment.,,,f,
f811c20f-2834-4c3c-b2a5-2614148d3ba0,,HydroSolid GmbH,l.ehrenreich@hydrosolid.com,+4372071080906,,,,2026-07-08 13:56:22.299805+00,2026-07-08 15:37:37.303214+00,HydroSolid GmbH,,,,,,Germany,https://www.hydrosolid.com,,,"{Battery/Storage,Germany}",google,,{},Developer of solid-state and thermal storage technology solutions.,,,f,
f81998af-6d8d-4755-a636-230f9e9dd735,,S:FLEX GmbH,m.dietrich@sflex.de,+49761888560854,,,,2026-07-08 13:56:58.919643+00,2026-07-08 15:37:37.303214+00,S:FLEX GmbH,,,,,,Germany,,,,"{Mounting/Tracker,Germany,""Solar PV""}",google,,{},Manufacturer of mounting and racking systems for rooftop and facade solar PV.,,,f,
f8221527-4056-4260-84fc-cc3f0ca955b0,,Jiangsu Ltd.,sales@katopauto.com,+864001383188,,,,2026-07-08 13:56:27.496301+00,2026-07-08 15:37:37.303214+00,"Jiangsu Katop Automation Co.,Ltd.",,,,,Jiangsu,China,https://www.katopauto.com.cn,,,"{Metering/Monitoring,China}",google,,{},Manufacturer of industrial automation and metering equipment.,,,f,
f84866c2-90ac-42f3-a26f-60505c16caeb,,Meins,info@meins.es,+34 923 204303,,,,2026-07-08 13:56:38.611778+00,2026-07-08 15:37:37.303214+00,Meins,,,,,,Spain,https://www.meins.es/,,,"{EPC/Installer,Spain,""Solar PV""}",google,,{},Company offering solar PV installation and related energy services.,,,f,
f85190ba-6691-46de-a696-bc9d96c90a2b,,YIXING LTD,jssolar@jssolar.com,+86 510 81765900,,,,2026-07-08 13:57:36.871363+00,2026-07-08 15:37:37.303214+00,"YIXING JS SOLAR CO., LTD",,,,Yixing,Jiangsu,China,https://www.jssolar.com,,,"{""Module Mfr"",China,""Solar PV""}",google,,{},Manufacturer of crystalline silicon solar PV modules.,,,f,
f8853c76-3f27-4422-9ae3-b4af1e59568c,,Shijiazhuang Ltd.,info@sjzthdz.com,+86 0311-66685638,,,,2026-07-08 13:57:07.509805+00,2026-07-08 15:37:37.303214+00,"Shijiazhuang Tonhe Electronics Technologies Co.,Ltd.",,,,Shijiazhuang,Hebei,China,https://www.tonhetech.com,,,"{Cable/BOS,China}",google,,{},Manufacturer of electronic components and connectors.,,,f,
f8b5188e-4792-4a15-9f17-1a2978ec6372,,E. GmbH,netzdienste@e-dis.de,,,,,2026-07-08 13:55:55.651422+00,2026-07-08 15:37:37.303214+00,E.DIS Netz GmbH,,,,Fürstenwalde,Brandenburg,Germany,https://www.e-dis-netz.de/de/energie-service/netzdienstleistungen.html,,,"{Utility,Germany,Grid}",google,,{},Regional electricity distribution grid operator providing network connection services.,,,f,
f8b9f348-ab72-49c7-a6d0-ded05e7aa898,,DX Limited,info@dxenergy.co.uk,+44 2034179578,,,,2026-07-08 13:55:55.222851+00,2026-07-08 15:37:37.303214+00,"DX Cells Technologies Co., (UK) Limited",,,,,,United Kingdom,https://www.dxenergy.co.uk,,,"{""Cell/Wafer Mfr"",""United Kingdom"",""Solar PV""}",google,,{},Supplier of solar photovoltaic cells and related technologies.,,,f,
f902e3b9-83e8-4f7c-a7a1-1977ada20a98,,Dengfeng Ltd.,info@df-led.com,,,,,2026-07-08 13:55:52.531725+00,2026-07-08 15:37:37.303214+00,"Dengfeng Technology (Jiangxi) Co., Ltd.",,,,,Jiangxi,China,https://www.df-led.com,,,"{Other,China}",google,,{},Manufacturer of LED lighting and electronics technology products.,,,f,
f90d664c-e0a4-48cd-9f3a-3f8704b094bb,,GSE Intégration,contact@gseintegration.com,+33149481451,,,,2026-07-08 13:56:13.722629+00,2026-07-08 15:37:37.303214+00,GSE Intégration,,,,,,France,https://www.gseintegration.com/en/,,,"{Mounting/Tracker,France,""Solar PV""}",google,,{},Manufacturer of solar PV mounting and integration systems for roofs and ground.,,,f,
f9a23539-8aa1-4782-80d7-c8baa4b30bef,,Rödl Steuerberatungsgesellschaft,info@roedl.com,+49 911 91930,,,,2026-07-08 13:56:57.957373+00,2026-07-08 15:37:37.303214+00,Rödl GmbH Rechtsanwaltsgesellschaft Steuerberatungsgesellschaft,,,,Nuremberg,Bavaria,Germany,https://www.roedl.de/,,,"{Consultancy,Germany}",google,,{},"International law, tax and audit consultancy firm serving corporate clients.",,,f,
f9c8b5f0-b53c-473a-a2ca-ccf4cfde6a57,,Hangzhou Ltd.,marketing@confirmware.com,+86-0571-88253203,,,,2026-07-08 13:56:16.511508+00,2026-07-08 15:37:37.303214+00,"Hangzhou ConfirmWare Technology Co., Ltd.",,,,Hangzhou,,China,https://en.confirmware.com,,,"{Metering/Monitoring,China,""Solar PV""}",google,,{},Manufactures data loggers and monitoring devices for solar power plants.,,,f,
fa000eb1-6854-4154-9221-341d8c754bea,,Peimar Industries,info@peimar.com,+39 030 223292,,,,2026-07-08 13:56:48.615587+00,2026-07-08 15:37:37.303214+00,Peimar Industries S.r.l.,,,,,,Italy,https://www.peimar.com,,,"{""Module Mfr"",Italy,""Solar PV""}",google,,{},Manufactures photovoltaic solar panels.,,,f,
fa008504-e094-43cb-a5fa-fa3961c41778,,Exiom Solution,marketing@exiomgroup.com,+34652047565,,,,2026-07-08 13:56:06.287533+00,2026-07-08 15:37:37.303214+00,"Exiom Solution, S.A.",,,,,,Spain,https://www.exiomsolution.com,,,"{Battery/Storage,Spain,Storage}",google,,{},Designs and manufactures lithium battery energy storage systems.,,,f,
fa076677-24bc-4a4f-a309-c2b8104691e9,,Shenzhen Ltd,sales@sola-e.com,,,,,2026-07-08 13:57:06.598807+00,2026-07-08 15:37:37.303214+00,"Shenzhen Sola-E Technology Co.,Ltd",,,,Shenzhen,,China,https://www.sola-e.us,,,"{Other,China,""EV Charging""}",google,,{},Manufactures EV charging equipment and power electronics.,,,f,
fa1f20c5-e272-4363-a63a-c13167c37793,,Solar Ltd.,sales@solarnplus.com,86-02552806120,,,,2026-07-08 13:57:10.815858+00,2026-07-08 15:37:37.303214+00,"Solar N Plus New Energy Technology Co., Ltd.",,,,,,China,https://www.solarnplus.com,,,"{""Module Mfr"",China,""Solar PV""}",google,,{},Manufactures photovoltaic solar modules.,,,f,
fa484b56-ead3-4596-85a8-f4c0a69a37e2,,Trafo srl,info@trafoelettro.com,+39 0444 482204,,,,2026-07-08 13:57:23.551373+00,2026-07-08 15:37:37.303214+00,Trafo Elettro srl,,,,,,Italy,https://www.trafoelettro.com,,,"{Cable/BOS,Italy,Grid}",google,,{},Manufactures transformers and electrical equipment for power distribution.,,,f,
fac9ea9a-996a-40a0-b26d-f3e1104ed44e,,Team GmbH,kontakt@team-emobility.de,+497161918000,,,,2026-07-08 13:57:20.303667+00,2026-07-08 15:37:37.303214+00,Team Emobility GmbH,,,,,,Germany,https://www.team-Emobility.de,,,"{Other,Germany,""EV Charging""}",google,,{},Provides EV charging infrastructure and e-mobility solutions.,,,f,
facb7d57-6350-411a-96b9-fe15bbd6d835,,Zhejiang Ltd,zhongjia@naradapower.com,+8657156963900,,,,2026-07-08 13:57:39.254588+00,2026-07-08 15:37:37.303214+00,"Zhejiang Narada Power Source Co., Ltd",,,,,,China,https://en.naradapower.com/,,,"{Battery/Storage,China,Storage}",google,,{},Manufactures lead-acid and lithium batteries for energy storage.,,,f,
fad90c21-5bbf-46ad-981c-338db11d7f23,,International e.,hq@ises.org,+49 761 459060,,,,2026-07-08 13:56:24.789426+00,2026-07-08 15:37:37.303214+00,International Solar Energy Society e.V. (ISES),,,,,,Germany,https://www.ises.org,,,"{Association,Germany,""Solar PV""}",google,,{},International non-profit association promoting renewable energy research and advocacy.,,,f,
fb1137d2-5605-46e7-bc1e-a1a0f40d5cf5,,phelas GmbH,reachout@phelas.com,+491744564335,,,,2026-07-08 13:56:49.138024+00,2026-07-08 15:37:37.303214+00,phelas GmbH,,,,,,Germany,https://www.phelas.com,,,"{Battery/Storage,Germany,Storage}",google,,{},Develops CO2-based long-duration energy storage systems.,,,f,
fb1b4c70-3657-48f4-9d50-4b3fe99ade53,,Shanghai Ltd.,,8621-80100678,,,,2026-07-08 13:57:02.765746+00,2026-07-08 15:37:37.303214+00,"Shanghai Robestec Energy Co., Ltd.",,,,Shanghai,,China,https://www.robestec.com,,,"{Battery/Storage,China,Storage}",google,,{},Manufactures energy storage systems and battery products.,,,f,
fb38378d-3f3f-4d03-a5ea-43c9379d1b15,,Jiangsu Ltd.,meg.wang@megalion.cn,+8613381683807,,,,2026-07-08 13:56:27.676388+00,2026-07-08 15:37:37.303214+00,"Jiangsu Megalion Energy Storage Integration Technology Co., Ltd.",,,,,Jiangsu,China,https://www.megalion.cn,,,"{Battery/Storage,China,Utility-scale}",google,,{},Manufactures integrated energy storage systems for utility-scale applications.,,,f,
fb3fbdcd-0527-44c8-a986-cf1610ea5c7e,,LAO mbH,laudert@lao-ing.de,+4969247457264,,,,2026-07-08 13:56:34.236325+00,2026-07-08 15:37:37.303214+00,LAO Ingenieurgesellschaft mbH,,,,,,Germany,https://leitungsauskunft-online.de,,,"{Consultancy,Germany,Grid}",google,,{},Engineering consultancy providing utility line detection and mapping services.,,,f,
fb663681-c910-480e-a21e-92e140ef131a,,CW San.,fuar@cw-enerji.com,+905357221572,,,,2026-07-08 13:55:51.006067+00,2026-07-08 15:37:37.303214+00,CW Enerji Muh. Tic. ve San. A.S.,,,,,,Turkey,https://www.cw-enerji.com,,,"{Cable/BOS,Turkey,""Solar PV""}",google,,{},Manufactures solar cables and electrical components.,,,f,
fb957533-b772-4567-97f0-b55c3b22a8c4,,Cellect Energy,info@cellectenergy.com,+34931260211,,,,2026-07-08 13:55:45.866106+00,2026-07-08 15:37:37.303214+00,Cellect Energy S.L.,,,,,,Spain,https://www.cellectenergy.com,,,"{Battery/Storage,Spain,Storage}",google,,{},Develops battery cell and energy storage technology.,,,f,
fb99e682-3b04-4065-bf6b-c9e893ddd67e,,Entwicklungsgesellschaft Wirtschaftsförderung,info@wirtschaft-goerlitz.de,+493581329010,,,,2026-07-08 13:56:02.817941+00,2026-07-08 15:37:37.303214+00,"Entwicklungsgesellschaft Niederschlesische Oberlausitz mbH (ENO),  Wirtschaftsförderung",,,,Goerlitz,,Germany,https://www.wirtschaft-goerlitz.de,,,"{Association,Germany}",google,,{},"Regional economic development agency supporting business investment in Goerlitz, Germany.",,,f,
fbc85ef4-2193-45ae-9213-1e053116cdc6,,Bridgehill AS,fireblock@bridgehill.com,+4733509870,,,,2026-07-08 13:55:43.585227+00,2026-07-08 15:37:37.303214+00,Bridgehill AS,,,,,,Norway,https://www.bridgehill.com,,,"{Battery/Storage,Norway,Storage}",google,,{},Develops fire protection and safety products for battery energy storage systems.,,,f,
fbd10e0c-2630-4098-897e-19479e66754d,,Shanghai Ltd.,,,,,,2026-07-08 13:57:02.960204+00,2026-07-08 15:37:37.303214+00,"Shanghai Snowball Digital Intelligence Technology Co., Ltd.",,,,Shanghai,,China,https://www.snowballtech.com,,,"{Software,China,""Solar PV""}",google,,{},Provides digital intelligence and monitoring software for solar energy systems.,,,f,
fbd4247a-5ec9-4542-85d5-d4c88d059881,,Smart Technologies,selma.kaylu@smartsolar.com.tr,+90 216 2257200,,,,2026-07-08 13:57:09.69141+00,2026-07-08 15:37:37.303214+00,Smart Solar Technologies,,,,,,Turkey,https://www.smartsolar.com.tr,,,"{""Module Mfr"",Turkey,""Solar PV""}",google,,{},Manufactures and distributes photovoltaic solar panels.,,,f,
fbe6fafa-2a60-4904-bd49-3d35541b7564,,Innov8 Power,contact@innov8.fr,+33478665858,,,,2026-07-08 13:56:24.070028+00,2026-07-08 15:37:37.303214+00,Innov8 Power,,,,,,France,https://innov8.fr,,,"{Other,France,""Solar PV""}",google,,{},Provides power electronics and energy solutions.,,,f,
fc151233-bc24-4cb6-8139-33d5f29d8142,,Toscano Electrónica,export@toscano.es,+34954999900,,,,2026-07-08 13:57:23.206712+00,2026-07-08 15:37:37.303214+00,"Toscano Línea Electrónica, S.L.",,,,,,Spain,https://www.toscano.es,,,"{Cable/BOS,Spain,""Solar PV""}",google,,{},Manufactures electronic components and combiner boxes for solar installations.,,,f,
fc45c40a-1b02-4a7a-b8de-c935c2fae9fa,,SiG GmbH - SunEarth,info@sigsolar.de,+49421844810,,,,2026-07-08 13:57:08.234559+00,2026-07-08 15:37:37.303214+00,SiG Solar GmbH - SunEarth,,,,,,Germany,https://sunearth.de,,,"{Other,Germany,""Solar PV""}",google,,{},Manufactures solar thermal collectors and hot water systems.,,,f,
fc625346-4c23-4fe0-ba8c-4f638efddac0,,Vikram Limited,abhijit.ghoshroy@vikramsolar.com,+91 923 0070007,,,,2026-07-08 13:57:28.525714+00,2026-07-08 15:37:37.303214+00,Vikram Solar Limited,,,,Kolkata,West Bengal,India,https://www.vikramsolar.com,,,"{""Module Mfr"",India,Utility-scale}",google,,{},Manufactures photovoltaic solar modules.,,,f,
fc8939f1-61b7-45bd-895c-a3a70ed40553,,Solardrone. ai,ruben.ferruses@solardrone.es,+34623108428,,,,2026-07-08 13:57:11.240636+00,2026-07-08 15:37:37.303214+00,Solardrone.ai,,,,,,Spain,https://solardrone.es/,,,"{Testing/Certification,Spain,""Solar PV""}",google,,{},Provides drone-based inspection and diagnostics services for solar plants.,,,f,
fc976ef3-ad2f-4809-881b-67d149cd894d,,Vector GmbH,offboardcharging@vector.com,+49711806700,,,,2026-07-08 13:57:27.613645+00,2026-07-08 15:37:37.303214+00,Vector Informatik GmbH,,,,Stuttgart,,Germany,https://www.vector.com/int/en/products/solutions/e-mobility/,,,"{Software,Germany,""EV Charging""}",google,,{},Develops software and tools for automotive electronics and EV charging systems.,,,f,
fc9a2635-33c8-4014-a3c2-ed70365a3f00,,Xiamen Ltd,sales@artsign.net.cn,+86-592-6266951,,,,2026-07-08 13:57:34.452528+00,2026-07-08 15:37:37.303214+00,"Xiamen Art Sign Co., Ltd",,,,Xiamen,,China,https://www.artsignenergy.com/,,,"{Other,China}",google,,{},Chinese manufacturer of signage and related energy products.,,,f,
fcb13321-c32c-43d0-9bde-672c8d93dfc1,,NovaFixx GmbH,,,,,,2026-07-08 13:56:44.469213+00,2026-07-08 15:37:37.303214+00,NovaFixx GmbH,,,,,,Germany,,,,"{Mounting/Tracker,Germany}",google,,{},German company likely supplying solar mounting/fixing hardware.,,,f,
fccce2f1-efcc-4695-9062-08b126875472,,SINOCAT LIMITED,info@enexya.com,+86-28-62825888,,,,2026-07-08 13:57:08.650555+00,2026-07-08 15:37:37.303214+00,SINOCAT COMPANY LIMITED,,,,,,Italy,https://www.enexya.com,,,"{Battery/Storage,Italy,""Solar PV""}",google,,{},Energy storage and PV solutions provider trading as Enexya.,,,f,
fce52c09-145a-4cc7-ab1e-b8ef509173f0,,Rongstar GmbH,,,,,,2026-07-08 13:56:58.136968+00,2026-07-08 15:37:37.303214+00,Rongstar Energy GmbH,,,,,,Germany,,,,"{Distributor,Germany}",google,,{},German-registered energy products distribution company.,,,f,
fcee64f7-3085-4894-aaa2-6010f241c16f,,Coffee Area,,+49 761 388102,,,,2026-07-08 13:55:48.807+00,2026-07-08 15:37:37.303214+00,Coffee Area,,,,,,Germany,,,,"{Other,""""}",google,,{},"Company name suggests a coffee/hospitality business, not energy-sector.",,,f,
fcfe20f8-7c33-4f20-b5d6-7c7a6eb82a36,,Dongguan Ltd,nym@noimia.com,86-0769-81763946,,,,2026-07-08 13:55:54.089143+00,2026-07-08 15:37:37.303214+00,"Dongguan Noimia Industrial Co., Ltd",,,,Dongguan,Guangdong,China,https://www.noimia.com,,,"{Cable/BOS,China}",google,,{},Chinese industrial manufacturer of electrical connectors and components.,,,f,
fd21b718-bdeb-4073-a142-b4ee802c9dc9,,Desigenia GmbH,m.tifrassi@desigenia.com,+4915228242723,,,,2026-07-08 13:55:52.710268+00,2026-07-08 15:37:37.303214+00,Desigenia Deutschland GmbH,,,,,,Germany,https://desigenia.com,,,"{Mounting/Tracker,Germany,""Solar PV""}",google,,{},"German subsidiary of Desigenia, a solar tracker and mounting systems maker.",,,f,
fd46c8b4-3b54-48ce-945b-92d2c2904e23,,ECO GmbH,ms@eco-stor.de,+4915110602771,,,,2026-07-08 13:55:56.362764+00,2026-07-08 15:37:37.303214+00,ECO STOR GmbH,,,,,,Germany,https://www.eco-stor.de,,,"{Battery/Storage,Germany}",google,,{},German company developing battery energy storage systems.,,,f,
fd4f3867-8a57-4fd4-8e58-640db0b1bb9c,,Orteco unico,orteco@orteco.com,+39 051 731051,,,,2026-07-08 13:56:47.206526+00,2026-07-08 15:37:37.303214+00,Orteco srl a socio unico,,,,,,Italy,https://www.orteco.com,,,"{Mounting/Tracker,Italy,""Solar PV""}",google,,{},Italian company supplying solar mounting and racking equipment.,,,f,
fd52a015-11f1-43ce-bf98-d0fedeca872f,,Shenzhen Ltd.,gdon@gdon.com.cn,,,,,2026-07-08 13:57:04.732222+00,2026-07-08 15:37:37.303214+00,"Shenzhen GDON Technology Co., Ltd.",,,,Shenzhen,Guangdong,China,https://www.gdon.com.cn,,,"{Cable/BOS,China}",google,,{},Chinese manufacturer of electrical/electronic technology components.,,,f,
fd5843ca-0726-488a-a293-55f06df8a880,,Multiconsult AS,oslo@multiconsult.no,+4721585000,,,,2026-07-08 13:56:41.255024+00,2026-07-08 15:37:37.303214+00,Multiconsult Norge AS,,,,Oslo,,Norway,https://multiconsult.no,,,"{Consultancy,Norway}",google,,{},Norwegian engineering and consulting firm serving energy and infrastructure sectors.,,,f,
fd6f040e-a719-4067-9e2c-042cde795c5b,,LOGEN SRL,massimiliano.magnanelli@logen.energy,+393392892470,,,,2026-07-08 13:56:36.157197+00,2026-07-08 15:37:37.303214+00,LOGEN SRL,,,,,,Italy,https://www.logen.energy,,,"{EPC/Installer,Italy,""Solar PV""}",google,,{},Italian energy company providing EPC and project services.,,,f,
fd8410f2-4d22-4ed6-8998-5fbeea7028cb,,Stern Energy,info@stern-energy.com,+39 0521 229761,,,,2026-07-08 13:57:15.701325+00,2026-07-08 15:37:37.303214+00,Stern Energy,,,,,,Italy,https://www.stern-energy.com,,,"{EPC/Installer,Italy,""Solar PV""}",google,,{},Italian company providing EPC services for renewable energy plants.,,,f,
fd9071f8-0aa0-44fb-ae4a-7fe9135c5b64,,Direct AS,,,,,,2026-07-08 13:55:53.634458+00,2026-07-08 15:37:37.303214+00,Direct Beam Technology AS,,,,,,Norway,https://directbeam.tech/,,,"{Other,Norway}",google,,{},"Norwegian technology company, name suggests directed energy/beam technology.",,,f,
fd99c6da-01b4-49fd-bf7f-063d7a3e5ed9,,Solar GmbH,ausserleitner@sds.solar,+436767408007,,,,2026-07-08 13:57:10.535753+00,2026-07-08 15:37:37.303214+00,Solar Dynamics Solutions GmbH,,,,,,Austria,https://www.sds.solar,,,"{EPC/Installer,Austria,""Solar PV""}",google,,{},Austrian company providing solar energy solutions and installations.,,,f,
fdf15a4f-988e-4b99-84c9-331fec19f56c,,TNO,,+31888668040,,,,2026-07-08 13:57:22.625636+00,2026-07-08 15:37:37.303214+00,TNO,,,,,,Netherlands,https://tno.nl,,,"{Research/Academic,Netherlands}",google,,{},Dutch independent research organization (TNO) covering applied science including energy.,,,f,
fdfaaa67-a166-485b-a38a-08b3b7b452d6,,Zhejiang Ltd.,sales@aitefuse.com,,,,,2026-07-08 13:57:37.840753+00,2026-07-08 15:37:37.303214+00,"Zhejiang Aite Electric Technology Co., Ltd.",,,,,Zhejiang,China,https://www.aitefuse.com,,,"{Cable/BOS,China}",google,,{},Chinese manufacturer of electric fuses and protection components.,,,f,
fe0d1237-043b-4a16-b1db-2319f343030b,,Sigenergy Ltd.,info@sigenergy.com,+864008619966,,,,2026-07-08 13:57:08.332014+00,2026-07-08 15:37:37.303214+00,"Sigenergy Technology (Suzhou) Co., Ltd.",,,,Suzhou,Jiangsu,China,https://www.sigenergy.com,,,"{Battery/Storage,China,""Solar PV""}",google,,{},Chinese manufacturer of hybrid inverters and residential energy storage systems.,,,f,
fe2c2ef4-f690-4e84-a96f-36d89b356576,,SolarMarkise UG,eugen.mangazeev@meine-solarmarkise.de,+4915788625780,,,,2026-07-08 13:57:11.777139+00,2026-07-08 15:37:37.303214+00,SolarMarkise UG (haftungsbeschränkt),,,,,,Germany,https://meine-solarmarkise.de/,,,"{Other,Germany,Residential}",google,,{},German maker of solar-powered retractable awnings for residential use.,,,f,
fe30172e-abce-4354-ba2d-91f24da58e85,,HD LTD,,,,,,2026-07-08 13:56:17.564181+00,2026-07-08 15:37:37.303214+00,HD SOLAR POWER LTD,,,,,,China,https://www.hdosolar.com,,,"{""Module Mfr"",China}",google,,{},Chinese manufacturer of solar power modules and related products.,,,f,
fe5a36f5-6029-4ea0-97da-c417500d9be2,,Baden-Württemberg GmbH,info@bw-i.de,+49 711 227870,,,,2026-07-08 13:55:38.361744+00,2026-07-08 15:37:37.303214+00,Baden-Württemberg International GmbH,,,,Stuttgart,Baden-Württemberg,Germany,http://www.bw-i.de,,,"{Association,Germany}",google,,{},German state economic development agency promoting Baden-Württemberg businesses abroad.,,,f,
fe67f302-6c12-4573-ae64-29ab0731f9d6,,EnergyControl AG,sales@energy-control.ch,+41585214200,,,,2026-07-08 13:56:01.421306+00,2026-07-08 15:37:37.303214+00,EnergyControl AG,,,,,,Switzerland,https://www.energy-control.ch,,,"{Metering/Monitoring,Switzerland}",google,,{},Swiss company providing energy control and monitoring solutions.,,,f,
fe9e2aa4-0c90-4f37-b71e-f0a59383203d,,DATATOENERGY. INC,info@datatoenergy.com,+82618208700,,,,2026-07-08 13:55:51.695704+00,2026-07-08 15:37:37.303214+00,DATATOENERGY.INC,,,,,,United States,https://www.datatoenergy.com,,,"{Software,""United States"",Grid}",google,,{},Company providing data and software solutions for the energy sector.,,,f,
fea24c14-95d9-4941-9dba-75aadabf8ea2,,Oxford GmbH,hello@oxfordpv.com,+49338179704200,,,,2026-07-08 13:56:47.705307+00,2026-07-08 15:37:37.303214+00,Oxford PV Germany GmbH,,,,Brandenburg an der Havel,Brandenburg,Germany,https://www.oxfordpv.com,,,"{""Cell/Wafer Mfr"",Germany,""Solar PV""}",google,,{},"German subsidiary of Oxford PV, developer of perovskite-silicon tandem solar cells.",,,f,
fea9e6bc-a80e-484d-a179-8afd172faebe,,ANHUI LTD,,+86 0553-5866666,,,,2026-07-08 13:55:34.645712+00,2026-07-08 15:37:37.303214+00,"ANHUI XINYI POWER SOURCE CO.,LTD",,,,,Anhui,China,https://www.xinyies.com,,,"{Battery/Storage,China}",google,,{},Chinese manufacturer of power source and battery products.,,,f,
feae5299-5dbb-4a72-9061-6675ca3e0a4a,,Ampcontrol Inc.,,,,,,2026-07-08 13:55:33.477357+00,2026-07-08 15:37:37.303214+00,"Ampcontrol Technologies, Inc.",,,Wöhrmühle 2,Erlangen,Bavaria,Germany,https://www.ampcontrol.io,,,"{""EV Charging"",Germany,Software}",google,,{},"Provides energy management software for commercial EV fleet charging, battery, and solar automation.",,,f,
fec106d1-67e6-4134-af03-7c2ab02bfa89,,Solinso,,,,,,2026-07-08 13:57:12.944058+00,2026-07-08 15:37:37.303214+00,Solinso,,,,,,Unknown,,,,"{Other,Unknown}",google,,{},Company with no website or public data available; classification inferred from name only.,,,f,
ff323ef2-f2ba-4a58-a9a4-0ce54e5f6644,,Streamergy GmbH,info@streamergy.de,,,,,2026-07-08 13:57:15.891383+00,2026-07-08 15:37:37.303214+00,Streamergy GmbH,,,"Werner-von-Siemens-Straße 6, Gebäude 9a",Augsburg,Bavaria,Germany,https://www.streamergy.de,,,"{Software,Germany,Storage}",google,,{},"Provides battery energy storage system management software, data logging, and grid connection services.",,,f,
ff44b8ba-1580-43f6-967a-4a8ce86232c1,,Dauerkraft GmbH,gaby.ferber@dauerkraft.com,+49 401 80621618,,,,2026-07-08 13:55:51.745188+00,2026-07-08 15:37:37.303214+00,Dauerkraft Finance GmbH,,,Friesenweg 2c,Hamburg,Hamburg,Germany,https://www.dauerkraft.com,,,"{Financing,Germany,""Solar PV""}",google,,{},"Consulting and financing firm for photovoltaic and wind energy projects, including M&A and asset management.",,,f,
ff5a7649-8ae4-4872-9054-7fd5b8a9ebde,,Sunsynk GmbH,dulci.chen@sunsynk.com,+491607512066,,,,2026-07-08 13:57:17.592748+00,2026-07-08 15:37:37.303214+00,Sunsynk Deutschland GmbH,,,"Unit 8, Total Park, Bennetts Lane, Shell Green",Widnes,,United Kingdom,https://www.sunsynk.com,,,"{""Inverter Mfr"",""United Kingdom"",Storage}",google,,{},Develops hybrid inverters and battery energy storage systems for residential and commercial use.,,,f,
ff67f425-81ea-4584-a407-8507b7a3d076,,DiMCO,wenzhuzou6@gmail.com,+852 - 2369 6193,,,,2026-07-08 13:55:53.549477+00,2026-07-08 15:37:37.303214+00,DiMCO,,,,,,China,,,,"{Other,China}",google,,{},Company with no website; classification inferred from name and gmail contact address only.,,,f,
ffc6c4e6-6afa-4489-b559-d9001261a025,,Xi&#39;an Ltd,info@xypower.com,+86-29-81000020,,,,2026-07-08 13:57:34.357436+00,2026-07-08 15:37:37.303214+00,"Xi&#39;an XYPower Technology Co., Ltd",,,"Building 2, Huatian Telecom Industrial Park, No. 38 Tuanjie South Road, High-tech Zone",Xi'an,Shaanxi,China,https://www.xypower.com,,,"{""EV Charging"",China}",google,,{},"Manufactures high-power DC EV charging modules, AC chargers, and PCS converters for storage systems.",,,f,
ffe9eefc-9c72-4e09-b361-f7144bace1b8,,Wuxi Ltd.,sales2@wxhongba.com,+86 0510 81011388,,,,2026-07-08 13:57:33.777389+00,2026-07-08 15:37:37.303214+00,"Wuxi Hongba Mechanical &amp; Electrical Equipment Co., Ltd.",,,"5 Lijiang Road, Xinwu District",Wuxi,Jiangsu,China,https://www.hbactuator.com/,,,"{Mounting/Tracker,China,""Solar PV""}",google,,{},"Manufactures linear actuators and electric cylinders, including solar tracker drive systems.",,,f,
fffd3900-36d4-49f7-91f2-67ef98a59580,,Tropal GmbH,info@tropal-media.de,+4961966525456,,,,2026-07-08 13:57:24.35769+00,2026-07-08 15:37:37.303214+00,Tropal Media GmbH,,,,Eschborn,Hesse,Germany,https://www.tropal-media.de,,,"{Other,Germany}",google,,{},Publishes online B2B trade media portals covering industrial sectors including energy and automation.,,,f,
